source_file,source_path,run,total_complex_behaviors,learned_helplessness_pct,protective_behavior,community_trusting_vulnerability,healthy_friendliness,bully_behavior,aggressive_withdrawn_relationship,learned_helplessness,dangerous_trust,latent_group
multiple_runs_largerun_db_highthreat_20260410_030216.csv,multiple_runs_largerun_db_highthreat_20260410_030216.csv,1,1010.0,0.0,318.0,0.0,372.0,254.0,25.0,0.0,41.0,resilient
multiple_runs_largerun_db_highthreat_20260410_030216.csv,multiple_runs_largerun_db_highthreat_20260410_030216.csv,2,1022.0,26.125244618395303,66.0,0.0,9.0,269.0,376.0,267.0,35.0,vulnerable
multiple_runs_largerun_db_highthreat_20260410_030216.csv,multiple_runs_largerun_db_highthreat_20260410_030216.csv,3,804.0,1.4925373134328357,261.0,0.0,356.0,120.0,27.0,12.0,28.0,resilient
multiple_runs_largerun_db_highthreat_20260410_030216.csv,multiple_runs_largerun_db_highthreat_20260410_030216.csv,4,1178.0,22.920203735144312,48.0,0.0,21.0,464.0,342.0,270.0,33.0,vulnerable
multiple_runs_largerun_db_highthreat_20260410_030216.csv,multiple_runs_largerun_db_highthreat_20260410_030216.csv,5,1054.0,0.0,293.0,0.0,305.0,304.0,125.0,0.0,27.0,resilient
multiple_runs_largerun_db_highthreat_20260410_030216.csv,multiple_runs_largerun_db_highthreat_20260410_030216.csv,6,1157.0,18.84183232497839,98.0,0.0,109.0,451.0,254.0,218.0,27.0,vulnerable
multiple_runs_largerun_db_highthreat_20260410_030216.csv,multiple_runs_largerun_db_highthreat_20260410_030216.csv,7,1150.0,5.478260869565217,211.0,0.0,211.0,432.0,190.0,63.0,43.0,vulnerable
multiple_runs_largerun_db_highthreat_20260410_030216.csv,multiple_runs_largerun_db_highthreat_20260410_030216.csv,8,964.0,0.5186721991701244,324.0,0.0,394.0,168.0,30.0,5.0,43.0,resilient
multiple_runs_largerun_db_highthreat_20260410_030216.csv,multiple_runs_largerun_db_highthreat_20260410_030216.csv,9,987.0,0.60790273556231,291.0,0.0,372.0,257.0,23.0,6.0,38.0,resilient
multiple_runs_largerun_db_highthreat_20260410_030216.csv,multiple_runs_largerun_db_highthreat_20260410_030216.csv,10,990.0,22.424242424242426,66.0,0.0,0.0,303.0,361.0,222.0,38.0,vulnerable
multiple_runs_largerun_db_highthreat_20260410_030216.csv,multiple_runs_largerun_db_highthreat_20260410_030216.csv,11,920.0,27.391304347826086,36.0,0.0,8.0,197.0,399.0,252.0,28.0,vulnerable
multiple_runs_largerun_db_highthreat_20260410_030216.csv,multiple_runs_largerun_db_highthreat_20260410_030216.csv,12,1077.0,0.0,317.0,0.0,339.0,319.0,69.0,0.0,33.0,resilient
multiple_runs_largerun_db_highthreat_20260410_030216.csv,multiple_runs_largerun_db_highthreat_20260410_030216.csv,13,1368.0,18.128654970760234,56.0,0.0,60.0,630.0,340.0,248.0,34.0,vulnerable
multiple_runs_largerun_db_highthreat_20260410_030216.csv,multiple_runs_largerun_db_highthreat_20260410_030216.csv,14,1023.0,23.46041055718475,74.0,0.0,9.0,272.0,399.0,240.0,29.0,vulnerable
multiple_runs_largerun_db_highthreat_20260410_030216.csv,multiple_runs_largerun_db_highthreat_20260410_030216.csv,15,1301.0,19.984627209838585,49.0,0.0,4.0,561.0,402.0,260.0,25.0,vulnerable
multiple_runs_largerun_db_highthreat_20260410_030216.csv,multiple_runs_largerun_db_highthreat_20260410_030216.csv,16,1118.0,18.425760286225405,73.0,0.0,28.0,408.0,376.0,206.0,27.0,vulnerable
multiple_runs_largerun_db_highthreat_20260410_030216.csv,multiple_runs_largerun_db_highthreat_20260410_030216.csv,17,977.0,0.0,314.0,0.0,382.0,219.0,19.0,0.0,43.0,resilient
multiple_runs_largerun_db_highthreat_20260410_030216.csv,multiple_runs_largerun_db_highthreat_20260410_030216.csv,18,1057.0,0.0,283.0,0.0,335.0,315.0,85.0,0.0,39.0,resilient
multiple_runs_largerun_db_highthreat_20260410_030216.csv,multiple_runs_largerun_db_highthreat_20260410_030216.csv,19,1184.0,22.888513513513516,40.0,0.0,9.0,447.0,393.0,271.0,24.0,vulnerable
multiple_runs_largerun_db_highthreat_20260410_030216.csv,multiple_runs_largerun_db_highthreat_20260410_030216.csv,20,929.0,27.556512378902042,28.0,0.0,20.0,229.0,368.0,256.0,28.0,vulnerable
multiple_runs_largerun_db_highthreat_20260410_030216.csv,multiple_runs_largerun_db_highthreat_20260410_030216.csv,21,1010.0,25.940594059405942,54.0,1.0,41.0,271.0,358.0,262.0,23.0,vulnerable
multiple_runs_largerun_db_highthreat_20260410_030216.csv,multiple_runs_largerun_db_highthreat_20260410_030216.csv,22,1237.0,15.359741309620048,99.0,0.0,58.0,503.0,354.0,190.0,33.0,vulnerable
multiple_runs_largerun_db_highthreat_20260410_030216.csv,multiple_runs_largerun_db_highthreat_20260410_030216.csv,23,1048.0,0.38167938931297707,307.0,0.0,381.0,295.0,30.0,4.0,31.0,resilient
multiple_runs_largerun_db_highthreat_20260410_030216.csv,multiple_runs_largerun_db_highthreat_20260410_030216.csv,24,961.0,0.6243496357960457,317.0,0.0,286.0,253.0,74.0,6.0,25.0,resilient
multiple_runs_largerun_db_highthreat_20260410_030216.csv,multiple_runs_largerun_db_highthreat_20260410_030216.csv,25,897.0,0.6688963210702341,343.0,0.0,367.0,137.0,14.0,6.0,30.0,resilient
multiple_runs_largerun_db_highthreat_20260410_030216.csv,multiple_runs_largerun_db_highthreat_20260410_030216.csv,26,901.0,30.632630410654826,50.0,0.0,6.0,186.0,357.0,276.0,26.0,vulnerable
multiple_runs_largerun_db_highthreat_20260410_030216.csv,multiple_runs_largerun_db_highthreat_20260410_030216.csv,27,904.0,0.4424778761061947,273.0,0.0,339.0,157.0,89.0,4.0,42.0,resilient
multiple_runs_largerun_db_highthreat_20260410_030216.csv,multiple_runs_largerun_db_highthreat_20260410_030216.csv,28,1016.0,23.4251968503937,65.0,0.0,8.0,284.0,391.0,238.0,30.0,vulnerable
multiple_runs_largerun_db_highthreat_20260410_030216.csv,multiple_runs_largerun_db_highthreat_20260410_030216.csv,29,1050.0,22.952380952380953,41.0,0.0,21.0,329.0,392.0,241.0,26.0,vulnerable
multiple_runs_largerun_db_highthreat_20260410_030216.csv,multiple_runs_largerun_db_highthreat_20260410_030216.csv,30,1007.0,22.244289970208538,48.0,0.0,11.0,314.0,383.0,224.0,27.0,vulnerable
multiple_runs_largerun_db_highthreat_20260410_030216.csv,multiple_runs_largerun_db_highthreat_20260410_030216.csv,31,920.0,29.02173913043478,36.0,0.0,5.0,183.0,398.0,267.0,31.0,vulnerable
multiple_runs_largerun_db_highthreat_20260410_030216.csv,multiple_runs_largerun_db_highthreat_20260410_030216.csv,32,970.0,25.15463917525773,57.0,0.0,21.0,228.0,388.0,244.0,32.0,vulnerable
multiple_runs_largerun_db_highthreat_20260410_030216.csv,multiple_runs_largerun_db_highthreat_20260410_030216.csv,33,1068.0,2.9962546816479403,299.0,0.0,338.0,294.0,64.0,32.0,41.0,vulnerable
multiple_runs_largerun_db_highthreat_20260410_030216.csv,multiple_runs_largerun_db_highthreat_20260410_030216.csv,34,1124.0,24.822064056939503,36.0,0.0,18.0,419.0,354.0,279.0,18.0,vulnerable
multiple_runs_largerun_db_highthreat_20260410_030216.csv,multiple_runs_largerun_db_highthreat_20260410_030216.csv,35,1099.0,9.918107370336669,184.0,0.0,174.0,375.0,227.0,109.0,30.0,vulnerable
multiple_runs_largerun_db_highthreat_20260410_030216.csv,multiple_runs_largerun_db_highthreat_20260410_030216.csv,36,1120.0,21.964285714285715,43.0,0.0,10.0,405.0,391.0,246.0,25.0,vulnerable
multiple_runs_largerun_db_highthreat_20260410_030216.csv,multiple_runs_largerun_db_highthreat_20260410_030216.csv,37,936.0,1.3888888888888888,295.0,0.0,378.0,211.0,4.0,13.0,35.0,resilient
multiple_runs_largerun_db_highthreat_20260410_030216.csv,multiple_runs_largerun_db_highthreat_20260410_030216.csv,38,1262.0,22.503961965134707,34.0,0.0,45.0,538.0,331.0,284.0,30.0,vulnerable
multiple_runs_largerun_db_highthreat_20260410_030216.csv,multiple_runs_largerun_db_highthreat_20260410_030216.csv,39,1051.0,5.613701236917222,233.0,0.0,234.0,330.0,155.0,59.0,40.0,vulnerable
multiple_runs_largerun_db_highthreat_20260410_030216.csv,multiple_runs_largerun_db_highthreat_20260410_030216.csv,40,1265.0,17.628458498023715,54.0,0.0,7.0,533.0,421.0,223.0,27.0,vulnerable
multiple_runs_largerun_db_highthreat_20260410_030216.csv,multiple_runs_largerun_db_highthreat_20260410_030216.csv,41,948.0,28.059071729957807,35.0,0.0,20.0,214.0,364.0,266.0,49.0,vulnerable
multiple_runs_largerun_db_highthreat_20260410_030216.csv,multiple_runs_largerun_db_highthreat_20260410_030216.csv,42,854.0,0.0,336.0,0.0,354.0,112.0,15.0,0.0,37.0,resilient
multiple_runs_largerun_db_highthreat_20260410_030216.csv,multiple_runs_largerun_db_highthreat_20260410_030216.csv,43,1000.0,1.4000000000000001,318.0,0.0,271.0,225.0,140.0,14.0,32.0,resilient
multiple_runs_largerun_db_highthreat_20260410_030216.csv,multiple_runs_largerun_db_highthreat_20260410_030216.csv,44,1148.0,21.602787456445995,60.0,0.0,10.0,387.0,411.0,248.0,32.0,vulnerable
multiple_runs_largerun_db_highthreat_20260410_030216.csv,multiple_runs_largerun_db_highthreat_20260410_030216.csv,45,1354.0,15.36189069423929,81.0,0.0,56.0,614.0,361.0,208.0,34.0,vulnerable
multiple_runs_largerun_db_highthreat_20260410_030216.csv,multiple_runs_largerun_db_highthreat_20260410_030216.csv,46,1015.0,21.87192118226601,51.0,0.0,14.0,277.0,425.0,222.0,26.0,vulnerable
multiple_runs_largerun_db_highthreat_20260410_030216.csv,multiple_runs_largerun_db_highthreat_20260410_030216.csv,47,1242.0,13.123993558776167,132.0,0.0,161.0,531.0,226.0,163.0,29.0,vulnerable
multiple_runs_largerun_db_highthreat_20260410_030216.csv,multiple_runs_largerun_db_highthreat_20260410_030216.csv,48,1039.0,0.0,316.0,0.0,381.0,288.0,19.0,0.0,35.0,resilient
multiple_runs_largerun_db_highthreat_20260410_030216.csv,multiple_runs_largerun_db_highthreat_20260410_030216.csv,49,963.0,27.31048805815161,63.0,0.0,4.0,220.0,383.0,263.0,30.0,vulnerable
multiple_runs_largerun_db_highthreat_20260410_030216.csv,multiple_runs_largerun_db_highthreat_20260410_030216.csv,50,992.0,25.0,59.0,0.0,5.0,250.0,401.0,248.0,29.0,vulnerable
multiple_runs_largerun_db_highthreat_20260410_030216.csv,multiple_runs_largerun_db_highthreat_20260410_030216.csv,51,972.0,0.0,308.0,0.0,393.0,220.0,13.0,0.0,38.0,resilient
multiple_runs_largerun_db_highthreat_20260410_030216.csv,multiple_runs_largerun_db_highthreat_20260410_030216.csv,52,1010.0,25.14851485148515,68.0,0.0,14.0,261.0,381.0,254.0,32.0,vulnerable
multiple_runs_largerun_db_highthreat_20260410_030216.csv,multiple_runs_largerun_db_highthreat_20260410_030216.csv,53,1079.0,21.872103799814642,58.0,0.0,1.0,344.0,407.0,236.0,33.0,vulnerable
multiple_runs_largerun_db_highthreat_20260410_030216.csv,multiple_runs_largerun_db_highthreat_20260410_030216.csv,54,868.0,31.797235023041477,26.0,0.0,0.0,127.0,404.0,276.0,35.0,vulnerable
multiple_runs_largerun_db_highthreat_20260410_030216.csv,multiple_runs_largerun_db_highthreat_20260410_030216.csv,55,976.0,0.0,297.0,0.0,274.0,261.0,106.0,0.0,38.0,resilient
multiple_runs_largerun_db_highthreat_20260410_030216.csv,multiple_runs_largerun_db_highthreat_20260410_030216.csv,56,962.0,0.0,330.0,0.0,391.0,216.0,2.0,0.0,23.0,resilient
multiple_runs_largerun_db_highthreat_20260410_030216.csv,multiple_runs_largerun_db_highthreat_20260410_030216.csv,57,930.0,33.11827956989247,25.0,0.0,16.0,182.0,374.0,308.0,25.0,vulnerable
multiple_runs_largerun_db_highthreat_20260410_030216.csv,multiple_runs_largerun_db_highthreat_20260410_030216.csv,58,1221.0,16.78951678951679,101.0,0.0,51.0,486.0,346.0,205.0,32.0,vulnerable
multiple_runs_largerun_db_highthreat_20260410_030216.csv,multiple_runs_largerun_db_highthreat_20260410_030216.csv,59,1002.0,27.644710578842314,68.0,0.0,7.0,232.0,382.0,277.0,36.0,vulnerable
multiple_runs_largerun_db_highthreat_20260410_030216.csv,multiple_runs_largerun_db_highthreat_20260410_030216.csv,60,1316.0,19.6048632218845,58.0,0.0,4.0,564.0,397.0,258.0,35.0,vulnerable
multiple_runs_largerun_db_highthreat_20260410_030216.csv,multiple_runs_largerun_db_highthreat_20260410_030216.csv,61,1268.0,16.798107255520506,85.0,0.0,88.0,564.0,287.0,213.0,31.0,vulnerable
multiple_runs_largerun_db_highthreat_20260410_030216.csv,multiple_runs_largerun_db_highthreat_20260410_030216.csv,62,1020.0,25.882352941176475,39.0,0.0,35.0,295.0,345.0,264.0,42.0,vulnerable
multiple_runs_largerun_db_highthreat_20260410_030216.csv,multiple_runs_largerun_db_highthreat_20260410_030216.csv,63,1019.0,0.0,321.0,0.0,349.0,257.0,51.0,0.0,41.0,resilient
multiple_runs_largerun_db_highthreat_20260410_030216.csv,multiple_runs_largerun_db_highthreat_20260410_030216.csv,64,1030.0,22.330097087378643,57.0,0.0,14.0,322.0,372.0,230.0,35.0,vulnerable
multiple_runs_largerun_db_highthreat_20260410_030216.csv,multiple_runs_largerun_db_highthreat_20260410_030216.csv,65,935.0,26.737967914438503,49.0,0.0,1.0,193.0,414.0,250.0,28.0,vulnerable
multiple_runs_largerun_db_highthreat_20260410_030216.csv,multiple_runs_largerun_db_highthreat_20260410_030216.csv,66,963.0,0.4153686396677051,296.0,0.0,336.0,222.0,71.0,4.0,34.0,resilient
multiple_runs_largerun_db_highthreat_20260410_030216.csv,multiple_runs_largerun_db_highthreat_20260410_030216.csv,67,1136.0,7.482394366197183,197.0,0.0,107.0,433.0,287.0,85.0,27.0,vulnerable
multiple_runs_largerun_db_highthreat_20260410_030216.csv,multiple_runs_largerun_db_highthreat_20260410_030216.csv,68,984.0,0.10162601626016261,331.0,0.0,351.0,240.0,35.0,1.0,26.0,resilient
multiple_runs_largerun_db_highthreat_20260410_030216.csv,multiple_runs_largerun_db_highthreat_20260410_030216.csv,69,928.0,0.3232758620689655,329.0,0.0,325.0,183.0,53.0,3.0,35.0,resilient
multiple_runs_largerun_db_highthreat_20260410_030216.csv,multiple_runs_largerun_db_highthreat_20260410_030216.csv,70,1039.0,21.751684311838307,47.0,1.0,20.0,350.0,361.0,226.0,34.0,vulnerable
multiple_runs_largerun_db_highthreat_20260410_030216.csv,multiple_runs_largerun_db_highthreat_20260410_030216.csv,71,890.0,0.6741573033707865,304.0,0.0,373.0,155.0,10.0,6.0,42.0,resilient
multiple_runs_largerun_db_highthreat_20260410_030216.csv,multiple_runs_largerun_db_highthreat_20260410_030216.csv,72,1023.0,20.332355816226784,84.0,0.0,2.0,274.0,430.0,208.0,25.0,vulnerable
multiple_runs_largerun_db_highthreat_20260410_030216.csv,multiple_runs_largerun_db_highthreat_20260410_030216.csv,73,1380.0,19.855072463768117,42.0,0.0,16.0,612.0,397.0,274.0,39.0,vulnerable
multiple_runs_largerun_db_highthreat_20260410_030216.csv,multiple_runs_largerun_db_highthreat_20260410_030216.csv,74,1385.0,16.24548736462094,64.0,0.0,17.0,673.0,381.0,225.0,25.0,vulnerable
multiple_runs_largerun_db_highthreat_20260410_030216.csv,multiple_runs_largerun_db_highthreat_20260410_030216.csv,75,796.0,16.331658291457288,50.0,0.0,98.0,283.0,195.0,130.0,40.0,vulnerable
multiple_runs_largerun_db_highthreat_20260410_030216.csv,multiple_runs_largerun_db_highthreat_20260410_030216.csv,76,1352.0,16.789940828402365,62.0,0.0,64.0,645.0,321.0,227.0,33.0,vulnerable
multiple_runs_largerun_db_highthreat_20260410_030216.csv,multiple_runs_largerun_db_highthreat_20260410_030216.csv,77,953.0,25.39349422875131,52.0,0.0,3.0,243.0,384.0,242.0,29.0,vulnerable
multiple_runs_largerun_db_highthreat_20260410_030216.csv,multiple_runs_largerun_db_highthreat_20260410_030216.csv,78,1029.0,25.364431486880466,56.0,0.0,3.0,277.0,400.0,261.0,32.0,vulnerable
multiple_runs_largerun_db_highthreat_20260410_030216.csv,multiple_runs_largerun_db_highthreat_20260410_030216.csv,79,952.0,0.7352941176470588,318.0,0.0,365.0,174.0,50.0,7.0,38.0,resilient
multiple_runs_largerun_db_highthreat_20260410_030216.csv,multiple_runs_largerun_db_highthreat_20260410_030216.csv,80,940.0,0.0,286.0,0.0,347.0,242.0,39.0,0.0,26.0,resilient
multiple_runs_largerun_db_highthreat_20260410_030216.csv,multiple_runs_largerun_db_highthreat_20260410_030216.csv,81,1007.0,28.897715988083416,40.0,0.0,8.0,260.0,382.0,291.0,26.0,vulnerable
multiple_runs_largerun_db_highthreat_20260410_030216.csv,multiple_runs_largerun_db_highthreat_20260410_030216.csv,82,923.0,30.985915492957744,40.0,0.0,1.0,189.0,382.0,286.0,25.0,vulnerable
multiple_runs_largerun_db_highthreat_20260410_030216.csv,multiple_runs_largerun_db_highthreat_20260410_030216.csv,83,1004.0,24.900398406374503,66.0,0.0,0.0,251.0,400.0,250.0,37.0,vulnerable
multiple_runs_largerun_db_highthreat_20260410_030216.csv,multiple_runs_largerun_db_highthreat_20260410_030216.csv,84,1423.0,19.04427266338721,50.0,0.0,0.0,675.0,408.0,271.0,19.0,vulnerable
multiple_runs_largerun_db_highthreat_20260410_030216.csv,multiple_runs_largerun_db_highthreat_20260410_030216.csv,85,848.0,0.8254716981132075,281.0,0.0,357.0,121.0,39.0,7.0,43.0,resilient
multiple_runs_largerun_db_highthreat_20260410_030216.csv,multiple_runs_largerun_db_highthreat_20260410_030216.csv,86,1107.0,17.88617886178862,82.0,0.0,36.0,407.0,353.0,198.0,31.0,vulnerable
multiple_runs_largerun_db_highthreat_20260410_030216.csv,multiple_runs_largerun_db_highthreat_20260410_030216.csv,87,1170.0,14.017094017094017,140.0,0.0,80.0,423.0,326.0,164.0,37.0,vulnerable
multiple_runs_largerun_db_highthreat_20260410_030216.csv,multiple_runs_largerun_db_highthreat_20260410_030216.csv,88,1035.0,26.08695652173913,45.0,0.0,2.0,293.0,399.0,270.0,26.0,vulnerable
multiple_runs_largerun_db_highthreat_20260410_030216.csv,multiple_runs_largerun_db_highthreat_20260410_030216.csv,89,1050.0,0.19047619047619047,342.0,0.0,349.0,292.0,42.0,2.0,23.0,resilient
multiple_runs_largerun_db_highthreat_20260410_030216.csv,multiple_runs_largerun_db_highthreat_20260410_030216.csv,90,1300.0,13.615384615384615,150.0,0.0,113.0,539.0,293.0,177.0,28.0,vulnerable
multiple_runs_largerun_db_highthreat_20260410_030216.csv,multiple_runs_largerun_db_highthreat_20260410_030216.csv,91,1475.0,18.508474576271187,28.0,0.0,1.0,735.0,414.0,273.0,24.0,vulnerable
multiple_runs_largerun_db_highthreat_20260410_030216.csv,multiple_runs_largerun_db_highthreat_20260410_030216.csv,92,939.0,25.66560170394036,52.0,0.0,14.0,194.0,409.0,241.0,29.0,vulnerable
multiple_runs_largerun_db_highthreat_20260410_030216.csv,multiple_runs_largerun_db_highthreat_20260410_030216.csv,93,1034.0,0.2901353965183753,305.0,0.0,399.0,267.0,21.0,3.0,39.0,resilient
multiple_runs_largerun_db_highthreat_20260410_030216.csv,multiple_runs_largerun_db_highthreat_20260410_030216.csv,94,883.0,28.765571913929783,42.0,0.0,4.0,189.0,381.0,254.0,13.0,vulnerable
multiple_runs_largerun_db_highthreat_20260410_030216.csv,multiple_runs_largerun_db_highthreat_20260410_030216.csv,95,1096.0,24.635036496350367,75.0,0.0,16.0,350.0,356.0,270.0,29.0,vulnerable
multiple_runs_largerun_db_highthreat_20260410_030216.csv,multiple_runs_largerun_db_highthreat_20260410_030216.csv,96,996.0,25.301204819277107,49.0,0.0,9.0,251.0,401.0,252.0,34.0,vulnerable
multiple_runs_largerun_db_highthreat_20260410_030216.csv,multiple_runs_largerun_db_highthreat_20260410_030216.csv,97,772.0,28.10880829015544,35.0,0.0,323.0,78.0,86.0,217.0,33.0,vulnerable
multiple_runs_largerun_db_highthreat_20260410_030216.csv,multiple_runs_largerun_db_highthreat_20260410_030216.csv,98,935.0,27.593582887700535,50.0,0.0,0.0,200.0,399.0,258.0,28.0,vulnerable
multiple_runs_largerun_db_highthreat_20260410_030216.csv,multiple_runs_largerun_db_highthreat_20260410_030216.csv,99,944.0,26.906779661016948,37.0,0.0,5.0,232.0,394.0,254.0,22.0,vulnerable
multiple_runs_largerun_db_highthreat_20260410_030216.csv,multiple_runs_largerun_db_highthreat_20260410_030216.csv,100,1076.0,22.676579925650557,52.0,0.0,32.0,366.0,354.0,244.0,28.0,vulnerable
multiple_runs_largerun_db_highthreat_20260410_030216.csv,multiple_runs_largerun_db_highthreat_20260410_030216.csv,101,917.0,1.7448200654307526,302.0,0.0,296.0,195.0,70.0,16.0,38.0,resilient
multiple_runs_largerun_db_highthreat_20260410_030216.csv,multiple_runs_largerun_db_highthreat_20260410_030216.csv,102,973.0,0.0,281.0,0.0,389.0,259.0,19.0,0.0,25.0,resilient
multiple_runs_largerun_db_highthreat_20260410_030216.csv,multiple_runs_largerun_db_highthreat_20260410_030216.csv,103,1144.0,19.318181818181817,90.0,0.0,99.0,438.0,264.0,221.0,32.0,vulnerable
multiple_runs_largerun_db_highthreat_20260410_030216.csv,multiple_runs_largerun_db_highthreat_20260410_030216.csv,104,1153.0,20.294882914137034,82.0,0.0,1.0,404.0,410.0,234.0,22.0,vulnerable
multiple_runs_largerun_db_highthreat_20260410_030216.csv,multiple_runs_largerun_db_highthreat_20260410_030216.csv,105,955.0,21.047120418848166,53.0,0.0,7.0,262.0,399.0,201.0,33.0,vulnerable
multiple_runs_largerun_db_highthreat_20260410_030216.csv,multiple_runs_largerun_db_highthreat_20260410_030216.csv,106,1011.0,19.188921859545005,86.0,0.0,7.0,281.0,406.0,194.0,37.0,vulnerable
multiple_runs_largerun_db_highthreat_20260410_030216.csv,multiple_runs_largerun_db_highthreat_20260410_030216.csv,107,923.0,1.0834236186348862,290.0,0.0,369.0,180.0,35.0,10.0,39.0,resilient
multiple_runs_largerun_db_highthreat_20260410_030216.csv,multiple_runs_largerun_db_highthreat_20260410_030216.csv,108,955.0,0.0,304.0,0.0,401.0,194.0,14.0,0.0,42.0,resilient
multiple_runs_largerun_db_highthreat_20260410_030216.csv,multiple_runs_largerun_db_highthreat_20260410_030216.csv,109,1097.0,24.06563354603464,31.0,0.0,16.0,378.0,376.0,264.0,32.0,vulnerable
multiple_runs_largerun_db_highthreat_20260410_030216.csv,multiple_runs_largerun_db_highthreat_20260410_030216.csv,110,1019.0,23.061825318940137,75.0,0.0,0.0,280.0,397.0,235.0,32.0,vulnerable
multiple_runs_largerun_db_highthreat_20260410_030216.csv,multiple_runs_largerun_db_highthreat_20260410_030216.csv,111,1036.0,22.779922779922778,49.0,0.0,5.0,315.0,405.0,236.0,26.0,vulnerable
multiple_runs_largerun_db_highthreat_20260410_030216.csv,multiple_runs_largerun_db_highthreat_20260410_030216.csv,112,1037.0,23.722275795564126,62.0,0.0,9.0,302.0,394.0,246.0,24.0,vulnerable
multiple_runs_largerun_db_highthreat_20260410_030216.csv,multiple_runs_largerun_db_highthreat_20260410_030216.csv,113,915.0,31.038251366120218,49.0,0.0,1.0,180.0,379.0,284.0,22.0,vulnerable
multiple_runs_largerun_db_highthreat_20260410_030216.csv,multiple_runs_largerun_db_highthreat_20260410_030216.csv,114,1156.0,11.505190311418685,164.0,0.0,126.0,432.0,267.0,133.0,34.0,vulnerable
multiple_runs_largerun_db_highthreat_20260410_030216.csv,multiple_runs_largerun_db_highthreat_20260410_030216.csv,115,1085.0,21.566820276497694,51.0,0.0,22.0,366.0,378.0,234.0,34.0,vulnerable
multiple_runs_largerun_db_highthreat_20260410_030216.csv,multiple_runs_largerun_db_highthreat_20260410_030216.csv,116,985.0,0.10152284263959391,284.0,0.0,355.0,255.0,50.0,1.0,40.0,resilient
multiple_runs_largerun_db_highthreat_20260410_030216.csv,multiple_runs_largerun_db_highthreat_20260410_030216.csv,117,1047.0,26.36103151862464,25.0,0.0,3.0,333.0,384.0,276.0,26.0,vulnerable
multiple_runs_largerun_db_highthreat_20260410_030216.csv,multiple_runs_largerun_db_highthreat_20260410_030216.csv,118,892.0,0.0,305.0,0.0,315.0,171.0,71.0,0.0,30.0,resilient
multiple_runs_largerun_db_highthreat_20260410_030216.csv,multiple_runs_largerun_db_highthreat_20260410_030216.csv,119,970.0,0.9278350515463918,240.0,0.0,273.0,302.0,110.0,9.0,36.0,resilient
multiple_runs_largerun_db_highthreat_20260410_030216.csv,multiple_runs_largerun_db_highthreat_20260410_030216.csv,120,972.0,0.0,335.0,0.0,377.0,211.0,21.0,0.0,28.0,resilient
multiple_runs_largerun_db_highthreat_20260410_030216.csv,multiple_runs_largerun_db_highthreat_20260410_030216.csv,121,1110.0,27.207207207207208,42.0,0.0,2.0,350.0,396.0,302.0,18.0,vulnerable
multiple_runs_largerun_db_highthreat_20260410_030216.csv,multiple_runs_largerun_db_highthreat_20260410_030216.csv,122,902.0,28.38137472283814,36.0,0.0,15.0,202.0,371.0,256.0,22.0,vulnerable
multiple_runs_largerun_db_highthreat_20260410_030216.csv,multiple_runs_largerun_db_highthreat_20260410_030216.csv,123,938.0,30.383795309168445,38.0,0.0,0.0,227.0,366.0,285.0,22.0,vulnerable
multiple_runs_largerun_db_highthreat_20260410_030216.csv,multiple_runs_largerun_db_highthreat_20260410_030216.csv,124,1360.0,20.588235294117645,53.0,0.0,13.0,611.0,366.0,280.0,37.0,vulnerable
multiple_runs_largerun_db_highthreat_20260410_030216.csv,multiple_runs_largerun_db_highthreat_20260410_030216.csv,125,891.0,29.180695847362514,40.0,0.0,0.0,189.0,380.0,260.0,22.0,vulnerable
multiple_runs_largerun_db_highthreat_20260410_030216.csv,multiple_runs_largerun_db_highthreat_20260410_030216.csv,126,1002.0,0.499001996007984,292.0,0.0,298.0,283.0,84.0,5.0,40.0,resilient
multiple_runs_largerun_db_highthreat_20260410_030216.csv,multiple_runs_largerun_db_highthreat_20260410_030216.csv,127,1078.0,0.0,261.0,0.0,300.0,372.0,125.0,0.0,20.0,resilient
multiple_runs_largerun_db_highthreat_20260410_030216.csv,multiple_runs_largerun_db_highthreat_20260410_030216.csv,128,1110.0,6.846846846846846,223.0,0.0,135.0,396.0,248.0,76.0,32.0,vulnerable
multiple_runs_largerun_db_highthreat_20260410_030216.csv,multiple_runs_largerun_db_highthreat_20260410_030216.csv,129,1222.0,18.330605564648117,101.0,0.0,48.0,487.0,337.0,224.0,25.0,vulnerable
multiple_runs_largerun_db_highthreat_20260410_030216.csv,multiple_runs_largerun_db_highthreat_20260410_030216.csv,130,1159.0,3.278688524590164,262.0,0.0,213.0,432.0,176.0,38.0,38.0,vulnerable
multiple_runs_largerun_db_highthreat_20260410_030216.csv,multiple_runs_largerun_db_highthreat_20260410_030216.csv,131,925.0,28.10810810810811,43.0,0.0,6.0,210.0,375.0,260.0,31.0,vulnerable
multiple_runs_largerun_db_highthreat_20260410_030216.csv,multiple_runs_largerun_db_highthreat_20260410_030216.csv,132,943.0,26.617179215270415,61.0,0.0,13.0,211.0,381.0,251.0,26.0,vulnerable
multiple_runs_largerun_db_highthreat_20260410_030216.csv,multiple_runs_largerun_db_highthreat_20260410_030216.csv,133,1194.0,12.060301507537687,147.0,0.0,138.0,501.0,241.0,144.0,23.0,vulnerable
multiple_runs_largerun_db_highthreat_20260410_030216.csv,multiple_runs_largerun_db_highthreat_20260410_030216.csv,134,1165.0,8.755364806866952,175.0,0.0,146.0,448.0,262.0,102.0,32.0,vulnerable
multiple_runs_largerun_db_highthreat_20260410_030216.csv,multiple_runs_largerun_db_highthreat_20260410_030216.csv,135,936.0,0.2136752136752137,323.0,0.0,358.0,194.0,26.0,2.0,33.0,resilient
multiple_runs_largerun_db_highthreat_20260410_030216.csv,multiple_runs_largerun_db_highthreat_20260410_030216.csv,136,1003.0,0.0,336.0,0.0,380.0,250.0,8.0,0.0,29.0,resilient
multiple_runs_largerun_db_highthreat_20260410_030216.csv,multiple_runs_largerun_db_highthreat_20260410_030216.csv,137,1052.0,23.288973384030417,70.0,0.0,32.0,331.0,350.0,245.0,24.0,vulnerable
multiple_runs_largerun_db_highthreat_20260410_030216.csv,multiple_runs_largerun_db_highthreat_20260410_030216.csv,138,1314.0,17.427701674277017,60.0,0.0,10.0,604.0,387.0,229.0,24.0,vulnerable
multiple_runs_largerun_db_highthreat_20260410_030216.csv,multiple_runs_largerun_db_highthreat_20260410_030216.csv,139,992.0,23.991935483870968,71.0,0.0,15.0,267.0,376.0,238.0,25.0,vulnerable
multiple_runs_largerun_db_highthreat_20260410_030216.csv,multiple_runs_largerun_db_highthreat_20260410_030216.csv,140,969.0,26.109391124871,47.0,0.0,41.0,250.0,345.0,253.0,33.0,vulnerable
multiple_runs_largerun_db_highthreat_20260410_030216.csv,multiple_runs_largerun_db_highthreat_20260410_030216.csv,141,1134.0,10.052910052910052,177.0,0.0,162.0,437.0,222.0,114.0,22.0,vulnerable
multiple_runs_largerun_db_highthreat_20260410_030216.csv,multiple_runs_largerun_db_highthreat_20260410_030216.csv,142,981.0,23.547400611620795,67.0,0.0,0.0,278.0,380.0,231.0,25.0,vulnerable
multiple_runs_largerun_db_highthreat_20260410_030216.csv,multiple_runs_largerun_db_highthreat_20260410_030216.csv,143,1166.0,13.979416809605489,134.0,0.0,48.0,474.0,325.0,163.0,22.0,vulnerable
multiple_runs_largerun_db_highthreat_20260410_030216.csv,multiple_runs_largerun_db_highthreat_20260410_030216.csv,144,1009.0,31.020812685827554,37.0,0.0,0.0,250.0,378.0,313.0,31.0,vulnerable
multiple_runs_largerun_db_highthreat_20260410_030216.csv,multiple_runs_largerun_db_highthreat_20260410_030216.csv,145,1189.0,19.51219512195122,52.0,0.0,37.0,463.0,377.0,232.0,28.0,vulnerable
multiple_runs_largerun_db_highthreat_20260410_030216.csv,multiple_runs_largerun_db_highthreat_20260410_030216.csv,146,1098.0,22.950819672131146,45.0,0.0,2.0,364.0,407.0,252.0,28.0,vulnerable
multiple_runs_largerun_db_highthreat_20260410_030216.csv,multiple_runs_largerun_db_highthreat_20260410_030216.csv,147,931.0,2.0408163265306123,301.0,0.0,369.0,192.0,19.0,19.0,31.0,vulnerable
multiple_runs_largerun_db_highthreat_20260410_030216.csv,multiple_runs_largerun_db_highthreat_20260410_030216.csv,148,919.0,0.0,317.0,0.0,394.0,183.0,0.0,0.0,25.0,resilient
multiple_runs_largerun_db_highthreat_20260410_030216.csv,multiple_runs_largerun_db_highthreat_20260410_030216.csv,149,938.0,29.53091684434968,35.0,0.0,8.0,208.0,389.0,277.0,21.0,vulnerable
multiple_runs_largerun_db_highthreat_20260410_030216.csv,multiple_runs_largerun_db_highthreat_20260410_030216.csv,150,1018.0,0.0,347.0,0.0,374.0,268.0,3.0,0.0,26.0,resilient
multiple_runs_largerun_db_highthreat_20260410_030216.csv,multiple_runs_largerun_db_highthreat_20260410_030216.csv,151,960.0,0.10416666666666667,328.0,0.0,307.0,209.0,79.0,1.0,36.0,resilient
multiple_runs_largerun_db_highthreat_20260410_030216.csv,multiple_runs_largerun_db_highthreat_20260410_030216.csv,152,1058.0,23.629489603024574,57.0,0.0,12.0,319.0,389.0,250.0,31.0,vulnerable
multiple_runs_largerun_db_highthreat_20260410_030216.csv,multiple_runs_largerun_db_highthreat_20260410_030216.csv,153,868.0,0.4608294930875576,303.0,0.0,357.0,131.0,36.0,4.0,37.0,resilient
multiple_runs_largerun_db_highthreat_20260410_030216.csv,multiple_runs_largerun_db_highthreat_20260410_030216.csv,154,947.0,26.927138331573392,52.0,0.0,10.0,251.0,351.0,255.0,28.0,vulnerable
multiple_runs_largerun_db_highthreat_20260410_030216.csv,multiple_runs_largerun_db_highthreat_20260410_030216.csv,155,1134.0,10.052910052910052,158.0,0.0,135.0,426.0,254.0,114.0,47.0,vulnerable
multiple_runs_largerun_db_highthreat_20260410_030216.csv,multiple_runs_largerun_db_highthreat_20260410_030216.csv,156,1148.0,16.289198606271775,95.0,0.0,36.0,455.0,347.0,187.0,28.0,vulnerable
multiple_runs_largerun_db_highthreat_20260410_030216.csv,multiple_runs_largerun_db_highthreat_20260410_030216.csv,157,974.0,0.0,305.0,0.0,322.0,225.0,81.0,0.0,41.0,resilient
multiple_runs_largerun_db_highthreat_20260410_030216.csv,multiple_runs_largerun_db_highthreat_20260410_030216.csv,158,1084.0,24.169741697416974,37.0,0.0,11.0,351.0,385.0,262.0,38.0,vulnerable
multiple_runs_largerun_db_highthreat_20260410_030216.csv,multiple_runs_largerun_db_highthreat_20260410_030216.csv,159,916.0,0.32751091703056767,353.0,0.0,386.0,137.0,4.0,3.0,33.0,resilient
multiple_runs_largerun_db_highthreat_20260410_030216.csv,multiple_runs_largerun_db_highthreat_20260410_030216.csv,160,1220.0,16.639344262295083,104.0,0.0,78.0,490.0,313.0,203.0,32.0,vulnerable
multiple_runs_largerun_db_highthreat_20260410_030216.csv,multiple_runs_largerun_db_highthreat_20260410_030216.csv,161,1004.0,0.796812749003984,299.0,0.0,295.0,281.0,89.0,8.0,32.0,resilient
multiple_runs_largerun_db_highthreat_20260410_030216.csv,multiple_runs_largerun_db_highthreat_20260410_030216.csv,162,1057.0,27.057710501419113,44.0,0.0,0.0,298.0,400.0,286.0,29.0,vulnerable
multiple_runs_largerun_db_highthreat_20260410_030216.csv,multiple_runs_largerun_db_highthreat_20260410_030216.csv,163,1142.0,9.369527145359019,122.0,0.0,139.0,460.0,269.0,107.0,45.0,vulnerable
multiple_runs_largerun_db_highthreat_20260410_030216.csv,multiple_runs_largerun_db_highthreat_20260410_030216.csv,164,1059.0,20.585457979225687,54.0,0.0,2.0,326.0,429.0,218.0,30.0,vulnerable
multiple_runs_largerun_db_highthreat_20260410_030216.csv,multiple_runs_largerun_db_highthreat_20260410_030216.csv,165,1020.0,22.54901960784314,62.0,0.0,0.0,306.0,395.0,230.0,27.0,vulnerable
multiple_runs_largerun_db_highthreat_20260410_030216.csv,multiple_runs_largerun_db_highthreat_20260410_030216.csv,166,959.0,25.86027111574557,56.0,0.0,0.0,247.0,377.0,248.0,31.0,vulnerable
multiple_runs_largerun_db_highthreat_20260410_030216.csv,multiple_runs_largerun_db_highthreat_20260410_030216.csv,167,954.0,0.0,297.0,0.0,371.0,229.0,16.0,0.0,41.0,resilient
multiple_runs_largerun_db_highthreat_20260410_030216.csv,multiple_runs_largerun_db_highthreat_20260410_030216.csv,168,938.0,0.10660980810234541,308.0,0.0,388.0,189.0,12.0,1.0,40.0,resilient
multiple_runs_largerun_db_highthreat_20260410_030216.csv,multiple_runs_largerun_db_highthreat_20260410_030216.csv,169,1191.0,17.38035264483627,51.0,0.0,20.0,509.0,380.0,207.0,24.0,vulnerable
multiple_runs_largerun_db_highthreat_20260410_030216.csv,multiple_runs_largerun_db_highthreat_20260410_030216.csv,170,932.0,3.648068669527897,297.0,0.0,371.0,180.0,18.0,34.0,32.0,vulnerable
multiple_runs_largerun_db_highthreat_20260410_030216.csv,multiple_runs_largerun_db_highthreat_20260410_030216.csv,171,908.0,0.0,315.0,0.0,383.0,177.0,0.0,0.0,33.0,resilient
multiple_runs_largerun_db_highthreat_20260410_030216.csv,multiple_runs_largerun_db_highthreat_20260410_030216.csv,172,1189.0,26.324642556770396,20.0,0.0,103.0,468.0,261.0,313.0,24.0,vulnerable
multiple_runs_largerun_db_highthreat_20260410_030216.csv,multiple_runs_largerun_db_highthreat_20260410_030216.csv,173,1173.0,16.453537936913897,107.0,0.0,67.0,473.0,296.0,193.0,37.0,vulnerable
multiple_runs_largerun_db_highthreat_20260410_030216.csv,multiple_runs_largerun_db_highthreat_20260410_030216.csv,174,1055.0,3.2227488151658767,284.0,0.0,247.0,317.0,135.0,34.0,38.0,vulnerable
multiple_runs_largerun_db_highthreat_20260410_030216.csv,multiple_runs_largerun_db_highthreat_20260410_030216.csv,175,1275.0,19.215686274509807,75.0,0.0,2.0,541.0,378.0,245.0,34.0,vulnerable
multiple_runs_largerun_db_highthreat_20260410_030216.csv,multiple_runs_largerun_db_highthreat_20260410_030216.csv,176,968.0,22.727272727272727,47.0,0.0,2.0,278.0,388.0,220.0,33.0,vulnerable
multiple_runs_largerun_db_highthreat_20260410_030216.csv,multiple_runs_largerun_db_highthreat_20260410_030216.csv,177,1171.0,22.886421861656704,54.0,0.0,2.0,441.0,386.0,268.0,20.0,vulnerable
multiple_runs_largerun_db_highthreat_20260410_030216.csv,multiple_runs_largerun_db_highthreat_20260410_030216.csv,178,1194.0,12.060301507537687,111.0,0.0,96.0,519.0,297.0,144.0,27.0,vulnerable
multiple_runs_largerun_db_highthreat_20260410_030216.csv,multiple_runs_largerun_db_highthreat_20260410_030216.csv,179,1050.0,0.0,328.0,0.0,324.0,318.0,49.0,0.0,31.0,resilient
multiple_runs_largerun_db_highthreat_20260410_030216.csv,multiple_runs_largerun_db_highthreat_20260410_030216.csv,180,924.0,0.0,293.0,0.0,341.0,202.0,65.0,0.0,23.0,resilient
multiple_runs_largerun_db_highthreat_20260410_030216.csv,multiple_runs_largerun_db_highthreat_20260410_030216.csv,181,1089.0,20.56932966023875,66.0,0.0,50.0,407.0,314.0,224.0,28.0,vulnerable
multiple_runs_largerun_db_highthreat_20260410_030216.csv,multiple_runs_largerun_db_highthreat_20260410_030216.csv,182,1186.0,13.99662731871838,96.0,0.0,66.0,493.0,325.0,166.0,40.0,vulnerable
multiple_runs_largerun_db_highthreat_20260410_030216.csv,multiple_runs_largerun_db_highthreat_20260410_030216.csv,183,1051.0,23.50142721217888,43.0,0.0,10.0,325.0,398.0,247.0,28.0,vulnerable
multiple_runs_largerun_db_highthreat_20260410_030216.csv,multiple_runs_largerun_db_highthreat_20260410_030216.csv,184,1029.0,8.16326530612245,212.0,0.0,278.0,297.0,125.0,84.0,33.0,vulnerable
multiple_runs_largerun_db_highthreat_20260410_030216.csv,multiple_runs_largerun_db_highthreat_20260410_030216.csv,185,1098.0,8.925318761384334,191.0,1.0,223.0,372.0,179.0,98.0,34.0,vulnerable
multiple_runs_largerun_db_highthreat_20260410_030216.csv,multiple_runs_largerun_db_highthreat_20260410_030216.csv,186,1415.0,19.929328621908127,32.0,0.0,18.0,662.0,379.0,282.0,42.0,vulnerable
multiple_runs_largerun_db_highthreat_20260410_030216.csv,multiple_runs_largerun_db_highthreat_20260410_030216.csv,187,1027.0,25.511197663096397,65.0,0.0,18.0,282.0,366.0,262.0,34.0,vulnerable
multiple_runs_largerun_db_highthreat_20260410_030216.csv,multiple_runs_largerun_db_highthreat_20260410_030216.csv,188,989.0,28.412537917087967,34.0,0.0,7.0,254.0,379.0,281.0,34.0,vulnerable
multiple_runs_largerun_db_highthreat_20260410_030216.csv,multiple_runs_largerun_db_highthreat_20260410_030216.csv,189,975.0,0.0,325.0,0.0,340.0,222.0,57.0,0.0,31.0,resilient
multiple_runs_largerun_db_highthreat_20260410_030216.csv,multiple_runs_largerun_db_highthreat_20260410_030216.csv,190,1158.0,21.934369602763386,47.0,0.0,0.0,426.0,399.0,254.0,32.0,vulnerable
multiple_runs_largerun_db_highthreat_20260410_030216.csv,multiple_runs_largerun_db_highthreat_20260410_030216.csv,191,1071.0,24.743230625583568,44.0,0.0,0.0,332.0,403.0,265.0,27.0,vulnerable
multiple_runs_largerun_db_highthreat_20260410_030216.csv,multiple_runs_largerun_db_highthreat_20260410_030216.csv,192,1023.0,0.0,319.0,0.0,341.0,273.0,52.0,0.0,38.0,resilient
multiple_runs_largerun_db_highthreat_20260410_030216.csv,multiple_runs_largerun_db_highthreat_20260410_030216.csv,193,995.0,0.0,308.0,0.0,362.0,253.0,39.0,0.0,33.0,resilient
multiple_runs_largerun_db_highthreat_20260410_030216.csv,multiple_runs_largerun_db_highthreat_20260410_030216.csv,194,966.0,24.43064182194617,83.0,0.0,7.0,226.0,386.0,236.0,28.0,vulnerable
multiple_runs_largerun_db_highthreat_20260410_030216.csv,multiple_runs_largerun_db_highthreat_20260410_030216.csv,195,1098.0,10.564663023679417,147.0,0.0,105.0,417.0,279.0,116.0,34.0,vulnerable
multiple_runs_largerun_db_highthreat_20260410_030216.csv,multiple_runs_largerun_db_highthreat_20260410_030216.csv,196,1272.0,16.82389937106918,62.0,0.0,62.0,563.0,338.0,214.0,33.0,vulnerable
multiple_runs_largerun_db_highthreat_20260410_030216.csv,multiple_runs_largerun_db_highthreat_20260410_030216.csv,197,1186.0,12.225969645868465,159.0,0.0,57.0,477.0,315.0,145.0,33.0,vulnerable
multiple_runs_largerun_db_highthreat_20260410_030216.csv,multiple_runs_largerun_db_highthreat_20260410_030216.csv,198,1286.0,18.118195956454123,61.0,0.0,51.0,588.0,320.0,233.0,33.0,vulnerable
multiple_runs_largerun_db_highthreat_20260410_030216.csv,multiple_runs_largerun_db_highthreat_20260410_030216.csv,199,1033.0,22.45885769603098,54.0,0.0,14.0,325.0,378.0,232.0,30.0,vulnerable
multiple_runs_largerun_db_highthreat_20260410_030216.csv,multiple_runs_largerun_db_highthreat_20260410_030216.csv,200,964.0,0.6224066390041494,296.0,0.0,366.0,234.0,32.0,6.0,30.0,resilient
multiple_runs_largerun_db_highthreat_20260410_030216.csv,multiple_runs_largerun_db_highthreat_20260410_030216.csv,201,1285.0,20.233463035019454,48.0,0.0,20.0,530.0,396.0,260.0,31.0,vulnerable
multiple_runs_largerun_db_highthreat_20260410_030216.csv,multiple_runs_largerun_db_highthreat_20260410_030216.csv,202,1208.0,14.735099337748345,129.0,0.0,42.0,464.0,366.0,178.0,29.0,vulnerable
multiple_runs_largerun_db_highthreat_20260410_030216.csv,multiple_runs_largerun_db_highthreat_20260410_030216.csv,203,994.0,20.72434607645875,59.0,0.0,14.0,270.0,411.0,206.0,34.0,vulnerable
multiple_runs_largerun_db_highthreat_20260410_030216.csv,multiple_runs_largerun_db_highthreat_20260410_030216.csv,204,949.0,29.1886195995785,49.0,0.0,2.0,198.0,395.0,277.0,28.0,vulnerable
multiple_runs_largerun_db_highthreat_20260410_030216.csv,multiple_runs_largerun_db_highthreat_20260410_030216.csv,205,823.0,0.6075334143377886,281.0,0.0,363.0,117.0,17.0,5.0,40.0,resilient
multiple_runs_largerun_db_highthreat_20260410_030216.csv,multiple_runs_largerun_db_highthreat_20260410_030216.csv,206,1318.0,19.575113808801213,47.0,0.0,0.0,559.0,423.0,258.0,31.0,vulnerable
multiple_runs_largerun_db_highthreat_20260410_030216.csv,multiple_runs_largerun_db_highthreat_20260410_030216.csv,207,958.0,27.45302713987474,32.0,0.0,9.0,238.0,380.0,263.0,36.0,vulnerable
multiple_runs_largerun_db_highthreat_20260410_030216.csv,multiple_runs_largerun_db_highthreat_20260410_030216.csv,208,1003.0,22.532402791625124,87.0,0.0,21.0,283.0,354.0,226.0,32.0,vulnerable
multiple_runs_largerun_db_highthreat_20260410_030216.csv,multiple_runs_largerun_db_highthreat_20260410_030216.csv,209,973.0,0.0,325.0,0.0,321.0,219.0,77.0,0.0,31.0,resilient
multiple_runs_largerun_db_highthreat_20260410_030216.csv,multiple_runs_largerun_db_highthreat_20260410_030216.csv,210,970.0,26.701030927835053,53.0,0.0,2.0,281.0,360.0,259.0,15.0,vulnerable
multiple_runs_largerun_db_highthreat_20260410_030216.csv,multiple_runs_largerun_db_highthreat_20260410_030216.csv,211,952.0,0.0,306.0,0.0,365.0,223.0,20.0,0.0,38.0,resilient
multiple_runs_largerun_db_highthreat_20260410_030216.csv,multiple_runs_largerun_db_highthreat_20260410_030216.csv,212,1114.0,3.5906642728904847,190.0,0.0,166.0,420.0,261.0,40.0,37.0,vulnerable
multiple_runs_largerun_db_highthreat_20260410_030216.csv,multiple_runs_largerun_db_highthreat_20260410_030216.csv,213,964.0,0.6224066390041494,320.0,0.0,342.0,211.0,45.0,6.0,40.0,resilient
multiple_runs_largerun_db_highthreat_20260410_030216.csv,multiple_runs_largerun_db_highthreat_20260410_030216.csv,214,806.0,33.49875930521092,29.0,0.0,1.0,94.0,384.0,270.0,28.0,vulnerable
multiple_runs_largerun_db_highthreat_20260410_030216.csv,multiple_runs_largerun_db_highthreat_20260410_030216.csv,215,1386.0,21.284271284271284,63.0,0.0,12.0,606.0,391.0,295.0,19.0,vulnerable
multiple_runs_largerun_db_highthreat_20260410_030216.csv,multiple_runs_largerun_db_highthreat_20260410_030216.csv,216,994.0,25.553319919517104,66.0,0.0,1.0,266.0,372.0,254.0,35.0,vulnerable
multiple_runs_largerun_db_highthreat_20260410_030216.csv,multiple_runs_largerun_db_highthreat_20260410_030216.csv,217,1275.0,20.784313725490197,52.0,0.0,25.0,544.0,369.0,265.0,20.0,vulnerable
multiple_runs_largerun_db_highthreat_20260410_030216.csv,multiple_runs_largerun_db_highthreat_20260410_030216.csv,218,976.0,29.610655737704917,56.0,0.0,2.0,218.0,387.0,289.0,24.0,vulnerable
multiple_runs_largerun_db_highthreat_20260410_030216.csv,multiple_runs_largerun_db_highthreat_20260410_030216.csv,219,1082.0,22.181146025878004,42.0,0.0,0.0,402.0,365.0,240.0,33.0,vulnerable
multiple_runs_largerun_db_highthreat_20260410_030216.csv,multiple_runs_largerun_db_highthreat_20260410_030216.csv,220,991.0,0.5045408678102926,291.0,0.0,325.0,259.0,82.0,5.0,29.0,resilient
multiple_runs_largerun_db_highthreat_20260410_030216.csv,multiple_runs_largerun_db_highthreat_20260410_030216.csv,221,943.0,0.10604453870625664,266.0,0.0,283.0,239.0,112.0,1.0,42.0,resilient
multiple_runs_largerun_db_highthreat_20260410_030216.csv,multiple_runs_largerun_db_highthreat_20260410_030216.csv,222,912.0,29.49561403508772,40.0,0.0,19.0,191.0,363.0,269.0,30.0,vulnerable
multiple_runs_largerun_db_highthreat_20260410_030216.csv,multiple_runs_largerun_db_highthreat_20260410_030216.csv,223,982.0,0.0,297.0,0.0,355.0,274.0,26.0,0.0,30.0,resilient
multiple_runs_largerun_db_highthreat_20260410_030216.csv,multiple_runs_largerun_db_highthreat_20260410_030216.csv,224,1326.0,18.929110105580694,40.0,0.0,1.0,620.0,390.0,251.0,24.0,vulnerable
multiple_runs_largerun_db_highthreat_20260410_030216.csv,multiple_runs_largerun_db_highthreat_20260410_030216.csv,225,1069.0,23.10570626753976,75.0,0.0,0.0,346.0,376.0,247.0,25.0,vulnerable
multiple_runs_largerun_db_highthreat_20260410_030216.csv,multiple_runs_largerun_db_highthreat_20260410_030216.csv,226,1023.0,21.994134897360702,61.0,0.0,5.0,301.0,400.0,225.0,31.0,vulnerable
multiple_runs_largerun_db_highthreat_20260410_030216.csv,multiple_runs_largerun_db_highthreat_20260410_030216.csv,227,1201.0,17.485428809325562,79.0,0.0,43.0,503.0,343.0,210.0,23.0,vulnerable
multiple_runs_largerun_db_highthreat_20260410_030216.csv,multiple_runs_largerun_db_highthreat_20260410_030216.csv,228,1128.0,21.01063829787234,84.0,0.0,10.0,379.0,386.0,237.0,32.0,vulnerable
multiple_runs_largerun_db_highthreat_20260410_030216.csv,multiple_runs_largerun_db_highthreat_20260410_030216.csv,229,950.0,25.894736842105264,39.0,0.0,0.0,228.0,397.0,246.0,40.0,vulnerable
multiple_runs_largerun_db_highthreat_20260410_030216.csv,multiple_runs_largerun_db_highthreat_20260410_030216.csv,230,1000.0,23.5,62.0,0.0,19.0,280.0,367.0,235.0,37.0,vulnerable
multiple_runs_largerun_db_highthreat_20260410_030216.csv,multiple_runs_largerun_db_highthreat_20260410_030216.csv,231,1398.0,19.38483547925608,44.0,0.0,2.0,664.0,392.0,271.0,25.0,vulnerable
multiple_runs_largerun_db_highthreat_20260410_030216.csv,multiple_runs_largerun_db_highthreat_20260410_030216.csv,232,987.0,1.1144883485309016,314.0,0.0,305.0,206.0,104.0,11.0,47.0,resilient
multiple_runs_largerun_db_highthreat_20260410_030216.csv,multiple_runs_largerun_db_highthreat_20260410_030216.csv,233,965.0,26.01036269430052,48.0,0.0,0.0,217.0,412.0,251.0,37.0,vulnerable
multiple_runs_largerun_db_highthreat_20260410_030216.csv,multiple_runs_largerun_db_highthreat_20260410_030216.csv,234,1207.0,8.947804473902236,173.0,0.0,131.0,466.0,286.0,108.0,43.0,vulnerable
multiple_runs_largerun_db_highthreat_20260410_030216.csv,multiple_runs_largerun_db_highthreat_20260410_030216.csv,235,1086.0,8.83977900552486,187.0,0.0,174.0,379.0,213.0,96.0,37.0,vulnerable
multiple_runs_largerun_db_highthreat_20260410_030216.csv,multiple_runs_largerun_db_highthreat_20260410_030216.csv,236,1162.0,13.511187607573149,140.0,0.0,119.0,450.0,266.0,157.0,30.0,vulnerable
multiple_runs_largerun_db_highthreat_20260410_030216.csv,multiple_runs_largerun_db_highthreat_20260410_030216.csv,237,1169.0,4.362703165098375,204.0,0.0,180.0,448.0,246.0,51.0,40.0,vulnerable
multiple_runs_largerun_db_highthreat_20260410_030216.csv,multiple_runs_largerun_db_highthreat_20260410_030216.csv,238,938.0,0.0,316.0,0.0,325.0,199.0,67.0,0.0,31.0,resilient
multiple_runs_largerun_db_highthreat_20260410_030216.csv,multiple_runs_largerun_db_highthreat_20260410_030216.csv,239,991.0,25.630676084762865,50.0,0.0,3.0,274.0,386.0,254.0,24.0,vulnerable
multiple_runs_largerun_db_highthreat_20260410_030216.csv,multiple_runs_largerun_db_highthreat_20260410_030216.csv,240,928.0,29.094827586206897,42.0,0.0,7.0,207.0,376.0,270.0,26.0,vulnerable
multiple_runs_largerun_db_highthreat_20260410_030216.csv,multiple_runs_largerun_db_highthreat_20260410_030216.csv,241,956.0,0.0,366.0,0.0,299.0,222.0,52.0,0.0,17.0,resilient
multiple_runs_largerun_db_highthreat_20260410_030216.csv,multiple_runs_largerun_db_highthreat_20260410_030216.csv,242,1105.0,20.18099547511312,59.0,0.0,22.0,378.0,395.0,223.0,28.0,vulnerable
multiple_runs_largerun_db_highthreat_20260410_030216.csv,multiple_runs_largerun_db_highthreat_20260410_030216.csv,243,1272.0,13.364779874213836,75.0,0.0,91.0,565.0,335.0,170.0,36.0,vulnerable
multiple_runs_largerun_db_highthreat_20260410_030216.csv,multiple_runs_largerun_db_highthreat_20260410_030216.csv,244,1191.0,9.151973131821999,184.0,0.0,147.0,462.0,261.0,109.0,28.0,vulnerable
multiple_runs_largerun_db_highthreat_20260410_030216.csv,multiple_runs_largerun_db_highthreat_20260410_030216.csv,245,944.0,0.6355932203389831,300.0,0.0,380.0,213.0,17.0,6.0,28.0,resilient
multiple_runs_largerun_db_highthreat_20260410_030216.csv,multiple_runs_largerun_db_highthreat_20260410_030216.csv,246,1000.0,25.5,59.0,0.0,0.0,267.0,398.0,255.0,21.0,vulnerable
multiple_runs_largerun_db_highthreat_20260410_030216.csv,multiple_runs_largerun_db_highthreat_20260410_030216.csv,247,941.0,27.630180658873538,46.0,0.0,2.0,211.0,394.0,260.0,28.0,vulnerable
multiple_runs_largerun_db_highthreat_20260410_030216.csv,multiple_runs_largerun_db_highthreat_20260410_030216.csv,248,942.0,22.823779193205944,38.0,0.0,24.0,240.0,369.0,215.0,56.0,vulnerable
multiple_runs_largerun_db_highthreat_20260410_030216.csv,multiple_runs_largerun_db_highthreat_20260410_030216.csv,249,908.0,0.0,297.0,0.0,356.0,195.0,19.0,0.0,41.0,resilient
multiple_runs_largerun_db_highthreat_20260410_030216.csv,multiple_runs_largerun_db_highthreat_20260410_030216.csv,250,997.0,28.184553660982946,54.0,0.0,0.0,246.0,389.0,281.0,27.0,vulnerable
multiple_runs_largerun_db_highthreat_20260410_030216.csv,multiple_runs_largerun_db_highthreat_20260410_030216.csv,251,1023.0,0.39100684261974583,298.0,0.0,333.0,290.0,63.0,4.0,35.0,resilient
multiple_runs_largerun_db_highthreat_20260410_030216.csv,multiple_runs_largerun_db_highthreat_20260410_030216.csv,252,948.0,25.0,35.0,0.0,1.0,230.0,407.0,237.0,38.0,vulnerable
multiple_runs_largerun_db_highthreat_20260410_030216.csv,multiple_runs_largerun_db_highthreat_20260410_030216.csv,253,1227.0,15.810920945395274,103.0,0.0,46.0,493.0,355.0,194.0,36.0,vulnerable
multiple_runs_largerun_db_highthreat_20260410_030216.csv,multiple_runs_largerun_db_highthreat_20260410_030216.csv,254,1305.0,16.628352490421456,63.0,0.0,44.0,591.0,363.0,217.0,27.0,vulnerable
multiple_runs_largerun_db_highthreat_20260410_030216.csv,multiple_runs_largerun_db_highthreat_20260410_030216.csv,255,1208.0,12.168874172185431,157.0,0.0,159.0,468.0,242.0,147.0,35.0,vulnerable
multiple_runs_largerun_db_highthreat_20260410_030216.csv,multiple_runs_largerun_db_highthreat_20260410_030216.csv,256,1242.0,17.55233494363929,50.0,0.0,15.0,515.0,414.0,218.0,30.0,vulnerable
multiple_runs_largerun_db_highthreat_20260410_030216.csv,multiple_runs_largerun_db_highthreat_20260410_030216.csv,257,1022.0,0.0,267.0,0.0,308.0,325.0,90.0,0.0,32.0,resilient
multiple_runs_largerun_db_highthreat_20260410_030216.csv,multiple_runs_largerun_db_highthreat_20260410_030216.csv,258,1004.0,24.701195219123505,54.0,0.0,69.0,253.0,345.0,248.0,35.0,vulnerable
multiple_runs_largerun_db_highthreat_20260410_030216.csv,multiple_runs_largerun_db_highthreat_20260410_030216.csv,259,1043.0,24.544582933844676,47.0,0.0,2.0,313.0,395.0,256.0,30.0,vulnerable
multiple_runs_largerun_db_highthreat_20260410_030216.csv,multiple_runs_largerun_db_highthreat_20260410_030216.csv,260,1054.0,9.582542694497153,152.0,0.0,325.0,362.0,75.0,101.0,39.0,vulnerable
multiple_runs_largerun_db_highthreat_20260410_030216.csv,multiple_runs_largerun_db_highthreat_20260410_030216.csv,261,963.0,26.687435098650052,43.0,0.0,16.0,205.0,418.0,257.0,24.0,vulnerable
multiple_runs_largerun_db_highthreat_20260410_030216.csv,multiple_runs_largerun_db_highthreat_20260410_030216.csv,262,938.0,0.21321961620469082,290.0,0.0,338.0,231.0,48.0,2.0,29.0,resilient
multiple_runs_largerun_db_highthreat_20260410_030216.csv,multiple_runs_largerun_db_highthreat_20260410_030216.csv,263,1119.0,7.864164432529044,178.0,0.0,149.0,409.0,258.0,88.0,37.0,vulnerable
multiple_runs_largerun_db_highthreat_20260410_030216.csv,multiple_runs_largerun_db_highthreat_20260410_030216.csv,264,1119.0,12.600536193029491,120.0,0.0,105.0,416.0,311.0,141.0,26.0,vulnerable
multiple_runs_largerun_db_highthreat_20260410_030216.csv,multiple_runs_largerun_db_highthreat_20260410_030216.csv,265,947.0,28.299894403379096,36.0,0.0,0.0,199.0,407.0,268.0,37.0,vulnerable
multiple_runs_largerun_db_highthreat_20260410_030216.csv,multiple_runs_largerun_db_highthreat_20260410_030216.csv,266,1317.0,12.37661351556568,134.0,0.0,114.0,583.0,297.0,163.0,26.0,vulnerable
multiple_runs_largerun_db_highthreat_20260410_030216.csv,multiple_runs_largerun_db_highthreat_20260410_030216.csv,267,1237.0,17.54244139046079,80.0,0.0,57.0,530.0,321.0,217.0,32.0,vulnerable
multiple_runs_largerun_db_highthreat_20260410_030216.csv,multiple_runs_largerun_db_highthreat_20260410_030216.csv,268,926.0,0.4319654427645789,310.0,0.0,328.0,183.0,70.0,4.0,31.0,resilient
multiple_runs_largerun_db_highthreat_20260410_030216.csv,multiple_runs_largerun_db_highthreat_20260410_030216.csv,269,944.0,0.0,307.0,0.0,393.0,215.0,2.0,0.0,27.0,resilient
multiple_runs_largerun_db_highthreat_20260410_030216.csv,multiple_runs_largerun_db_highthreat_20260410_030216.csv,270,1305.0,19.923371647509576,34.0,0.0,6.0,592.0,384.0,260.0,29.0,vulnerable
multiple_runs_largerun_db_highthreat_20260410_030216.csv,multiple_runs_largerun_db_highthreat_20260410_030216.csv,271,1023.0,1.0752688172043012,317.0,0.0,383.0,250.0,37.0,11.0,25.0,resilient
multiple_runs_largerun_db_highthreat_20260410_030216.csv,multiple_runs_largerun_db_highthreat_20260410_030216.csv,272,751.0,25.166444740346204,41.0,0.0,298.0,91.0,102.0,189.0,30.0,vulnerable
multiple_runs_largerun_db_highthreat_20260410_030216.csv,multiple_runs_largerun_db_highthreat_20260410_030216.csv,273,1168.0,10.95890410958904,163.0,0.0,119.0,444.0,280.0,128.0,34.0,vulnerable
multiple_runs_largerun_db_highthreat_20260410_030216.csv,multiple_runs_largerun_db_highthreat_20260410_030216.csv,274,1248.0,12.740384615384615,157.0,0.0,183.0,500.0,212.0,159.0,37.0,vulnerable
multiple_runs_largerun_db_highthreat_20260410_030216.csv,multiple_runs_largerun_db_highthreat_20260410_030216.csv,275,942.0,24.309978768577494,46.0,0.0,7.0,238.0,393.0,229.0,29.0,vulnerable
multiple_runs_largerun_db_highthreat_20260410_030216.csv,multiple_runs_largerun_db_highthreat_20260410_030216.csv,276,989.0,0.0,304.0,0.0,315.0,268.0,63.0,0.0,39.0,resilient
multiple_runs_largerun_db_highthreat_20260410_030216.csv,multiple_runs_largerun_db_highthreat_20260410_030216.csv,277,1384.0,18.28034682080925,40.0,0.0,3.0,650.0,402.0,253.0,36.0,vulnerable
multiple_runs_largerun_db_highthreat_20260410_030216.csv,multiple_runs_largerun_db_highthreat_20260410_030216.csv,278,946.0,0.21141649048625794,320.0,0.0,352.0,228.0,2.0,2.0,42.0,resilient
multiple_runs_largerun_db_highthreat_20260410_030216.csv,multiple_runs_largerun_db_highthreat_20260410_030216.csv,279,1167.0,18.42330762639246,65.0,0.0,63.0,462.0,322.0,215.0,40.0,vulnerable
multiple_runs_largerun_db_highthreat_20260410_030216.csv,multiple_runs_largerun_db_highthreat_20260410_030216.csv,280,1300.0,20.76923076923077,31.0,0.0,6.0,572.0,391.0,270.0,30.0,vulnerable
multiple_runs_largerun_db_highthreat_20260410_030216.csv,multiple_runs_largerun_db_highthreat_20260410_030216.csv,281,1136.0,8.714788732394366,204.0,0.0,190.0,399.0,206.0,99.0,38.0,vulnerable
multiple_runs_largerun_db_highthreat_20260410_030216.csv,multiple_runs_largerun_db_highthreat_20260410_030216.csv,282,1145.0,10.393013100436681,174.0,0.0,110.0,444.0,267.0,119.0,31.0,vulnerable
multiple_runs_largerun_db_highthreat_20260410_030216.csv,multiple_runs_largerun_db_highthreat_20260410_030216.csv,283,1256.0,21.656050955414013,36.0,0.0,49.0,539.0,334.0,272.0,26.0,vulnerable
multiple_runs_largerun_db_highthreat_20260410_030216.csv,multiple_runs_largerun_db_highthreat_20260410_030216.csv,284,1030.0,21.650485436893206,68.0,0.0,0.0,304.0,401.0,223.0,34.0,vulnerable
multiple_runs_largerun_db_highthreat_20260410_030216.csv,multiple_runs_largerun_db_highthreat_20260410_030216.csv,285,998.0,0.1002004008016032,315.0,0.0,397.0,239.0,12.0,1.0,34.0,resilient
multiple_runs_largerun_db_highthreat_20260410_030216.csv,multiple_runs_largerun_db_highthreat_20260410_030216.csv,286,1425.0,21.12280701754386,27.0,0.0,0.0,692.0,378.0,301.0,27.0,vulnerable
multiple_runs_largerun_db_highthreat_20260410_030216.csv,multiple_runs_largerun_db_highthreat_20260410_030216.csv,287,1169.0,12.403763900769889,145.0,0.0,120.0,463.0,252.0,145.0,44.0,vulnerable
multiple_runs_largerun_db_highthreat_20260410_030216.csv,multiple_runs_largerun_db_highthreat_20260410_030216.csv,288,1148.0,19.51219512195122,76.0,0.0,21.0,436.0,373.0,224.0,18.0,vulnerable
multiple_runs_largerun_db_highthreat_20260410_030216.csv,multiple_runs_largerun_db_highthreat_20260410_030216.csv,289,942.0,25.159235668789808,46.0,0.0,0.0,220.0,409.0,237.0,30.0,vulnerable
multiple_runs_largerun_db_highthreat_20260410_030216.csv,multiple_runs_largerun_db_highthreat_20260410_030216.csv,290,1233.0,21.49229521492295,56.0,0.0,10.0,530.0,350.0,265.0,22.0,vulnerable
multiple_runs_largerun_db_highthreat_20260410_030216.csv,multiple_runs_largerun_db_highthreat_20260410_030216.csv,291,1383.0,20.17353579175705,60.0,0.0,10.0,636.0,373.0,279.0,25.0,vulnerable
multiple_runs_largerun_db_highthreat_20260410_030216.csv,multiple_runs_largerun_db_highthreat_20260410_030216.csv,292,897.0,34.33667781493868,32.0,0.0,0.0,184.0,352.0,308.0,21.0,vulnerable
multiple_runs_largerun_db_highthreat_20260410_030216.csv,multiple_runs_largerun_db_highthreat_20260410_030216.csv,293,958.0,23.173277661795407,67.0,0.0,14.0,249.0,386.0,222.0,20.0,vulnerable
multiple_runs_largerun_db_highthreat_20260410_030216.csv,multiple_runs_largerun_db_highthreat_20260410_030216.csv,294,1398.0,19.027181688125893,62.0,0.0,13.0,624.0,397.0,266.0,36.0,vulnerable
multiple_runs_largerun_db_highthreat_20260410_030216.csv,multiple_runs_largerun_db_highthreat_20260410_030216.csv,295,1274.0,15.463108320251179,68.0,0.0,56.0,566.0,353.0,197.0,34.0,vulnerable
multiple_runs_largerun_db_highthreat_20260410_030216.csv,multiple_runs_largerun_db_highthreat_20260410_030216.csv,296,1234.0,18.47649918962723,72.0,0.0,79.0,502.0,322.0,228.0,31.0,vulnerable
multiple_runs_largerun_db_highthreat_20260410_030216.csv,multiple_runs_largerun_db_highthreat_20260410_030216.csv,297,1033.0,20.232333010648595,59.0,0.0,1.0,320.0,418.0,209.0,26.0,vulnerable
multiple_runs_largerun_db_highthreat_20260410_030216.csv,multiple_runs_largerun_db_highthreat_20260410_030216.csv,298,1264.0,17.64240506329114,76.0,0.0,63.0,517.0,352.0,223.0,33.0,vulnerable
multiple_runs_largerun_db_highthreat_20260410_030216.csv,multiple_runs_largerun_db_highthreat_20260410_030216.csv,299,1061.0,0.0,315.0,0.0,292.0,327.0,90.0,0.0,37.0,resilient
multiple_runs_largerun_db_highthreat_20260410_030216.csv,multiple_runs_largerun_db_highthreat_20260410_030216.csv,300,916.0,27.510917030567683,44.0,0.0,18.0,179.0,387.0,252.0,36.0,vulnerable
multiple_runs_largerun_db_highthreat_20260410_030216.csv,multiple_runs_largerun_db_highthreat_20260410_030216.csv,301,1251.0,15.587529976019185,93.0,0.0,44.0,535.0,358.0,195.0,26.0,vulnerable
multiple_runs_largerun_db_highthreat_20260410_030216.csv,multiple_runs_largerun_db_highthreat_20260410_030216.csv,302,1058.0,11.436672967863894,169.0,0.0,188.0,340.0,200.0,121.0,40.0,vulnerable
multiple_runs_largerun_db_highthreat_20260410_030216.csv,multiple_runs_largerun_db_highthreat_20260410_030216.csv,303,875.0,1.3714285714285714,297.0,0.0,386.0,139.0,6.0,12.0,35.0,resilient
multiple_runs_largerun_db_highthreat_20260410_030216.csv,multiple_runs_largerun_db_highthreat_20260410_030216.csv,304,957.0,0.0,287.0,0.0,362.0,235.0,35.0,0.0,38.0,resilient
multiple_runs_largerun_db_highthreat_20260410_030216.csv,multiple_runs_largerun_db_highthreat_20260410_030216.csv,305,1163.0,9.716251074806536,172.0,0.0,159.0,428.0,253.0,113.0,38.0,vulnerable
multiple_runs_largerun_db_highthreat_20260410_030216.csv,multiple_runs_largerun_db_highthreat_20260410_030216.csv,306,1365.0,21.39194139194139,41.0,0.0,19.0,601.0,383.0,292.0,29.0,vulnerable
multiple_runs_largerun_db_highthreat_20260410_030216.csv,multiple_runs_largerun_db_highthreat_20260410_030216.csv,307,1178.0,11.37521222410866,154.0,0.0,40.0,473.0,353.0,134.0,24.0,vulnerable
multiple_runs_largerun_db_highthreat_20260410_030216.csv,multiple_runs_largerun_db_highthreat_20260410_030216.csv,308,934.0,1.7130620985010707,280.0,0.0,348.0,224.0,27.0,16.0,39.0,resilient
multiple_runs_largerun_db_highthreat_20260410_030216.csv,multiple_runs_largerun_db_highthreat_20260410_030216.csv,309,1103.0,21.12420670897552,43.0,0.0,3.0,412.0,385.0,233.0,27.0,vulnerable
multiple_runs_largerun_db_highthreat_20260410_030216.csv,multiple_runs_largerun_db_highthreat_20260410_030216.csv,310,1024.0,0.48828125,307.0,0.0,316.0,265.0,103.0,5.0,28.0,resilient
multiple_runs_largerun_db_highthreat_20260410_030216.csv,multiple_runs_largerun_db_highthreat_20260410_030216.csv,311,993.0,0.2014098690835851,345.0,0.0,380.0,229.0,0.0,2.0,37.0,resilient
multiple_runs_largerun_db_highthreat_20260410_030216.csv,multiple_runs_largerun_db_highthreat_20260410_030216.csv,312,967.0,0.0,293.0,0.0,311.0,262.0,63.0,0.0,38.0,resilient
multiple_runs_largerun_db_highthreat_20260410_030216.csv,multiple_runs_largerun_db_highthreat_20260410_030216.csv,313,1014.0,0.0,299.0,0.0,327.0,298.0,59.0,0.0,31.0,resilient
multiple_runs_largerun_db_highthreat_20260410_030216.csv,multiple_runs_largerun_db_highthreat_20260410_030216.csv,314,952.0,24.89495798319328,42.0,0.0,3.0,233.0,411.0,237.0,26.0,vulnerable
multiple_runs_largerun_db_highthreat_20260410_030216.csv,multiple_runs_largerun_db_highthreat_20260410_030216.csv,315,965.0,26.01036269430052,46.0,0.0,16.0,231.0,393.0,251.0,28.0,vulnerable
multiple_runs_largerun_db_highthreat_20260410_030216.csv,multiple_runs_largerun_db_highthreat_20260410_030216.csv,316,914.0,1.8599562363238513,275.0,0.0,317.0,195.0,73.0,17.0,37.0,resilient
multiple_runs_largerun_db_highthreat_20260410_030216.csv,multiple_runs_largerun_db_highthreat_20260410_030216.csv,317,1259.0,13.18506751389992,128.0,0.0,63.0,552.0,321.0,166.0,29.0,vulnerable
multiple_runs_largerun_db_highthreat_20260410_030216.csv,multiple_runs_largerun_db_highthreat_20260410_030216.csv,318,1009.0,0.39643211100099107,309.0,0.0,379.0,253.0,32.0,4.0,32.0,resilient
multiple_runs_largerun_db_highthreat_20260410_030216.csv,multiple_runs_largerun_db_highthreat_20260410_030216.csv,319,904.0,1.3274336283185841,297.0,0.0,302.0,173.0,93.0,12.0,27.0,resilient
multiple_runs_largerun_db_highthreat_20260410_030216.csv,multiple_runs_largerun_db_highthreat_20260410_030216.csv,320,1029.0,23.9067055393586,63.0,0.0,7.0,303.0,388.0,246.0,22.0,vulnerable
multiple_runs_largerun_db_highthreat_20260410_030216.csv,multiple_runs_largerun_db_highthreat_20260410_030216.csv,321,905.0,0.0,312.0,0.0,374.0,177.0,11.0,0.0,31.0,resilient
multiple_runs_largerun_db_highthreat_20260410_030216.csv,multiple_runs_largerun_db_highthreat_20260410_030216.csv,322,900.0,0.7777777777777778,311.0,0.0,338.0,174.0,32.0,7.0,38.0,resilient
multiple_runs_largerun_db_highthreat_20260410_030216.csv,multiple_runs_largerun_db_highthreat_20260410_030216.csv,323,998.0,0.0,299.0,0.0,396.0,227.0,45.0,0.0,31.0,resilient
multiple_runs_largerun_db_highthreat_20260410_030216.csv,multiple_runs_largerun_db_highthreat_20260410_030216.csv,324,933.0,19.614147909967848,88.0,0.0,0.0,253.0,373.0,183.0,36.0,vulnerable
multiple_runs_largerun_db_highthreat_20260410_030216.csv,multiple_runs_largerun_db_highthreat_20260410_030216.csv,325,1193.0,21.374685666387258,32.0,0.0,46.0,467.0,355.0,255.0,38.0,vulnerable
multiple_runs_largerun_db_highthreat_20260410_030216.csv,multiple_runs_largerun_db_highthreat_20260410_030216.csv,326,914.0,0.437636761487965,330.0,0.0,359.0,157.0,30.0,4.0,34.0,resilient
multiple_runs_largerun_db_highthreat_20260410_030216.csv,multiple_runs_largerun_db_highthreat_20260410_030216.csv,327,1191.0,9.991603694374476,182.0,0.0,150.0,472.0,236.0,119.0,32.0,vulnerable
multiple_runs_largerun_db_highthreat_20260410_030216.csv,multiple_runs_largerun_db_highthreat_20260410_030216.csv,328,951.0,30.38906414300736,44.0,0.0,1.0,220.0,376.0,289.0,21.0,vulnerable
multiple_runs_largerun_db_highthreat_20260410_030216.csv,multiple_runs_largerun_db_highthreat_20260410_030216.csv,329,913.0,2.4096385542168677,281.0,0.0,373.0,160.0,31.0,22.0,46.0,vulnerable
multiple_runs_largerun_db_highthreat_20260410_030216.csv,multiple_runs_largerun_db_highthreat_20260410_030216.csv,330,922.0,2.711496746203905,240.0,0.0,366.0,213.0,36.0,25.0,42.0,vulnerable
multiple_runs_largerun_db_highthreat_20260410_030216.csv,multiple_runs_largerun_db_highthreat_20260410_030216.csv,331,945.0,0.4232804232804233,326.0,0.0,344.0,190.0,53.0,4.0,28.0,resilient
multiple_runs_largerun_db_highthreat_20260410_030216.csv,multiple_runs_largerun_db_highthreat_20260410_030216.csv,332,977.0,0.0,332.0,0.0,296.0,243.0,74.0,0.0,32.0,resilient
multiple_runs_largerun_db_highthreat_20260410_030216.csv,multiple_runs_largerun_db_highthreat_20260410_030216.csv,333,957.0,1.2539184952978055,336.0,0.0,360.0,184.0,23.0,12.0,42.0,resilient
multiple_runs_largerun_db_highthreat_20260410_030216.csv,multiple_runs_largerun_db_highthreat_20260410_030216.csv,334,1024.0,24.51171875,46.0,0.0,1.0,311.0,375.0,251.0,40.0,vulnerable
multiple_runs_largerun_db_highthreat_20260410_030216.csv,multiple_runs_largerun_db_highthreat_20260410_030216.csv,335,793.0,1.8915510718789406,287.0,0.0,344.0,79.0,33.0,15.0,35.0,resilient
multiple_runs_largerun_db_highthreat_20260410_030216.csv,multiple_runs_largerun_db_highthreat_20260410_030216.csv,336,1276.0,19.122257053291534,43.0,0.0,21.0,580.0,374.0,244.0,14.0,vulnerable
multiple_runs_largerun_db_highthreat_20260410_030216.csv,multiple_runs_largerun_db_highthreat_20260410_030216.csv,337,1156.0,10.640138408304498,154.0,0.0,123.0,447.0,268.0,123.0,41.0,vulnerable
multiple_runs_largerun_db_highthreat_20260410_030216.csv,multiple_runs_largerun_db_highthreat_20260410_030216.csv,338,1145.0,8.034934497816595,175.0,0.0,193.0,431.0,212.0,92.0,42.0,vulnerable
multiple_runs_largerun_db_highthreat_20260410_030216.csv,multiple_runs_largerun_db_highthreat_20260410_030216.csv,339,958.0,28.39248434237996,42.0,0.0,1.0,208.0,409.0,272.0,26.0,vulnerable
multiple_runs_largerun_db_highthreat_20260410_030216.csv,multiple_runs_largerun_db_highthreat_20260410_030216.csv,340,1146.0,15.706806282722512,115.0,0.0,22.0,410.0,383.0,180.0,36.0,vulnerable
multiple_runs_largerun_db_highthreat_20260410_030216.csv,multiple_runs_largerun_db_highthreat_20260410_030216.csv,341,992.0,22.883064516129032,55.0,0.0,14.0,245.0,413.0,227.0,38.0,vulnerable
multiple_runs_largerun_db_highthreat_20260410_030216.csv,multiple_runs_largerun_db_highthreat_20260410_030216.csv,342,1164.0,23.281786941580755,73.0,0.0,9.0,422.0,365.0,271.0,24.0,vulnerable
multiple_runs_largerun_db_highthreat_20260410_030216.csv,multiple_runs_largerun_db_highthreat_20260410_030216.csv,343,1017.0,0.2949852507374631,319.0,0.0,373.0,256.0,35.0,3.0,31.0,resilient
multiple_runs_largerun_db_highthreat_20260410_030216.csv,multiple_runs_largerun_db_highthreat_20260410_030216.csv,344,1182.0,17.174280879864636,63.0,0.0,70.0,506.0,308.0,203.0,32.0,vulnerable
multiple_runs_largerun_db_highthreat_20260410_030216.csv,multiple_runs_largerun_db_highthreat_20260410_030216.csv,345,915.0,0.1092896174863388,309.0,0.0,335.0,179.0,57.0,1.0,34.0,resilient
multiple_runs_largerun_db_highthreat_20260410_030216.csv,multiple_runs_largerun_db_highthreat_20260410_030216.csv,346,966.0,0.8281573498964804,293.0,0.0,329.0,246.0,53.0,8.0,37.0,resilient
multiple_runs_largerun_db_highthreat_20260410_030216.csv,multiple_runs_largerun_db_highthreat_20260410_030216.csv,347,1400.0,17.214285714285715,64.0,0.0,8.0,646.0,412.0,241.0,29.0,vulnerable
multiple_runs_largerun_db_highthreat_20260410_030216.csv,multiple_runs_largerun_db_highthreat_20260410_030216.csv,348,920.0,1.8478260869565217,319.0,0.0,362.0,162.0,26.0,17.0,34.0,resilient
multiple_runs_largerun_db_highthreat_20260410_030216.csv,multiple_runs_largerun_db_highthreat_20260410_030216.csv,349,1132.0,11.749116607773852,153.0,0.0,172.0,404.0,240.0,133.0,30.0,vulnerable
multiple_runs_largerun_db_highthreat_20260410_030216.csv,multiple_runs_largerun_db_highthreat_20260410_030216.csv,350,986.0,27.99188640973631,57.0,0.0,7.0,251.0,370.0,276.0,25.0,vulnerable
multiple_runs_largerun_db_highthreat_20260410_030216.csv,multiple_runs_largerun_db_highthreat_20260410_030216.csv,351,1003.0,0.0,306.0,0.0,394.0,254.0,20.0,0.0,29.0,resilient
multiple_runs_largerun_db_highthreat_20260410_030216.csv,multiple_runs_largerun_db_highthreat_20260410_030216.csv,352,950.0,0.0,294.0,0.0,385.0,232.0,9.0,0.0,30.0,resilient
multiple_runs_largerun_db_highthreat_20260410_030216.csv,multiple_runs_largerun_db_highthreat_20260410_030216.csv,353,1309.0,18.181818181818183,83.0,0.0,31.0,569.0,363.0,238.0,25.0,vulnerable
multiple_runs_largerun_db_highthreat_20260410_030216.csv,multiple_runs_largerun_db_highthreat_20260410_030216.csv,354,780.0,1.282051282051282,296.0,0.0,357.0,44.0,32.0,10.0,41.0,resilient
multiple_runs_largerun_db_highthreat_20260410_030216.csv,multiple_runs_largerun_db_highthreat_20260410_030216.csv,355,1056.0,3.2196969696969697,295.0,0.0,344.0,314.0,41.0,34.0,28.0,vulnerable
multiple_runs_largerun_db_highthreat_20260410_030216.csv,multiple_runs_largerun_db_highthreat_20260410_030216.csv,356,1199.0,15.846538782318598,115.0,0.0,115.0,456.0,284.0,190.0,39.0,vulnerable
multiple_runs_largerun_db_highthreat_20260410_030216.csv,multiple_runs_largerun_db_highthreat_20260410_030216.csv,357,1150.0,10.956521739130434,135.0,0.0,184.0,466.0,205.0,126.0,34.0,vulnerable
multiple_runs_largerun_db_highthreat_20260410_030216.csv,multiple_runs_largerun_db_highthreat_20260410_030216.csv,358,987.0,25.329280648429588,51.0,0.0,0.0,237.0,421.0,250.0,28.0,vulnerable
multiple_runs_largerun_db_highthreat_20260410_030216.csv,multiple_runs_largerun_db_highthreat_20260410_030216.csv,359,998.0,1.2024048096192386,286.0,0.0,302.0,262.0,102.0,12.0,34.0,resilient
multiple_runs_largerun_db_highthreat_20260410_030216.csv,multiple_runs_largerun_db_highthreat_20260410_030216.csv,360,1428.0,20.098039215686274,29.0,0.0,5.0,694.0,388.0,287.0,25.0,vulnerable
multiple_runs_largerun_db_highthreat_20260410_030216.csv,multiple_runs_largerun_db_highthreat_20260410_030216.csv,361,999.0,29.129129129129126,52.0,0.0,14.0,225.0,383.0,291.0,34.0,vulnerable
multiple_runs_largerun_db_highthreat_20260410_030216.csv,multiple_runs_largerun_db_highthreat_20260410_030216.csv,362,1433.0,19.469644103279833,51.0,0.0,6.0,688.0,383.0,279.0,26.0,vulnerable
multiple_runs_largerun_db_highthreat_20260410_030216.csv,multiple_runs_largerun_db_highthreat_20260410_030216.csv,363,905.0,30.386740331491712,43.0,0.0,4.0,188.0,376.0,275.0,19.0,vulnerable
multiple_runs_largerun_db_highthreat_20260410_030216.csv,multiple_runs_largerun_db_highthreat_20260410_030216.csv,364,1169.0,20.35928143712575,48.0,0.0,49.0,460.0,333.0,238.0,41.0,vulnerable
multiple_runs_largerun_db_highthreat_20260410_030216.csv,multiple_runs_largerun_db_highthreat_20260410_030216.csv,365,1206.0,23.88059701492537,32.0,0.0,12.0,449.0,388.0,288.0,37.0,vulnerable
multiple_runs_largerun_db_highthreat_20260410_030216.csv,multiple_runs_largerun_db_highthreat_20260410_030216.csv,366,937.0,0.96051227321238,301.0,0.0,409.0,196.0,1.0,9.0,21.0,resilient
multiple_runs_largerun_db_highthreat_20260410_030216.csv,multiple_runs_largerun_db_highthreat_20260410_030216.csv,367,1041.0,0.09606147934678194,316.0,0.0,379.0,287.0,19.0,1.0,39.0,resilient
multiple_runs_largerun_db_highthreat_20260410_030216.csv,multiple_runs_largerun_db_highthreat_20260410_030216.csv,368,910.0,0.32967032967032966,312.0,0.0,425.0,126.0,10.0,3.0,34.0,resilient
multiple_runs_largerun_db_highthreat_20260410_030216.csv,multiple_runs_largerun_db_highthreat_20260410_030216.csv,369,1231.0,18.44029244516653,121.0,0.0,40.0,476.0,336.0,227.0,31.0,vulnerable
multiple_runs_largerun_db_highthreat_20260410_030216.csv,multiple_runs_largerun_db_highthreat_20260410_030216.csv,370,962.0,27.85862785862786,46.0,0.0,0.0,222.0,398.0,268.0,28.0,vulnerable
multiple_runs_largerun_db_highthreat_20260410_030216.csv,multiple_runs_largerun_db_highthreat_20260410_030216.csv,371,1146.0,10.55846422338569,200.0,0.0,109.0,406.0,285.0,121.0,25.0,vulnerable
multiple_runs_largerun_db_highthreat_20260410_030216.csv,multiple_runs_largerun_db_highthreat_20260410_030216.csv,372,1085.0,24.976958525345623,45.0,0.0,4.0,365.0,368.0,271.0,32.0,vulnerable
multiple_runs_largerun_db_highthreat_20260410_030216.csv,multiple_runs_largerun_db_highthreat_20260410_030216.csv,373,863.0,2.20162224797219,304.0,0.0,375.0,102.0,21.0,19.0,42.0,vulnerable
multiple_runs_largerun_db_highthreat_20260410_030216.csv,multiple_runs_largerun_db_highthreat_20260410_030216.csv,374,1120.0,19.28571428571429,82.0,1.0,25.0,406.0,365.0,216.0,25.0,vulnerable
multiple_runs_largerun_db_highthreat_20260410_030216.csv,multiple_runs_largerun_db_highthreat_20260410_030216.csv,375,1166.0,14.665523156089193,123.0,0.0,81.0,445.0,319.0,171.0,27.0,vulnerable
multiple_runs_largerun_db_highthreat_20260410_030216.csv,multiple_runs_largerun_db_highthreat_20260410_030216.csv,376,1092.0,23.809523809523807,65.0,0.0,1.0,355.0,398.0,260.0,13.0,vulnerable
multiple_runs_largerun_db_highthreat_20260410_030216.csv,multiple_runs_largerun_db_highthreat_20260410_030216.csv,377,1035.0,26.08695652173913,44.0,0.0,14.0,320.0,355.0,270.0,32.0,vulnerable
multiple_runs_largerun_db_highthreat_20260410_030216.csv,multiple_runs_largerun_db_highthreat_20260410_030216.csv,378,911.0,31.394072447859493,26.0,0.0,12.0,195.0,364.0,286.0,28.0,vulnerable
multiple_runs_largerun_db_highthreat_20260410_030216.csv,multiple_runs_largerun_db_highthreat_20260410_030216.csv,379,961.0,26.95109261186264,50.0,0.0,3.0,251.0,374.0,259.0,24.0,vulnerable
multiple_runs_largerun_db_highthreat_20260410_030216.csv,multiple_runs_largerun_db_highthreat_20260410_030216.csv,380,972.0,24.279835390946502,52.0,0.0,7.0,281.0,374.0,236.0,22.0,vulnerable
multiple_runs_largerun_db_highthreat_20260410_030216.csv,multiple_runs_largerun_db_highthreat_20260410_030216.csv,381,751.0,0.2663115845539281,156.0,0.0,300.0,196.0,61.0,2.0,36.0,resilient
multiple_runs_largerun_db_highthreat_20260410_030216.csv,multiple_runs_largerun_db_highthreat_20260410_030216.csv,382,968.0,26.859504132231404,53.0,0.0,10.0,256.0,365.0,260.0,24.0,vulnerable
multiple_runs_largerun_db_highthreat_20260410_030216.csv,multiple_runs_largerun_db_highthreat_20260410_030216.csv,383,947.0,2.1119324181626187,258.0,0.0,377.0,208.0,46.0,20.0,38.0,vulnerable
multiple_runs_largerun_db_highthreat_20260410_030216.csv,multiple_runs_largerun_db_highthreat_20260410_030216.csv,384,977.0,23.3367451381781,59.0,0.0,16.0,260.0,388.0,228.0,26.0,vulnerable
multiple_runs_largerun_db_highthreat_20260410_030216.csv,multiple_runs_largerun_db_highthreat_20260410_030216.csv,385,945.0,25.185185185185183,41.0,0.0,11.0,238.0,387.0,238.0,30.0,vulnerable
multiple_runs_largerun_db_highthreat_20260410_030216.csv,multiple_runs_largerun_db_highthreat_20260410_030216.csv,386,914.0,28.88402625820569,37.0,1.0,10.0,196.0,376.0,264.0,30.0,vulnerable
multiple_runs_largerun_db_highthreat_20260410_030216.csv,multiple_runs_largerun_db_highthreat_20260410_030216.csv,387,1004.0,22.211155378486055,60.0,0.0,12.0,267.0,412.0,223.0,30.0,vulnerable
multiple_runs_largerun_db_highthreat_20260410_030216.csv,multiple_runs_largerun_db_highthreat_20260410_030216.csv,388,945.0,0.0,301.0,0.0,305.0,186.0,114.0,0.0,39.0,resilient
multiple_runs_largerun_db_highthreat_20260410_030216.csv,multiple_runs_largerun_db_highthreat_20260410_030216.csv,389,972.0,25.720164609053498,56.0,0.0,7.0,222.0,402.0,250.0,35.0,vulnerable
multiple_runs_largerun_db_highthreat_20260410_030216.csv,multiple_runs_largerun_db_highthreat_20260410_030216.csv,390,956.0,25.523012552301257,54.0,0.0,6.0,251.0,373.0,244.0,28.0,vulnerable
multiple_runs_largerun_db_highthreat_20260410_030216.csv,multiple_runs_largerun_db_highthreat_20260410_030216.csv,391,939.0,24.281150159744406,72.0,0.0,18.0,235.0,365.0,228.0,21.0,vulnerable
multiple_runs_largerun_db_highthreat_20260410_030216.csv,multiple_runs_largerun_db_highthreat_20260410_030216.csv,392,935.0,0.32085561497326204,314.0,0.0,368.0,211.0,12.0,3.0,27.0,resilient
multiple_runs_largerun_db_highthreat_20260410_030216.csv,multiple_runs_largerun_db_highthreat_20260410_030216.csv,393,915.0,0.0,304.0,0.0,340.0,224.0,11.0,0.0,36.0,resilient
multiple_runs_largerun_db_highthreat_20260410_030216.csv,multiple_runs_largerun_db_highthreat_20260410_030216.csv,394,948.0,1.6877637130801686,295.0,0.0,305.0,229.0,62.0,16.0,41.0,resilient
multiple_runs_largerun_db_highthreat_20260410_030216.csv,multiple_runs_largerun_db_highthreat_20260410_030216.csv,395,950.0,24.31578947368421,70.0,0.0,32.0,220.0,370.0,231.0,27.0,vulnerable
multiple_runs_largerun_db_highthreat_20260410_030216.csv,multiple_runs_largerun_db_highthreat_20260410_030216.csv,396,984.0,0.0,328.0,0.0,353.0,252.0,21.0,0.0,30.0,resilient
multiple_runs_largerun_db_highthreat_20260410_030216.csv,multiple_runs_largerun_db_highthreat_20260410_030216.csv,397,1049.0,19.82840800762631,58.0,0.0,2.0,353.0,396.0,208.0,32.0,vulnerable
multiple_runs_largerun_db_highthreat_20260410_030216.csv,multiple_runs_largerun_db_highthreat_20260410_030216.csv,398,1007.0,21.549155908639523,81.0,0.0,2.0,269.0,412.0,217.0,26.0,vulnerable
multiple_runs_largerun_db_highthreat_20260410_030216.csv,multiple_runs_largerun_db_highthreat_20260410_030216.csv,399,1207.0,16.818558409279206,66.0,0.0,60.0,510.0,335.0,203.0,33.0,vulnerable
multiple_runs_largerun_db_highthreat_20260410_030216.csv,multiple_runs_largerun_db_highthreat_20260410_030216.csv,400,1198.0,18.030050083472453,61.0,0.0,48.0,495.0,348.0,216.0,30.0,vulnerable
multiple_runs_largerun_db_highthreat_20260410_030216.csv,multiple_runs_largerun_db_highthreat_20260410_030216.csv,401,906.0,0.5518763796909493,302.0,0.0,378.0,140.0,47.0,5.0,34.0,resilient
multiple_runs_largerun_db_highthreat_20260410_030216.csv,multiple_runs_largerun_db_highthreat_20260410_030216.csv,402,1181.0,17.27349703640982,62.0,0.0,35.0,462.0,387.0,204.0,31.0,vulnerable
multiple_runs_largerun_db_highthreat_20260410_030216.csv,multiple_runs_largerun_db_highthreat_20260410_030216.csv,403,1001.0,19.480519480519483,88.0,0.0,1.0,280.0,402.0,195.0,35.0,vulnerable
multiple_runs_largerun_db_highthreat_20260410_030216.csv,multiple_runs_largerun_db_highthreat_20260410_030216.csv,404,942.0,0.6369426751592357,320.0,0.0,321.0,211.0,54.0,6.0,30.0,resilient
multiple_runs_largerun_db_highthreat_20260410_030216.csv,multiple_runs_largerun_db_highthreat_20260410_030216.csv,405,992.0,25.806451612903224,54.0,0.0,9.0,225.0,426.0,256.0,22.0,vulnerable
multiple_runs_largerun_db_highthreat_20260410_030216.csv,multiple_runs_largerun_db_highthreat_20260410_030216.csv,406,838.0,0.23866348448687352,297.0,0.0,338.0,121.0,36.0,2.0,44.0,resilient
multiple_runs_largerun_db_highthreat_20260410_030216.csv,multiple_runs_largerun_db_highthreat_20260410_030216.csv,407,1182.0,6.683587140439933,227.0,0.0,75.0,457.0,315.0,79.0,29.0,vulnerable
multiple_runs_largerun_db_highthreat_20260410_030216.csv,multiple_runs_largerun_db_highthreat_20260410_030216.csv,408,897.0,1.560758082497213,265.0,0.0,323.0,173.0,74.0,14.0,48.0,resilient
multiple_runs_largerun_db_highthreat_20260410_030216.csv,multiple_runs_largerun_db_highthreat_20260410_030216.csv,409,980.0,0.20408163265306123,286.0,0.0,292.0,260.0,107.0,2.0,33.0,resilient
multiple_runs_largerun_db_highthreat_20260410_030216.csv,multiple_runs_largerun_db_highthreat_20260410_030216.csv,410,1061.0,5.372290292177191,256.0,0.0,216.0,348.0,155.0,57.0,29.0,vulnerable
multiple_runs_largerun_db_highthreat_20260410_030216.csv,multiple_runs_largerun_db_highthreat_20260410_030216.csv,411,992.0,22.883064516129032,50.0,0.0,23.0,301.0,356.0,227.0,35.0,vulnerable
multiple_runs_largerun_db_highthreat_20260410_030216.csv,multiple_runs_largerun_db_highthreat_20260410_030216.csv,412,887.0,0.4509582863585118,319.0,0.0,380.0,113.0,22.0,4.0,49.0,resilient
multiple_runs_largerun_db_highthreat_20260410_030216.csv,multiple_runs_largerun_db_highthreat_20260410_030216.csv,413,956.0,29.707112970711297,49.0,0.0,13.0,190.0,396.0,284.0,24.0,vulnerable
multiple_runs_largerun_db_highthreat_20260410_030216.csv,multiple_runs_largerun_db_highthreat_20260410_030216.csv,414,952.0,0.9453781512605042,304.0,0.0,406.0,196.0,10.0,9.0,27.0,resilient
multiple_runs_largerun_db_highthreat_20260410_030216.csv,multiple_runs_largerun_db_highthreat_20260410_030216.csv,415,920.0,33.58695652173913,34.0,0.0,5.0,146.0,394.0,309.0,32.0,vulnerable
multiple_runs_largerun_db_highthreat_20260410_030216.csv,multiple_runs_largerun_db_highthreat_20260410_030216.csv,416,991.0,25.630676084762865,37.0,0.0,0.0,268.0,404.0,254.0,28.0,vulnerable
multiple_runs_largerun_db_highthreat_20260410_030216.csv,multiple_runs_largerun_db_highthreat_20260410_030216.csv,417,1040.0,0.2884615384615385,339.0,0.0,344.0,280.0,52.0,3.0,22.0,resilient
multiple_runs_largerun_db_highthreat_20260410_030216.csv,multiple_runs_largerun_db_highthreat_20260410_030216.csv,418,938.0,0.0,302.0,0.0,360.0,214.0,21.0,0.0,41.0,resilient
multiple_runs_largerun_db_highthreat_20260410_030216.csv,multiple_runs_largerun_db_highthreat_20260410_030216.csv,419,1404.0,20.085470085470085,46.0,0.0,13.0,672.0,363.0,282.0,28.0,vulnerable
multiple_runs_largerun_db_highthreat_20260410_030216.csv,multiple_runs_largerun_db_highthreat_20260410_030216.csv,420,969.0,23.01341589267286,48.0,0.0,10.0,275.0,381.0,223.0,32.0,vulnerable
multiple_runs_largerun_db_highthreat_20260410_030216.csv,multiple_runs_largerun_db_highthreat_20260410_030216.csv,421,1225.0,11.918367346938776,107.0,0.0,79.0,531.0,330.0,146.0,32.0,vulnerable
multiple_runs_largerun_db_highthreat_20260410_030216.csv,multiple_runs_largerun_db_highthreat_20260410_030216.csv,422,1289.0,11.171450737005431,138.0,0.0,41.0,567.0,367.0,144.0,32.0,vulnerable
multiple_runs_largerun_db_highthreat_20260410_030216.csv,multiple_runs_largerun_db_highthreat_20260410_030216.csv,423,1048.0,0.0,285.0,0.0,354.0,345.0,30.0,0.0,34.0,resilient
multiple_runs_largerun_db_highthreat_20260410_030216.csv,multiple_runs_largerun_db_highthreat_20260410_030216.csv,424,1213.0,20.280296784831,72.0,0.0,52.0,478.0,339.0,246.0,26.0,vulnerable
multiple_runs_largerun_db_highthreat_20260410_030216.csv,multiple_runs_largerun_db_highthreat_20260410_030216.csv,425,947.0,22.1752903907075,67.0,0.0,19.0,260.0,365.0,210.0,26.0,vulnerable
multiple_runs_largerun_db_highthreat_20260410_030216.csv,multiple_runs_largerun_db_highthreat_20260410_030216.csv,426,1047.0,20.821394460362942,73.0,0.0,10.0,322.0,397.0,218.0,27.0,vulnerable
multiple_runs_largerun_db_highthreat_20260410_030216.csv,multiple_runs_largerun_db_highthreat_20260410_030216.csv,427,1188.0,21.632996632996633,48.0,0.0,7.0,473.0,375.0,257.0,28.0,vulnerable
multiple_runs_largerun_db_highthreat_20260410_030216.csv,multiple_runs_largerun_db_highthreat_20260410_030216.csv,428,1036.0,25.386100386100384,36.0,0.0,1.0,289.0,417.0,263.0,30.0,vulnerable
multiple_runs_largerun_db_highthreat_20260410_030216.csv,multiple_runs_largerun_db_highthreat_20260410_030216.csv,429,1227.0,10.839445802770985,143.0,0.0,113.0,508.0,294.0,133.0,36.0,vulnerable
multiple_runs_largerun_db_highthreat_20260410_030216.csv,multiple_runs_largerun_db_highthreat_20260410_030216.csv,430,1013.0,23.692003948667324,56.0,0.0,12.0,297.0,378.0,240.0,30.0,vulnerable
multiple_runs_largerun_db_highthreat_20260410_030216.csv,multiple_runs_largerun_db_highthreat_20260410_030216.csv,431,1343.0,16.381236038719287,49.0,0.0,29.0,640.0,380.0,220.0,25.0,vulnerable
multiple_runs_largerun_db_highthreat_20260410_030216.csv,multiple_runs_largerun_db_highthreat_20260410_030216.csv,432,1174.0,22.23168654173765,49.0,0.0,10.0,429.0,395.0,261.0,30.0,vulnerable
multiple_runs_largerun_db_highthreat_20260410_030216.csv,multiple_runs_largerun_db_highthreat_20260410_030216.csv,433,939.0,27.582534611288605,53.0,0.0,0.0,215.0,382.0,259.0,30.0,vulnerable
multiple_runs_largerun_db_highthreat_20260410_030216.csv,multiple_runs_largerun_db_highthreat_20260410_030216.csv,434,1047.0,23.20916905444126,36.0,0.0,4.0,314.0,417.0,243.0,33.0,vulnerable
multiple_runs_largerun_db_highthreat_20260410_030216.csv,multiple_runs_largerun_db_highthreat_20260410_030216.csv,435,1224.0,13.153594771241831,126.0,0.0,90.0,489.0,320.0,161.0,38.0,vulnerable
multiple_runs_largerun_db_highthreat_20260410_030216.csv,multiple_runs_largerun_db_highthreat_20260410_030216.csv,436,925.0,1.8378378378378377,289.0,0.0,311.0,194.0,82.0,17.0,32.0,resilient
multiple_runs_largerun_db_highthreat_20260410_030216.csv,multiple_runs_largerun_db_highthreat_20260410_030216.csv,437,1304.0,19.78527607361963,46.0,0.0,103.0,574.0,291.0,258.0,32.0,vulnerable
multiple_runs_largerun_db_highthreat_20260410_030216.csv,multiple_runs_largerun_db_highthreat_20260410_030216.csv,438,1140.0,12.105263157894736,133.0,0.0,67.0,456.0,314.0,138.0,32.0,vulnerable
multiple_runs_largerun_db_highthreat_20260410_030216.csv,multiple_runs_largerun_db_highthreat_20260410_030216.csv,439,924.0,16.99134199134199,150.0,0.0,317.0,176.0,99.0,157.0,25.0,vulnerable
multiple_runs_largerun_db_highthreat_20260410_030216.csv,multiple_runs_largerun_db_highthreat_20260410_030216.csv,440,1116.0,18.817204301075268,55.0,0.0,0.0,388.0,434.0,210.0,29.0,vulnerable
multiple_runs_largerun_db_highthreat_20260410_030216.csv,multiple_runs_largerun_db_highthreat_20260410_030216.csv,441,1007.0,25.02482621648461,44.0,0.0,0.0,279.0,401.0,252.0,31.0,vulnerable
multiple_runs_largerun_db_highthreat_20260410_030216.csv,multiple_runs_largerun_db_highthreat_20260410_030216.csv,442,1199.0,20.18348623853211,50.0,0.0,5.0,480.0,403.0,242.0,19.0,vulnerable
multiple_runs_largerun_db_highthreat_20260410_030216.csv,multiple_runs_largerun_db_highthreat_20260410_030216.csv,443,980.0,27.040816326530614,49.0,0.0,9.0,231.0,405.0,265.0,21.0,vulnerable
multiple_runs_largerun_db_highthreat_20260410_030216.csv,multiple_runs_largerun_db_highthreat_20260410_030216.csv,444,957.0,0.0,306.0,0.0,284.0,240.0,98.0,0.0,29.0,resilient
multiple_runs_largerun_db_highthreat_20260410_030216.csv,multiple_runs_largerun_db_highthreat_20260410_030216.csv,445,1141.0,22.699386503067483,28.0,0.0,26.0,397.0,390.0,259.0,41.0,vulnerable
multiple_runs_largerun_db_highthreat_20260410_030216.csv,multiple_runs_largerun_db_highthreat_20260410_030216.csv,446,925.0,30.054054054054053,43.0,0.0,0.0,197.0,390.0,278.0,17.0,vulnerable
multiple_runs_largerun_db_highthreat_20260410_030216.csv,multiple_runs_largerun_db_highthreat_20260410_030216.csv,447,927.0,24.59546925566343,57.0,0.0,7.0,216.0,390.0,228.0,29.0,vulnerable
multiple_runs_largerun_db_highthreat_20260410_030216.csv,multiple_runs_largerun_db_highthreat_20260410_030216.csv,448,996.0,20.080321285140563,71.0,0.0,2.0,336.0,360.0,200.0,27.0,vulnerable
multiple_runs_largerun_db_highthreat_20260410_030216.csv,multiple_runs_largerun_db_highthreat_20260410_030216.csv,449,1074.0,24.39478584729981,63.0,0.0,20.0,344.0,363.0,262.0,22.0,vulnerable
multiple_runs_largerun_db_highthreat_20260410_030216.csv,multiple_runs_largerun_db_highthreat_20260410_030216.csv,450,1128.0,8.77659574468085,200.0,0.0,236.0,404.0,164.0,99.0,25.0,vulnerable
multiple_runs_largerun_db_highthreat_20260410_030216.csv,multiple_runs_largerun_db_highthreat_20260410_030216.csv,451,984.0,25.0,39.0,0.0,35.0,286.0,351.0,246.0,27.0,vulnerable
multiple_runs_largerun_db_highthreat_20260410_030216.csv,multiple_runs_largerun_db_highthreat_20260410_030216.csv,452,1179.0,21.62849872773537,59.0,0.0,33.0,436.0,365.0,255.0,31.0,vulnerable
multiple_runs_largerun_db_highthreat_20260410_030216.csv,multiple_runs_largerun_db_highthreat_20260410_030216.csv,453,1150.0,20.695652173913043,57.0,0.0,17.0,425.0,389.0,238.0,24.0,vulnerable
multiple_runs_largerun_db_highthreat_20260410_030216.csv,multiple_runs_largerun_db_highthreat_20260410_030216.csv,454,799.0,4.130162703379224,187.0,0.0,390.0,134.0,20.0,33.0,35.0,vulnerable
multiple_runs_largerun_db_highthreat_20260410_030216.csv,multiple_runs_largerun_db_highthreat_20260410_030216.csv,455,965.0,0.0,280.0,0.0,335.0,224.0,93.0,0.0,33.0,resilient
multiple_runs_largerun_db_highthreat_20260410_030216.csv,multiple_runs_largerun_db_highthreat_20260410_030216.csv,456,1412.0,17.422096317280452,49.0,0.0,53.0,662.0,365.0,246.0,37.0,vulnerable
multiple_runs_largerun_db_highthreat_20260410_030216.csv,multiple_runs_largerun_db_highthreat_20260410_030216.csv,457,1114.0,13.464991023339318,142.0,0.0,52.0,433.0,307.0,150.0,30.0,vulnerable
multiple_runs_largerun_db_highthreat_20260410_030216.csv,multiple_runs_largerun_db_highthreat_20260410_030216.csv,458,924.0,0.0,334.0,0.0,376.0,158.0,14.0,0.0,42.0,resilient
multiple_runs_largerun_db_highthreat_20260410_030216.csv,multiple_runs_largerun_db_highthreat_20260410_030216.csv,459,1106.0,10.57866184448463,163.0,0.0,118.0,403.0,280.0,117.0,25.0,vulnerable
multiple_runs_largerun_db_highthreat_20260410_030216.csv,multiple_runs_largerun_db_highthreat_20260410_030216.csv,460,829.0,34.62002412545235,30.0,0.0,0.0,74.0,410.0,287.0,28.0,vulnerable
multiple_runs_largerun_db_highthreat_20260410_030216.csv,multiple_runs_largerun_db_highthreat_20260410_030216.csv,461,1075.0,22.88372093023256,61.0,0.0,1.0,325.0,425.0,246.0,17.0,vulnerable
multiple_runs_largerun_db_highthreat_20260410_030216.csv,multiple_runs_largerun_db_highthreat_20260410_030216.csv,462,969.0,27.55417956656347,39.0,0.0,3.0,229.0,388.0,267.0,43.0,vulnerable
multiple_runs_largerun_db_highthreat_20260410_030216.csv,multiple_runs_largerun_db_highthreat_20260410_030216.csv,463,777.0,4.504504504504505,203.0,0.0,382.0,117.0,4.0,35.0,36.0,vulnerable
multiple_runs_largerun_db_highthreat_20260410_030216.csv,multiple_runs_largerun_db_highthreat_20260410_030216.csv,464,1061.0,0.0,318.0,0.0,329.0,309.0,67.0,0.0,38.0,resilient
multiple_runs_largerun_db_highthreat_20260410_030216.csv,multiple_runs_largerun_db_highthreat_20260410_030216.csv,465,1328.0,20.85843373493976,53.0,0.0,2.0,596.0,376.0,277.0,24.0,vulnerable
multiple_runs_largerun_db_highthreat_20260410_030216.csv,multiple_runs_largerun_db_highthreat_20260410_030216.csv,466,984.0,25.8130081300813,67.0,0.0,2.0,244.0,388.0,254.0,29.0,vulnerable
multiple_runs_largerun_db_highthreat_20260410_030216.csv,multiple_runs_largerun_db_highthreat_20260410_030216.csv,467,1083.0,24.7460757156048,52.0,0.0,14.0,346.0,373.0,268.0,30.0,vulnerable
multiple_runs_largerun_db_highthreat_20260410_030216.csv,multiple_runs_largerun_db_highthreat_20260410_030216.csv,468,908.0,2.092511013215859,313.0,0.0,395.0,141.0,6.0,19.0,34.0,vulnerable
multiple_runs_largerun_db_highthreat_20260410_030216.csv,multiple_runs_largerun_db_highthreat_20260410_030216.csv,469,975.0,0.20512820512820512,287.0,0.0,276.0,252.0,118.0,2.0,40.0,resilient
multiple_runs_largerun_db_highthreat_20260410_030216.csv,multiple_runs_largerun_db_highthreat_20260410_030216.csv,470,1043.0,20.709491850431448,92.0,0.0,23.0,306.0,371.0,216.0,35.0,vulnerable
multiple_runs_largerun_db_highthreat_20260410_030216.csv,multiple_runs_largerun_db_highthreat_20260410_030216.csv,471,965.0,0.0,311.0,0.0,326.0,232.0,66.0,0.0,30.0,resilient
multiple_runs_largerun_db_highthreat_20260410_030216.csv,multiple_runs_largerun_db_highthreat_20260410_030216.csv,472,1221.0,21.13022113022113,56.0,0.0,3.0,491.0,376.0,258.0,37.0,vulnerable
multiple_runs_largerun_db_highthreat_20260410_030216.csv,multiple_runs_largerun_db_highthreat_20260410_030216.csv,473,1040.0,0.7692307692307693,294.0,0.0,351.0,290.0,66.0,8.0,31.0,resilient
multiple_runs_largerun_db_highthreat_20260410_030216.csv,multiple_runs_largerun_db_highthreat_20260410_030216.csv,474,973.0,0.6166495375128468,321.0,0.0,337.0,211.0,66.0,6.0,32.0,resilient
multiple_runs_largerun_db_highthreat_20260410_030216.csv,multiple_runs_largerun_db_highthreat_20260410_030216.csv,475,992.0,0.0,303.0,0.0,380.0,259.0,19.0,0.0,31.0,resilient
multiple_runs_largerun_db_highthreat_20260410_030216.csv,multiple_runs_largerun_db_highthreat_20260410_030216.csv,476,1030.0,18.25242718446602,91.0,0.0,12.0,302.0,393.0,188.0,44.0,vulnerable
multiple_runs_largerun_db_highthreat_20260410_030216.csv,multiple_runs_largerun_db_highthreat_20260410_030216.csv,477,1228.0,19.381107491856678,76.0,0.0,17.0,481.0,391.0,238.0,25.0,vulnerable
multiple_runs_largerun_db_highthreat_20260410_030216.csv,multiple_runs_largerun_db_highthreat_20260410_030216.csv,478,961.0,0.31217481789802287,313.0,0.0,381.0,209.0,24.0,3.0,31.0,resilient
multiple_runs_largerun_db_highthreat_20260410_030216.csv,multiple_runs_largerun_db_highthreat_20260410_030216.csv,479,1067.0,23.055295220243675,67.0,0.0,3.0,327.0,402.0,246.0,22.0,vulnerable
multiple_runs_largerun_db_highthreat_20260410_030216.csv,multiple_runs_largerun_db_highthreat_20260410_030216.csv,480,997.0,26.57973921765296,54.0,0.0,10.0,273.0,362.0,265.0,33.0,vulnerable
multiple_runs_largerun_db_highthreat_20260410_030216.csv,multiple_runs_largerun_db_highthreat_20260410_030216.csv,481,903.0,0.4429678848283499,304.0,0.0,326.0,137.0,93.0,4.0,39.0,resilient
multiple_runs_largerun_db_highthreat_20260410_030216.csv,multiple_runs_largerun_db_highthreat_20260410_030216.csv,482,1131.0,19.363395225464192,66.0,0.0,13.0,427.0,371.0,219.0,35.0,vulnerable
multiple_runs_largerun_db_highthreat_20260410_030216.csv,multiple_runs_largerun_db_highthreat_20260410_030216.csv,483,968.0,18.181818181818183,87.0,0.0,16.0,297.0,360.0,176.0,32.0,vulnerable
multiple_runs_largerun_db_highthreat_20260410_030216.csv,multiple_runs_largerun_db_highthreat_20260410_030216.csv,484,1381.0,19.333816075307748,32.0,0.0,0.0,644.0,411.0,267.0,27.0,vulnerable
multiple_runs_largerun_db_highthreat_20260410_030216.csv,multiple_runs_largerun_db_highthreat_20260410_030216.csv,485,993.0,0.0,293.0,0.0,308.0,289.0,61.0,0.0,42.0,resilient
multiple_runs_largerun_db_highthreat_20260410_030216.csv,multiple_runs_largerun_db_highthreat_20260410_030216.csv,486,1040.0,20.576923076923077,61.0,0.0,5.0,343.0,384.0,214.0,33.0,vulnerable
multiple_runs_largerun_db_highthreat_20260410_030216.csv,multiple_runs_largerun_db_highthreat_20260410_030216.csv,487,1201.0,20.233139050791006,49.0,0.0,27.0,500.0,348.0,243.0,34.0,vulnerable
multiple_runs_largerun_db_highthreat_20260410_030216.csv,multiple_runs_largerun_db_highthreat_20260410_030216.csv,488,1067.0,20.99343955014058,69.0,0.0,27.0,330.0,381.0,224.0,36.0,vulnerable
multiple_runs_largerun_db_highthreat_20260410_030216.csv,multiple_runs_largerun_db_highthreat_20260410_030216.csv,489,1248.0,17.78846153846154,74.0,0.0,60.0,526.0,344.0,222.0,22.0,vulnerable
multiple_runs_largerun_db_highthreat_20260410_030216.csv,multiple_runs_largerun_db_highthreat_20260410_030216.csv,490,1189.0,8.746846089150546,200.0,0.0,165.0,446.0,245.0,104.0,29.0,vulnerable
multiple_runs_largerun_db_highthreat_20260410_030216.csv,multiple_runs_largerun_db_highthreat_20260410_030216.csv,491,996.0,0.1004016064257028,275.0,0.0,344.0,264.0,79.0,1.0,33.0,resilient
multiple_runs_largerun_db_highthreat_20260410_030216.csv,multiple_runs_largerun_db_highthreat_20260410_030216.csv,492,1262.0,19.809825673534075,110.0,0.0,95.0,510.0,268.0,250.0,29.0,vulnerable
multiple_runs_largerun_db_highthreat_20260410_030216.csv,multiple_runs_largerun_db_highthreat_20260410_030216.csv,493,911.0,28.7596048298573,38.0,0.0,7.0,195.0,384.0,262.0,25.0,vulnerable
multiple_runs_largerun_db_highthreat_20260410_030216.csv,multiple_runs_largerun_db_highthreat_20260410_030216.csv,494,1020.0,26.666666666666668,44.0,0.0,0.0,267.0,408.0,272.0,29.0,vulnerable
multiple_runs_largerun_db_highthreat_20260410_030216.csv,multiple_runs_largerun_db_highthreat_20260410_030216.csv,495,1240.0,18.951612903225808,43.0,0.0,20.0,540.0,374.0,235.0,28.0,vulnerable
multiple_runs_largerun_db_highthreat_20260410_030216.csv,multiple_runs_largerun_db_highthreat_20260410_030216.csv,496,1113.0,19.766397124887693,71.0,0.0,26.0,386.0,378.0,220.0,32.0,vulnerable
multiple_runs_largerun_db_highthreat_20260410_030216.csv,multiple_runs_largerun_db_highthreat_20260410_030216.csv,497,1293.0,20.804331013147717,45.0,0.0,13.0,589.0,351.0,269.0,26.0,vulnerable
multiple_runs_largerun_db_highthreat_20260410_030216.csv,multiple_runs_largerun_db_highthreat_20260410_030216.csv,498,909.0,1.21012101210121,315.0,0.0,385.0,148.0,23.0,11.0,27.0,resilient
multiple_runs_largerun_db_highthreat_20260410_030216.csv,multiple_runs_largerun_db_highthreat_20260410_030216.csv,499,1025.0,27.414634146341466,49.0,0.0,17.0,288.0,366.0,281.0,24.0,vulnerable
multiple_runs_largerun_db_highthreat_20260410_030216.csv,multiple_runs_largerun_db_highthreat_20260410_030216.csv,500,965.0,0.8290155440414507,317.0,0.0,298.0,234.0,73.0,8.0,35.0,resilient
multiple_runs_largerun_db_highthreat_20260410_030216.csv,multiple_runs_largerun_db_highthreat_20260410_030216.csv,501,1371.0,20.933625091174328,40.0,0.0,0.0,638.0,386.0,287.0,20.0,vulnerable
multiple_runs_largerun_db_highthreat_20260410_030216.csv,multiple_runs_largerun_db_highthreat_20260410_030216.csv,502,1080.0,24.814814814814813,39.0,0.0,12.0,335.0,390.0,268.0,36.0,vulnerable
multiple_runs_largerun_db_highthreat_20260410_030216.csv,multiple_runs_largerun_db_highthreat_20260410_030216.csv,503,1077.0,2.692664809656453,245.0,0.0,238.0,384.0,151.0,29.0,30.0,vulnerable
multiple_runs_largerun_db_highthreat_20260410_030216.csv,multiple_runs_largerun_db_highthreat_20260410_030216.csv,504,935.0,29.518716577540104,39.0,0.0,0.0,203.0,394.0,276.0,23.0,vulnerable
multiple_runs_largerun_db_highthreat_20260410_030216.csv,multiple_runs_largerun_db_highthreat_20260410_030216.csv,505,1038.0,0.0,291.0,0.0,381.0,287.0,37.0,0.0,42.0,resilient
multiple_runs_largerun_db_highthreat_20260410_030216.csv,multiple_runs_largerun_db_highthreat_20260410_030216.csv,506,1131.0,6.542882404951371,183.0,0.0,94.0,449.0,296.0,74.0,35.0,vulnerable
multiple_runs_largerun_db_highthreat_20260410_030216.csv,multiple_runs_largerun_db_highthreat_20260410_030216.csv,507,925.0,0.7567567567567568,331.0,0.0,331.0,183.0,49.0,7.0,24.0,resilient
multiple_runs_largerun_db_highthreat_20260410_030216.csv,multiple_runs_largerun_db_highthreat_20260410_030216.csv,508,1176.0,21.93877551020408,53.0,0.0,0.0,423.0,402.0,258.0,40.0,vulnerable
multiple_runs_largerun_db_highthreat_20260410_030216.csv,multiple_runs_largerun_db_highthreat_20260410_030216.csv,509,1024.0,25.1953125,44.0,1.0,6.0,326.0,358.0,258.0,31.0,vulnerable
multiple_runs_largerun_db_highthreat_20260410_030216.csv,multiple_runs_largerun_db_highthreat_20260410_030216.csv,510,1141.0,23.049956178790534,64.0,0.0,0.0,406.0,378.0,263.0,30.0,vulnerable
multiple_runs_largerun_db_highthreat_20260410_030216.csv,multiple_runs_largerun_db_highthreat_20260410_030216.csv,511,1048.0,0.0,313.0,0.0,381.0,313.0,8.0,0.0,33.0,resilient
multiple_runs_largerun_db_highthreat_20260410_030216.csv,multiple_runs_largerun_db_highthreat_20260410_030216.csv,512,1299.0,18.706697459584294,70.0,0.0,41.0,556.0,367.0,243.0,22.0,vulnerable
multiple_runs_largerun_db_highthreat_20260410_030216.csv,multiple_runs_largerun_db_highthreat_20260410_030216.csv,513,977.0,0.2047082906857728,315.0,0.0,360.0,221.0,44.0,2.0,35.0,resilient
multiple_runs_largerun_db_highthreat_20260410_030216.csv,multiple_runs_largerun_db_highthreat_20260410_030216.csv,514,484.0,0.0,24.0,0.0,1.0,123.0,313.0,0.0,23.0,resilient
multiple_runs_largerun_db_highthreat_20260410_030216.csv,multiple_runs_largerun_db_highthreat_20260410_030216.csv,515,880.0,0.3409090909090909,299.0,0.0,358.0,153.0,26.0,3.0,41.0,resilient
multiple_runs_largerun_db_highthreat_20260410_030216.csv,multiple_runs_largerun_db_highthreat_20260410_030216.csv,516,920.0,2.0652173913043477,302.0,0.0,380.0,159.0,22.0,19.0,38.0,vulnerable
multiple_runs_largerun_db_highthreat_20260410_030216.csv,multiple_runs_largerun_db_highthreat_20260410_030216.csv,517,963.0,30.32191069574247,27.0,0.0,0.0,215.0,400.0,292.0,29.0,vulnerable
multiple_runs_largerun_db_highthreat_20260410_030216.csv,multiple_runs_largerun_db_highthreat_20260410_030216.csv,518,960.0,1.6666666666666667,298.0,0.0,376.0,216.0,21.0,16.0,33.0,resilient
multiple_runs_largerun_db_highthreat_20260410_030216.csv,multiple_runs_largerun_db_highthreat_20260410_030216.csv,519,1001.0,0.999000999000999,311.0,0.0,316.0,246.0,89.0,10.0,29.0,resilient
multiple_runs_largerun_db_highthreat_20260410_030216.csv,multiple_runs_largerun_db_highthreat_20260410_030216.csv,520,946.0,0.0,298.0,0.0,296.0,216.0,97.0,0.0,39.0,resilient
multiple_runs_largerun_db_highthreat_20260410_030216.csv,multiple_runs_largerun_db_highthreat_20260410_030216.csv,521,1164.0,19.41580756013746,54.0,0.0,10.0,459.0,380.0,226.0,35.0,vulnerable
multiple_runs_largerun_db_highthreat_20260410_030216.csv,multiple_runs_largerun_db_highthreat_20260410_030216.csv,522,896.0,32.142857142857146,49.0,0.0,7.0,166.0,360.0,288.0,26.0,vulnerable
multiple_runs_largerun_db_highthreat_20260410_030216.csv,multiple_runs_largerun_db_highthreat_20260410_030216.csv,523,1122.0,1.6934046345811051,246.0,0.0,223.0,422.0,186.0,19.0,26.0,resilient
multiple_runs_largerun_db_highthreat_20260410_030216.csv,multiple_runs_largerun_db_highthreat_20260410_030216.csv,524,1221.0,7.616707616707617,173.0,0.0,116.0,513.0,285.0,93.0,41.0,vulnerable
multiple_runs_largerun_db_highthreat_20260410_030216.csv,multiple_runs_largerun_db_highthreat_20260410_030216.csv,525,1007.0,23.435948361469713,71.0,0.0,6.0,271.0,398.0,236.0,25.0,vulnerable
multiple_runs_largerun_db_highthreat_20260410_030216.csv,multiple_runs_largerun_db_highthreat_20260410_030216.csv,526,954.0,24.947589098532493,48.0,0.0,1.0,226.0,407.0,238.0,34.0,vulnerable
multiple_runs_largerun_db_highthreat_20260410_030216.csv,multiple_runs_largerun_db_highthreat_20260410_030216.csv,527,1115.0,17.309417040358742,115.0,0.0,48.0,396.0,343.0,193.0,20.0,vulnerable
multiple_runs_largerun_db_highthreat_20260410_030216.csv,multiple_runs_largerun_db_highthreat_20260410_030216.csv,528,1002.0,22.85429141716567,63.0,0.0,0.0,275.0,415.0,229.0,20.0,vulnerable
multiple_runs_largerun_db_highthreat_20260410_030216.csv,multiple_runs_largerun_db_highthreat_20260410_030216.csv,529,1063.0,25.211665098777047,48.0,0.0,8.0,300.0,402.0,268.0,37.0,vulnerable
multiple_runs_largerun_db_highthreat_20260410_030216.csv,multiple_runs_largerun_db_highthreat_20260410_030216.csv,530,1243.0,14.239742558326629,106.0,0.0,91.0,536.0,304.0,177.0,29.0,vulnerable
multiple_runs_largerun_db_highthreat_20260410_030216.csv,multiple_runs_largerun_db_highthreat_20260410_030216.csv,531,917.0,2.6172300981461287,299.0,0.0,367.0,161.0,31.0,24.0,35.0,vulnerable
multiple_runs_largerun_db_highthreat_20260410_030216.csv,multiple_runs_largerun_db_highthreat_20260410_030216.csv,532,1149.0,3.2201914708442123,271.0,2.0,249.0,386.0,160.0,37.0,44.0,vulnerable
multiple_runs_largerun_db_highthreat_20260410_030216.csv,multiple_runs_largerun_db_highthreat_20260410_030216.csv,533,877.0,0.0,304.0,0.0,328.0,169.0,48.0,0.0,28.0,resilient
multiple_runs_largerun_db_highthreat_20260410_030216.csv,multiple_runs_largerun_db_highthreat_20260410_030216.csv,534,1174.0,6.047700170357751,207.0,0.0,150.0,485.0,243.0,71.0,18.0,vulnerable
multiple_runs_largerun_db_highthreat_20260410_030216.csv,multiple_runs_largerun_db_highthreat_20260410_030216.csv,535,863.0,3.0127462340672073,292.0,0.0,363.0,140.0,2.0,26.0,40.0,vulnerable
multiple_runs_largerun_db_highthreat_20260410_030216.csv,multiple_runs_largerun_db_highthreat_20260410_030216.csv,536,1257.0,20.684168655529035,41.0,0.0,6.0,526.0,399.0,260.0,25.0,vulnerable
multiple_runs_largerun_db_highthreat_20260410_030216.csv,multiple_runs_largerun_db_highthreat_20260410_030216.csv,537,926.0,0.4319654427645789,313.0,0.0,374.0,185.0,18.0,4.0,32.0,resilient
multiple_runs_largerun_db_highthreat_20260410_030216.csv,multiple_runs_largerun_db_highthreat_20260410_030216.csv,538,908.0,0.9911894273127754,307.0,0.0,340.0,154.0,54.0,9.0,44.0,resilient
multiple_runs_largerun_db_highthreat_20260410_030216.csv,multiple_runs_largerun_db_highthreat_20260410_030216.csv,539,974.0,26.488706365503077,53.0,0.0,26.0,248.0,353.0,258.0,36.0,vulnerable
multiple_runs_largerun_db_highthreat_20260410_030216.csv,multiple_runs_largerun_db_highthreat_20260410_030216.csv,540,1130.0,18.141592920353983,82.0,0.0,127.0,413.0,266.0,205.0,37.0,vulnerable
multiple_runs_largerun_db_highthreat_20260410_030216.csv,multiple_runs_largerun_db_highthreat_20260410_030216.csv,541,960.0,0.7291666666666666,287.0,0.0,380.0,221.0,31.0,7.0,34.0,resilient
multiple_runs_largerun_db_highthreat_20260410_030216.csv,multiple_runs_largerun_db_highthreat_20260410_030216.csv,542,969.0,27.657378740970074,49.0,0.0,13.0,223.0,389.0,268.0,27.0,vulnerable
multiple_runs_largerun_db_highthreat_20260410_030216.csv,multiple_runs_largerun_db_highthreat_20260410_030216.csv,543,931.0,0.10741138560687433,282.0,0.0,414.0,188.0,13.0,1.0,33.0,resilient
multiple_runs_largerun_db_highthreat_20260410_030216.csv,multiple_runs_largerun_db_highthreat_20260410_030216.csv,544,1091.0,6.966086159486709,216.0,0.0,132.0,371.0,254.0,76.0,42.0,vulnerable
multiple_runs_largerun_db_highthreat_20260410_030216.csv,multiple_runs_largerun_db_highthreat_20260410_030216.csv,545,1078.0,24.118738404452692,54.0,0.0,22.0,349.0,357.0,260.0,36.0,vulnerable
multiple_runs_largerun_db_highthreat_20260410_030216.csv,multiple_runs_largerun_db_highthreat_20260410_030216.csv,546,1017.0,0.09832841691248771,315.0,0.0,320.0,264.0,90.0,1.0,27.0,resilient
multiple_runs_largerun_db_highthreat_20260410_030216.csv,multiple_runs_largerun_db_highthreat_20260410_030216.csv,547,985.0,25.482233502538072,64.0,0.0,11.0,244.0,386.0,251.0,29.0,vulnerable
multiple_runs_largerun_db_highthreat_20260410_030216.csv,multiple_runs_largerun_db_highthreat_20260410_030216.csv,548,1199.0,8.256880733944955,189.0,0.0,129.0,478.0,269.0,99.0,35.0,vulnerable
multiple_runs_largerun_db_highthreat_20260410_030216.csv,multiple_runs_largerun_db_highthreat_20260410_030216.csv,549,956.0,28.556485355648537,49.0,0.0,4.0,186.0,408.0,273.0,36.0,vulnerable
multiple_runs_largerun_db_highthreat_20260410_030216.csv,multiple_runs_largerun_db_highthreat_20260410_030216.csv,550,787.0,0.6353240152477764,289.0,0.0,351.0,73.0,39.0,5.0,30.0,resilient
multiple_runs_largerun_db_highthreat_20260410_030216.csv,multiple_runs_largerun_db_highthreat_20260410_030216.csv,551,987.0,26.74772036474164,44.0,0.0,1.0,259.0,386.0,264.0,33.0,vulnerable
multiple_runs_largerun_db_highthreat_20260410_030216.csv,multiple_runs_largerun_db_highthreat_20260410_030216.csv,552,1055.0,2.654028436018957,246.0,0.0,219.0,367.0,163.0,28.0,32.0,vulnerable
multiple_runs_largerun_db_highthreat_20260410_030216.csv,multiple_runs_largerun_db_highthreat_20260410_030216.csv,553,992.0,28.62903225806452,37.0,0.0,19.0,266.0,361.0,284.0,25.0,vulnerable
multiple_runs_largerun_db_highthreat_20260410_030216.csv,multiple_runs_largerun_db_highthreat_20260410_030216.csv,554,1267.0,19.258089976322022,51.0,0.0,42.0,560.0,337.0,244.0,33.0,vulnerable
multiple_runs_largerun_db_highthreat_20260410_030216.csv,multiple_runs_largerun_db_highthreat_20260410_030216.csv,555,1009.0,0.0,302.0,0.0,351.0,252.0,66.0,0.0,38.0,resilient
multiple_runs_largerun_db_highthreat_20260410_030216.csv,multiple_runs_largerun_db_highthreat_20260410_030216.csv,556,962.0,0.31185031185031187,310.0,0.0,389.0,205.0,22.0,3.0,33.0,resilient
multiple_runs_largerun_db_highthreat_20260410_030216.csv,multiple_runs_largerun_db_highthreat_20260410_030216.csv,557,1134.0,11.992945326278658,127.0,0.0,52.0,444.0,343.0,136.0,32.0,vulnerable
multiple_runs_largerun_db_highthreat_20260410_030216.csv,multiple_runs_largerun_db_highthreat_20260410_030216.csv,558,1047.0,22.4450811843362,58.0,0.0,7.0,318.0,404.0,235.0,25.0,vulnerable
multiple_runs_largerun_db_highthreat_20260410_030216.csv,multiple_runs_largerun_db_highthreat_20260410_030216.csv,559,1091.0,23.0980751604033,53.0,0.0,0.0,360.0,388.0,252.0,38.0,vulnerable
multiple_runs_largerun_db_highthreat_20260410_030216.csv,multiple_runs_largerun_db_highthreat_20260410_030216.csv,560,942.0,0.0,293.0,0.0,389.0,178.0,38.0,0.0,44.0,resilient
multiple_runs_largerun_db_highthreat_20260410_030216.csv,multiple_runs_largerun_db_highthreat_20260410_030216.csv,561,995.0,0.0,308.0,0.0,305.0,249.0,100.0,0.0,33.0,resilient
multiple_runs_largerun_db_highthreat_20260410_030216.csv,multiple_runs_largerun_db_highthreat_20260410_030216.csv,562,985.0,24.263959390862944,42.0,0.0,10.0,261.0,395.0,239.0,38.0,vulnerable
multiple_runs_largerun_db_highthreat_20260410_030216.csv,multiple_runs_largerun_db_highthreat_20260410_030216.csv,563,896.0,0.0,309.0,0.0,359.0,159.0,30.0,0.0,39.0,resilient
multiple_runs_largerun_db_highthreat_20260410_030216.csv,multiple_runs_largerun_db_highthreat_20260410_030216.csv,564,1113.0,26.23539982030548,38.0,0.0,4.0,361.0,395.0,292.0,23.0,vulnerable
multiple_runs_largerun_db_highthreat_20260410_030216.csv,multiple_runs_largerun_db_highthreat_20260410_030216.csv,565,1017.0,26.45034414945919,60.0,0.0,6.0,288.0,376.0,269.0,18.0,vulnerable
multiple_runs_largerun_db_highthreat_20260410_030216.csv,multiple_runs_largerun_db_highthreat_20260410_030216.csv,566,997.0,26.68004012036108,43.0,0.0,15.0,264.0,377.0,266.0,32.0,vulnerable
multiple_runs_largerun_db_highthreat_20260410_030216.csv,multiple_runs_largerun_db_highthreat_20260410_030216.csv,567,898.0,0.33407572383073497,304.0,0.0,376.0,174.0,1.0,3.0,40.0,resilient
multiple_runs_largerun_db_highthreat_20260410_030216.csv,multiple_runs_largerun_db_highthreat_20260410_030216.csv,568,1170.0,8.632478632478632,182.0,0.0,91.0,464.0,301.0,101.0,31.0,vulnerable
multiple_runs_largerun_db_highthreat_20260410_030216.csv,multiple_runs_largerun_db_highthreat_20260410_030216.csv,569,1322.0,21.55824508320726,43.0,0.0,16.0,603.0,352.0,285.0,23.0,vulnerable
multiple_runs_largerun_db_highthreat_20260410_030216.csv,multiple_runs_largerun_db_highthreat_20260410_030216.csv,570,976.0,19.979508196721312,82.0,0.0,2.0,256.0,403.0,195.0,38.0,vulnerable
multiple_runs_largerun_db_highthreat_20260410_030216.csv,multiple_runs_largerun_db_highthreat_20260410_030216.csv,571,972.0,26.543209876543212,53.0,0.0,3.0,235.0,395.0,258.0,28.0,vulnerable
multiple_runs_largerun_db_highthreat_20260410_030216.csv,multiple_runs_largerun_db_highthreat_20260410_030216.csv,572,1001.0,11.188811188811188,190.0,0.0,263.0,239.0,162.0,112.0,35.0,vulnerable
multiple_runs_largerun_db_highthreat_20260410_030216.csv,multiple_runs_largerun_db_highthreat_20260410_030216.csv,573,978.0,23.92638036809816,36.0,0.0,13.0,278.0,378.0,234.0,39.0,vulnerable
multiple_runs_largerun_db_highthreat_20260410_030216.csv,multiple_runs_largerun_db_highthreat_20260410_030216.csv,574,956.0,27.30125523012552,44.0,0.0,6.0,243.0,383.0,261.0,19.0,vulnerable
multiple_runs_largerun_db_highthreat_20260410_030216.csv,multiple_runs_largerun_db_highthreat_20260410_030216.csv,575,1148.0,20.905923344947734,59.0,1.0,29.0,448.0,352.0,240.0,19.0,vulnerable
multiple_runs_largerun_db_highthreat_20260410_030216.csv,multiple_runs_largerun_db_highthreat_20260410_030216.csv,576,981.0,0.0,315.0,0.0,391.0,218.0,20.0,0.0,37.0,resilient
multiple_runs_largerun_db_highthreat_20260410_030216.csv,multiple_runs_largerun_db_highthreat_20260410_030216.csv,577,1179.0,12.892281594571669,157.0,0.0,94.0,440.0,291.0,152.0,45.0,vulnerable
multiple_runs_largerun_db_highthreat_20260410_030216.csv,multiple_runs_largerun_db_highthreat_20260410_030216.csv,578,1061.0,25.35344015080113,36.0,0.0,10.0,339.0,373.0,269.0,34.0,vulnerable
multiple_runs_largerun_db_highthreat_20260410_030216.csv,multiple_runs_largerun_db_highthreat_20260410_030216.csv,579,891.0,0.22446689113355783,309.0,0.0,390.0,140.0,6.0,2.0,44.0,resilient
multiple_runs_largerun_db_highthreat_20260410_030216.csv,multiple_runs_largerun_db_highthreat_20260410_030216.csv,580,1185.0,17.21518987341772,71.0,0.0,104.0,464.0,294.0,204.0,48.0,vulnerable
multiple_runs_largerun_db_highthreat_20260410_030216.csv,multiple_runs_largerun_db_highthreat_20260410_030216.csv,581,926.0,0.755939524838013,292.0,0.0,339.0,216.0,45.0,7.0,27.0,resilient
multiple_runs_largerun_db_highthreat_20260410_030216.csv,multiple_runs_largerun_db_highthreat_20260410_030216.csv,582,954.0,25.78616352201258,53.0,0.0,2.0,216.0,405.0,246.0,32.0,vulnerable
multiple_runs_largerun_db_highthreat_20260410_030216.csv,multiple_runs_largerun_db_highthreat_20260410_030216.csv,583,969.0,0.0,301.0,0.0,317.0,243.0,64.0,0.0,44.0,resilient
multiple_runs_largerun_db_highthreat_20260410_030216.csv,multiple_runs_largerun_db_highthreat_20260410_030216.csv,584,947.0,1.0559662090813093,308.0,0.0,371.0,206.0,18.0,10.0,34.0,resilient
multiple_runs_largerun_db_highthreat_20260410_030216.csv,multiple_runs_largerun_db_highthreat_20260410_030216.csv,585,1171.0,7.2587532023911185,138.0,0.0,7.0,458.0,433.0,85.0,50.0,vulnerable
multiple_runs_largerun_db_highthreat_20260410_030216.csv,multiple_runs_largerun_db_highthreat_20260410_030216.csv,586,987.0,26.24113475177305,61.0,0.0,25.0,236.0,378.0,259.0,28.0,vulnerable
multiple_runs_largerun_db_highthreat_20260410_030216.csv,multiple_runs_largerun_db_highthreat_20260410_030216.csv,587,1235.0,17.813765182186234,118.0,0.0,131.0,495.0,235.0,220.0,36.0,vulnerable
multiple_runs_largerun_db_highthreat_20260410_030216.csv,multiple_runs_largerun_db_highthreat_20260410_030216.csv,588,1035.0,0.0,340.0,0.0,406.0,250.0,1.0,0.0,38.0,resilient
multiple_runs_largerun_db_highthreat_20260410_030216.csv,multiple_runs_largerun_db_highthreat_20260410_030216.csv,589,752.0,8.643617021276597,111.0,0.0,297.0,152.0,91.0,65.0,36.0,vulnerable
multiple_runs_largerun_db_highthreat_20260410_030216.csv,multiple_runs_largerun_db_highthreat_20260410_030216.csv,590,1126.0,20.781527531083483,52.0,0.0,12.0,422.0,382.0,234.0,24.0,vulnerable
multiple_runs_largerun_db_highthreat_20260410_030216.csv,multiple_runs_largerun_db_highthreat_20260410_030216.csv,591,987.0,26.646403242147926,40.0,0.0,23.0,269.0,365.0,263.0,27.0,vulnerable
multiple_runs_largerun_db_highthreat_20260410_030216.csv,multiple_runs_largerun_db_highthreat_20260410_030216.csv,592,997.0,27.28184553660983,52.0,0.0,0.0,272.0,366.0,272.0,35.0,vulnerable
multiple_runs_largerun_db_highthreat_20260410_030216.csv,multiple_runs_largerun_db_highthreat_20260410_030216.csv,593,781.0,0.0,288.0,0.0,374.0,65.0,19.0,0.0,35.0,resilient
multiple_runs_largerun_db_highthreat_20260410_030216.csv,multiple_runs_largerun_db_highthreat_20260410_030216.csv,594,904.0,1.1061946902654867,302.0,0.0,309.0,205.0,49.0,10.0,29.0,resilient
multiple_runs_largerun_db_highthreat_20260410_030216.csv,multiple_runs_largerun_db_highthreat_20260410_030216.csv,595,1150.0,17.391304347826086,82.0,0.0,97.0,424.0,309.0,200.0,38.0,vulnerable
multiple_runs_largerun_db_highthreat_20260410_030216.csv,multiple_runs_largerun_db_highthreat_20260410_030216.csv,596,1071.0,20.541549953314657,78.0,0.0,25.0,376.0,359.0,220.0,13.0,vulnerable
multiple_runs_largerun_db_highthreat_20260410_030216.csv,multiple_runs_largerun_db_highthreat_20260410_030216.csv,597,1023.0,0.0,346.0,0.0,399.0,243.0,8.0,0.0,27.0,resilient
multiple_runs_largerun_db_highthreat_20260410_030216.csv,multiple_runs_largerun_db_highthreat_20260410_030216.csv,598,1026.0,25.438596491228072,53.0,0.0,3.0,295.0,384.0,261.0,30.0,vulnerable
multiple_runs_largerun_db_highthreat_20260410_030216.csv,multiple_runs_largerun_db_highthreat_20260410_030216.csv,599,933.0,25.080385852090032,36.0,0.0,10.0,225.0,396.0,234.0,32.0,vulnerable
multiple_runs_largerun_db_highthreat_20260410_030216.csv,multiple_runs_largerun_db_highthreat_20260410_030216.csv,600,1081.0,0.0,313.0,0.0,332.0,336.0,70.0,0.0,30.0,resilient
multiple_runs_largerun_db_highthreat_20260410_030216.csv,multiple_runs_largerun_db_highthreat_20260410_030216.csv,601,1000.0,19.2,86.0,0.0,15.0,287.0,386.0,192.0,34.0,vulnerable
multiple_runs_largerun_db_highthreat_20260410_030216.csv,multiple_runs_largerun_db_highthreat_20260410_030216.csv,602,899.0,0.11123470522803114,305.0,0.0,396.0,158.0,5.0,1.0,34.0,resilient
multiple_runs_largerun_db_highthreat_20260410_030216.csv,multiple_runs_largerun_db_highthreat_20260410_030216.csv,603,958.0,29.958246346555324,42.0,0.0,1.0,218.0,381.0,287.0,29.0,vulnerable
multiple_runs_largerun_db_highthreat_20260410_030216.csv,multiple_runs_largerun_db_highthreat_20260410_030216.csv,604,1168.0,18.664383561643834,80.0,0.0,49.0,419.0,364.0,218.0,38.0,vulnerable
multiple_runs_largerun_db_highthreat_20260410_030216.csv,multiple_runs_largerun_db_highthreat_20260410_030216.csv,605,965.0,25.492227979274613,59.0,0.0,11.0,222.0,395.0,246.0,32.0,vulnerable
multiple_runs_largerun_db_highthreat_20260410_030216.csv,multiple_runs_largerun_db_highthreat_20260410_030216.csv,606,981.0,25.58613659531091,66.0,0.0,0.0,240.0,390.0,251.0,34.0,vulnerable
multiple_runs_largerun_db_highthreat_20260410_030216.csv,multiple_runs_largerun_db_highthreat_20260410_030216.csv,607,1248.0,17.067307692307693,88.0,0.0,56.0,534.0,320.0,213.0,37.0,vulnerable
multiple_runs_largerun_db_highthreat_20260410_030216.csv,multiple_runs_largerun_db_highthreat_20260410_030216.csv,608,957.0,0.3134796238244514,302.0,0.0,293.0,228.0,111.0,3.0,20.0,resilient
multiple_runs_largerun_db_highthreat_20260410_030216.csv,multiple_runs_largerun_db_highthreat_20260410_030216.csv,609,1195.0,10.376569037656903,179.0,0.0,143.0,470.0,242.0,124.0,37.0,vulnerable
multiple_runs_largerun_db_highthreat_20260410_030216.csv,multiple_runs_largerun_db_highthreat_20260410_030216.csv,610,1020.0,0.49019607843137253,275.0,0.0,312.0,295.0,100.0,5.0,33.0,resilient
multiple_runs_largerun_db_highthreat_20260410_030216.csv,multiple_runs_largerun_db_highthreat_20260410_030216.csv,611,1129.0,19.75199291408326,67.0,0.0,36.0,422.0,348.0,223.0,33.0,vulnerable
multiple_runs_largerun_db_highthreat_20260410_030216.csv,multiple_runs_largerun_db_highthreat_20260410_030216.csv,612,1023.0,22.971652003910066,61.0,0.0,19.0,285.0,396.0,235.0,27.0,vulnerable
multiple_runs_largerun_db_highthreat_20260410_030216.csv,multiple_runs_largerun_db_highthreat_20260410_030216.csv,613,956.0,23.95397489539749,56.0,0.0,19.0,238.0,392.0,229.0,22.0,vulnerable
multiple_runs_largerun_db_highthreat_20260410_030216.csv,multiple_runs_largerun_db_highthreat_20260410_030216.csv,614,900.0,30.333333333333336,42.0,0.0,25.0,193.0,352.0,273.0,15.0,vulnerable
multiple_runs_largerun_db_highthreat_20260410_030216.csv,multiple_runs_largerun_db_highthreat_20260410_030216.csv,615,1232.0,6.737012987012987,183.0,0.0,131.0,486.0,307.0,83.0,42.0,vulnerable
multiple_runs_largerun_db_highthreat_20260410_030216.csv,multiple_runs_largerun_db_highthreat_20260410_030216.csv,616,1221.0,13.841113841113842,192.0,0.0,74.0,446.0,306.0,169.0,34.0,vulnerable
multiple_runs_largerun_db_highthreat_20260410_030216.csv,multiple_runs_largerun_db_highthreat_20260410_030216.csv,617,971.0,25.952626158599383,51.0,0.0,0.0,252.0,382.0,252.0,34.0,vulnerable
multiple_runs_largerun_db_highthreat_20260410_030216.csv,multiple_runs_largerun_db_highthreat_20260410_030216.csv,618,1064.0,0.09398496240601503,298.0,0.0,362.0,329.0,47.0,1.0,27.0,resilient
multiple_runs_largerun_db_highthreat_20260410_030216.csv,multiple_runs_largerun_db_highthreat_20260410_030216.csv,619,952.0,28.15126050420168,40.0,0.0,2.0,218.0,390.0,268.0,34.0,vulnerable
multiple_runs_largerun_db_highthreat_20260410_030216.csv,multiple_runs_largerun_db_highthreat_20260410_030216.csv,620,512.0,0.0,35.0,0.0,12.0,135.0,300.0,0.0,30.0,resilient
multiple_runs_largerun_db_highthreat_20260410_030216.csv,multiple_runs_largerun_db_highthreat_20260410_030216.csv,621,1028.0,0.0,294.0,0.0,356.0,261.0,80.0,0.0,37.0,resilient
multiple_runs_largerun_db_highthreat_20260410_030216.csv,multiple_runs_largerun_db_highthreat_20260410_030216.csv,622,853.0,0.9378663540445485,295.0,0.0,342.0,124.0,53.0,8.0,31.0,resilient
multiple_runs_largerun_db_highthreat_20260410_030216.csv,multiple_runs_largerun_db_highthreat_20260410_030216.csv,623,904.0,2.5442477876106198,303.0,0.0,288.0,178.0,80.0,23.0,32.0,vulnerable
multiple_runs_largerun_db_highthreat_20260410_030216.csv,multiple_runs_largerun_db_highthreat_20260410_030216.csv,624,950.0,0.0,324.0,0.0,359.0,208.0,19.0,0.0,40.0,resilient
multiple_runs_largerun_db_highthreat_20260410_030216.csv,multiple_runs_largerun_db_highthreat_20260410_030216.csv,625,1138.0,18.54130052724077,54.0,0.0,46.0,439.0,359.0,211.0,29.0,vulnerable
multiple_runs_largerun_db_highthreat_20260410_030216.csv,multiple_runs_largerun_db_highthreat_20260410_030216.csv,626,1092.0,23.9010989010989,56.0,0.0,6.0,358.0,380.0,261.0,31.0,vulnerable
multiple_runs_largerun_db_highthreat_20260410_030216.csv,multiple_runs_largerun_db_highthreat_20260410_030216.csv,627,911.0,28.210757409440173,42.0,0.0,0.0,216.0,368.0,257.0,28.0,vulnerable
multiple_runs_largerun_db_highthreat_20260410_030216.csv,multiple_runs_largerun_db_highthreat_20260410_030216.csv,628,1214.0,16.96869851729819,78.0,0.0,50.0,524.0,340.0,206.0,16.0,vulnerable
multiple_runs_largerun_db_highthreat_20260410_030216.csv,multiple_runs_largerun_db_highthreat_20260410_030216.csv,629,1436.0,17.061281337047355,69.0,0.0,26.0,704.0,368.0,245.0,24.0,vulnerable
multiple_runs_largerun_db_highthreat_20260410_030216.csv,multiple_runs_largerun_db_highthreat_20260410_030216.csv,630,1156.0,17.041522491349482,79.0,0.0,28.0,461.0,360.0,197.0,31.0,vulnerable
multiple_runs_largerun_db_highthreat_20260410_030216.csv,multiple_runs_largerun_db_highthreat_20260410_030216.csv,631,1026.0,0.682261208576998,346.0,0.0,339.0,233.0,66.0,7.0,35.0,resilient
multiple_runs_largerun_db_highthreat_20260410_030216.csv,multiple_runs_largerun_db_highthreat_20260410_030216.csv,632,911.0,29.308452250274424,57.0,0.0,0.0,207.0,355.0,267.0,25.0,vulnerable
multiple_runs_largerun_db_highthreat_20260410_030216.csv,multiple_runs_largerun_db_highthreat_20260410_030216.csv,633,905.0,30.939226519337016,48.0,0.0,10.0,175.0,366.0,280.0,26.0,vulnerable
multiple_runs_largerun_db_highthreat_20260410_030216.csv,multiple_runs_largerun_db_highthreat_20260410_030216.csv,634,1233.0,20.519059205190594,31.0,0.0,55.0,500.0,356.0,253.0,38.0,vulnerable
multiple_runs_largerun_db_highthreat_20260410_030216.csv,multiple_runs_largerun_db_highthreat_20260410_030216.csv,635,969.0,0.0,305.0,0.0,394.0,238.0,4.0,0.0,28.0,resilient
multiple_runs_largerun_db_highthreat_20260410_030216.csv,multiple_runs_largerun_db_highthreat_20260410_030216.csv,636,909.0,0.33003300330033003,284.0,0.0,323.0,195.0,71.0,3.0,33.0,resilient
multiple_runs_largerun_db_highthreat_20260410_030216.csv,multiple_runs_largerun_db_highthreat_20260410_030216.csv,637,1391.0,18.11646297627606,63.0,0.0,19.0,640.0,391.0,252.0,26.0,vulnerable
multiple_runs_largerun_db_highthreat_20260410_030216.csv,multiple_runs_largerun_db_highthreat_20260410_030216.csv,638,1008.0,22.22222222222222,44.0,0.0,9.0,305.0,395.0,224.0,31.0,vulnerable
multiple_runs_largerun_db_highthreat_20260410_030216.csv,multiple_runs_largerun_db_highthreat_20260410_030216.csv,639,1020.0,1.4705882352941175,291.0,0.0,343.0,267.0,76.0,15.0,28.0,resilient
multiple_runs_largerun_db_highthreat_20260410_030216.csv,multiple_runs_largerun_db_highthreat_20260410_030216.csv,640,1078.0,4.267161410018553,224.0,0.0,243.0,371.0,165.0,46.0,29.0,vulnerable
multiple_runs_largerun_db_highthreat_20260410_030216.csv,multiple_runs_largerun_db_highthreat_20260410_030216.csv,641,963.0,22.429906542056074,66.0,0.0,11.0,255.0,386.0,216.0,29.0,vulnerable
multiple_runs_largerun_db_highthreat_20260410_030216.csv,multiple_runs_largerun_db_highthreat_20260410_030216.csv,642,974.0,26.591375770020537,41.0,0.0,7.0,261.0,373.0,259.0,33.0,vulnerable
multiple_runs_largerun_db_highthreat_20260410_030216.csv,multiple_runs_largerun_db_highthreat_20260410_030216.csv,643,1028.0,0.0,319.0,0.0,390.0,276.0,12.0,0.0,31.0,resilient
multiple_runs_largerun_db_highthreat_20260410_030216.csv,multiple_runs_largerun_db_highthreat_20260410_030216.csv,644,980.0,23.6734693877551,78.0,0.0,16.0,244.0,387.0,232.0,23.0,vulnerable
multiple_runs_largerun_db_highthreat_20260410_030216.csv,multiple_runs_largerun_db_highthreat_20260410_030216.csv,645,1241.0,16.680096696212733,82.0,0.0,29.0,519.0,368.0,207.0,36.0,vulnerable
multiple_runs_largerun_db_highthreat_20260410_030216.csv,multiple_runs_largerun_db_highthreat_20260410_030216.csv,646,1062.0,7.721280602636535,198.0,0.0,233.0,372.0,145.0,82.0,32.0,vulnerable
multiple_runs_largerun_db_highthreat_20260410_030216.csv,multiple_runs_largerun_db_highthreat_20260410_030216.csv,647,1239.0,19.93543179983858,56.0,0.0,119.0,522.0,270.0,247.0,25.0,vulnerable
multiple_runs_largerun_db_highthreat_20260410_030216.csv,multiple_runs_largerun_db_highthreat_20260410_030216.csv,648,900.0,0.5555555555555556,307.0,0.0,371.0,148.0,32.0,5.0,37.0,resilient
multiple_runs_largerun_db_highthreat_20260410_030216.csv,multiple_runs_largerun_db_highthreat_20260410_030216.csv,649,987.0,0.0,295.0,0.0,375.0,259.0,27.0,0.0,31.0,resilient
multiple_runs_largerun_db_highthreat_20260410_030216.csv,multiple_runs_largerun_db_highthreat_20260410_030216.csv,650,979.0,0.0,265.0,0.0,378.0,246.0,48.0,0.0,42.0,resilient
multiple_runs_largerun_db_highthreat_20260410_030216.csv,multiple_runs_largerun_db_highthreat_20260410_030216.csv,651,999.0,26.126126126126124,59.0,0.0,5.0,261.0,375.0,261.0,38.0,vulnerable
multiple_runs_largerun_db_highthreat_20260410_030216.csv,multiple_runs_largerun_db_highthreat_20260410_030216.csv,652,1022.0,23.18982387475538,62.0,0.0,13.0,244.0,433.0,237.0,33.0,vulnerable
multiple_runs_largerun_db_highthreat_20260410_030216.csv,multiple_runs_largerun_db_highthreat_20260410_030216.csv,653,1079.0,0.18535681186283595,322.0,0.0,304.0,342.0,83.0,2.0,26.0,resilient
multiple_runs_largerun_db_highthreat_20260410_030216.csv,multiple_runs_largerun_db_highthreat_20260410_030216.csv,654,963.0,29.075804776739357,23.0,0.0,2.0,262.0,369.0,280.0,27.0,vulnerable
multiple_runs_largerun_db_highthreat_20260410_030216.csv,multiple_runs_largerun_db_highthreat_20260410_030216.csv,655,1232.0,18.58766233766234,30.0,0.0,16.0,531.0,394.0,229.0,32.0,vulnerable
multiple_runs_largerun_db_highthreat_20260410_030216.csv,multiple_runs_largerun_db_highthreat_20260410_030216.csv,656,896.0,1.6741071428571428,299.0,0.0,328.0,144.0,69.0,15.0,41.0,resilient
multiple_runs_largerun_db_highthreat_20260410_030216.csv,multiple_runs_largerun_db_highthreat_20260410_030216.csv,657,1005.0,26.666666666666668,67.0,0.0,5.0,260.0,383.0,268.0,22.0,vulnerable
multiple_runs_largerun_db_highthreat_20260410_030216.csv,multiple_runs_largerun_db_highthreat_20260410_030216.csv,658,954.0,0.41928721174004197,312.0,0.0,340.0,213.0,57.0,4.0,28.0,resilient
multiple_runs_largerun_db_highthreat_20260410_030216.csv,multiple_runs_largerun_db_highthreat_20260410_030216.csv,659,1146.0,21.81500872600349,82.0,0.0,18.0,419.0,358.0,250.0,19.0,vulnerable
multiple_runs_largerun_db_highthreat_20260410_030216.csv,multiple_runs_largerun_db_highthreat_20260410_030216.csv,660,999.0,0.0,292.0,0.0,285.0,287.0,106.0,0.0,29.0,resilient
multiple_runs_largerun_db_highthreat_20260410_030216.csv,multiple_runs_largerun_db_highthreat_20260410_030216.csv,661,910.0,0.10989010989010989,336.0,0.0,312.0,137.0,82.0,1.0,42.0,resilient
multiple_runs_largerun_db_highthreat_20260410_030216.csv,multiple_runs_largerun_db_highthreat_20260410_030216.csv,662,1063.0,24.459078080903105,31.0,0.0,2.0,349.0,396.0,260.0,25.0,vulnerable
multiple_runs_largerun_db_highthreat_20260410_030216.csv,multiple_runs_largerun_db_highthreat_20260410_030216.csv,663,1180.0,20.76271186440678,49.0,0.0,4.0,452.0,397.0,245.0,33.0,vulnerable
multiple_runs_largerun_db_highthreat_20260410_030216.csv,multiple_runs_largerun_db_highthreat_20260410_030216.csv,664,1188.0,22.053872053872052,35.0,0.0,0.0,449.0,400.0,262.0,42.0,vulnerable
multiple_runs_largerun_db_highthreat_20260410_030216.csv,multiple_runs_largerun_db_highthreat_20260410_030216.csv,665,1067.0,0.0,342.0,0.0,334.0,300.0,57.0,0.0,34.0,resilient
multiple_runs_largerun_db_highthreat_20260410_030216.csv,multiple_runs_largerun_db_highthreat_20260410_030216.csv,666,996.0,27.510040160642568,60.0,0.0,11.0,258.0,370.0,274.0,23.0,vulnerable
multiple_runs_largerun_db_highthreat_20260410_030216.csv,multiple_runs_largerun_db_highthreat_20260410_030216.csv,667,1112.0,8.992805755395683,194.0,0.0,167.0,387.0,236.0,100.0,28.0,vulnerable
multiple_runs_largerun_db_highthreat_20260410_030216.csv,multiple_runs_largerun_db_highthreat_20260410_030216.csv,668,1068.0,23.50187265917603,41.0,0.0,9.0,353.0,379.0,251.0,35.0,vulnerable
multiple_runs_largerun_db_highthreat_20260410_030216.csv,multiple_runs_largerun_db_highthreat_20260410_030216.csv,669,1032.0,2.7131782945736433,284.0,0.0,274.0,290.0,118.0,28.0,38.0,vulnerable
multiple_runs_largerun_db_highthreat_20260410_030216.csv,multiple_runs_largerun_db_highthreat_20260410_030216.csv,670,1116.0,18.817204301075268,54.0,0.0,19.0,390.0,417.0,210.0,26.0,vulnerable
multiple_runs_largerun_db_highthreat_20260410_030216.csv,multiple_runs_largerun_db_highthreat_20260410_030216.csv,671,421.0,0.0,139.0,0.0,187.0,59.0,2.0,0.0,34.0,resilient
multiple_runs_largerun_db_highthreat_20260410_030216.csv,multiple_runs_largerun_db_highthreat_20260410_030216.csv,672,1028.0,24.027237354085603,52.0,0.0,0.0,294.0,401.0,247.0,34.0,vulnerable
multiple_runs_largerun_db_highthreat_20260410_030216.csv,multiple_runs_largerun_db_highthreat_20260410_030216.csv,673,1052.0,27.756653992395435,44.0,0.0,11.0,322.0,357.0,292.0,26.0,vulnerable
multiple_runs_largerun_db_highthreat_20260410_030216.csv,multiple_runs_largerun_db_highthreat_20260410_030216.csv,674,1297.0,17.733230531996917,69.0,0.0,40.0,563.0,366.0,230.0,29.0,vulnerable
multiple_runs_largerun_db_highthreat_20260410_030216.csv,multiple_runs_largerun_db_highthreat_20260410_030216.csv,675,1281.0,21.311475409836063,57.0,0.0,10.0,512.0,399.0,273.0,30.0,vulnerable
multiple_runs_largerun_db_highthreat_20260410_030216.csv,multiple_runs_largerun_db_highthreat_20260410_030216.csv,676,1228.0,20.602605863192185,45.0,0.0,0.0,504.0,391.0,253.0,35.0,vulnerable
multiple_runs_largerun_db_highthreat_20260410_030216.csv,multiple_runs_largerun_db_highthreat_20260410_030216.csv,677,1185.0,6.4978902953586495,222.0,0.0,185.0,432.0,238.0,77.0,31.0,vulnerable
multiple_runs_largerun_db_highthreat_20260410_030216.csv,multiple_runs_largerun_db_highthreat_20260410_030216.csv,678,946.0,27.58985200845666,63.0,0.0,7.0,192.0,397.0,261.0,26.0,vulnerable
multiple_runs_largerun_db_highthreat_20260410_030216.csv,multiple_runs_largerun_db_highthreat_20260410_030216.csv,679,936.0,30.982905982905983,28.0,0.0,0.0,170.0,422.0,290.0,26.0,vulnerable
multiple_runs_largerun_db_highthreat_20260410_030216.csv,multiple_runs_largerun_db_highthreat_20260410_030216.csv,680,1051.0,14.367269267364415,141.0,0.0,189.0,342.0,196.0,151.0,32.0,vulnerable
multiple_runs_largerun_db_highthreat_20260410_030216.csv,multiple_runs_largerun_db_highthreat_20260410_030216.csv,681,959.0,0.5213764337851928,319.0,0.0,348.0,221.0,25.0,5.0,41.0,resilient
multiple_runs_largerun_db_highthreat_20260410_030216.csv,multiple_runs_largerun_db_highthreat_20260410_030216.csv,682,979.0,0.6128702757916241,289.0,0.0,333.0,283.0,36.0,6.0,32.0,resilient
multiple_runs_largerun_db_highthreat_20260410_030216.csv,multiple_runs_largerun_db_highthreat_20260410_030216.csv,683,1187.0,21.145745577085087,51.0,0.0,6.0,450.0,410.0,251.0,19.0,vulnerable
multiple_runs_largerun_db_highthreat_20260410_030216.csv,multiple_runs_largerun_db_highthreat_20260410_030216.csv,684,1006.0,27.037773359840955,40.0,0.0,17.0,239.0,403.0,272.0,35.0,vulnerable
multiple_runs_largerun_db_highthreat_20260410_030216.csv,multiple_runs_largerun_db_highthreat_20260410_030216.csv,685,983.0,25.025432349949135,62.0,0.0,10.0,247.0,383.0,246.0,35.0,vulnerable
multiple_runs_largerun_db_highthreat_20260410_030216.csv,multiple_runs_largerun_db_highthreat_20260410_030216.csv,686,1258.0,20.5087440381558,43.0,0.0,12.0,542.0,366.0,258.0,37.0,vulnerable
multiple_runs_largerun_db_highthreat_20260410_030216.csv,multiple_runs_largerun_db_highthreat_20260410_030216.csv,687,926.0,0.10799136069114472,310.0,0.0,389.0,180.0,5.0,1.0,41.0,resilient
multiple_runs_largerun_db_highthreat_20260410_030216.csv,multiple_runs_largerun_db_highthreat_20260410_030216.csv,688,909.0,0.88008800880088,298.0,0.0,353.0,138.0,79.0,8.0,33.0,resilient
multiple_runs_largerun_db_highthreat_20260410_030216.csv,multiple_runs_largerun_db_highthreat_20260410_030216.csv,689,982.0,27.29124236252546,40.0,0.0,10.0,230.0,401.0,268.0,33.0,vulnerable
multiple_runs_largerun_db_highthreat_20260410_030216.csv,multiple_runs_largerun_db_highthreat_20260410_030216.csv,690,1191.0,8.984047019311504,168.0,0.0,160.0,470.0,242.0,107.0,44.0,vulnerable
multiple_runs_largerun_db_highthreat_20260410_030216.csv,multiple_runs_largerun_db_highthreat_20260410_030216.csv,691,1010.0,1.5841584158415842,290.0,0.0,367.0,274.0,31.0,16.0,32.0,resilient
multiple_runs_largerun_db_highthreat_20260410_030216.csv,multiple_runs_largerun_db_highthreat_20260410_030216.csv,692,1024.0,21.38671875,67.0,0.0,9.0,272.0,421.0,219.0,36.0,vulnerable
multiple_runs_largerun_db_highthreat_20260410_030216.csv,multiple_runs_largerun_db_highthreat_20260410_030216.csv,693,926.0,0.755939524838013,331.0,0.0,380.0,156.0,22.0,7.0,30.0,resilient
multiple_runs_largerun_db_highthreat_20260410_030216.csv,multiple_runs_largerun_db_highthreat_20260410_030216.csv,694,1059.0,0.0,303.0,0.0,318.0,336.0,70.0,0.0,32.0,resilient
multiple_runs_largerun_db_highthreat_20260410_030216.csv,multiple_runs_largerun_db_highthreat_20260410_030216.csv,695,884.0,0.6787330316742082,278.0,0.0,351.0,198.0,20.0,6.0,31.0,resilient
multiple_runs_largerun_db_highthreat_20260410_030216.csv,multiple_runs_largerun_db_highthreat_20260410_030216.csv,696,1407.0,21.179815209665957,39.0,0.0,6.0,673.0,368.0,298.0,23.0,vulnerable
multiple_runs_largerun_db_highthreat_20260410_030216.csv,multiple_runs_largerun_db_highthreat_20260410_030216.csv,697,941.0,27.948990435706694,37.0,0.0,3.0,214.0,386.0,263.0,38.0,vulnerable
multiple_runs_largerun_db_highthreat_20260410_030216.csv,multiple_runs_largerun_db_highthreat_20260410_030216.csv,698,994.0,26.76056338028169,45.0,0.0,8.0,246.0,392.0,266.0,37.0,vulnerable
multiple_runs_largerun_db_highthreat_20260410_030216.csv,multiple_runs_largerun_db_highthreat_20260410_030216.csv,699,975.0,26.256410256410255,53.0,0.0,8.0,224.0,397.0,256.0,37.0,vulnerable
multiple_runs_largerun_db_highthreat_20260410_030216.csv,multiple_runs_largerun_db_highthreat_20260410_030216.csv,700,1100.0,23.0,50.0,0.0,6.0,358.0,401.0,253.0,32.0,vulnerable
multiple_runs_largerun_db_highthreat_20260410_030216.csv,multiple_runs_largerun_db_highthreat_20260410_030216.csv,701,1010.0,0.0,304.0,0.0,391.0,278.0,8.0,0.0,29.0,resilient
multiple_runs_largerun_db_highthreat_20260410_030216.csv,multiple_runs_largerun_db_highthreat_20260410_030216.csv,702,1303.0,19.570222563315426,49.0,0.0,8.0,571.0,392.0,255.0,28.0,vulnerable
multiple_runs_largerun_db_highthreat_20260410_030216.csv,multiple_runs_largerun_db_highthreat_20260410_030216.csv,703,1044.0,0.38314176245210724,305.0,0.0,374.0,291.0,31.0,4.0,39.0,resilient
multiple_runs_largerun_db_highthreat_20260410_030216.csv,multiple_runs_largerun_db_highthreat_20260410_030216.csv,704,1042.0,0.19193857965451055,302.0,0.0,390.0,295.0,24.0,2.0,29.0,resilient
multiple_runs_largerun_db_highthreat_20260410_030216.csv,multiple_runs_largerun_db_highthreat_20260410_030216.csv,705,988.0,26.923076923076923,74.0,0.0,3.0,239.0,378.0,266.0,28.0,vulnerable
multiple_runs_largerun_db_highthreat_20260410_030216.csv,multiple_runs_largerun_db_highthreat_20260410_030216.csv,706,959.0,27.841501564129302,42.0,0.0,1.0,195.0,410.0,267.0,44.0,vulnerable
multiple_runs_largerun_db_highthreat_20260410_030216.csv,multiple_runs_largerun_db_highthreat_20260410_030216.csv,707,913.0,33.84446878422782,39.0,0.0,1.0,169.0,364.0,309.0,31.0,vulnerable
multiple_runs_largerun_db_highthreat_20260410_030216.csv,multiple_runs_largerun_db_highthreat_20260410_030216.csv,708,1127.0,10.204081632653061,169.0,0.0,139.0,420.0,239.0,115.0,45.0,vulnerable
multiple_runs_largerun_db_highthreat_20260410_030216.csv,multiple_runs_largerun_db_highthreat_20260410_030216.csv,709,1007.0,1.1916583912611718,283.0,0.0,347.0,272.0,55.0,12.0,38.0,resilient
multiple_runs_largerun_db_highthreat_20260410_030216.csv,multiple_runs_largerun_db_highthreat_20260410_030216.csv,710,944.0,2.2245762711864407,299.0,0.0,388.0,192.0,15.0,21.0,29.0,vulnerable
multiple_runs_largerun_db_highthreat_20260410_030216.csv,multiple_runs_largerun_db_highthreat_20260410_030216.csv,711,1054.0,22.106261859582542,59.0,0.0,10.0,355.0,371.0,233.0,26.0,vulnerable
multiple_runs_largerun_db_highthreat_20260410_030216.csv,multiple_runs_largerun_db_highthreat_20260410_030216.csv,712,1004.0,26.693227091633464,33.0,0.0,14.0,244.0,417.0,268.0,28.0,vulnerable
multiple_runs_largerun_db_highthreat_20260410_030216.csv,multiple_runs_largerun_db_highthreat_20260410_030216.csv,713,1154.0,8.925476603119584,186.0,0.0,142.0,444.0,247.0,103.0,32.0,vulnerable
multiple_runs_largerun_db_highthreat_20260410_030216.csv,multiple_runs_largerun_db_highthreat_20260410_030216.csv,714,974.0,25.154004106776178,47.0,0.0,0.0,252.0,406.0,245.0,24.0,vulnerable
multiple_runs_largerun_db_highthreat_20260410_030216.csv,multiple_runs_largerun_db_highthreat_20260410_030216.csv,715,1158.0,18.739205526770295,48.0,0.0,6.0,455.0,396.0,217.0,36.0,vulnerable
multiple_runs_largerun_db_highthreat_20260410_030216.csv,multiple_runs_largerun_db_highthreat_20260410_030216.csv,716,935.0,0.6417112299465241,313.0,0.0,356.0,224.0,5.0,6.0,31.0,resilient
multiple_runs_largerun_db_highthreat_20260410_030216.csv,multiple_runs_largerun_db_highthreat_20260410_030216.csv,717,1179.0,7.803223070398643,207.0,0.0,179.0,458.0,215.0,92.0,28.0,vulnerable
multiple_runs_largerun_db_highthreat_20260410_030216.csv,multiple_runs_largerun_db_highthreat_20260410_030216.csv,718,1004.0,0.49800796812749004,304.0,0.0,384.0,254.0,14.0,5.0,43.0,resilient
multiple_runs_largerun_db_highthreat_20260410_030216.csv,multiple_runs_largerun_db_highthreat_20260410_030216.csv,719,806.0,0.12406947890818859,309.0,1.0,350.0,77.0,44.0,1.0,24.0,resilient
multiple_runs_largerun_db_highthreat_20260410_030216.csv,multiple_runs_largerun_db_highthreat_20260410_030216.csv,720,1248.0,21.394230769230766,35.0,0.0,7.0,519.0,390.0,267.0,30.0,vulnerable
multiple_runs_largerun_db_highthreat_20260410_030216.csv,multiple_runs_largerun_db_highthreat_20260410_030216.csv,721,1350.0,17.85185185185185,60.0,0.0,34.0,614.0,369.0,241.0,32.0,vulnerable
multiple_runs_largerun_db_highthreat_20260410_030216.csv,multiple_runs_largerun_db_highthreat_20260410_030216.csv,722,1447.0,19.350380096751902,52.0,0.0,3.0,681.0,405.0,280.0,26.0,vulnerable
multiple_runs_largerun_db_highthreat_20260410_030216.csv,multiple_runs_largerun_db_highthreat_20260410_030216.csv,723,993.0,0.0,302.0,0.0,350.0,272.0,35.0,0.0,34.0,resilient
multiple_runs_largerun_db_highthreat_20260410_030216.csv,multiple_runs_largerun_db_highthreat_20260410_030216.csv,724,894.0,0.6711409395973155,298.0,0.0,387.0,167.0,1.0,6.0,35.0,resilient
multiple_runs_largerun_db_highthreat_20260410_030216.csv,multiple_runs_largerun_db_highthreat_20260410_030216.csv,725,908.0,0.22026431718061676,306.0,0.0,397.0,152.0,10.0,2.0,41.0,resilient
multiple_runs_largerun_db_highthreat_20260410_030216.csv,multiple_runs_largerun_db_highthreat_20260410_030216.csv,726,1104.0,11.865942028985508,168.0,0.0,223.0,351.0,191.0,131.0,40.0,vulnerable
multiple_runs_largerun_db_highthreat_20260410_030216.csv,multiple_runs_largerun_db_highthreat_20260410_030216.csv,727,950.0,28.421052631578945,61.0,0.0,27.0,203.0,362.0,270.0,27.0,vulnerable
multiple_runs_largerun_db_highthreat_20260410_030216.csv,multiple_runs_largerun_db_highthreat_20260410_030216.csv,728,1004.0,21.115537848605577,93.0,0.0,9.0,284.0,380.0,212.0,26.0,vulnerable
multiple_runs_largerun_db_highthreat_20260410_030216.csv,multiple_runs_largerun_db_highthreat_20260410_030216.csv,729,960.0,0.8333333333333334,303.0,0.0,367.0,215.0,35.0,8.0,32.0,resilient
multiple_runs_largerun_db_highthreat_20260410_030216.csv,multiple_runs_largerun_db_highthreat_20260410_030216.csv,730,938.0,1.1727078891257996,317.0,0.0,343.0,205.0,38.0,11.0,24.0,resilient
multiple_runs_largerun_db_highthreat_20260410_030216.csv,multiple_runs_largerun_db_highthreat_20260410_030216.csv,731,1042.0,0.28790786948176583,292.0,0.0,300.0,331.0,94.0,3.0,22.0,resilient
multiple_runs_largerun_db_highthreat_20260410_030216.csv,multiple_runs_largerun_db_highthreat_20260410_030216.csv,732,927.0,0.4314994606256742,314.0,0.0,360.0,172.0,38.0,4.0,39.0,resilient
multiple_runs_largerun_db_highthreat_20260410_030216.csv,multiple_runs_largerun_db_highthreat_20260410_030216.csv,733,945.0,0.5291005291005291,273.0,0.0,392.0,203.0,24.0,5.0,48.0,resilient
multiple_runs_largerun_db_highthreat_20260410_030216.csv,multiple_runs_largerun_db_highthreat_20260410_030216.csv,734,1007.0,0.0,305.0,0.0,327.0,260.0,82.0,0.0,33.0,resilient
multiple_runs_largerun_db_highthreat_20260410_030216.csv,multiple_runs_largerun_db_highthreat_20260410_030216.csv,735,991.0,26.538849646821394,44.0,0.0,8.0,268.0,372.0,263.0,36.0,vulnerable
multiple_runs_largerun_db_highthreat_20260410_030216.csv,multiple_runs_largerun_db_highthreat_20260410_030216.csv,736,1021.0,21.645445641527914,61.0,0.0,12.0,308.0,392.0,221.0,27.0,vulnerable
multiple_runs_largerun_db_highthreat_20260410_030216.csv,multiple_runs_largerun_db_highthreat_20260410_030216.csv,737,1017.0,23.008849557522122,50.0,0.0,13.0,270.0,419.0,234.0,31.0,vulnerable
multiple_runs_largerun_db_highthreat_20260410_030216.csv,multiple_runs_largerun_db_highthreat_20260410_030216.csv,738,1009.0,0.9910802775024776,299.0,0.0,349.0,267.0,44.0,10.0,40.0,resilient
multiple_runs_largerun_db_highthreat_20260410_030216.csv,multiple_runs_largerun_db_highthreat_20260410_030216.csv,739,949.0,24.236037934668072,57.0,1.0,18.0,207.0,405.0,230.0,31.0,vulnerable
multiple_runs_largerun_db_highthreat_20260410_030216.csv,multiple_runs_largerun_db_highthreat_20260410_030216.csv,740,1289.0,7.91311093871218,160.0,0.0,96.0,551.0,348.0,102.0,32.0,vulnerable
multiple_runs_largerun_db_highthreat_20260410_030216.csv,multiple_runs_largerun_db_highthreat_20260410_030216.csv,741,939.0,25.34611288604899,48.0,0.0,1.0,259.0,367.0,238.0,26.0,vulnerable
multiple_runs_largerun_db_highthreat_20260410_030216.csv,multiple_runs_largerun_db_highthreat_20260410_030216.csv,742,1251.0,13.828936850519586,120.0,0.0,126.0,528.0,267.0,173.0,37.0,vulnerable
multiple_runs_largerun_db_highthreat_20260410_030216.csv,multiple_runs_largerun_db_highthreat_20260410_030216.csv,743,877.0,30.672748004561,60.0,0.0,23.0,153.0,355.0,269.0,17.0,vulnerable
multiple_runs_largerun_db_highthreat_20260410_030216.csv,multiple_runs_largerun_db_highthreat_20260410_030216.csv,744,1085.0,5.622119815668203,215.0,0.0,200.0,370.0,190.0,61.0,49.0,vulnerable
multiple_runs_largerun_db_highthreat_20260410_030216.csv,multiple_runs_largerun_db_highthreat_20260410_030216.csv,745,981.0,0.0,324.0,0.0,361.0,231.0,28.0,0.0,37.0,resilient
multiple_runs_largerun_db_highthreat_20260410_030216.csv,multiple_runs_largerun_db_highthreat_20260410_030216.csv,746,939.0,26.517571884984026,36.0,0.0,22.0,216.0,396.0,249.0,20.0,vulnerable
multiple_runs_largerun_db_highthreat_20260410_030216.csv,multiple_runs_largerun_db_highthreat_20260410_030216.csv,747,1176.0,13.435374149659864,102.0,1.0,50.0,475.0,357.0,158.0,33.0,vulnerable
multiple_runs_largerun_db_highthreat_20260410_030216.csv,multiple_runs_largerun_db_highthreat_20260410_030216.csv,748,889.0,0.8998875140607425,315.0,0.0,390.0,120.0,11.0,8.0,45.0,resilient
multiple_runs_largerun_db_highthreat_20260410_030216.csv,multiple_runs_largerun_db_highthreat_20260410_030216.csv,749,891.0,0.8978675645342313,314.0,0.0,384.0,128.0,10.0,8.0,47.0,resilient
multiple_runs_largerun_db_highthreat_20260410_030216.csv,multiple_runs_largerun_db_highthreat_20260410_030216.csv,750,1353.0,18.625277161862527,38.0,0.0,10.0,645.0,391.0,252.0,17.0,vulnerable
multiple_runs_largerun_db_highthreat_20260410_030216.csv,multiple_runs_largerun_db_highthreat_20260410_030216.csv,751,920.0,29.130434782608695,39.0,0.0,12.0,208.0,361.0,268.0,32.0,vulnerable
multiple_runs_largerun_db_highthreat_20260410_030216.csv,multiple_runs_largerun_db_highthreat_20260410_030216.csv,752,1051.0,22.835394862036157,80.0,0.0,20.0,309.0,381.0,240.0,21.0,vulnerable
multiple_runs_largerun_db_highthreat_20260410_030216.csv,multiple_runs_largerun_db_highthreat_20260410_030216.csv,753,982.0,0.9164969450101833,299.0,0.0,283.0,268.0,90.0,9.0,33.0,resilient
multiple_runs_largerun_db_highthreat_20260410_030216.csv,multiple_runs_largerun_db_highthreat_20260410_030216.csv,754,1059.0,19.263456090651555,83.0,0.0,0.0,341.0,399.0,204.0,32.0,vulnerable
multiple_runs_largerun_db_highthreat_20260410_030216.csv,multiple_runs_largerun_db_highthreat_20260410_030216.csv,755,1182.0,9.898477157360407,179.0,0.0,222.0,426.0,196.0,117.0,42.0,vulnerable
multiple_runs_largerun_db_highthreat_20260410_030216.csv,multiple_runs_largerun_db_highthreat_20260410_030216.csv,756,860.0,32.67441860465116,30.0,0.0,12.0,135.0,370.0,281.0,32.0,vulnerable
multiple_runs_largerun_db_highthreat_20260410_030216.csv,multiple_runs_largerun_db_highthreat_20260410_030216.csv,757,1055.0,25.023696682464454,37.0,0.0,17.0,315.0,395.0,264.0,27.0,vulnerable
multiple_runs_largerun_db_highthreat_20260410_030216.csv,multiple_runs_largerun_db_highthreat_20260410_030216.csv,758,922.0,0.0,303.0,0.0,347.0,191.0,44.0,0.0,37.0,resilient
multiple_runs_largerun_db_highthreat_20260410_030216.csv,multiple_runs_largerun_db_highthreat_20260410_030216.csv,759,1188.0,21.043771043771045,34.0,0.0,10.0,465.0,400.0,250.0,29.0,vulnerable
multiple_runs_largerun_db_highthreat_20260410_030216.csv,multiple_runs_largerun_db_highthreat_20260410_030216.csv,760,1135.0,7.929515418502203,235.0,0.0,83.0,402.0,300.0,90.0,25.0,vulnerable
multiple_runs_largerun_db_highthreat_20260410_030216.csv,multiple_runs_largerun_db_highthreat_20260410_030216.csv,761,980.0,0.8163265306122449,306.0,0.0,379.0,243.0,14.0,8.0,30.0,resilient
multiple_runs_largerun_db_highthreat_20260410_030216.csv,multiple_runs_largerun_db_highthreat_20260410_030216.csv,762,890.0,27.303370786516858,43.0,0.0,15.0,195.0,371.0,243.0,23.0,vulnerable
multiple_runs_largerun_db_highthreat_20260410_030216.csv,multiple_runs_largerun_db_highthreat_20260410_030216.csv,763,1020.0,23.52941176470588,42.0,0.0,5.0,283.0,426.0,240.0,24.0,vulnerable
multiple_runs_largerun_db_highthreat_20260410_030216.csv,multiple_runs_largerun_db_highthreat_20260410_030216.csv,764,799.0,2.6282853566958697,302.0,0.0,350.0,67.0,22.0,21.0,37.0,vulnerable
multiple_runs_largerun_db_highthreat_20260410_030216.csv,multiple_runs_largerun_db_highthreat_20260410_030216.csv,765,994.0,0.1006036217303823,288.0,0.0,262.0,284.0,114.0,1.0,45.0,resilient
multiple_runs_largerun_db_highthreat_20260410_030216.csv,multiple_runs_largerun_db_highthreat_20260410_030216.csv,766,995.0,26.532663316582916,42.0,0.0,3.0,235.0,425.0,264.0,26.0,vulnerable
multiple_runs_largerun_db_highthreat_20260410_030216.csv,multiple_runs_largerun_db_highthreat_20260410_030216.csv,767,1046.0,22.179732313575524,42.0,0.0,10.0,332.0,414.0,232.0,16.0,vulnerable
multiple_runs_largerun_db_highthreat_20260410_030216.csv,multiple_runs_largerun_db_highthreat_20260410_030216.csv,768,1005.0,1.0945273631840797,338.0,0.0,343.0,271.0,11.0,11.0,31.0,resilient
multiple_runs_largerun_db_highthreat_20260410_030216.csv,multiple_runs_largerun_db_highthreat_20260410_030216.csv,769,967.0,0.5170630816959669,310.0,0.0,339.0,239.0,38.0,5.0,36.0,resilient
multiple_runs_largerun_db_highthreat_20260410_030216.csv,multiple_runs_largerun_db_highthreat_20260410_030216.csv,770,916.0,30.458515283842797,49.0,0.0,14.0,180.0,372.0,279.0,22.0,vulnerable
multiple_runs_largerun_db_highthreat_20260410_030216.csv,multiple_runs_largerun_db_highthreat_20260410_030216.csv,771,1362.0,17.327459618208515,55.0,0.0,70.0,628.0,350.0,236.0,23.0,vulnerable
multiple_runs_largerun_db_highthreat_20260410_030216.csv,multiple_runs_largerun_db_highthreat_20260410_030216.csv,772,1290.0,21.782945736434108,43.0,0.0,18.0,554.0,370.0,281.0,24.0,vulnerable
multiple_runs_largerun_db_highthreat_20260410_030216.csv,multiple_runs_largerun_db_highthreat_20260410_030216.csv,773,1098.0,23.224043715846996,24.0,0.0,25.0,390.0,372.0,255.0,32.0,vulnerable
multiple_runs_largerun_db_highthreat_20260410_030216.csv,multiple_runs_largerun_db_highthreat_20260410_030216.csv,774,1342.0,14.605067064083457,54.0,0.0,39.0,659.0,352.0,196.0,42.0,vulnerable
multiple_runs_largerun_db_highthreat_20260410_030216.csv,multiple_runs_largerun_db_highthreat_20260410_030216.csv,775,1217.0,10.682004930156122,148.0,0.0,171.0,490.0,233.0,130.0,45.0,vulnerable
multiple_runs_largerun_db_highthreat_20260410_030216.csv,multiple_runs_largerun_db_highthreat_20260410_030216.csv,776,1308.0,14.755351681957189,102.0,0.0,121.0,575.0,268.0,193.0,49.0,vulnerable
multiple_runs_largerun_db_highthreat_20260410_030216.csv,multiple_runs_largerun_db_highthreat_20260410_030216.csv,777,1219.0,15.504511894995899,90.0,0.0,112.0,511.0,285.0,189.0,32.0,vulnerable
multiple_runs_largerun_db_highthreat_20260410_030216.csv,multiple_runs_largerun_db_highthreat_20260410_030216.csv,778,946.0,0.0,317.0,0.0,376.0,196.0,35.0,0.0,22.0,resilient
multiple_runs_largerun_db_highthreat_20260410_030216.csv,multiple_runs_largerun_db_highthreat_20260410_030216.csv,779,940.0,29.04255319148936,33.0,0.0,13.0,196.0,390.0,273.0,35.0,vulnerable
multiple_runs_largerun_db_highthreat_20260410_030216.csv,multiple_runs_largerun_db_highthreat_20260410_030216.csv,780,975.0,24.615384615384617,50.0,0.0,10.0,227.0,416.0,240.0,32.0,vulnerable
multiple_runs_largerun_db_highthreat_20260410_030216.csv,multiple_runs_largerun_db_highthreat_20260410_030216.csv,781,969.0,0.0,310.0,0.0,359.0,241.0,26.0,0.0,33.0,resilient
multiple_runs_largerun_db_highthreat_20260410_030216.csv,multiple_runs_largerun_db_highthreat_20260410_030216.csv,782,863.0,0.6952491309385863,246.0,0.0,373.0,202.0,11.0,6.0,25.0,resilient
multiple_runs_largerun_db_highthreat_20260410_030216.csv,multiple_runs_largerun_db_highthreat_20260410_030216.csv,783,1083.0,27.60849492151431,40.0,0.0,22.0,317.0,372.0,299.0,33.0,vulnerable
multiple_runs_largerun_db_highthreat_20260410_030216.csv,multiple_runs_largerun_db_highthreat_20260410_030216.csv,784,1392.0,20.474137931034484,41.0,0.0,16.0,673.0,348.0,285.0,29.0,vulnerable
multiple_runs_largerun_db_highthreat_20260410_030216.csv,multiple_runs_largerun_db_highthreat_20260410_030216.csv,785,1116.0,10.21505376344086,181.0,0.0,128.0,379.0,278.0,114.0,36.0,vulnerable
multiple_runs_largerun_db_highthreat_20260410_030216.csv,multiple_runs_largerun_db_highthreat_20260410_030216.csv,786,894.0,32.997762863534675,31.0,0.0,10.0,158.0,377.0,295.0,23.0,vulnerable
multiple_runs_largerun_db_highthreat_20260410_030216.csv,multiple_runs_largerun_db_highthreat_20260410_030216.csv,787,1064.0,24.342105263157894,30.0,0.0,19.0,372.0,347.0,259.0,37.0,vulnerable
multiple_runs_largerun_db_highthreat_20260410_030216.csv,multiple_runs_largerun_db_highthreat_20260410_030216.csv,788,997.0,26.980942828485453,65.0,0.0,15.0,260.0,369.0,269.0,19.0,vulnerable
multiple_runs_largerun_db_highthreat_20260410_030216.csv,multiple_runs_largerun_db_highthreat_20260410_030216.csv,789,1122.0,6.59536541889483,192.0,0.0,147.0,397.0,273.0,74.0,39.0,vulnerable
multiple_runs_largerun_db_highthreat_20260410_030216.csv,multiple_runs_largerun_db_highthreat_20260410_030216.csv,790,1056.0,20.833333333333336,63.0,0.0,48.0,336.0,360.0,220.0,29.0,vulnerable
multiple_runs_largerun_db_highthreat_20260410_030216.csv,multiple_runs_largerun_db_highthreat_20260410_030216.csv,791,1122.0,21.74688057040998,69.0,0.0,2.0,402.0,385.0,244.0,20.0,vulnerable
multiple_runs_largerun_db_highthreat_20260410_030216.csv,multiple_runs_largerun_db_highthreat_20260410_030216.csv,792,1025.0,23.414634146341466,54.0,0.0,11.0,321.0,372.0,240.0,27.0,vulnerable
multiple_runs_largerun_db_highthreat_20260410_030216.csv,multiple_runs_largerun_db_highthreat_20260410_030216.csv,793,1041.0,25.936599423631122,35.0,0.0,0.0,280.0,435.0,270.0,21.0,vulnerable
multiple_runs_largerun_db_highthreat_20260410_030216.csv,multiple_runs_largerun_db_highthreat_20260410_030216.csv,794,975.0,25.64102564102564,41.0,0.0,5.0,230.0,425.0,250.0,24.0,vulnerable
multiple_runs_largerun_db_highthreat_20260410_030216.csv,multiple_runs_largerun_db_highthreat_20260410_030216.csv,795,1015.0,21.182266009852217,60.0,0.0,0.0,322.0,390.0,215.0,28.0,vulnerable
multiple_runs_largerun_db_highthreat_20260410_030216.csv,multiple_runs_largerun_db_highthreat_20260410_030216.csv,796,995.0,23.115577889447238,58.0,0.0,6.0,273.0,399.0,230.0,29.0,vulnerable
multiple_runs_largerun_db_highthreat_20260410_030216.csv,multiple_runs_largerun_db_highthreat_20260410_030216.csv,797,1012.0,0.0,308.0,0.0,400.0,274.0,4.0,0.0,26.0,resilient
multiple_runs_largerun_db_highthreat_20260410_030216.csv,multiple_runs_largerun_db_highthreat_20260410_030216.csv,798,1226.0,9.216965742251224,191.0,0.0,55.0,503.0,333.0,113.0,31.0,vulnerable
multiple_runs_largerun_db_highthreat_20260410_030216.csv,multiple_runs_largerun_db_highthreat_20260410_030216.csv,799,1088.0,14.338235294117647,148.0,0.0,84.0,393.0,274.0,156.0,33.0,vulnerable
multiple_runs_largerun_db_highthreat_20260410_030216.csv,multiple_runs_largerun_db_highthreat_20260410_030216.csv,800,1218.0,3.776683087027915,254.0,0.0,168.0,477.0,235.0,46.0,38.0,vulnerable
multiple_runs_largerun_db_highthreat_20260410_030216.csv,multiple_runs_largerun_db_highthreat_20260410_030216.csv,801,1098.0,21.948998178506375,24.0,0.0,2.0,390.0,394.0,241.0,47.0,vulnerable
multiple_runs_largerun_db_highthreat_20260410_030216.csv,multiple_runs_largerun_db_highthreat_20260410_030216.csv,802,871.0,30.76923076923077,31.0,0.0,5.0,139.0,399.0,268.0,29.0,vulnerable
multiple_runs_largerun_db_highthreat_20260410_030216.csv,multiple_runs_largerun_db_highthreat_20260410_030216.csv,803,979.0,0.5107252298263534,311.0,0.0,319.0,240.0,74.0,5.0,30.0,resilient
multiple_runs_largerun_db_highthreat_20260410_030216.csv,multiple_runs_largerun_db_highthreat_20260410_030216.csv,804,1062.0,12.900188323917137,177.0,0.0,141.0,314.0,257.0,137.0,36.0,vulnerable
multiple_runs_largerun_db_highthreat_20260410_030216.csv,multiple_runs_largerun_db_highthreat_20260410_030216.csv,805,1047.0,1.3371537726838587,267.0,0.0,297.0,341.0,95.0,14.0,33.0,resilient
multiple_runs_largerun_db_highthreat_20260410_030216.csv,multiple_runs_largerun_db_highthreat_20260410_030216.csv,806,1116.0,19.71326164874552,48.0,0.0,2.0,403.0,415.0,220.0,28.0,vulnerable
multiple_runs_largerun_db_highthreat_20260410_030216.csv,multiple_runs_largerun_db_highthreat_20260410_030216.csv,807,1123.0,7.836153161175423,164.0,0.0,118.0,435.0,286.0,88.0,32.0,vulnerable
multiple_runs_largerun_db_highthreat_20260410_030216.csv,multiple_runs_largerun_db_highthreat_20260410_030216.csv,808,951.0,24.079915878023133,50.0,0.0,14.0,226.0,391.0,229.0,41.0,vulnerable
multiple_runs_largerun_db_highthreat_20260410_030216.csv,multiple_runs_largerun_db_highthreat_20260410_030216.csv,809,873.0,2.0618556701030926,291.0,0.0,375.0,135.0,19.0,18.0,35.0,vulnerable
multiple_runs_largerun_db_highthreat_20260410_030216.csv,multiple_runs_largerun_db_highthreat_20260410_030216.csv,810,1305.0,20.45977011494253,44.0,0.0,38.0,587.0,337.0,267.0,32.0,vulnerable
multiple_runs_largerun_db_highthreat_20260410_030216.csv,multiple_runs_largerun_db_highthreat_20260410_030216.csv,811,957.0,0.7314524555903866,277.0,0.0,284.0,250.0,118.0,7.0,21.0,resilient
multiple_runs_largerun_db_highthreat_20260410_030216.csv,multiple_runs_largerun_db_highthreat_20260410_030216.csv,812,1060.0,22.452830188679247,64.0,0.0,2.0,340.0,387.0,238.0,29.0,vulnerable
multiple_runs_largerun_db_highthreat_20260410_030216.csv,multiple_runs_largerun_db_highthreat_20260410_030216.csv,813,1026.0,23.976608187134502,44.0,0.0,12.0,295.0,410.0,246.0,19.0,vulnerable
multiple_runs_largerun_db_highthreat_20260410_030216.csv,multiple_runs_largerun_db_highthreat_20260410_030216.csv,814,982.0,0.0,320.0,0.0,368.0,262.0,1.0,0.0,31.0,resilient
multiple_runs_largerun_db_highthreat_20260410_030216.csv,multiple_runs_largerun_db_highthreat_20260410_030216.csv,815,1078.0,4.638218923933209,239.0,0.0,111.0,369.0,278.0,50.0,31.0,vulnerable
multiple_runs_largerun_db_highthreat_20260410_030216.csv,multiple_runs_largerun_db_highthreat_20260410_030216.csv,816,959.0,0.31282586027111575,316.0,0.0,392.0,205.0,15.0,3.0,28.0,resilient
multiple_runs_largerun_db_highthreat_20260410_030216.csv,multiple_runs_largerun_db_highthreat_20260410_030216.csv,817,985.0,26.091370558375637,56.0,0.0,6.0,262.0,374.0,257.0,30.0,vulnerable
multiple_runs_largerun_db_highthreat_20260410_030216.csv,multiple_runs_largerun_db_highthreat_20260410_030216.csv,818,973.0,23.43268242548818,65.0,0.0,8.0,278.0,370.0,228.0,24.0,vulnerable
multiple_runs_largerun_db_highthreat_20260410_030216.csv,multiple_runs_largerun_db_highthreat_20260410_030216.csv,819,918.0,1.1982570806100217,302.0,0.0,327.0,184.0,42.0,11.0,52.0,resilient
multiple_runs_largerun_db_highthreat_20260410_030216.csv,multiple_runs_largerun_db_highthreat_20260410_030216.csv,820,1016.0,26.279527559055115,40.0,0.0,11.0,281.0,382.0,267.0,35.0,vulnerable
multiple_runs_largerun_db_highthreat_20260410_030216.csv,multiple_runs_largerun_db_highthreat_20260410_030216.csv,821,899.0,25.917686318131256,36.0,0.0,8.0,206.0,386.0,233.0,30.0,vulnerable
multiple_runs_largerun_db_highthreat_20260410_030216.csv,multiple_runs_largerun_db_highthreat_20260410_030216.csv,822,1011.0,22.65084075173096,46.0,0.0,0.0,310.0,410.0,229.0,16.0,vulnerable
multiple_runs_largerun_db_highthreat_20260410_030216.csv,multiple_runs_largerun_db_highthreat_20260410_030216.csv,823,862.0,0.0,319.0,0.0,311.0,130.0,62.0,0.0,40.0,resilient
multiple_runs_largerun_db_highthreat_20260410_030216.csv,multiple_runs_largerun_db_highthreat_20260410_030216.csv,824,984.0,25.508130081300813,52.0,0.0,12.0,234.0,404.0,251.0,31.0,vulnerable
multiple_runs_largerun_db_highthreat_20260410_030216.csv,multiple_runs_largerun_db_highthreat_20260410_030216.csv,825,1084.0,0.09225092250922509,352.0,0.0,357.0,310.0,40.0,1.0,24.0,resilient
multiple_runs_largerun_db_highthreat_20260410_030216.csv,multiple_runs_largerun_db_highthreat_20260410_030216.csv,826,990.0,1.2121212121212122,302.0,0.0,332.0,246.0,61.0,12.0,37.0,resilient
multiple_runs_largerun_db_highthreat_20260410_030216.csv,multiple_runs_largerun_db_highthreat_20260410_030216.csv,827,954.0,25.471698113207548,65.0,0.0,13.0,254.0,358.0,243.0,21.0,vulnerable
multiple_runs_largerun_db_highthreat_20260410_030216.csv,multiple_runs_largerun_db_highthreat_20260410_030216.csv,828,909.0,0.0,298.0,0.0,306.0,209.0,64.0,0.0,32.0,resilient
multiple_runs_largerun_db_highthreat_20260410_030216.csv,multiple_runs_largerun_db_highthreat_20260410_030216.csv,829,1028.0,1.6536964980544748,313.0,0.0,361.0,280.0,31.0,17.0,26.0,resilient
multiple_runs_largerun_db_highthreat_20260410_030216.csv,multiple_runs_largerun_db_highthreat_20260410_030216.csv,830,1004.0,0.49800796812749004,298.0,0.0,376.0,250.0,39.0,5.0,36.0,resilient
multiple_runs_largerun_db_highthreat_20260410_030216.csv,multiple_runs_largerun_db_highthreat_20260410_030216.csv,831,1176.0,12.329931972789115,85.0,0.0,21.0,508.0,389.0,145.0,28.0,vulnerable
multiple_runs_largerun_db_highthreat_20260410_030216.csv,multiple_runs_largerun_db_highthreat_20260410_030216.csv,832,1056.0,0.0,325.0,0.0,361.0,258.0,69.0,0.0,43.0,resilient
multiple_runs_largerun_db_highthreat_20260410_030216.csv,multiple_runs_largerun_db_highthreat_20260410_030216.csv,833,1069.0,21.234798877455567,68.0,0.0,27.0,339.0,386.0,227.0,22.0,vulnerable
multiple_runs_largerun_db_highthreat_20260410_030216.csv,multiple_runs_largerun_db_highthreat_20260410_030216.csv,834,964.0,25.0,57.0,0.0,3.0,242.0,387.0,241.0,34.0,vulnerable
multiple_runs_largerun_db_highthreat_20260410_030216.csv,multiple_runs_largerun_db_highthreat_20260410_030216.csv,835,912.0,29.385964912280706,41.0,0.0,0.0,198.0,384.0,268.0,21.0,vulnerable
multiple_runs_largerun_db_highthreat_20260410_030216.csv,multiple_runs_largerun_db_highthreat_20260410_030216.csv,836,873.0,0.8018327605956471,327.0,0.0,359.0,140.0,3.0,7.0,37.0,resilient
multiple_runs_largerun_db_highthreat_20260410_030216.csv,multiple_runs_largerun_db_highthreat_20260410_030216.csv,837,1052.0,23.00380228136882,50.0,0.0,15.0,337.0,382.0,242.0,26.0,vulnerable
multiple_runs_largerun_db_highthreat_20260410_030216.csv,multiple_runs_largerun_db_highthreat_20260410_030216.csv,838,977.0,0.0,297.0,0.0,333.0,250.0,57.0,0.0,40.0,resilient
multiple_runs_largerun_db_highthreat_20260410_030216.csv,multiple_runs_largerun_db_highthreat_20260410_030216.csv,839,1196.0,22.49163879598662,26.0,0.0,136.0,498.0,231.0,269.0,36.0,vulnerable
multiple_runs_largerun_db_highthreat_20260410_030216.csv,multiple_runs_largerun_db_highthreat_20260410_030216.csv,840,983.0,10.783316378433367,226.0,0.0,209.0,256.0,149.0,106.0,37.0,vulnerable
multiple_runs_largerun_db_highthreat_20260410_030216.csv,multiple_runs_largerun_db_highthreat_20260410_030216.csv,841,952.0,21.428571428571427,28.0,0.0,0.0,285.0,396.0,204.0,39.0,vulnerable
multiple_runs_largerun_db_highthreat_20260410_030216.csv,multiple_runs_largerun_db_highthreat_20260410_030216.csv,842,1114.0,12.208258527827647,150.0,0.0,172.0,397.0,217.0,136.0,42.0,vulnerable
multiple_runs_largerun_db_highthreat_20260410_030216.csv,multiple_runs_largerun_db_highthreat_20260410_030216.csv,843,937.0,26.57417289220918,41.0,0.0,18.0,203.0,399.0,249.0,27.0,vulnerable
multiple_runs_largerun_db_highthreat_20260410_030216.csv,multiple_runs_largerun_db_highthreat_20260410_030216.csv,844,1268.0,19.16403785488959,60.0,0.0,31.0,540.0,369.0,243.0,25.0,vulnerable
multiple_runs_largerun_db_highthreat_20260410_030216.csv,multiple_runs_largerun_db_highthreat_20260410_030216.csv,845,1050.0,22.666666666666664,35.0,0.0,0.0,341.0,399.0,238.0,37.0,vulnerable
multiple_runs_largerun_db_highthreat_20260410_030216.csv,multiple_runs_largerun_db_highthreat_20260410_030216.csv,846,1000.0,25.4,45.0,0.0,17.0,283.0,370.0,254.0,31.0,vulnerable
multiple_runs_largerun_db_highthreat_20260410_030216.csv,multiple_runs_largerun_db_highthreat_20260410_030216.csv,847,1038.0,23.314065510597302,31.0,0.0,7.0,329.0,393.0,242.0,36.0,vulnerable
multiple_runs_largerun_db_highthreat_20260410_030216.csv,multiple_runs_largerun_db_highthreat_20260410_030216.csv,848,906.0,0.11037527593818984,273.0,0.0,375.0,182.0,39.0,1.0,36.0,resilient
multiple_runs_largerun_db_highthreat_20260410_030216.csv,multiple_runs_largerun_db_highthreat_20260410_030216.csv,849,1024.0,0.0,312.0,0.0,388.0,285.0,6.0,0.0,33.0,resilient
multiple_runs_largerun_db_highthreat_20260410_030216.csv,multiple_runs_largerun_db_highthreat_20260410_030216.csv,850,948.0,27.531645569620256,39.0,0.0,2.0,223.0,398.0,261.0,25.0,vulnerable
multiple_runs_largerun_db_highthreat_20260410_030216.csv,multiple_runs_largerun_db_highthreat_20260410_030216.csv,851,1320.0,17.196969696969695,68.0,0.0,34.0,602.0,370.0,227.0,19.0,vulnerable
multiple_runs_largerun_db_highthreat_20260410_030216.csv,multiple_runs_largerun_db_highthreat_20260410_030216.csv,852,914.0,28.555798687089716,68.0,0.0,27.0,153.0,380.0,261.0,25.0,vulnerable
multiple_runs_largerun_db_highthreat_20260410_030216.csv,multiple_runs_largerun_db_highthreat_20260410_030216.csv,853,987.0,26.13981762917933,46.0,0.0,4.0,233.0,409.0,258.0,37.0,vulnerable
multiple_runs_largerun_db_highthreat_20260410_030216.csv,multiple_runs_largerun_db_highthreat_20260410_030216.csv,854,1056.0,21.875,62.0,0.0,30.0,329.0,372.0,231.0,32.0,vulnerable
multiple_runs_largerun_db_highthreat_20260410_030216.csv,multiple_runs_largerun_db_highthreat_20260410_030216.csv,855,1222.0,14.566284779050736,111.0,0.0,100.0,481.0,310.0,178.0,42.0,vulnerable
multiple_runs_largerun_db_highthreat_20260410_030216.csv,multiple_runs_largerun_db_highthreat_20260410_030216.csv,856,917.0,0.21810250817884408,322.0,0.0,373.0,183.0,8.0,2.0,29.0,resilient
multiple_runs_largerun_db_highthreat_20260410_030216.csv,multiple_runs_largerun_db_highthreat_20260410_030216.csv,857,1323.0,17.08238851095994,73.0,0.0,57.0,598.0,331.0,226.0,38.0,vulnerable
multiple_runs_largerun_db_highthreat_20260410_030216.csv,multiple_runs_largerun_db_highthreat_20260410_030216.csv,858,985.0,23.95939086294416,52.0,0.0,2.0,262.0,390.0,236.0,43.0,vulnerable
multiple_runs_largerun_db_highthreat_20260410_030216.csv,multiple_runs_largerun_db_highthreat_20260410_030216.csv,859,1275.0,19.450980392156865,62.0,1.0,16.0,535.0,388.0,248.0,25.0,vulnerable
multiple_runs_largerun_db_highthreat_20260410_030216.csv,multiple_runs_largerun_db_highthreat_20260410_030216.csv,860,1140.0,17.45614035087719,88.0,0.0,31.0,419.0,357.0,199.0,46.0,vulnerable
multiple_runs_largerun_db_highthreat_20260410_030216.csv,multiple_runs_largerun_db_highthreat_20260410_030216.csv,861,1206.0,17.66169154228856,76.0,0.0,29.0,467.0,385.0,213.0,36.0,vulnerable
multiple_runs_largerun_db_highthreat_20260410_030216.csv,multiple_runs_largerun_db_highthreat_20260410_030216.csv,862,1168.0,8.98972602739726,177.0,0.0,149.0,430.0,265.0,105.0,42.0,vulnerable
multiple_runs_largerun_db_highthreat_20260410_030216.csv,multiple_runs_largerun_db_highthreat_20260410_030216.csv,863,1162.0,5.163511187607573,236.0,0.0,205.0,420.0,209.0,60.0,32.0,vulnerable
multiple_runs_largerun_db_highthreat_20260410_030216.csv,multiple_runs_largerun_db_highthreat_20260410_030216.csv,864,1386.0,19.336219336219337,44.0,0.0,14.0,641.0,383.0,268.0,36.0,vulnerable
multiple_runs_largerun_db_highthreat_20260410_030216.csv,multiple_runs_largerun_db_highthreat_20260410_030216.csv,865,890.0,1.6853932584269662,295.0,0.0,349.0,150.0,51.0,15.0,30.0,resilient
multiple_runs_largerun_db_highthreat_20260410_030216.csv,multiple_runs_largerun_db_highthreat_20260410_030216.csv,866,1118.0,8.85509838998211,204.0,0.0,139.0,404.0,235.0,99.0,37.0,vulnerable
multiple_runs_largerun_db_highthreat_20260410_030216.csv,multiple_runs_largerun_db_highthreat_20260410_030216.csv,867,1062.0,22.78719397363465,71.0,0.0,25.0,322.0,368.0,242.0,34.0,vulnerable
multiple_runs_largerun_db_highthreat_20260410_030216.csv,multiple_runs_largerun_db_highthreat_20260410_030216.csv,868,931.0,28.356605800214822,38.0,0.0,13.0,219.0,372.0,264.0,25.0,vulnerable
multiple_runs_largerun_db_highthreat_20260410_030216.csv,multiple_runs_largerun_db_highthreat_20260410_030216.csv,869,1023.0,0.5865102639296188,299.0,0.0,350.0,265.0,65.0,6.0,38.0,resilient
multiple_runs_largerun_db_highthreat_20260410_030216.csv,multiple_runs_largerun_db_highthreat_20260410_030216.csv,870,950.0,1.0526315789473684,286.0,0.0,377.0,236.0,24.0,10.0,17.0,resilient
multiple_runs_largerun_db_highthreat_20260410_030216.csv,multiple_runs_largerun_db_highthreat_20260410_030216.csv,871,1034.0,0.0,300.0,0.0,362.0,287.0,37.0,0.0,48.0,resilient
multiple_runs_largerun_db_highthreat_20260410_030216.csv,multiple_runs_largerun_db_highthreat_20260410_030216.csv,872,1202.0,21.713810316139767,59.0,0.0,28.0,450.0,384.0,261.0,20.0,vulnerable
multiple_runs_largerun_db_highthreat_20260410_030216.csv,multiple_runs_largerun_db_highthreat_20260410_030216.csv,873,943.0,0.10604453870625664,306.0,0.0,331.0,233.0,31.0,1.0,41.0,resilient
multiple_runs_largerun_db_highthreat_20260410_030216.csv,multiple_runs_largerun_db_highthreat_20260410_030216.csv,874,950.0,1.1578947368421053,299.0,0.0,272.0,237.0,99.0,11.0,32.0,resilient
multiple_runs_largerun_db_highthreat_20260410_030216.csv,multiple_runs_largerun_db_highthreat_20260410_030216.csv,875,881.0,0.4540295119182747,300.0,0.0,370.0,159.0,18.0,4.0,30.0,resilient
multiple_runs_largerun_db_highthreat_20260410_030216.csv,multiple_runs_largerun_db_highthreat_20260410_030216.csv,876,1058.0,26.27599243856333,58.0,0.0,7.0,321.0,372.0,278.0,22.0,vulnerable
multiple_runs_largerun_db_highthreat_20260410_030216.csv,multiple_runs_largerun_db_highthreat_20260410_030216.csv,877,1149.0,16.710182767624023,102.0,0.0,87.0,440.0,302.0,192.0,26.0,vulnerable
multiple_runs_largerun_db_highthreat_20260410_030216.csv,multiple_runs_largerun_db_highthreat_20260410_030216.csv,878,1084.0,24.261992619926197,46.0,0.0,6.0,355.0,388.0,263.0,26.0,vulnerable
multiple_runs_largerun_db_highthreat_20260410_030216.csv,multiple_runs_largerun_db_highthreat_20260410_030216.csv,879,1103.0,23.390752493200363,39.0,0.0,12.0,386.0,373.0,258.0,35.0,vulnerable
multiple_runs_largerun_db_highthreat_20260410_030216.csv,multiple_runs_largerun_db_highthreat_20260410_030216.csv,880,945.0,27.936507936507937,47.0,0.0,10.0,209.0,382.0,264.0,33.0,vulnerable
multiple_runs_largerun_db_highthreat_20260410_030216.csv,multiple_runs_largerun_db_highthreat_20260410_030216.csv,881,1031.0,22.114451988360813,70.0,0.0,8.0,301.0,385.0,228.0,39.0,vulnerable
multiple_runs_largerun_db_highthreat_20260410_030216.csv,multiple_runs_largerun_db_highthreat_20260410_030216.csv,882,1142.0,5.253940455341506,190.0,0.0,155.0,429.0,273.0,60.0,35.0,vulnerable
multiple_runs_largerun_db_highthreat_20260410_030216.csv,multiple_runs_largerun_db_highthreat_20260410_030216.csv,883,995.0,1.507537688442211,304.0,0.0,344.0,249.0,49.0,15.0,34.0,resilient
multiple_runs_largerun_db_highthreat_20260410_030216.csv,multiple_runs_largerun_db_highthreat_20260410_030216.csv,884,1207.0,5.550952775476388,216.0,0.0,192.0,467.0,222.0,67.0,43.0,vulnerable
multiple_runs_largerun_db_highthreat_20260410_030216.csv,multiple_runs_largerun_db_highthreat_20260410_030216.csv,885,952.0,28.57142857142857,47.0,0.0,11.0,213.0,378.0,272.0,31.0,vulnerable
multiple_runs_largerun_db_highthreat_20260410_030216.csv,multiple_runs_largerun_db_highthreat_20260410_030216.csv,886,1160.0,17.67241379310345,112.0,0.0,157.0,418.0,227.0,205.0,41.0,vulnerable
multiple_runs_largerun_db_highthreat_20260410_030216.csv,multiple_runs_largerun_db_highthreat_20260410_030216.csv,887,1179.0,6.615776081424936,232.0,0.0,174.0,442.0,214.0,78.0,39.0,vulnerable
multiple_runs_largerun_db_highthreat_20260410_030216.csv,multiple_runs_largerun_db_highthreat_20260410_030216.csv,888,971.0,0.0,273.0,0.0,326.0,272.0,55.0,0.0,45.0,resilient
multiple_runs_largerun_db_highthreat_20260410_030216.csv,multiple_runs_largerun_db_highthreat_20260410_030216.csv,889,983.0,0.10172939979654119,279.0,0.0,310.0,254.0,100.0,1.0,39.0,resilient
multiple_runs_largerun_db_highthreat_20260410_030216.csv,multiple_runs_largerun_db_highthreat_20260410_030216.csv,890,1022.0,26.320939334637966,57.0,0.0,0.0,282.0,389.0,269.0,25.0,vulnerable
multiple_runs_largerun_db_highthreat_20260410_030216.csv,multiple_runs_largerun_db_highthreat_20260410_030216.csv,891,1009.0,26.957383548067394,71.0,0.0,6.0,248.0,388.0,272.0,24.0,vulnerable
multiple_runs_largerun_db_highthreat_20260410_030216.csv,multiple_runs_largerun_db_highthreat_20260410_030216.csv,892,951.0,0.0,301.0,0.0,364.0,232.0,18.0,0.0,36.0,resilient
multiple_runs_largerun_db_highthreat_20260410_030216.csv,multiple_runs_largerun_db_highthreat_20260410_030216.csv,893,1292.0,12.15170278637771,116.0,0.0,58.0,571.0,355.0,157.0,35.0,vulnerable
multiple_runs_largerun_db_highthreat_20260410_030216.csv,multiple_runs_largerun_db_highthreat_20260410_030216.csv,894,865.0,27.976878612716767,47.0,0.0,1.0,154.0,395.0,242.0,26.0,vulnerable
multiple_runs_largerun_db_highthreat_20260410_030216.csv,multiple_runs_largerun_db_highthreat_20260410_030216.csv,895,987.0,0.0,310.0,0.0,369.0,262.0,10.0,0.0,36.0,resilient
multiple_runs_largerun_db_highthreat_20260410_030216.csv,multiple_runs_largerun_db_highthreat_20260410_030216.csv,896,976.0,26.84426229508197,40.0,0.0,9.0,265.0,370.0,262.0,30.0,vulnerable
multiple_runs_largerun_db_highthreat_20260410_030216.csv,multiple_runs_largerun_db_highthreat_20260410_030216.csv,897,1113.0,19.137466307277627,85.0,0.0,14.0,379.0,394.0,213.0,28.0,vulnerable
multiple_runs_largerun_db_highthreat_20260410_030216.csv,multiple_runs_largerun_db_highthreat_20260410_030216.csv,898,942.0,0.42462845010615713,251.0,0.0,271.0,280.0,97.0,4.0,39.0,resilient
multiple_runs_largerun_db_highthreat_20260410_030216.csv,multiple_runs_largerun_db_highthreat_20260410_030216.csv,899,1052.0,24.334600760456272,72.0,0.0,69.0,313.0,315.0,256.0,27.0,vulnerable
multiple_runs_largerun_db_highthreat_20260410_030216.csv,multiple_runs_largerun_db_highthreat_20260410_030216.csv,900,983.0,0.0,302.0,1.0,383.0,260.0,9.0,0.0,28.0,resilient
multiple_runs_largerun_db_highthreat_20260410_030216.csv,multiple_runs_largerun_db_highthreat_20260410_030216.csv,901,964.0,0.0,300.0,0.0,394.0,211.0,19.0,0.0,40.0,resilient
multiple_runs_largerun_db_highthreat_20260410_030216.csv,multiple_runs_largerun_db_highthreat_20260410_030216.csv,902,961.0,0.41623309053069724,304.0,0.0,368.0,200.0,40.0,4.0,45.0,resilient
multiple_runs_largerun_db_highthreat_20260410_030216.csv,multiple_runs_largerun_db_highthreat_20260410_030216.csv,903,1188.0,13.552188552188552,112.0,0.0,79.0,486.0,318.0,161.0,32.0,vulnerable
multiple_runs_largerun_db_highthreat_20260410_030216.csv,multiple_runs_largerun_db_highthreat_20260410_030216.csv,904,1117.0,19.964189794091318,63.0,0.0,1.0,402.0,401.0,223.0,27.0,vulnerable
multiple_runs_largerun_db_highthreat_20260410_030216.csv,multiple_runs_largerun_db_highthreat_20260410_030216.csv,905,1184.0,24.83108108108108,40.0,0.0,16.0,445.0,368.0,294.0,21.0,vulnerable
multiple_runs_largerun_db_highthreat_20260410_030216.csv,multiple_runs_largerun_db_highthreat_20260410_030216.csv,906,1001.0,0.7992007992007992,302.0,0.0,364.0,256.0,38.0,8.0,33.0,resilient
multiple_runs_largerun_db_highthreat_20260410_030216.csv,multiple_runs_largerun_db_highthreat_20260410_030216.csv,907,1188.0,19.023569023569024,53.0,0.0,45.0,489.0,343.0,226.0,32.0,vulnerable
multiple_runs_largerun_db_highthreat_20260410_030216.csv,multiple_runs_largerun_db_highthreat_20260410_030216.csv,908,874.0,0.6864988558352403,309.0,0.0,320.0,115.0,83.0,6.0,41.0,resilient
multiple_runs_largerun_db_highthreat_20260410_030216.csv,multiple_runs_largerun_db_highthreat_20260410_030216.csv,909,882.0,0.7936507936507936,322.0,0.0,352.0,125.0,36.0,7.0,40.0,resilient
multiple_runs_largerun_db_highthreat_20260410_030216.csv,multiple_runs_largerun_db_highthreat_20260410_030216.csv,910,1199.0,11.509591326105086,153.0,2.0,27.0,465.0,386.0,138.0,28.0,vulnerable
multiple_runs_largerun_db_highthreat_20260410_030216.csv,multiple_runs_largerun_db_highthreat_20260410_030216.csv,911,1004.0,21.812749003984063,88.0,0.0,2.0,284.0,386.0,219.0,25.0,vulnerable
multiple_runs_largerun_db_highthreat_20260410_030216.csv,multiple_runs_largerun_db_highthreat_20260410_030216.csv,912,1084.0,6.4575645756457565,200.0,0.0,177.0,377.0,224.0,70.0,36.0,vulnerable
multiple_runs_largerun_db_highthreat_20260410_030216.csv,multiple_runs_largerun_db_highthreat_20260410_030216.csv,913,950.0,24.31578947368421,48.0,0.0,8.0,243.0,386.0,231.0,34.0,vulnerable
multiple_runs_largerun_db_highthreat_20260410_030216.csv,multiple_runs_largerun_db_highthreat_20260410_030216.csv,914,935.0,32.51336898395722,49.0,0.0,1.0,178.0,387.0,304.0,16.0,vulnerable
multiple_runs_largerun_db_highthreat_20260410_030216.csv,multiple_runs_largerun_db_highthreat_20260410_030216.csv,915,985.0,27.30964467005076,41.0,0.0,12.0,255.0,384.0,269.0,24.0,vulnerable
multiple_runs_largerun_db_highthreat_20260410_030216.csv,multiple_runs_largerun_db_highthreat_20260410_030216.csv,916,813.0,0.8610086100861009,294.0,0.0,393.0,59.0,21.0,7.0,39.0,resilient
multiple_runs_largerun_db_highthreat_20260410_030216.csv,multiple_runs_largerun_db_highthreat_20260410_030216.csv,917,1074.0,0.0,312.0,0.0,374.0,306.0,52.0,0.0,30.0,resilient
multiple_runs_largerun_db_highthreat_20260410_030216.csv,multiple_runs_largerun_db_highthreat_20260410_030216.csv,918,1264.0,15.110759493670885,76.0,0.0,54.0,576.0,342.0,191.0,25.0,vulnerable
multiple_runs_largerun_db_highthreat_20260410_030216.csv,multiple_runs_largerun_db_highthreat_20260410_030216.csv,919,998.0,0.7014028056112225,269.0,0.0,373.0,285.0,36.0,7.0,28.0,resilient
multiple_runs_largerun_db_highthreat_20260410_030216.csv,multiple_runs_largerun_db_highthreat_20260410_030216.csv,920,1376.0,19.912790697674417,43.0,0.0,13.0,642.0,371.0,274.0,33.0,vulnerable
multiple_runs_largerun_db_highthreat_20260410_030216.csv,multiple_runs_largerun_db_highthreat_20260410_030216.csv,921,997.0,0.0,268.0,0.0,294.0,299.0,100.0,0.0,36.0,resilient
multiple_runs_largerun_db_highthreat_20260410_030216.csv,multiple_runs_largerun_db_highthreat_20260410_030216.csv,922,1178.0,19.35483870967742,68.0,0.0,8.0,475.0,381.0,228.0,18.0,vulnerable
multiple_runs_largerun_db_highthreat_20260410_030216.csv,multiple_runs_largerun_db_highthreat_20260410_030216.csv,923,951.0,0.10515247108307045,321.0,0.0,377.0,186.0,28.0,1.0,38.0,resilient
multiple_runs_largerun_db_highthreat_20260410_030216.csv,multiple_runs_largerun_db_highthreat_20260410_030216.csv,924,1027.0,23.953261927945473,63.0,0.0,8.0,298.0,370.0,246.0,42.0,vulnerable
multiple_runs_largerun_db_highthreat_20260410_030216.csv,multiple_runs_largerun_db_highthreat_20260410_030216.csv,925,1031.0,23.95732298739088,62.0,0.0,5.0,281.0,392.0,247.0,44.0,vulnerable
multiple_runs_largerun_db_highthreat_20260410_030216.csv,multiple_runs_largerun_db_highthreat_20260410_030216.csv,926,1054.0,21.347248576850095,51.0,0.0,16.0,341.0,388.0,225.0,33.0,vulnerable
multiple_runs_largerun_db_highthreat_20260410_030216.csv,multiple_runs_largerun_db_highthreat_20260410_030216.csv,927,1120.0,20.714285714285715,57.0,0.0,22.0,405.0,373.0,232.0,31.0,vulnerable
multiple_runs_largerun_db_highthreat_20260410_030216.csv,multiple_runs_largerun_db_highthreat_20260410_030216.csv,928,947.0,26.927138331573392,39.0,0.0,19.0,230.0,379.0,255.0,25.0,vulnerable
multiple_runs_largerun_db_highthreat_20260410_030216.csv,multiple_runs_largerun_db_highthreat_20260410_030216.csv,929,900.0,0.0,291.0,0.0,310.0,194.0,72.0,0.0,33.0,resilient
multiple_runs_largerun_db_highthreat_20260410_030216.csv,multiple_runs_largerun_db_highthreat_20260410_030216.csv,930,964.0,26.6597510373444,31.0,0.0,10.0,228.0,417.0,257.0,21.0,vulnerable
multiple_runs_largerun_db_highthreat_20260410_030216.csv,multiple_runs_largerun_db_highthreat_20260410_030216.csv,931,1218.0,17.898193760262725,95.0,0.0,47.0,498.0,329.0,218.0,31.0,vulnerable
multiple_runs_largerun_db_highthreat_20260410_030216.csv,multiple_runs_largerun_db_highthreat_20260410_030216.csv,932,858.0,1.282051282051282,292.0,0.0,362.0,112.0,48.0,11.0,33.0,resilient
multiple_runs_largerun_db_highthreat_20260410_030216.csv,multiple_runs_largerun_db_highthreat_20260410_030216.csv,933,909.0,3.1903190319031904,266.0,0.0,375.0,190.0,24.0,29.0,25.0,vulnerable
multiple_runs_largerun_db_highthreat_20260410_030216.csv,multiple_runs_largerun_db_highthreat_20260410_030216.csv,934,1047.0,0.6685768863419294,279.0,0.0,313.0,303.0,108.0,7.0,37.0,resilient
multiple_runs_largerun_db_highthreat_20260410_030216.csv,multiple_runs_largerun_db_highthreat_20260410_030216.csv,935,943.0,1.9088016967126193,291.0,0.0,306.0,223.0,70.0,18.0,35.0,resilient
multiple_runs_largerun_db_highthreat_20260410_030216.csv,multiple_runs_largerun_db_highthreat_20260410_030216.csv,936,809.0,2.595797280593325,314.0,0.0,364.0,59.0,7.0,21.0,44.0,vulnerable
multiple_runs_largerun_db_highthreat_20260410_030216.csv,multiple_runs_largerun_db_highthreat_20260410_030216.csv,937,1306.0,16.69218989280245,52.0,0.0,5.0,594.0,407.0,218.0,30.0,vulnerable
multiple_runs_largerun_db_highthreat_20260410_030216.csv,multiple_runs_largerun_db_highthreat_20260410_030216.csv,938,931.0,28.24919441460795,39.0,0.0,4.0,219.0,372.0,263.0,34.0,vulnerable
multiple_runs_largerun_db_highthreat_20260410_030216.csv,multiple_runs_largerun_db_highthreat_20260410_030216.csv,939,882.0,0.0,318.0,0.0,387.0,120.0,27.0,0.0,30.0,resilient
multiple_runs_largerun_db_highthreat_20260410_030216.csv,multiple_runs_largerun_db_highthreat_20260410_030216.csv,940,897.0,0.0,293.0,0.0,332.0,151.0,84.0,0.0,37.0,resilient
multiple_runs_largerun_db_highthreat_20260410_030216.csv,multiple_runs_largerun_db_highthreat_20260410_030216.csv,941,1045.0,21.72248803827751,57.0,0.0,12.0,324.0,398.0,227.0,27.0,vulnerable
multiple_runs_largerun_db_highthreat_20260410_030216.csv,multiple_runs_largerun_db_highthreat_20260410_030216.csv,942,1055.0,21.61137440758294,63.0,0.0,2.0,334.0,406.0,228.0,22.0,vulnerable
multiple_runs_largerun_db_highthreat_20260410_030216.csv,multiple_runs_largerun_db_highthreat_20260410_030216.csv,943,1140.0,7.80701754385965,202.0,0.0,199.0,426.0,198.0,89.0,26.0,vulnerable
multiple_runs_largerun_db_highthreat_20260410_030216.csv,multiple_runs_largerun_db_highthreat_20260410_030216.csv,944,925.0,0.21621621621621623,326.0,0.0,371.0,174.0,23.0,2.0,29.0,resilient
multiple_runs_largerun_db_highthreat_20260410_030216.csv,multiple_runs_largerun_db_highthreat_20260410_030216.csv,945,1145.0,6.899563318777292,215.0,0.0,125.0,406.0,292.0,79.0,28.0,vulnerable
multiple_runs_largerun_db_highthreat_20260410_030216.csv,multiple_runs_largerun_db_highthreat_20260410_030216.csv,946,808.0,0.7425742574257426,324.0,0.0,382.0,64.0,1.0,6.0,31.0,resilient
multiple_runs_largerun_db_highthreat_20260410_030216.csv,multiple_runs_largerun_db_highthreat_20260410_030216.csv,947,982.0,0.10183299389002036,284.0,0.0,345.0,241.0,73.0,1.0,38.0,resilient
multiple_runs_largerun_db_highthreat_20260410_030216.csv,multiple_runs_largerun_db_highthreat_20260410_030216.csv,948,948.0,0.949367088607595,325.0,0.0,315.0,189.0,82.0,9.0,28.0,resilient
multiple_runs_largerun_db_highthreat_20260410_030216.csv,multiple_runs_largerun_db_highthreat_20260410_030216.csv,949,969.0,27.86377708978328,46.0,0.0,0.0,235.0,391.0,270.0,27.0,vulnerable
multiple_runs_largerun_db_highthreat_20260410_030216.csv,multiple_runs_largerun_db_highthreat_20260410_030216.csv,950,1193.0,13.830678960603521,144.0,0.0,68.0,469.0,313.0,165.0,34.0,vulnerable
multiple_runs_largerun_db_highthreat_20260410_030216.csv,multiple_runs_largerun_db_highthreat_20260410_030216.csv,951,988.0,23.987854251012145,72.0,0.0,24.0,240.0,387.0,237.0,28.0,vulnerable
multiple_runs_largerun_db_highthreat_20260410_030216.csv,multiple_runs_largerun_db_highthreat_20260410_030216.csv,952,1061.0,15.551366635249764,121.0,0.0,20.0,356.0,368.0,165.0,31.0,vulnerable
multiple_runs_largerun_db_highthreat_20260410_030216.csv,multiple_runs_largerun_db_highthreat_20260410_030216.csv,953,923.0,0.3250270855904659,302.0,1.0,358.0,205.0,25.0,3.0,29.0,resilient
multiple_runs_largerun_db_highthreat_20260410_030216.csv,multiple_runs_largerun_db_highthreat_20260410_030216.csv,954,1001.0,7.592407592407592,266.0,0.0,327.0,254.0,42.0,76.0,36.0,vulnerable
multiple_runs_largerun_db_highthreat_20260410_030216.csv,multiple_runs_largerun_db_highthreat_20260410_030216.csv,955,1246.0,6.982343499197431,213.0,0.0,185.0,497.0,225.0,87.0,39.0,vulnerable
multiple_runs_largerun_db_highthreat_20260410_030216.csv,multiple_runs_largerun_db_highthreat_20260410_030216.csv,956,914.0,27.461706783369806,53.0,0.0,9.0,201.0,368.0,251.0,32.0,vulnerable
multiple_runs_largerun_db_highthreat_20260410_030216.csv,multiple_runs_largerun_db_highthreat_20260410_030216.csv,957,1175.0,17.53191489361702,86.0,0.0,7.0,450.0,391.0,206.0,35.0,vulnerable
multiple_runs_largerun_db_highthreat_20260410_030216.csv,multiple_runs_largerun_db_highthreat_20260410_030216.csv,958,1117.0,22.291853178155772,45.0,0.0,10.0,375.0,409.0,249.0,29.0,vulnerable
multiple_runs_largerun_db_highthreat_20260410_030216.csv,multiple_runs_largerun_db_highthreat_20260410_030216.csv,959,1158.0,14.335060449050086,113.0,0.0,78.0,430.0,330.0,166.0,41.0,vulnerable
multiple_runs_largerun_db_highthreat_20260410_030216.csv,multiple_runs_largerun_db_highthreat_20260410_030216.csv,960,1047.0,0.0,334.0,0.0,372.0,281.0,11.0,0.0,49.0,resilient
multiple_runs_largerun_db_highthreat_20260410_030216.csv,multiple_runs_largerun_db_highthreat_20260410_030216.csv,961,871.0,3.788748564867968,278.0,0.0,386.0,99.0,35.0,33.0,40.0,vulnerable
multiple_runs_largerun_db_highthreat_20260410_030216.csv,multiple_runs_largerun_db_highthreat_20260410_030216.csv,962,1166.0,7.461406518010291,203.0,0.0,129.0,429.0,283.0,87.0,35.0,vulnerable
multiple_runs_largerun_db_highthreat_20260410_030216.csv,multiple_runs_largerun_db_highthreat_20260410_030216.csv,963,1428.0,18.627450980392158,45.0,0.0,12.0,706.0,369.0,266.0,30.0,vulnerable
multiple_runs_largerun_db_highthreat_20260410_030216.csv,multiple_runs_largerun_db_highthreat_20260410_030216.csv,964,1061.0,5.372290292177191,217.0,0.0,222.0,344.0,175.0,57.0,46.0,vulnerable
multiple_runs_largerun_db_highthreat_20260410_030216.csv,multiple_runs_largerun_db_highthreat_20260410_030216.csv,965,954.0,26.20545073375262,63.0,0.0,17.0,228.0,372.0,250.0,24.0,vulnerable
multiple_runs_largerun_db_highthreat_20260410_030216.csv,multiple_runs_largerun_db_highthreat_20260410_030216.csv,966,1009.0,0.0,272.0,0.0,314.0,303.0,90.0,0.0,30.0,resilient
multiple_runs_largerun_db_highthreat_20260410_030216.csv,multiple_runs_largerun_db_highthreat_20260410_030216.csv,967,1201.0,14.321398834304746,95.0,0.0,34.0,503.0,366.0,172.0,31.0,vulnerable
multiple_runs_largerun_db_highthreat_20260410_030216.csv,multiple_runs_largerun_db_highthreat_20260410_030216.csv,968,1053.0,19.278252611585945,90.0,0.0,3.0,334.0,396.0,203.0,27.0,vulnerable
multiple_runs_largerun_db_highthreat_20260410_030216.csv,multiple_runs_largerun_db_highthreat_20260410_030216.csv,969,1141.0,10.16652059596845,164.0,0.0,146.0,447.0,246.0,116.0,22.0,vulnerable
multiple_runs_largerun_db_highthreat_20260410_030216.csv,multiple_runs_largerun_db_highthreat_20260410_030216.csv,970,1023.0,23.558162267839688,36.0,0.0,12.0,293.0,401.0,241.0,40.0,vulnerable
multiple_runs_largerun_db_highthreat_20260410_030216.csv,multiple_runs_largerun_db_highthreat_20260410_030216.csv,971,1101.0,24.52316076294278,55.0,0.0,2.0,350.0,394.0,270.0,30.0,vulnerable
multiple_runs_largerun_db_highthreat_20260410_030216.csv,multiple_runs_largerun_db_highthreat_20260410_030216.csv,972,934.0,31.370449678800856,40.0,0.0,0.0,198.0,373.0,293.0,30.0,vulnerable
multiple_runs_largerun_db_highthreat_20260410_030216.csv,multiple_runs_largerun_db_highthreat_20260410_030216.csv,973,987.0,0.0,306.0,0.0,343.0,246.0,57.0,0.0,35.0,resilient
multiple_runs_largerun_db_highthreat_20260410_030216.csv,multiple_runs_largerun_db_highthreat_20260410_030216.csv,974,992.0,25.100806451612907,70.0,0.0,23.0,255.0,362.0,249.0,33.0,vulnerable
multiple_runs_largerun_db_highthreat_20260410_030216.csv,multiple_runs_largerun_db_highthreat_20260410_030216.csv,975,973.0,0.0,304.0,0.0,372.0,253.0,18.0,0.0,26.0,resilient
multiple_runs_largerun_db_highthreat_20260410_030216.csv,multiple_runs_largerun_db_highthreat_20260410_030216.csv,976,925.0,29.945945945945944,42.0,0.0,11.0,195.0,367.0,277.0,33.0,vulnerable
multiple_runs_largerun_db_highthreat_20260410_030216.csv,multiple_runs_largerun_db_highthreat_20260410_030216.csv,977,1037.0,21.022179363548698,48.0,0.0,2.0,312.0,430.0,218.0,27.0,vulnerable
multiple_runs_largerun_db_highthreat_20260410_030216.csv,multiple_runs_largerun_db_highthreat_20260410_030216.csv,978,976.0,25.717213114754102,63.0,0.0,9.0,251.0,367.0,251.0,35.0,vulnerable
multiple_runs_largerun_db_highthreat_20260410_030216.csv,multiple_runs_largerun_db_highthreat_20260410_030216.csv,979,962.0,2.7027027027027026,325.0,0.0,330.0,210.0,40.0,26.0,31.0,vulnerable
multiple_runs_largerun_db_highthreat_20260410_030216.csv,multiple_runs_largerun_db_highthreat_20260410_030216.csv,980,979.0,21.552604698672116,63.0,0.0,21.0,273.0,388.0,211.0,23.0,vulnerable
multiple_runs_largerun_db_highthreat_20260410_030216.csv,multiple_runs_largerun_db_highthreat_20260410_030216.csv,981,808.0,0.0,306.0,0.0,385.0,62.0,20.0,0.0,35.0,resilient
multiple_runs_largerun_db_highthreat_20260410_030216.csv,multiple_runs_largerun_db_highthreat_20260410_030216.csv,982,1032.0,0.5813953488372093,281.0,0.0,331.0,295.0,82.0,6.0,37.0,resilient
multiple_runs_largerun_db_highthreat_20260410_030216.csv,multiple_runs_largerun_db_highthreat_20260410_030216.csv,983,1097.0,20.875113947128533,56.0,0.0,10.0,389.0,382.0,229.0,31.0,vulnerable
multiple_runs_largerun_db_highthreat_20260410_030216.csv,multiple_runs_largerun_db_highthreat_20260410_030216.csv,984,1341.0,16.405667412378822,79.0,0.0,50.0,618.0,353.0,220.0,21.0,vulnerable
multiple_runs_largerun_db_highthreat_20260410_030216.csv,multiple_runs_largerun_db_highthreat_20260410_030216.csv,985,1184.0,20.52364864864865,79.0,0.0,101.0,440.0,295.0,243.0,26.0,vulnerable
multiple_runs_largerun_db_highthreat_20260410_030216.csv,multiple_runs_largerun_db_highthreat_20260410_030216.csv,986,1167.0,13.367609254498714,88.0,0.0,125.0,504.0,255.0,156.0,39.0,vulnerable
multiple_runs_largerun_db_highthreat_20260410_030216.csv,multiple_runs_largerun_db_highthreat_20260410_030216.csv,987,981.0,0.0,274.0,0.0,328.0,262.0,87.0,0.0,30.0,resilient
multiple_runs_largerun_db_highthreat_20260410_030216.csv,multiple_runs_largerun_db_highthreat_20260410_030216.csv,988,939.0,27.36954206602769,53.0,0.0,5.0,198.0,398.0,257.0,28.0,vulnerable
multiple_runs_largerun_db_highthreat_20260410_030216.csv,multiple_runs_largerun_db_highthreat_20260410_030216.csv,989,1295.0,17.683397683397683,90.0,0.0,82.0,541.0,317.0,229.0,36.0,vulnerable
multiple_runs_largerun_db_highthreat_20260410_030216.csv,multiple_runs_largerun_db_highthreat_20260410_030216.csv,990,1313.0,18.583396801218584,51.0,0.0,24.0,602.0,360.0,244.0,32.0,vulnerable
multiple_runs_largerun_db_highthreat_20260410_030216.csv,multiple_runs_largerun_db_highthreat_20260410_030216.csv,991,1040.0,21.53846153846154,61.0,0.0,204.0,317.0,192.0,224.0,42.0,vulnerable
multiple_runs_largerun_db_highthreat_20260410_030216.csv,multiple_runs_largerun_db_highthreat_20260410_030216.csv,992,1348.0,20.02967359050445,35.0,0.0,14.0,618.0,390.0,270.0,21.0,vulnerable
multiple_runs_largerun_db_highthreat_20260410_030216.csv,multiple_runs_largerun_db_highthreat_20260410_030216.csv,993,932.0,1.2875536480686696,297.0,0.0,386.0,196.0,8.0,12.0,33.0,resilient
multiple_runs_largerun_db_highthreat_20260410_030216.csv,multiple_runs_largerun_db_highthreat_20260410_030216.csv,994,1254.0,15.47049441786284,86.0,0.0,45.0,547.0,363.0,194.0,19.0,vulnerable
multiple_runs_largerun_db_highthreat_20260410_030216.csv,multiple_runs_largerun_db_highthreat_20260410_030216.csv,995,1047.0,24.450811843361986,44.0,0.0,2.0,296.0,415.0,256.0,34.0,vulnerable
multiple_runs_largerun_db_highthreat_20260410_030216.csv,multiple_runs_largerun_db_highthreat_20260410_030216.csv,996,1207.0,6.4623032311516155,195.0,0.0,179.0,504.0,203.0,78.0,48.0,vulnerable
multiple_runs_largerun_db_highthreat_20260410_030216.csv,multiple_runs_largerun_db_highthreat_20260410_030216.csv,997,936.0,0.3205128205128205,340.0,0.0,394.0,156.0,14.0,3.0,29.0,resilient
multiple_runs_largerun_db_highthreat_20260410_030216.csv,multiple_runs_largerun_db_highthreat_20260410_030216.csv,998,980.0,25.30612244897959,72.0,0.0,6.0,241.0,380.0,248.0,33.0,vulnerable
multiple_runs_largerun_db_highthreat_20260410_030216.csv,multiple_runs_largerun_db_highthreat_20260410_030216.csv,999,1162.0,8.950086058519794,190.0,0.0,154.0,446.0,242.0,104.0,26.0,vulnerable
multiple_runs_largerun_db_highthreat_20260410_030216.csv,multiple_runs_largerun_db_highthreat_20260410_030216.csv,1000,1033.0,24.007744433688284,74.0,0.0,16.0,286.0,384.0,248.0,25.0,vulnerable
