source_file,source_path,run,total_complex_behaviors,total_expectancy,protective_behavior,community_trusting_vulnerability,healthy_friendliness,bully_behavior,aggressive_withdrawn_relationship,learned_helplessness,dangerous_trust,hopefulness,cynical,bully_behavior_pct,aggressive_withdrawn_relationship_pct,dangerous_trust_pct,learned_helplessness_pct,negative_expectancy_pct,threshold_from_figure7A_pct,latent_group
multiple_runs_largerun_db_highthreat_20260410_030216.csv,multiple_runs_largerun_db_highthreat_20260410_030216.csv,1,1010.0,1222.0,318.0,0.0,372.0,254.0,25.0,0.0,41.0,1003.0,219.0,25.14851485148515,2.4752475247524752,4.0594059405940595,0.0,17.921440261865794,2.037872954566788,resilient
multiple_runs_largerun_db_highthreat_20260410_030216.csv,multiple_runs_largerun_db_highthreat_20260410_030216.csv,2,1022.0,1201.0,66.0,0.0,9.0,269.0,376.0,267.0,35.0,686.0,248.0,26.320939334637966,36.79060665362035,3.4246575342465753,26.125244618395303,42.88093255620316,2.037872954566788,vulnerable
multiple_runs_largerun_db_highthreat_20260410_030216.csv,multiple_runs_largerun_db_highthreat_20260410_030216.csv,3,804.0,1190.0,261.0,0.0,356.0,120.0,27.0,12.0,28.0,952.0,226.0,14.925373134328357,3.3582089552238807,3.482587064676617,1.4925373134328357,20.0,2.037872954566788,resilient
multiple_runs_largerun_db_highthreat_20260410_030216.csv,multiple_runs_largerun_db_highthreat_20260410_030216.csv,4,1178.0,1201.0,48.0,0.0,21.0,464.0,342.0,270.0,33.0,763.0,168.0,39.38879456706282,29.03225806451613,2.801358234295416,22.920203735144312,36.46960865945046,2.037872954566788,vulnerable
multiple_runs_largerun_db_highthreat_20260410_030216.csv,multiple_runs_largerun_db_highthreat_20260410_030216.csv,5,1054.0,1214.0,293.0,0.0,305.0,304.0,125.0,0.0,27.0,1064.0,150.0,28.842504743833018,11.859582542694497,2.5616698292220113,0.0,12.355848434925864,2.037872954566788,resilient
multiple_runs_largerun_db_highthreat_20260410_030216.csv,multiple_runs_largerun_db_highthreat_20260410_030216.csv,6,1157.0,1214.0,98.0,0.0,109.0,451.0,254.0,218.0,27.0,733.0,263.0,38.98012100259291,21.9533275713051,2.33362143474503,18.84183232497839,39.621087314662276,2.037872954566788,vulnerable
multiple_runs_largerun_db_highthreat_20260410_030216.csv,multiple_runs_largerun_db_highthreat_20260410_030216.csv,7,1150.0,1204.0,211.0,0.0,211.0,432.0,190.0,63.0,43.0,847.0,294.0,37.565217391304344,16.52173913043478,3.739130434782609,5.478260869565217,29.651162790697676,2.037872954566788,vulnerable
multiple_runs_largerun_db_highthreat_20260410_030216.csv,multiple_runs_largerun_db_highthreat_20260410_030216.csv,8,964.0,1219.0,324.0,0.0,394.0,168.0,30.0,5.0,43.0,1006.0,208.0,17.42738589211618,3.112033195020747,4.460580912863071,0.5186721991701244,17.473338802296965,2.037872954566788,resilient
multiple_runs_largerun_db_highthreat_20260410_030216.csv,multiple_runs_largerun_db_highthreat_20260410_030216.csv,9,987.0,1190.0,291.0,0.0,372.0,257.0,23.0,6.0,38.0,1027.0,157.0,26.038500506585617,2.330293819655522,3.850050658561297,0.60790273556231,13.69747899159664,2.037872954566788,resilient
multiple_runs_largerun_db_highthreat_20260410_030216.csv,multiple_runs_largerun_db_highthreat_20260410_030216.csv,10,990.0,1209.0,66.0,0.0,0.0,303.0,361.0,222.0,38.0,732.0,255.0,30.606060606060602,36.464646464646464,3.8383838383838382,22.424242424242426,39.45409429280397,2.037872954566788,vulnerable
multiple_runs_largerun_db_highthreat_20260410_030216.csv,multiple_runs_largerun_db_highthreat_20260410_030216.csv,11,920.0,1201.0,36.0,0.0,8.0,197.0,399.0,252.0,28.0,716.0,233.0,21.41304347826087,43.369565217391305,3.0434782608695654,27.391304347826086,40.38301415487094,2.037872954566788,vulnerable
multiple_runs_largerun_db_highthreat_20260410_030216.csv,multiple_runs_largerun_db_highthreat_20260410_030216.csv,12,1077.0,1201.0,317.0,0.0,339.0,319.0,69.0,0.0,33.0,963.0,238.0,29.619312906220983,6.406685236768802,3.064066852367688,0.0,19.816819317235637,2.037872954566788,resilient
multiple_runs_largerun_db_highthreat_20260410_030216.csv,multiple_runs_largerun_db_highthreat_20260410_030216.csv,13,1368.0,1219.0,56.0,0.0,60.0,630.0,340.0,248.0,34.0,785.0,186.0,46.05263157894737,24.853801169590643,2.4853801169590644,18.128654970760234,35.602953240360954,2.037872954566788,vulnerable
multiple_runs_largerun_db_highthreat_20260410_030216.csv,multiple_runs_largerun_db_highthreat_20260410_030216.csv,14,1023.0,1205.0,74.0,0.0,9.0,272.0,399.0,240.0,29.0,743.0,222.0,26.588465298142715,39.002932551319645,2.834799608993157,23.46041055718475,38.34024896265561,2.037872954566788,vulnerable
multiple_runs_largerun_db_highthreat_20260410_030216.csv,multiple_runs_largerun_db_highthreat_20260410_030216.csv,15,1301.0,1204.0,49.0,0.0,4.0,561.0,402.0,260.0,25.0,667.0,277.0,43.1206764027671,30.899308224442734,1.921598770176787,19.984627209838585,44.60132890365448,2.037872954566788,vulnerable
multiple_runs_largerun_db_highthreat_20260410_030216.csv,multiple_runs_largerun_db_highthreat_20260410_030216.csv,16,1118.0,1213.0,73.0,0.0,28.0,408.0,376.0,206.0,27.0,764.0,243.0,36.493738819320214,33.631484794275494,2.415026833631485,18.425760286225405,37.015663643858204,2.037872954566788,vulnerable
multiple_runs_largerun_db_highthreat_20260410_030216.csv,multiple_runs_largerun_db_highthreat_20260410_030216.csv,17,977.0,1195.0,314.0,0.0,382.0,219.0,19.0,0.0,43.0,838.0,357.0,22.41555783009212,1.9447287615148412,4.401228249744114,0.0,29.8744769874477,2.037872954566788,resilient
multiple_runs_largerun_db_highthreat_20260410_030216.csv,multiple_runs_largerun_db_highthreat_20260410_030216.csv,18,1057.0,1193.0,283.0,0.0,335.0,315.0,85.0,0.0,39.0,1062.0,131.0,29.80132450331126,8.04162724692526,3.6896877956480605,0.0,10.980720871751885,2.037872954566788,resilient
multiple_runs_largerun_db_highthreat_20260410_030216.csv,multiple_runs_largerun_db_highthreat_20260410_030216.csv,19,1184.0,1210.0,40.0,0.0,9.0,447.0,393.0,271.0,24.0,773.0,166.0,37.75337837837838,33.192567567567565,2.027027027027027,22.888513513513516,36.11570247933884,2.037872954566788,vulnerable
multiple_runs_largerun_db_highthreat_20260410_030216.csv,multiple_runs_largerun_db_highthreat_20260410_030216.csv,20,929.0,1193.0,28.0,0.0,20.0,229.0,368.0,256.0,28.0,724.0,213.0,24.65016146393972,39.61248654467169,3.013993541442411,27.556512378902042,39.31265716680637,2.037872954566788,vulnerable
multiple_runs_largerun_db_highthreat_20260410_030216.csv,multiple_runs_largerun_db_highthreat_20260410_030216.csv,21,1010.0,1204.0,54.0,1.0,41.0,271.0,358.0,262.0,23.0,750.0,192.0,26.831683168316832,35.445544554455445,2.277227722772277,25.940594059405942,37.70764119601329,2.037872954566788,vulnerable
multiple_runs_largerun_db_highthreat_20260410_030216.csv,multiple_runs_largerun_db_highthreat_20260410_030216.csv,22,1237.0,1199.0,99.0,0.0,58.0,503.0,354.0,190.0,33.0,801.0,208.0,40.662894098625706,28.617623282134197,2.667744543249798,15.359741309620048,33.19432860717264,2.037872954566788,vulnerable
multiple_runs_largerun_db_highthreat_20260410_030216.csv,multiple_runs_largerun_db_highthreat_20260410_030216.csv,23,1048.0,1199.0,307.0,0.0,381.0,295.0,30.0,4.0,31.0,981.0,214.0,28.148854961832058,2.8625954198473282,2.9580152671755724,0.38167938931297707,18.181818181818183,2.037872954566788,resilient
multiple_runs_largerun_db_highthreat_20260410_030216.csv,multiple_runs_largerun_db_highthreat_20260410_030216.csv,24,961.0,1200.0,317.0,0.0,286.0,253.0,74.0,6.0,25.0,1019.0,175.0,26.326742976066598,7.700312174817898,2.6014568158168574,0.6243496357960457,15.083333333333334,2.037872954566788,resilient
multiple_runs_largerun_db_highthreat_20260410_030216.csv,multiple_runs_largerun_db_highthreat_20260410_030216.csv,25,897.0,1192.0,343.0,0.0,367.0,137.0,14.0,6.0,30.0,1032.0,154.0,15.27313266443701,1.560758082497213,3.3444816053511706,0.6688963210702341,13.422818791946309,2.037872954566788,resilient
multiple_runs_largerun_db_highthreat_20260410_030216.csv,multiple_runs_largerun_db_highthreat_20260410_030216.csv,26,901.0,1208.0,50.0,0.0,6.0,186.0,357.0,276.0,26.0,716.0,216.0,20.643729189789124,39.62264150943396,2.885682574916759,30.632630410654826,40.728476821192054,2.037872954566788,vulnerable
multiple_runs_largerun_db_highthreat_20260410_030216.csv,multiple_runs_largerun_db_highthreat_20260410_030216.csv,27,904.0,1197.0,273.0,0.0,339.0,157.0,89.0,4.0,42.0,1023.0,170.0,17.36725663716814,9.845132743362832,4.646017699115045,0.4424778761061947,14.536340852130325,2.037872954566788,resilient
multiple_runs_largerun_db_highthreat_20260410_030216.csv,multiple_runs_largerun_db_highthreat_20260410_030216.csv,28,1016.0,1197.0,65.0,0.0,8.0,284.0,391.0,238.0,30.0,649.0,310.0,27.95275590551181,38.48425196850393,2.952755905511811,23.4251968503937,45.781119465329986,2.037872954566788,vulnerable
multiple_runs_largerun_db_highthreat_20260410_030216.csv,multiple_runs_largerun_db_highthreat_20260410_030216.csv,29,1050.0,1176.0,41.0,0.0,21.0,329.0,392.0,241.0,26.0,701.0,234.0,31.333333333333336,37.333333333333336,2.4761904761904763,22.952380952380953,40.39115646258503,2.037872954566788,vulnerable
multiple_runs_largerun_db_highthreat_20260410_030216.csv,multiple_runs_largerun_db_highthreat_20260410_030216.csv,30,1007.0,1198.0,48.0,0.0,11.0,314.0,383.0,224.0,27.0,681.0,293.0,31.181727904667326,38.03376365441907,2.6812313803376364,22.244289970208538,43.15525876460768,2.037872954566788,vulnerable
multiple_runs_largerun_db_highthreat_20260410_030216.csv,multiple_runs_largerun_db_highthreat_20260410_030216.csv,31,920.0,1206.0,36.0,0.0,5.0,183.0,398.0,267.0,31.0,701.0,238.0,19.891304347826086,43.26086956521739,3.369565217391304,29.02173913043478,41.87396351575456,2.037872954566788,vulnerable
multiple_runs_largerun_db_highthreat_20260410_030216.csv,multiple_runs_largerun_db_highthreat_20260410_030216.csv,32,970.0,1204.0,57.0,0.0,21.0,228.0,388.0,244.0,32.0,647.0,313.0,23.505154639175256,40.0,3.2989690721649487,25.15463917525773,46.262458471760795,2.037872954566788,vulnerable
multiple_runs_largerun_db_highthreat_20260410_030216.csv,multiple_runs_largerun_db_highthreat_20260410_030216.csv,33,1068.0,1209.0,299.0,0.0,338.0,294.0,64.0,32.0,41.0,972.0,205.0,27.52808988764045,5.992509363295881,3.838951310861423,2.9962546816479403,19.602977667493796,2.037872954566788,vulnerable
multiple_runs_largerun_db_highthreat_20260410_030216.csv,multiple_runs_largerun_db_highthreat_20260410_030216.csv,34,1124.0,1173.0,36.0,0.0,18.0,419.0,354.0,279.0,18.0,715.0,179.0,37.27758007117438,31.494661921708182,1.601423487544484,24.822064056939503,39.045183290707584,2.037872954566788,vulnerable
multiple_runs_largerun_db_highthreat_20260410_030216.csv,multiple_runs_largerun_db_highthreat_20260410_030216.csv,35,1099.0,1186.0,184.0,0.0,174.0,375.0,227.0,109.0,30.0,774.0,303.0,34.121929026387626,20.65514103730664,2.72975432211101,9.918107370336669,34.73861720067454,2.037872954566788,vulnerable
multiple_runs_largerun_db_highthreat_20260410_030216.csv,multiple_runs_largerun_db_highthreat_20260410_030216.csv,36,1120.0,1196.0,43.0,0.0,10.0,405.0,391.0,246.0,25.0,725.0,225.0,36.160714285714285,34.910714285714285,2.232142857142857,21.964285714285715,39.381270903010034,2.037872954566788,vulnerable
multiple_runs_largerun_db_highthreat_20260410_030216.csv,multiple_runs_largerun_db_highthreat_20260410_030216.csv,37,936.0,1198.0,295.0,0.0,378.0,211.0,4.0,13.0,35.0,1027.0,158.0,22.542735042735043,0.4273504273504274,3.7393162393162394,1.3888888888888888,14.273789649415694,2.037872954566788,resilient
multiple_runs_largerun_db_highthreat_20260410_030216.csv,multiple_runs_largerun_db_highthreat_20260410_030216.csv,38,1262.0,1199.0,34.0,0.0,45.0,538.0,331.0,284.0,30.0,717.0,198.0,42.63074484944532,26.22820919175911,2.3771790808240887,22.503961965134707,40.200166805671394,2.037872954566788,vulnerable
multiple_runs_largerun_db_highthreat_20260410_030216.csv,multiple_runs_largerun_db_highthreat_20260410_030216.csv,39,1051.0,1187.0,233.0,0.0,234.0,330.0,155.0,59.0,40.0,799.0,329.0,31.398667935299713,14.747859181731684,3.8058991436726926,5.613701236917222,32.687447346251055,2.037872954566788,vulnerable
multiple_runs_largerun_db_highthreat_20260410_030216.csv,multiple_runs_largerun_db_highthreat_20260410_030216.csv,40,1265.0,1183.0,54.0,0.0,7.0,533.0,421.0,223.0,27.0,714.0,246.0,42.134387351778656,33.280632411067195,2.1343873517786562,17.628458498023715,39.64497041420118,2.037872954566788,vulnerable
multiple_runs_largerun_db_highthreat_20260410_030216.csv,multiple_runs_largerun_db_highthreat_20260410_030216.csv,41,948.0,1213.0,35.0,0.0,20.0,214.0,364.0,266.0,49.0,698.0,249.0,22.573839662447256,38.39662447257383,5.168776371308017,28.059071729957807,42.45671887881286,2.037872954566788,vulnerable
multiple_runs_largerun_db_highthreat_20260410_030216.csv,multiple_runs_largerun_db_highthreat_20260410_030216.csv,42,854.0,1206.0,336.0,0.0,354.0,112.0,15.0,0.0,37.0,988.0,218.0,13.114754098360656,1.756440281030445,4.332552693208431,0.0,18.076285240464347,2.037872954566788,resilient
multiple_runs_largerun_db_highthreat_20260410_030216.csv,multiple_runs_largerun_db_highthreat_20260410_030216.csv,43,1000.0,1199.0,318.0,0.0,271.0,225.0,140.0,14.0,32.0,1023.0,162.0,22.5,14.000000000000002,3.2,1.4000000000000001,14.678899082568808,2.037872954566788,resilient
multiple_runs_largerun_db_highthreat_20260410_030216.csv,multiple_runs_largerun_db_highthreat_20260410_030216.csv,44,1148.0,1233.0,60.0,0.0,10.0,387.0,411.0,248.0,32.0,760.0,225.0,33.710801393728225,35.801393728223,2.7874564459930316,21.602787456445995,38.36171938361719,2.037872954566788,vulnerable
multiple_runs_largerun_db_highthreat_20260410_030216.csv,multiple_runs_largerun_db_highthreat_20260410_030216.csv,45,1354.0,1216.0,81.0,0.0,56.0,614.0,361.0,208.0,34.0,780.0,228.0,45.347119645494836,26.661742983751846,2.511078286558346,15.36189069423929,35.85526315789473,2.037872954566788,vulnerable
multiple_runs_largerun_db_highthreat_20260410_030216.csv,multiple_runs_largerun_db_highthreat_20260410_030216.csv,46,1015.0,1193.0,51.0,0.0,14.0,277.0,425.0,222.0,26.0,785.0,186.0,27.290640394088673,41.87192118226601,2.561576354679803,21.87192118226601,34.199497066219614,2.037872954566788,vulnerable
multiple_runs_largerun_db_highthreat_20260410_030216.csv,multiple_runs_largerun_db_highthreat_20260410_030216.csv,47,1242.0,1198.0,132.0,0.0,161.0,531.0,226.0,163.0,29.0,786.0,249.0,42.7536231884058,18.19645732689211,2.3349436392914655,13.123993558776167,34.390651085141904,2.037872954566788,vulnerable
multiple_runs_largerun_db_highthreat_20260410_030216.csv,multiple_runs_largerun_db_highthreat_20260410_030216.csv,48,1039.0,1210.0,316.0,0.0,381.0,288.0,19.0,0.0,35.0,1109.0,101.0,27.718960538979786,1.8286814244465832,3.368623676612127,0.0,8.347107438016529,2.037872954566788,resilient
multiple_runs_largerun_db_highthreat_20260410_030216.csv,multiple_runs_largerun_db_highthreat_20260410_030216.csv,49,963.0,1186.0,63.0,0.0,4.0,220.0,383.0,263.0,30.0,699.0,224.0,22.84527518172378,39.77154724818276,3.115264797507788,27.31048805815161,41.06239460370995,2.037872954566788,vulnerable
multiple_runs_largerun_db_highthreat_20260410_030216.csv,multiple_runs_largerun_db_highthreat_20260410_030216.csv,50,992.0,1192.0,59.0,0.0,5.0,250.0,401.0,248.0,29.0,747.0,197.0,25.201612903225808,40.42338709677419,2.9233870967741935,25.0,37.332214765100666,2.037872954566788,vulnerable
multiple_runs_largerun_db_highthreat_20260410_030216.csv,multiple_runs_largerun_db_highthreat_20260410_030216.csv,51,972.0,1211.0,308.0,0.0,393.0,220.0,13.0,0.0,38.0,873.0,338.0,22.633744855967077,1.337448559670782,3.909465020576132,0.0,27.91081750619323,2.037872954566788,resilient
multiple_runs_largerun_db_highthreat_20260410_030216.csv,multiple_runs_largerun_db_highthreat_20260410_030216.csv,52,1010.0,1199.0,68.0,0.0,14.0,261.0,381.0,254.0,32.0,678.0,267.0,25.84158415841584,37.722772277227726,3.1683168316831685,25.14851485148515,43.45287739783152,2.037872954566788,vulnerable
multiple_runs_largerun_db_highthreat_20260410_030216.csv,multiple_runs_largerun_db_highthreat_20260410_030216.csv,53,1079.0,1200.0,58.0,0.0,1.0,344.0,407.0,236.0,33.0,713.0,251.0,31.881371640407785,37.72011121408711,3.0583873957367933,21.872103799814642,40.583333333333336,2.037872954566788,vulnerable
multiple_runs_largerun_db_highthreat_20260410_030216.csv,multiple_runs_largerun_db_highthreat_20260410_030216.csv,54,868.0,1199.0,26.0,0.0,0.0,127.0,404.0,276.0,35.0,627.0,296.0,14.631336405529954,46.54377880184332,4.032258064516129,31.797235023041477,47.706422018348626,2.037872954566788,vulnerable
multiple_runs_largerun_db_highthreat_20260410_030216.csv,multiple_runs_largerun_db_highthreat_20260410_030216.csv,55,976.0,1203.0,297.0,0.0,274.0,261.0,106.0,0.0,38.0,1095.0,108.0,26.741803278688526,10.860655737704917,3.8934426229508197,0.0,8.977556109725686,2.037872954566788,resilient
multiple_runs_largerun_db_highthreat_20260410_030216.csv,multiple_runs_largerun_db_highthreat_20260410_030216.csv,56,962.0,1202.0,330.0,0.0,391.0,216.0,2.0,0.0,23.0,963.0,239.0,22.453222453222455,0.2079002079002079,2.390852390852391,0.0,19.883527454242927,2.037872954566788,resilient
multiple_runs_largerun_db_highthreat_20260410_030216.csv,multiple_runs_largerun_db_highthreat_20260410_030216.csv,57,930.0,1194.0,25.0,0.0,16.0,182.0,374.0,308.0,25.0,663.0,223.0,19.56989247311828,40.215053763440864,2.6881720430107525,33.11827956989247,44.472361809045225,2.037872954566788,vulnerable
multiple_runs_largerun_db_highthreat_20260410_030216.csv,multiple_runs_largerun_db_highthreat_20260410_030216.csv,58,1221.0,1209.0,101.0,0.0,51.0,486.0,346.0,205.0,32.0,797.0,207.0,39.80343980343981,28.33742833742834,2.620802620802621,16.78951678951679,34.07775020678246,2.037872954566788,vulnerable
multiple_runs_largerun_db_highthreat_20260410_030216.csv,multiple_runs_largerun_db_highthreat_20260410_030216.csv,59,1002.0,1211.0,68.0,0.0,7.0,232.0,382.0,277.0,36.0,680.0,254.0,23.15369261477046,38.12375249500998,3.592814371257485,27.644710578842314,43.84805945499587,2.037872954566788,vulnerable
multiple_runs_largerun_db_highthreat_20260410_030216.csv,multiple_runs_largerun_db_highthreat_20260410_030216.csv,60,1316.0,1202.0,58.0,0.0,4.0,564.0,397.0,258.0,35.0,784.0,160.0,42.857142857142854,30.167173252279632,2.6595744680851063,19.6048632218845,34.775374376039935,2.037872954566788,vulnerable
multiple_runs_largerun_db_highthreat_20260410_030216.csv,multiple_runs_largerun_db_highthreat_20260410_030216.csv,61,1268.0,1192.0,85.0,0.0,88.0,564.0,287.0,213.0,31.0,806.0,173.0,44.479495268138805,22.634069400630917,2.444794952681388,16.798107255520506,32.38255033557047,2.037872954566788,vulnerable
multiple_runs_largerun_db_highthreat_20260410_030216.csv,multiple_runs_largerun_db_highthreat_20260410_030216.csv,62,1020.0,1198.0,39.0,0.0,35.0,295.0,345.0,264.0,42.0,727.0,207.0,28.921568627450984,33.82352941176471,4.117647058823529,25.882352941176475,39.31552587646077,2.037872954566788,vulnerable
multiple_runs_largerun_db_highthreat_20260410_030216.csv,multiple_runs_largerun_db_highthreat_20260410_030216.csv,63,1019.0,1197.0,321.0,0.0,349.0,257.0,51.0,0.0,41.0,1020.0,177.0,25.220804710500488,5.004906771344456,4.023552502453385,0.0,14.786967418546364,2.037872954566788,resilient
multiple_runs_largerun_db_highthreat_20260410_030216.csv,multiple_runs_largerun_db_highthreat_20260410_030216.csv,64,1030.0,1187.0,57.0,0.0,14.0,322.0,372.0,230.0,35.0,723.0,234.0,31.2621359223301,36.116504854368934,3.3980582524271843,22.330097087378643,39.090143218197134,2.037872954566788,vulnerable
multiple_runs_largerun_db_highthreat_20260410_030216.csv,multiple_runs_largerun_db_highthreat_20260410_030216.csv,65,935.0,1201.0,49.0,0.0,1.0,193.0,414.0,250.0,28.0,699.0,252.0,20.641711229946523,44.27807486631016,2.9946524064171123,26.737967914438503,41.798501248959205,2.037872954566788,vulnerable
multiple_runs_largerun_db_highthreat_20260410_030216.csv,multiple_runs_largerun_db_highthreat_20260410_030216.csv,66,963.0,1192.0,296.0,0.0,336.0,222.0,71.0,4.0,34.0,1072.0,116.0,23.05295950155763,7.372793354101765,3.5306334371754935,0.4153686396677051,10.06711409395973,2.037872954566788,resilient
multiple_runs_largerun_db_highthreat_20260410_030216.csv,multiple_runs_largerun_db_highthreat_20260410_030216.csv,67,1136.0,1201.0,197.0,0.0,107.0,433.0,287.0,85.0,27.0,859.0,257.0,38.11619718309859,25.264084507042256,2.3767605633802815,7.482394366197183,28.476269775187347,2.037872954566788,vulnerable
multiple_runs_largerun_db_highthreat_20260410_030216.csv,multiple_runs_largerun_db_highthreat_20260410_030216.csv,68,984.0,1189.0,331.0,0.0,351.0,240.0,35.0,1.0,26.0,1043.0,145.0,24.390243902439025,3.556910569105691,2.642276422764228,0.10162601626016261,12.279226240538268,2.037872954566788,resilient
multiple_runs_largerun_db_highthreat_20260410_030216.csv,multiple_runs_largerun_db_highthreat_20260410_030216.csv,69,928.0,1188.0,329.0,0.0,325.0,183.0,53.0,3.0,35.0,969.0,216.0,19.719827586206897,5.711206896551724,3.771551724137931,0.3232758620689655,18.434343434343432,2.037872954566788,resilient
multiple_runs_largerun_db_highthreat_20260410_030216.csv,multiple_runs_largerun_db_highthreat_20260410_030216.csv,70,1039.0,1192.0,47.0,1.0,20.0,350.0,361.0,226.0,34.0,689.0,277.0,33.68623676612127,34.74494706448508,3.2723772858517806,21.751684311838307,42.197986577181204,2.037872954566788,vulnerable
multiple_runs_largerun_db_highthreat_20260410_030216.csv,multiple_runs_largerun_db_highthreat_20260410_030216.csv,71,890.0,1216.0,304.0,0.0,373.0,155.0,10.0,6.0,42.0,906.0,304.0,17.415730337078653,1.1235955056179776,4.719101123595506,0.6741573033707865,25.493421052631575,2.037872954566788,resilient
multiple_runs_largerun_db_highthreat_20260410_030216.csv,multiple_runs_largerun_db_highthreat_20260410_030216.csv,72,1023.0,1202.0,84.0,0.0,2.0,274.0,430.0,208.0,25.0,770.0,224.0,26.783968719452588,42.03323558162268,2.4437927663734116,20.332355816226784,35.94009983361065,2.037872954566788,vulnerable
multiple_runs_largerun_db_highthreat_20260410_030216.csv,multiple_runs_largerun_db_highthreat_20260410_030216.csv,73,1380.0,1178.0,42.0,0.0,16.0,612.0,397.0,274.0,39.0,730.0,174.0,44.34782608695652,28.768115942028988,2.8260869565217392,19.855072463768117,38.030560271646856,2.037872954566788,vulnerable
multiple_runs_largerun_db_highthreat_20260410_030216.csv,multiple_runs_largerun_db_highthreat_20260410_030216.csv,74,1385.0,1201.0,64.0,0.0,17.0,673.0,381.0,225.0,25.0,775.0,201.0,48.59205776173285,27.509025270758126,1.8050541516245486,16.24548736462094,35.47044129891757,2.037872954566788,vulnerable
multiple_runs_largerun_db_highthreat_20260410_030216.csv,multiple_runs_largerun_db_highthreat_20260410_030216.csv,75,796.0,837.0,50.0,0.0,98.0,283.0,195.0,130.0,40.0,547.0,160.0,35.55276381909548,24.49748743718593,5.025125628140704,16.331658291457288,34.64755077658304,2.037872954566788,vulnerable
multiple_runs_largerun_db_highthreat_20260410_030216.csv,multiple_runs_largerun_db_highthreat_20260410_030216.csv,76,1352.0,1193.0,62.0,0.0,64.0,645.0,321.0,227.0,33.0,789.0,177.0,47.70710059171598,23.742603550295858,2.440828402366864,16.789940828402365,33.86420787929589,2.037872954566788,vulnerable
multiple_runs_largerun_db_highthreat_20260410_030216.csv,multiple_runs_largerun_db_highthreat_20260410_030216.csv,77,953.0,1204.0,52.0,0.0,3.0,243.0,384.0,242.0,29.0,747.0,215.0,25.498426023084996,40.29380902413431,3.04302203567681,25.39349422875131,37.95681063122924,2.037872954566788,vulnerable
multiple_runs_largerun_db_highthreat_20260410_030216.csv,multiple_runs_largerun_db_highthreat_20260410_030216.csv,78,1029.0,1196.0,56.0,0.0,3.0,277.0,400.0,261.0,32.0,714.0,221.0,26.919339164237122,38.87269193391643,3.1098153547133136,25.364431486880466,40.30100334448161,2.037872954566788,vulnerable
multiple_runs_largerun_db_highthreat_20260410_030216.csv,multiple_runs_largerun_db_highthreat_20260410_030216.csv,79,952.0,1207.0,318.0,0.0,365.0,174.0,50.0,7.0,38.0,972.0,228.0,18.277310924369747,5.2521008403361344,3.9915966386554618,0.7352941176470588,19.46975973487987,2.037872954566788,resilient
multiple_runs_largerun_db_highthreat_20260410_030216.csv,multiple_runs_largerun_db_highthreat_20260410_030216.csv,80,940.0,1214.0,286.0,0.0,347.0,242.0,39.0,0.0,26.0,991.0,223.0,25.744680851063826,4.148936170212766,2.7659574468085104,0.0,18.369028006589787,2.037872954566788,resilient
multiple_runs_largerun_db_highthreat_20260410_030216.csv,multiple_runs_largerun_db_highthreat_20260410_030216.csv,81,1007.0,1202.0,40.0,0.0,8.0,260.0,382.0,291.0,26.0,698.0,213.0,25.819265143992055,37.93445878848063,2.5819265143992056,28.897715988083416,41.930116472545755,2.037872954566788,vulnerable
multiple_runs_largerun_db_highthreat_20260410_030216.csv,multiple_runs_largerun_db_highthreat_20260410_030216.csv,82,923.0,1187.0,40.0,0.0,1.0,189.0,382.0,286.0,25.0,698.0,203.0,20.47670639219935,41.386782231852656,2.7085590465872156,30.985915492957744,41.196293176074136,2.037872954566788,vulnerable
multiple_runs_largerun_db_highthreat_20260410_030216.csv,multiple_runs_largerun_db_highthreat_20260410_030216.csv,83,1004.0,1206.0,66.0,0.0,0.0,251.0,400.0,250.0,37.0,690.0,266.0,25.0,39.8406374501992,3.6852589641434266,24.900398406374503,42.78606965174129,2.037872954566788,vulnerable
multiple_runs_largerun_db_highthreat_20260410_030216.csv,multiple_runs_largerun_db_highthreat_20260410_030216.csv,84,1423.0,1191.0,50.0,0.0,0.0,675.0,408.0,271.0,19.0,769.0,151.0,47.434996486296555,28.671820098383698,1.3352073085031624,19.04427266338721,35.43240973971453,2.037872954566788,vulnerable
multiple_runs_largerun_db_highthreat_20260410_030216.csv,multiple_runs_largerun_db_highthreat_20260410_030216.csv,85,848.0,1176.0,281.0,0.0,357.0,121.0,39.0,7.0,43.0,951.0,218.0,14.268867924528303,4.599056603773585,5.070754716981132,0.8254716981132075,19.132653061224488,2.037872954566788,resilient
multiple_runs_largerun_db_highthreat_20260410_030216.csv,multiple_runs_largerun_db_highthreat_20260410_030216.csv,86,1107.0,1197.0,82.0,0.0,36.0,407.0,353.0,198.0,31.0,703.0,296.0,36.76603432700994,31.88798554652213,2.8003613369467026,17.88617886178862,41.269841269841265,2.037872954566788,vulnerable
multiple_runs_largerun_db_highthreat_20260410_030216.csv,multiple_runs_largerun_db_highthreat_20260410_030216.csv,87,1170.0,1210.0,140.0,0.0,80.0,423.0,326.0,164.0,37.0,788.0,258.0,36.15384615384615,27.863247863247864,3.1623931623931623,14.017094017094017,34.87603305785124,2.037872954566788,vulnerable
multiple_runs_largerun_db_highthreat_20260410_030216.csv,multiple_runs_largerun_db_highthreat_20260410_030216.csv,88,1035.0,1208.0,45.0,0.0,2.0,293.0,399.0,270.0,26.0,741.0,197.0,28.309178743961354,38.550724637681164,2.5120772946859904,26.08695652173913,38.658940397350996,2.037872954566788,vulnerable
multiple_runs_largerun_db_highthreat_20260410_030216.csv,multiple_runs_largerun_db_highthreat_20260410_030216.csv,89,1050.0,1205.0,342.0,0.0,349.0,292.0,42.0,2.0,23.0,1078.0,125.0,27.80952380952381,4.0,2.1904761904761907,0.19047619047619047,10.53941908713693,2.037872954566788,resilient
multiple_runs_largerun_db_highthreat_20260410_030216.csv,multiple_runs_largerun_db_highthreat_20260410_030216.csv,90,1300.0,1202.0,150.0,0.0,113.0,539.0,293.0,177.0,28.0,796.0,229.0,41.46153846153846,22.538461538461537,2.1538461538461537,13.615384615384615,33.777038269550744,2.037872954566788,vulnerable
multiple_runs_largerun_db_highthreat_20260410_030216.csv,multiple_runs_largerun_db_highthreat_20260410_030216.csv,91,1475.0,1210.0,28.0,0.0,1.0,735.0,414.0,273.0,24.0,812.0,125.0,49.83050847457628,28.067796610169495,1.6271186440677967,18.508474576271187,32.892561983471076,2.037872954566788,vulnerable
multiple_runs_largerun_db_highthreat_20260410_030216.csv,multiple_runs_largerun_db_highthreat_20260410_030216.csv,92,939.0,1212.0,52.0,0.0,14.0,194.0,409.0,241.0,29.0,731.0,240.0,20.66027689030884,43.556975505857295,3.08839190628328,25.66560170394036,39.68646864686469,2.037872954566788,vulnerable
multiple_runs_largerun_db_highthreat_20260410_030216.csv,multiple_runs_largerun_db_highthreat_20260410_030216.csv,93,1034.0,1203.0,305.0,0.0,399.0,267.0,21.0,3.0,39.0,1074.0,126.0,25.822050290135394,2.0309477756286265,3.771760154738878,0.2901353965183753,10.723192019950124,2.037872954566788,resilient
multiple_runs_largerun_db_highthreat_20260410_030216.csv,multiple_runs_largerun_db_highthreat_20260410_030216.csv,94,883.0,1176.0,42.0,0.0,4.0,189.0,381.0,254.0,13.0,705.0,217.0,21.404303510758776,43.14835787089468,1.4722536806342015,28.765571913929783,40.05102040816326,2.037872954566788,vulnerable
multiple_runs_largerun_db_highthreat_20260410_030216.csv,multiple_runs_largerun_db_highthreat_20260410_030216.csv,95,1096.0,1195.0,75.0,0.0,16.0,350.0,356.0,270.0,29.0,766.0,159.0,31.934306569343068,32.481751824817515,2.645985401459854,24.635036496350367,35.89958158995816,2.037872954566788,vulnerable
multiple_runs_largerun_db_highthreat_20260410_030216.csv,multiple_runs_largerun_db_highthreat_20260410_030216.csv,96,996.0,1203.0,49.0,0.0,9.0,251.0,401.0,252.0,34.0,739.0,212.0,25.200803212851408,40.261044176706825,3.413654618473896,25.301204819277107,38.57024106400665,2.037872954566788,vulnerable
multiple_runs_largerun_db_highthreat_20260410_030216.csv,multiple_runs_largerun_db_highthreat_20260410_030216.csv,97,772.0,1208.0,35.0,0.0,323.0,78.0,86.0,217.0,33.0,814.0,177.0,10.103626943005182,11.139896373056994,4.274611398963731,28.10880829015544,32.615894039735096,2.037872954566788,vulnerable
multiple_runs_largerun_db_highthreat_20260410_030216.csv,multiple_runs_largerun_db_highthreat_20260410_030216.csv,98,935.0,1192.0,50.0,0.0,0.0,200.0,399.0,258.0,28.0,689.0,245.0,21.390374331550802,42.67379679144385,2.9946524064171123,27.593582887700535,42.197986577181204,2.037872954566788,vulnerable
multiple_runs_largerun_db_highthreat_20260410_030216.csv,multiple_runs_largerun_db_highthreat_20260410_030216.csv,99,944.0,1182.0,37.0,0.0,5.0,232.0,394.0,254.0,22.0,670.0,258.0,24.576271186440678,41.73728813559322,2.330508474576271,26.906779661016948,43.31641285956007,2.037872954566788,vulnerable
multiple_runs_largerun_db_highthreat_20260410_030216.csv,multiple_runs_largerun_db_highthreat_20260410_030216.csv,100,1076.0,1200.0,52.0,0.0,32.0,366.0,354.0,244.0,28.0,743.0,213.0,34.014869888475836,32.899628252788105,2.6022304832713754,22.676579925650557,38.083333333333336,2.037872954566788,vulnerable
multiple_runs_largerun_db_highthreat_20260410_030216.csv,multiple_runs_largerun_db_highthreat_20260410_030216.csv,101,917.0,1195.0,302.0,0.0,296.0,195.0,70.0,16.0,38.0,966.0,213.0,21.264994547437297,7.633587786259542,4.143947655398037,1.7448200654307526,19.16317991631799,2.037872954566788,resilient
multiple_runs_largerun_db_highthreat_20260410_030216.csv,multiple_runs_largerun_db_highthreat_20260410_030216.csv,102,973.0,1217.0,281.0,0.0,389.0,259.0,19.0,0.0,25.0,1048.0,169.0,26.618705035971225,1.9527235354573484,2.5693730729701953,0.0,13.886606409202958,2.037872954566788,resilient
multiple_runs_largerun_db_highthreat_20260410_030216.csv,multiple_runs_largerun_db_highthreat_20260410_030216.csv,103,1144.0,1184.0,90.0,0.0,99.0,438.0,264.0,221.0,32.0,755.0,208.0,38.28671328671329,23.076923076923077,2.797202797202797,19.318181818181817,36.233108108108105,2.037872954566788,vulnerable
multiple_runs_largerun_db_highthreat_20260410_030216.csv,multiple_runs_largerun_db_highthreat_20260410_030216.csv,104,1153.0,1202.0,82.0,0.0,1.0,404.0,410.0,234.0,22.0,744.0,224.0,35.039028620988724,35.55941023417172,1.9080659150043366,20.294882914137034,38.10316139767055,2.037872954566788,vulnerable
multiple_runs_largerun_db_highthreat_20260410_030216.csv,multiple_runs_largerun_db_highthreat_20260410_030216.csv,105,955.0,1205.0,53.0,0.0,7.0,262.0,399.0,201.0,33.0,740.0,264.0,27.43455497382199,41.78010471204188,3.4554973821989527,21.047120418848166,38.589211618257266,2.037872954566788,vulnerable
multiple_runs_largerun_db_highthreat_20260410_030216.csv,multiple_runs_largerun_db_highthreat_20260410_030216.csv,106,1011.0,1209.0,86.0,0.0,7.0,281.0,406.0,194.0,37.0,776.0,239.0,27.794263105835803,40.15825914935707,3.6597428288822944,19.188921859545005,35.81472291149711,2.037872954566788,vulnerable
multiple_runs_largerun_db_highthreat_20260410_030216.csv,multiple_runs_largerun_db_highthreat_20260410_030216.csv,107,923.0,1212.0,290.0,0.0,369.0,180.0,35.0,10.0,39.0,945.0,257.0,19.501625135427954,3.791982665222102,4.225352112676056,1.0834236186348862,22.02970297029703,2.037872954566788,resilient
multiple_runs_largerun_db_highthreat_20260410_030216.csv,multiple_runs_largerun_db_highthreat_20260410_030216.csv,108,955.0,1214.0,304.0,0.0,401.0,194.0,14.0,0.0,42.0,1004.0,210.0,20.31413612565445,1.4659685863874345,4.397905759162303,0.0,17.298187808896213,2.037872954566788,resilient
multiple_runs_largerun_db_highthreat_20260410_030216.csv,multiple_runs_largerun_db_highthreat_20260410_030216.csv,109,1097.0,1196.0,31.0,0.0,16.0,378.0,376.0,264.0,32.0,738.0,194.0,34.45761166818596,34.275296262534184,2.917046490428441,24.06563354603464,38.29431438127091,2.037872954566788,vulnerable
multiple_runs_largerun_db_highthreat_20260410_030216.csv,multiple_runs_largerun_db_highthreat_20260410_030216.csv,110,1019.0,1204.0,75.0,0.0,0.0,280.0,397.0,235.0,32.0,743.0,226.0,27.47791952894995,38.959764474975465,3.140333660451423,23.061825318940137,38.2890365448505,2.037872954566788,vulnerable
multiple_runs_largerun_db_highthreat_20260410_030216.csv,multiple_runs_largerun_db_highthreat_20260410_030216.csv,111,1036.0,1201.0,49.0,0.0,5.0,315.0,405.0,236.0,26.0,733.0,232.0,30.405405405405407,39.092664092664094,2.5096525096525095,22.779922779922778,38.96752706078268,2.037872954566788,vulnerable
multiple_runs_largerun_db_highthreat_20260410_030216.csv,multiple_runs_largerun_db_highthreat_20260410_030216.csv,112,1037.0,1196.0,62.0,0.0,9.0,302.0,394.0,246.0,24.0,712.0,238.0,29.122468659594986,37.994214079074254,2.3143683702989395,23.722275795564126,40.468227424749166,2.037872954566788,vulnerable
multiple_runs_largerun_db_highthreat_20260410_030216.csv,multiple_runs_largerun_db_highthreat_20260410_030216.csv,113,915.0,1201.0,49.0,0.0,1.0,180.0,379.0,284.0,22.0,691.0,226.0,19.672131147540984,41.4207650273224,2.4043715846994536,31.038251366120218,42.464612822647794,2.037872954566788,vulnerable
multiple_runs_largerun_db_highthreat_20260410_030216.csv,multiple_runs_largerun_db_highthreat_20260410_030216.csv,114,1156.0,1196.0,164.0,0.0,126.0,432.0,267.0,133.0,34.0,778.0,285.0,37.37024221453287,23.09688581314879,2.941176470588235,11.505190311418685,34.94983277591973,2.037872954566788,vulnerable
multiple_runs_largerun_db_highthreat_20260410_030216.csv,multiple_runs_largerun_db_highthreat_20260410_030216.csv,115,1085.0,1227.0,51.0,0.0,22.0,366.0,378.0,234.0,34.0,766.0,227.0,33.73271889400922,34.83870967741935,3.133640552995392,21.566820276497694,37.571312143439286,2.037872954566788,vulnerable
multiple_runs_largerun_db_highthreat_20260410_030216.csv,multiple_runs_largerun_db_highthreat_20260410_030216.csv,116,985.0,1213.0,284.0,0.0,355.0,255.0,50.0,1.0,40.0,986.0,226.0,25.888324873096447,5.0761421319796955,4.060913705583756,0.10152284263959391,18.713932399010716,2.037872954566788,resilient
multiple_runs_largerun_db_highthreat_20260410_030216.csv,multiple_runs_largerun_db_highthreat_20260410_030216.csv,117,1047.0,1189.0,25.0,0.0,3.0,333.0,384.0,276.0,26.0,694.0,219.0,31.805157593123205,36.67621776504298,2.483285577841452,26.36103151862464,41.63162321278385,2.037872954566788,vulnerable
multiple_runs_largerun_db_highthreat_20260410_030216.csv,multiple_runs_largerun_db_highthreat_20260410_030216.csv,118,892.0,1211.0,305.0,0.0,315.0,171.0,71.0,0.0,30.0,963.0,248.0,19.170403587443946,7.959641255605381,3.3632286995515694,0.0,20.478943022295624,2.037872954566788,resilient
multiple_runs_largerun_db_highthreat_20260410_030216.csv,multiple_runs_largerun_db_highthreat_20260410_030216.csv,119,970.0,1193.0,240.0,0.0,273.0,302.0,110.0,9.0,36.0,1010.0,174.0,31.1340206185567,11.34020618556701,3.711340206185567,0.9278350515463918,15.33948030176027,2.037872954566788,resilient
multiple_runs_largerun_db_highthreat_20260410_030216.csv,multiple_runs_largerun_db_highthreat_20260410_030216.csv,120,972.0,1201.0,335.0,0.0,377.0,211.0,21.0,0.0,28.0,1029.0,172.0,21.707818930041153,2.1604938271604937,2.880658436213992,0.0,14.321398834304746,2.037872954566788,resilient
multiple_runs_largerun_db_highthreat_20260410_030216.csv,multiple_runs_largerun_db_highthreat_20260410_030216.csv,121,1110.0,1212.0,42.0,0.0,2.0,350.0,396.0,302.0,18.0,704.0,206.0,31.53153153153153,35.67567567567568,1.6216216216216217,27.207207207207208,41.914191419141915,2.037872954566788,vulnerable
multiple_runs_largerun_db_highthreat_20260410_030216.csv,multiple_runs_largerun_db_highthreat_20260410_030216.csv,122,902.0,1192.0,36.0,0.0,15.0,202.0,371.0,256.0,22.0,727.0,209.0,22.394678492239468,41.130820399113084,2.4390243902439024,28.38137472283814,39.01006711409396,2.037872954566788,vulnerable
multiple_runs_largerun_db_highthreat_20260410_030216.csv,multiple_runs_largerun_db_highthreat_20260410_030216.csv,123,938.0,1172.0,38.0,0.0,0.0,227.0,366.0,285.0,22.0,662.0,225.0,24.20042643923241,39.01918976545842,2.345415778251599,30.383795309168445,43.515358361774744,2.037872954566788,vulnerable
multiple_runs_largerun_db_highthreat_20260410_030216.csv,multiple_runs_largerun_db_highthreat_20260410_030216.csv,124,1360.0,1212.0,53.0,0.0,13.0,611.0,366.0,280.0,37.0,688.0,244.0,44.9264705882353,26.91176470588235,2.7205882352941178,20.588235294117645,43.23432343234324,2.037872954566788,vulnerable
multiple_runs_largerun_db_highthreat_20260410_030216.csv,multiple_runs_largerun_db_highthreat_20260410_030216.csv,125,891.0,1189.0,40.0,0.0,0.0,189.0,380.0,260.0,22.0,644.0,285.0,21.21212121212121,42.64870931537598,2.4691358024691357,29.180695847362514,45.836837678721615,2.037872954566788,vulnerable
multiple_runs_largerun_db_highthreat_20260410_030216.csv,multiple_runs_largerun_db_highthreat_20260410_030216.csv,126,1002.0,1195.0,292.0,0.0,298.0,283.0,84.0,5.0,40.0,975.0,215.0,28.2435129740519,8.383233532934131,3.992015968063872,0.499001996007984,18.410041841004183,2.037872954566788,resilient
multiple_runs_largerun_db_highthreat_20260410_030216.csv,multiple_runs_largerun_db_highthreat_20260410_030216.csv,127,1078.0,1199.0,261.0,0.0,300.0,372.0,125.0,0.0,20.0,1061.0,138.0,34.50834879406308,11.595547309833023,1.855287569573284,0.0,11.509591326105086,2.037872954566788,resilient
multiple_runs_largerun_db_highthreat_20260410_030216.csv,multiple_runs_largerun_db_highthreat_20260410_030216.csv,128,1110.0,1189.0,223.0,0.0,135.0,396.0,248.0,76.0,32.0,782.0,331.0,35.67567567567568,22.34234234234234,2.8828828828828827,6.846846846846846,34.23044575273339,2.037872954566788,vulnerable
multiple_runs_largerun_db_highthreat_20260410_030216.csv,multiple_runs_largerun_db_highthreat_20260410_030216.csv,129,1222.0,1207.0,101.0,0.0,48.0,487.0,337.0,224.0,25.0,724.0,259.0,39.85270049099836,27.577741407528645,2.0458265139116203,18.330605564648117,40.016570008285,2.037872954566788,vulnerable
multiple_runs_largerun_db_highthreat_20260410_030216.csv,multiple_runs_largerun_db_highthreat_20260410_030216.csv,130,1159.0,1200.0,262.0,0.0,213.0,432.0,176.0,38.0,38.0,842.0,320.0,37.27351164797239,15.185504745470233,3.278688524590164,3.278688524590164,29.833333333333336,2.037872954566788,vulnerable
multiple_runs_largerun_db_highthreat_20260410_030216.csv,multiple_runs_largerun_db_highthreat_20260410_030216.csv,131,925.0,1180.0,43.0,0.0,6.0,210.0,375.0,260.0,31.0,676.0,244.0,22.702702702702705,40.54054054054054,3.3513513513513513,28.10810810810811,42.71186440677966,2.037872954566788,vulnerable
multiple_runs_largerun_db_highthreat_20260410_030216.csv,multiple_runs_largerun_db_highthreat_20260410_030216.csv,132,943.0,1192.0,61.0,0.0,13.0,211.0,381.0,251.0,26.0,703.0,238.0,22.375397667020145,40.402969247083774,2.757158006362672,26.617179215270415,41.0234899328859,2.037872954566788,vulnerable
multiple_runs_largerun_db_highthreat_20260410_030216.csv,multiple_runs_largerun_db_highthreat_20260410_030216.csv,133,1194.0,1190.0,147.0,0.0,138.0,501.0,241.0,144.0,23.0,791.0,255.0,41.959798994974875,20.18425460636516,1.9262981574539362,12.060301507537687,33.52941176470588,2.037872954566788,vulnerable
multiple_runs_largerun_db_highthreat_20260410_030216.csv,multiple_runs_largerun_db_highthreat_20260410_030216.csv,134,1165.0,1200.0,175.0,0.0,146.0,448.0,262.0,102.0,32.0,830.0,268.0,38.4549356223176,22.489270386266096,2.7467811158798283,8.755364806866952,30.833333333333336,2.037872954566788,vulnerable
multiple_runs_largerun_db_highthreat_20260410_030216.csv,multiple_runs_largerun_db_highthreat_20260410_030216.csv,135,936.0,1196.0,323.0,0.0,358.0,194.0,26.0,2.0,33.0,945.0,249.0,20.726495726495727,2.7777777777777777,3.5256410256410255,0.2136752136752137,20.986622073578594,2.037872954566788,resilient
multiple_runs_largerun_db_highthreat_20260410_030216.csv,multiple_runs_largerun_db_highthreat_20260410_030216.csv,136,1003.0,1215.0,336.0,0.0,380.0,250.0,8.0,0.0,29.0,1102.0,113.0,24.925224327018945,0.7976071784646062,2.8913260219341974,0.0,9.300411522633745,2.037872954566788,resilient
multiple_runs_largerun_db_highthreat_20260410_030216.csv,multiple_runs_largerun_db_highthreat_20260410_030216.csv,137,1052.0,1193.0,70.0,0.0,32.0,331.0,350.0,245.0,24.0,707.0,241.0,31.4638783269962,33.26996197718631,2.2813688212927756,23.288973384030417,40.737636211232186,2.037872954566788,vulnerable
multiple_runs_largerun_db_highthreat_20260410_030216.csv,multiple_runs_largerun_db_highthreat_20260410_030216.csv,138,1314.0,1211.0,60.0,0.0,10.0,604.0,387.0,229.0,24.0,765.0,217.0,45.96651445966514,29.45205479452055,1.82648401826484,17.427701674277017,36.82906688687035,2.037872954566788,vulnerable
multiple_runs_largerun_db_highthreat_20260410_030216.csv,multiple_runs_largerun_db_highthreat_20260410_030216.csv,139,992.0,1194.0,71.0,0.0,15.0,267.0,376.0,238.0,25.0,720.0,236.0,26.915322580645164,37.903225806451616,2.5201612903225805,23.991935483870968,39.698492462311556,2.037872954566788,vulnerable
multiple_runs_largerun_db_highthreat_20260410_030216.csv,multiple_runs_largerun_db_highthreat_20260410_030216.csv,140,969.0,1213.0,47.0,0.0,41.0,250.0,345.0,253.0,33.0,701.0,259.0,25.79979360165119,35.60371517027864,3.4055727554179565,26.109391124871,42.20939818631492,2.037872954566788,vulnerable
multiple_runs_largerun_db_highthreat_20260410_030216.csv,multiple_runs_largerun_db_highthreat_20260410_030216.csv,141,1134.0,1183.0,177.0,0.0,162.0,437.0,222.0,114.0,22.0,768.0,301.0,38.53615520282187,19.576719576719576,1.9400352733686066,10.052910052910052,35.08030431107354,2.037872954566788,vulnerable
multiple_runs_largerun_db_highthreat_20260410_030216.csv,multiple_runs_largerun_db_highthreat_20260410_030216.csv,142,981.0,1205.0,67.0,0.0,0.0,278.0,380.0,231.0,25.0,744.0,230.0,28.338430173292554,38.73598369011213,2.54841997961264,23.547400611620795,38.25726141078838,2.037872954566788,vulnerable
multiple_runs_largerun_db_highthreat_20260410_030216.csv,multiple_runs_largerun_db_highthreat_20260410_030216.csv,143,1166.0,1194.0,134.0,0.0,48.0,474.0,325.0,163.0,22.0,792.0,239.0,40.651801029159515,27.87307032590051,1.8867924528301887,13.979416809605489,33.66834170854271,2.037872954566788,vulnerable
multiple_runs_largerun_db_highthreat_20260410_030216.csv,multiple_runs_largerun_db_highthreat_20260410_030216.csv,144,1009.0,1220.0,37.0,0.0,0.0,250.0,378.0,313.0,31.0,731.0,176.0,24.777006937561943,37.462834489593654,3.072348860257681,31.020812685827554,40.08196721311476,2.037872954566788,vulnerable
multiple_runs_largerun_db_highthreat_20260410_030216.csv,multiple_runs_largerun_db_highthreat_20260410_030216.csv,145,1189.0,1202.0,52.0,0.0,37.0,463.0,377.0,232.0,28.0,797.0,173.0,38.94028595458368,31.70731707317073,2.3549201009251473,19.51219512195122,33.693843594009984,2.037872954566788,vulnerable
multiple_runs_largerun_db_highthreat_20260410_030216.csv,multiple_runs_largerun_db_highthreat_20260410_030216.csv,146,1098.0,1189.0,45.0,0.0,2.0,364.0,407.0,252.0,28.0,742.0,195.0,33.1511839708561,37.06739526411658,2.5500910746812386,22.950819672131146,37.5946173254836,2.037872954566788,vulnerable
multiple_runs_largerun_db_highthreat_20260410_030216.csv,multiple_runs_largerun_db_highthreat_20260410_030216.csv,147,931.0,1201.0,301.0,0.0,369.0,192.0,19.0,19.0,31.0,903.0,279.0,20.622986036519872,2.0408163265306123,3.329752953813104,2.0408163265306123,24.812656119900083,2.037872954566788,vulnerable
multiple_runs_largerun_db_highthreat_20260410_030216.csv,multiple_runs_largerun_db_highthreat_20260410_030216.csv,148,919.0,1192.0,317.0,0.0,394.0,183.0,0.0,0.0,25.0,935.0,257.0,19.912948857453756,0.0,2.720348204570185,0.0,21.56040268456376,2.037872954566788,resilient
multiple_runs_largerun_db_highthreat_20260410_030216.csv,multiple_runs_largerun_db_highthreat_20260410_030216.csv,149,938.0,1208.0,35.0,0.0,8.0,208.0,389.0,277.0,21.0,689.0,242.0,22.174840085287848,41.47121535181237,2.2388059701492535,29.53091684434968,42.9635761589404,2.037872954566788,vulnerable
multiple_runs_largerun_db_highthreat_20260410_030216.csv,multiple_runs_largerun_db_highthreat_20260410_030216.csv,150,1018.0,1214.0,347.0,0.0,374.0,268.0,3.0,0.0,26.0,1016.0,198.0,26.326129666011788,0.29469548133595286,2.5540275049115913,0.0,16.30971993410214,2.037872954566788,resilient
multiple_runs_largerun_db_highthreat_20260410_030216.csv,multiple_runs_largerun_db_highthreat_20260410_030216.csv,151,960.0,1201.0,328.0,0.0,307.0,209.0,79.0,1.0,36.0,999.0,201.0,21.770833333333332,8.229166666666666,3.75,0.10416666666666667,16.81931723563697,2.037872954566788,resilient
multiple_runs_largerun_db_highthreat_20260410_030216.csv,multiple_runs_largerun_db_highthreat_20260410_030216.csv,152,1058.0,1214.0,57.0,0.0,12.0,319.0,389.0,250.0,31.0,747.0,217.0,30.151228733459355,36.76748582230624,2.9300567107750473,23.629489603024574,38.46787479406919,2.037872954566788,vulnerable
multiple_runs_largerun_db_highthreat_20260410_030216.csv,multiple_runs_largerun_db_highthreat_20260410_030216.csv,153,868.0,1212.0,303.0,0.0,357.0,131.0,36.0,4.0,37.0,963.0,245.0,15.092165898617512,4.147465437788019,4.262672811059908,0.4608294930875576,20.544554455445542,2.037872954566788,resilient
multiple_runs_largerun_db_highthreat_20260410_030216.csv,multiple_runs_largerun_db_highthreat_20260410_030216.csv,154,947.0,1212.0,52.0,0.0,10.0,251.0,351.0,255.0,28.0,690.0,267.0,26.504751847940867,37.06441393875396,2.956705385427666,26.927138331573392,43.06930693069307,2.037872954566788,vulnerable
multiple_runs_largerun_db_highthreat_20260410_030216.csv,multiple_runs_largerun_db_highthreat_20260410_030216.csv,155,1134.0,1187.0,158.0,0.0,135.0,426.0,254.0,114.0,47.0,791.0,282.0,37.56613756613756,22.39858906525573,4.144620811287478,10.052910052910052,33.36141533277169,2.037872954566788,vulnerable
multiple_runs_largerun_db_highthreat_20260410_030216.csv,multiple_runs_largerun_db_highthreat_20260410_030216.csv,156,1148.0,1190.0,95.0,0.0,36.0,455.0,347.0,187.0,28.0,768.0,235.0,39.63414634146341,30.226480836236934,2.4390243902439024,16.289198606271775,35.46218487394958,2.037872954566788,vulnerable
multiple_runs_largerun_db_highthreat_20260410_030216.csv,multiple_runs_largerun_db_highthreat_20260410_030216.csv,157,974.0,1209.0,305.0,0.0,322.0,225.0,81.0,0.0,41.0,1074.0,135.0,23.100616016427107,8.316221765913758,4.209445585215605,0.0,11.166253101736972,2.037872954566788,resilient
multiple_runs_largerun_db_highthreat_20260410_030216.csv,multiple_runs_largerun_db_highthreat_20260410_030216.csv,158,1084.0,1201.0,37.0,0.0,11.0,351.0,385.0,262.0,38.0,646.0,293.0,32.38007380073801,35.51660516605166,3.505535055350553,24.169741697416974,46.21149042464613,2.037872954566788,vulnerable
multiple_runs_largerun_db_highthreat_20260410_030216.csv,multiple_runs_largerun_db_highthreat_20260410_030216.csv,159,916.0,1201.0,353.0,0.0,386.0,137.0,4.0,3.0,33.0,962.0,236.0,14.956331877729257,0.43668122270742354,3.602620087336245,0.32751091703056767,19.900083263946712,2.037872954566788,resilient
multiple_runs_largerun_db_highthreat_20260410_030216.csv,multiple_runs_largerun_db_highthreat_20260410_030216.csv,160,1220.0,1202.0,104.0,0.0,78.0,490.0,313.0,203.0,32.0,756.0,243.0,40.16393442622951,25.65573770491803,2.622950819672131,16.639344262295083,37.10482529118136,2.037872954566788,vulnerable
multiple_runs_largerun_db_highthreat_20260410_030216.csv,multiple_runs_largerun_db_highthreat_20260410_030216.csv,161,1004.0,1202.0,299.0,0.0,295.0,281.0,89.0,8.0,32.0,992.0,202.0,27.98804780876494,8.864541832669323,3.187250996015936,0.796812749003984,17.470881863560734,2.037872954566788,resilient
multiple_runs_largerun_db_highthreat_20260410_030216.csv,multiple_runs_largerun_db_highthreat_20260410_030216.csv,162,1057.0,1200.0,44.0,0.0,0.0,298.0,400.0,286.0,29.0,691.0,223.0,28.192999053926204,37.84295175023652,2.7436140018921478,27.057710501419113,42.41666666666667,2.037872954566788,vulnerable
multiple_runs_largerun_db_highthreat_20260410_030216.csv,multiple_runs_largerun_db_highthreat_20260410_030216.csv,163,1142.0,1198.0,122.0,0.0,139.0,460.0,269.0,107.0,45.0,840.0,251.0,40.280210157618214,23.555166374781088,3.940455341506129,9.369527145359019,29.883138564273793,2.037872954566788,vulnerable
multiple_runs_largerun_db_highthreat_20260410_030216.csv,multiple_runs_largerun_db_highthreat_20260410_030216.csv,164,1059.0,1204.0,54.0,0.0,2.0,326.0,429.0,218.0,30.0,742.0,244.0,30.7837582625118,40.50991501416431,2.8328611898017,20.585457979225687,38.372093023255815,2.037872954566788,vulnerable
multiple_runs_largerun_db_highthreat_20260410_030216.csv,multiple_runs_largerun_db_highthreat_20260410_030216.csv,165,1020.0,1195.0,62.0,0.0,0.0,306.0,395.0,230.0,27.0,735.0,230.0,30.0,38.72549019607843,2.6470588235294117,22.54901960784314,38.49372384937239,2.037872954566788,vulnerable
multiple_runs_largerun_db_highthreat_20260410_030216.csv,multiple_runs_largerun_db_highthreat_20260410_030216.csv,166,959.0,1193.0,56.0,0.0,0.0,247.0,377.0,248.0,31.0,648.0,297.0,25.75599582898853,39.31178310740355,3.232533889468196,25.86027111574557,45.68315171835708,2.037872954566788,vulnerable
multiple_runs_largerun_db_highthreat_20260410_030216.csv,multiple_runs_largerun_db_highthreat_20260410_030216.csv,167,954.0,1216.0,297.0,0.0,371.0,229.0,16.0,0.0,41.0,820.0,396.0,24.0041928721174,1.6771488469601679,4.29769392033543,0.0,32.56578947368421,2.037872954566788,resilient
multiple_runs_largerun_db_highthreat_20260410_030216.csv,multiple_runs_largerun_db_highthreat_20260410_030216.csv,168,938.0,1197.0,308.0,0.0,388.0,189.0,12.0,1.0,40.0,906.0,290.0,20.149253731343283,1.279317697228145,4.264392324093817,0.10660980810234541,24.31077694235589,2.037872954566788,resilient
multiple_runs_largerun_db_highthreat_20260410_030216.csv,multiple_runs_largerun_db_highthreat_20260410_030216.csv,169,1191.0,1210.0,51.0,0.0,20.0,509.0,380.0,207.0,24.0,784.0,219.0,42.737195633921075,31.905961376994124,2.0151133501259446,17.38035264483627,35.20661157024794,2.037872954566788,vulnerable
multiple_runs_largerun_db_highthreat_20260410_030216.csv,multiple_runs_largerun_db_highthreat_20260410_030216.csv,170,932.0,1200.0,297.0,0.0,371.0,180.0,18.0,34.0,32.0,965.0,201.0,19.313304721030043,1.9313304721030045,3.4334763948497855,3.648068669527897,19.583333333333332,2.037872954566788,vulnerable
multiple_runs_largerun_db_highthreat_20260410_030216.csv,multiple_runs_largerun_db_highthreat_20260410_030216.csv,171,908.0,1207.0,315.0,0.0,383.0,177.0,0.0,0.0,33.0,1049.0,158.0,19.493392070484582,0.0,3.634361233480176,0.0,13.090306545153272,2.037872954566788,resilient
multiple_runs_largerun_db_highthreat_20260410_030216.csv,multiple_runs_largerun_db_highthreat_20260410_030216.csv,172,1189.0,1186.0,20.0,0.0,103.0,468.0,261.0,313.0,24.0,728.0,145.0,39.36080740117746,21.951219512195124,2.0185029436501263,26.324642556770396,38.61720067453626,2.037872954566788,vulnerable
multiple_runs_largerun_db_highthreat_20260410_030216.csv,multiple_runs_largerun_db_highthreat_20260410_030216.csv,173,1173.0,1199.0,107.0,0.0,67.0,473.0,296.0,193.0,37.0,757.0,249.0,40.32395566922421,25.234441602728047,3.154305200341006,16.453537936913897,36.86405337781485,2.037872954566788,vulnerable
multiple_runs_largerun_db_highthreat_20260410_030216.csv,multiple_runs_largerun_db_highthreat_20260410_030216.csv,174,1055.0,1203.0,284.0,0.0,247.0,317.0,135.0,34.0,38.0,820.0,349.0,30.047393364928908,12.796208530805686,3.6018957345971563,3.2227488151658767,31.83707398171239,2.037872954566788,vulnerable
multiple_runs_largerun_db_highthreat_20260410_030216.csv,multiple_runs_largerun_db_highthreat_20260410_030216.csv,175,1275.0,1192.0,75.0,0.0,2.0,541.0,378.0,245.0,34.0,739.0,208.0,42.431372549019606,29.64705882352941,2.666666666666667,19.215686274509807,38.00335570469799,2.037872954566788,vulnerable
multiple_runs_largerun_db_highthreat_20260410_030216.csv,multiple_runs_largerun_db_highthreat_20260410_030216.csv,176,968.0,1187.0,47.0,0.0,2.0,278.0,388.0,220.0,33.0,724.0,243.0,28.719008264462808,40.082644628099175,3.4090909090909087,22.727272727272727,39.00589721988206,2.037872954566788,vulnerable
multiple_runs_largerun_db_highthreat_20260410_030216.csv,multiple_runs_largerun_db_highthreat_20260410_030216.csv,177,1171.0,1192.0,54.0,0.0,2.0,441.0,386.0,268.0,20.0,758.0,166.0,37.660119555935104,32.96327924850555,1.7079419299743808,22.886421861656704,36.40939597315436,2.037872954566788,vulnerable
multiple_runs_largerun_db_highthreat_20260410_030216.csv,multiple_runs_largerun_db_highthreat_20260410_030216.csv,178,1194.0,1193.0,111.0,0.0,96.0,519.0,297.0,144.0,27.0,857.0,192.0,43.46733668341709,24.87437185929648,2.261306532663317,12.060301507537687,28.164291701592624,2.037872954566788,vulnerable
multiple_runs_largerun_db_highthreat_20260410_030216.csv,multiple_runs_largerun_db_highthreat_20260410_030216.csv,179,1050.0,1197.0,328.0,0.0,324.0,318.0,49.0,0.0,31.0,1077.0,120.0,30.28571428571429,4.666666666666667,2.9523809523809526,0.0,10.025062656641603,2.037872954566788,resilient
multiple_runs_largerun_db_highthreat_20260410_030216.csv,multiple_runs_largerun_db_highthreat_20260410_030216.csv,180,924.0,1199.0,293.0,0.0,341.0,202.0,65.0,0.0,23.0,928.0,271.0,21.861471861471863,7.034632034632035,2.4891774891774894,0.0,22.602168473728106,2.037872954566788,resilient
multiple_runs_largerun_db_highthreat_20260410_030216.csv,multiple_runs_largerun_db_highthreat_20260410_030216.csv,181,1089.0,1193.0,66.0,0.0,50.0,407.0,314.0,224.0,28.0,751.0,218.0,37.37373737373738,28.833792470156105,2.571166207529844,20.56932966023875,37.04945515507125,2.037872954566788,vulnerable
multiple_runs_largerun_db_highthreat_20260410_030216.csv,multiple_runs_largerun_db_highthreat_20260410_030216.csv,182,1186.0,1187.0,96.0,0.0,66.0,493.0,325.0,166.0,40.0,791.0,230.0,41.56829679595278,27.40303541315346,3.372681281618887,13.99662731871838,33.36141533277169,2.037872954566788,vulnerable
multiple_runs_largerun_db_highthreat_20260410_030216.csv,multiple_runs_largerun_db_highthreat_20260410_030216.csv,183,1051.0,1219.0,43.0,0.0,10.0,325.0,398.0,247.0,28.0,762.0,210.0,30.922930542340627,37.86869647954329,2.664129400570885,23.50142721217888,37.48974569319114,2.037872954566788,vulnerable
multiple_runs_largerun_db_highthreat_20260410_030216.csv,multiple_runs_largerun_db_highthreat_20260410_030216.csv,184,1029.0,1223.0,212.0,0.0,278.0,297.0,125.0,84.0,33.0,940.0,199.0,28.86297376093295,12.147716229348884,3.206997084548105,8.16326530612245,23.13982011447261,2.037872954566788,vulnerable
multiple_runs_largerun_db_highthreat_20260410_030216.csv,multiple_runs_largerun_db_highthreat_20260410_030216.csv,185,1098.0,1206.0,191.0,1.0,223.0,372.0,179.0,98.0,34.0,865.0,243.0,33.87978142076503,16.302367941712205,3.096539162112933,8.925318761384334,28.275290215588722,2.037872954566788,vulnerable
multiple_runs_largerun_db_highthreat_20260410_030216.csv,multiple_runs_largerun_db_highthreat_20260410_030216.csv,186,1415.0,1191.0,32.0,0.0,18.0,662.0,379.0,282.0,42.0,741.0,168.0,46.78445229681979,26.78445229681979,2.9681978798586575,19.929328621908127,37.78337531486146,2.037872954566788,vulnerable
multiple_runs_largerun_db_highthreat_20260410_030216.csv,multiple_runs_largerun_db_highthreat_20260410_030216.csv,187,1027.0,1209.0,65.0,0.0,18.0,282.0,366.0,262.0,34.0,689.0,258.0,27.45861733203505,35.637779941577406,3.3106134371957157,25.511197663096397,43.01075268817204,2.037872954566788,vulnerable
multiple_runs_largerun_db_highthreat_20260410_030216.csv,multiple_runs_largerun_db_highthreat_20260410_030216.csv,188,989.0,1192.0,34.0,0.0,7.0,254.0,379.0,281.0,34.0,720.0,191.0,25.68250758341759,38.32153690596562,3.4378159757330633,28.412537917087967,39.59731543624161,2.037872954566788,vulnerable
multiple_runs_largerun_db_highthreat_20260410_030216.csv,multiple_runs_largerun_db_highthreat_20260410_030216.csv,189,975.0,1209.0,325.0,0.0,340.0,222.0,57.0,0.0,31.0,1046.0,163.0,22.76923076923077,5.846153846153846,3.1794871794871797,0.0,13.48221670802316,2.037872954566788,resilient
multiple_runs_largerun_db_highthreat_20260410_030216.csv,multiple_runs_largerun_db_highthreat_20260410_030216.csv,190,1158.0,1197.0,47.0,0.0,0.0,426.0,399.0,254.0,32.0,765.0,178.0,36.787564766839374,34.4559585492228,2.763385146804836,21.934369602763386,36.09022556390977,2.037872954566788,vulnerable
multiple_runs_largerun_db_highthreat_20260410_030216.csv,multiple_runs_largerun_db_highthreat_20260410_030216.csv,191,1071.0,1201.0,44.0,0.0,0.0,332.0,403.0,265.0,27.0,701.0,235.0,30.99906629318394,37.62838468720822,2.5210084033613445,24.743230625583568,41.63197335553705,2.037872954566788,vulnerable
multiple_runs_largerun_db_highthreat_20260410_030216.csv,multiple_runs_largerun_db_highthreat_20260410_030216.csv,192,1023.0,1195.0,319.0,0.0,341.0,273.0,52.0,0.0,38.0,1037.0,158.0,26.68621700879765,5.083088954056696,3.714565004887586,0.0,13.221757322175732,2.037872954566788,resilient
multiple_runs_largerun_db_highthreat_20260410_030216.csv,multiple_runs_largerun_db_highthreat_20260410_030216.csv,193,995.0,1205.0,308.0,0.0,362.0,253.0,39.0,0.0,33.0,1045.0,160.0,25.42713567839196,3.919597989949749,3.3165829145728645,0.0,13.278008298755188,2.037872954566788,resilient
multiple_runs_largerun_db_highthreat_20260410_030216.csv,multiple_runs_largerun_db_highthreat_20260410_030216.csv,194,966.0,1208.0,83.0,0.0,7.0,226.0,386.0,236.0,28.0,735.0,237.0,23.395445134575567,39.958592132505174,2.898550724637681,24.43064182194617,39.15562913907284,2.037872954566788,vulnerable
multiple_runs_largerun_db_highthreat_20260410_030216.csv,multiple_runs_largerun_db_highthreat_20260410_030216.csv,195,1098.0,1205.0,147.0,0.0,105.0,417.0,279.0,116.0,34.0,830.0,259.0,37.97814207650273,25.40983606557377,3.096539162112933,10.564663023679417,31.12033195020747,2.037872954566788,vulnerable
multiple_runs_largerun_db_highthreat_20260410_030216.csv,multiple_runs_largerun_db_highthreat_20260410_030216.csv,196,1272.0,1192.0,62.0,0.0,62.0,563.0,338.0,214.0,33.0,777.0,201.0,44.26100628930818,26.572327044025158,2.5943396226415096,16.82389937106918,34.81543624161073,2.037872954566788,vulnerable
multiple_runs_largerun_db_highthreat_20260410_030216.csv,multiple_runs_largerun_db_highthreat_20260410_030216.csv,197,1186.0,1205.0,159.0,0.0,57.0,477.0,315.0,145.0,33.0,808.0,252.0,40.21922428330523,26.559865092748737,2.782462057335582,12.225969645868465,32.946058091286304,2.037872954566788,vulnerable
multiple_runs_largerun_db_highthreat_20260410_030216.csv,multiple_runs_largerun_db_highthreat_20260410_030216.csv,198,1286.0,1214.0,61.0,0.0,51.0,588.0,320.0,233.0,33.0,796.0,185.0,45.72317262830482,24.883359253499222,2.5660964230171075,18.118195956454123,34.43163097199341,2.037872954566788,vulnerable
multiple_runs_largerun_db_highthreat_20260410_030216.csv,multiple_runs_largerun_db_highthreat_20260410_030216.csv,199,1033.0,1200.0,54.0,0.0,14.0,325.0,378.0,232.0,30.0,711.0,257.0,31.461761858664083,36.59244917715392,2.904162633107454,22.45885769603098,40.75,2.037872954566788,vulnerable
multiple_runs_largerun_db_highthreat_20260410_030216.csv,multiple_runs_largerun_db_highthreat_20260410_030216.csv,200,964.0,1192.0,296.0,0.0,366.0,234.0,32.0,6.0,30.0,974.0,212.0,24.273858921161825,3.319502074688797,3.112033195020747,0.6224066390041494,18.288590604026847,2.037872954566788,resilient
multiple_runs_largerun_db_highthreat_20260410_030216.csv,multiple_runs_largerun_db_highthreat_20260410_030216.csv,201,1285.0,1188.0,48.0,0.0,20.0,530.0,396.0,260.0,31.0,803.0,125.0,41.245136186770424,30.817120622568094,2.4124513618677046,20.233463035019454,32.407407407407405,2.037872954566788,vulnerable
multiple_runs_largerun_db_highthreat_20260410_030216.csv,multiple_runs_largerun_db_highthreat_20260410_030216.csv,202,1208.0,1213.0,129.0,0.0,42.0,464.0,366.0,178.0,29.0,814.0,221.0,38.41059602649007,30.29801324503311,2.4006622516556293,14.735099337748345,32.893652102225886,2.037872954566788,vulnerable
multiple_runs_largerun_db_highthreat_20260410_030216.csv,multiple_runs_largerun_db_highthreat_20260410_030216.csv,203,994.0,1212.0,59.0,0.0,14.0,270.0,411.0,206.0,34.0,741.0,265.0,27.16297786720322,41.34808853118712,3.420523138832998,20.72434607645875,38.86138613861386,2.037872954566788,vulnerable
multiple_runs_largerun_db_highthreat_20260410_030216.csv,multiple_runs_largerun_db_highthreat_20260410_030216.csv,204,949.0,1209.0,49.0,0.0,2.0,198.0,395.0,277.0,28.0,662.0,270.0,20.864067439409904,41.622760800843,2.9504741833508956,29.1886195995785,45.24400330851944,2.037872954566788,vulnerable
multiple_runs_largerun_db_highthreat_20260410_030216.csv,multiple_runs_largerun_db_highthreat_20260410_030216.csv,205,823.0,1200.0,281.0,0.0,363.0,117.0,17.0,5.0,40.0,916.0,279.0,14.21628189550425,2.0656136087484813,4.860267314702309,0.6075334143377886,23.666666666666668,2.037872954566788,resilient
multiple_runs_largerun_db_highthreat_20260410_030216.csv,multiple_runs_largerun_db_highthreat_20260410_030216.csv,206,1318.0,1203.0,47.0,0.0,0.0,559.0,423.0,258.0,31.0,757.0,188.0,42.41274658573596,32.09408194233687,2.3520485584218513,19.575113808801213,37.0739817123857,2.037872954566788,vulnerable
multiple_runs_largerun_db_highthreat_20260410_030216.csv,multiple_runs_largerun_db_highthreat_20260410_030216.csv,207,958.0,1205.0,32.0,0.0,9.0,238.0,380.0,263.0,36.0,686.0,256.0,24.843423799582464,39.66597077244259,3.7578288100208765,27.45302713987474,43.07053941908714,2.037872954566788,vulnerable
multiple_runs_largerun_db_highthreat_20260410_030216.csv,multiple_runs_largerun_db_highthreat_20260410_030216.csv,208,1003.0,1197.0,87.0,0.0,21.0,283.0,354.0,226.0,32.0,758.0,213.0,28.215353938185444,35.294117647058826,3.1904287138584246,22.532402791625124,36.6750208855472,2.037872954566788,vulnerable
multiple_runs_largerun_db_highthreat_20260410_030216.csv,multiple_runs_largerun_db_highthreat_20260410_030216.csv,209,973.0,1193.0,325.0,0.0,321.0,219.0,77.0,0.0,31.0,953.0,240.0,22.50770811921891,7.913669064748201,3.1860226104830422,0.0,20.1173512154233,2.037872954566788,resilient
multiple_runs_largerun_db_highthreat_20260410_030216.csv,multiple_runs_largerun_db_highthreat_20260410_030216.csv,210,970.0,1194.0,53.0,0.0,2.0,281.0,360.0,259.0,15.0,661.0,274.0,28.969072164948457,37.11340206185567,1.5463917525773196,26.701030927835053,44.63986599664992,2.037872954566788,vulnerable
multiple_runs_largerun_db_highthreat_20260410_030216.csv,multiple_runs_largerun_db_highthreat_20260410_030216.csv,211,952.0,1211.0,306.0,0.0,365.0,223.0,20.0,0.0,38.0,1023.0,188.0,23.42436974789916,2.100840336134454,3.9915966386554618,0.0,15.524360033030554,2.037872954566788,resilient
multiple_runs_largerun_db_highthreat_20260410_030216.csv,multiple_runs_largerun_db_highthreat_20260410_030216.csv,212,1114.0,1202.0,190.0,0.0,166.0,420.0,261.0,40.0,37.0,900.0,262.0,37.70197486535009,23.429084380610412,3.321364452423698,3.5906642728904847,25.124792013311147,2.037872954566788,vulnerable
multiple_runs_largerun_db_highthreat_20260410_030216.csv,multiple_runs_largerun_db_highthreat_20260410_030216.csv,213,964.0,1190.0,320.0,0.0,342.0,211.0,45.0,6.0,40.0,1022.0,162.0,21.887966804979254,4.668049792531121,4.149377593360995,0.6224066390041494,14.117647058823529,2.037872954566788,resilient
multiple_runs_largerun_db_highthreat_20260410_030216.csv,multiple_runs_largerun_db_highthreat_20260410_030216.csv,214,806.0,1199.0,29.0,0.0,1.0,94.0,384.0,270.0,28.0,625.0,304.0,11.662531017369728,47.64267990074442,3.4739454094292808,33.49875930521092,47.87322768974145,2.037872954566788,vulnerable
multiple_runs_largerun_db_highthreat_20260410_030216.csv,multiple_runs_largerun_db_highthreat_20260410_030216.csv,215,1386.0,1192.0,63.0,0.0,12.0,606.0,391.0,295.0,19.0,697.0,200.0,43.722943722943725,28.210678210678207,1.3708513708513708,21.284271284271284,41.52684563758389,2.037872954566788,vulnerable
multiple_runs_largerun_db_highthreat_20260410_030216.csv,multiple_runs_largerun_db_highthreat_20260410_030216.csv,216,994.0,1202.0,66.0,0.0,1.0,266.0,372.0,254.0,35.0,708.0,240.0,26.76056338028169,37.42454728370221,3.5211267605633805,25.553319919517104,41.098169717138106,2.037872954566788,vulnerable
multiple_runs_largerun_db_highthreat_20260410_030216.csv,multiple_runs_largerun_db_highthreat_20260410_030216.csv,217,1275.0,1209.0,52.0,0.0,25.0,544.0,369.0,265.0,20.0,728.0,216.0,42.66666666666667,28.941176470588236,1.5686274509803921,20.784313725490197,39.784946236559136,2.037872954566788,vulnerable
multiple_runs_largerun_db_highthreat_20260410_030216.csv,multiple_runs_largerun_db_highthreat_20260410_030216.csv,218,976.0,1198.0,56.0,0.0,2.0,218.0,387.0,289.0,24.0,716.0,193.0,22.33606557377049,39.65163934426229,2.459016393442623,29.610655737704917,40.23372287145242,2.037872954566788,vulnerable
multiple_runs_largerun_db_highthreat_20260410_030216.csv,multiple_runs_largerun_db_highthreat_20260410_030216.csv,219,1082.0,1178.0,42.0,0.0,0.0,402.0,365.0,240.0,33.0,743.0,195.0,37.15341959334565,33.733826247689464,3.0499075785582255,22.181146025878004,36.92699490662139,2.037872954566788,vulnerable
multiple_runs_largerun_db_highthreat_20260410_030216.csv,multiple_runs_largerun_db_highthreat_20260410_030216.csv,220,991.0,1208.0,291.0,0.0,325.0,259.0,82.0,5.0,29.0,1056.0,147.0,26.13521695257316,8.274470232088799,2.9263370332996974,0.5045408678102926,12.582781456953644,2.037872954566788,resilient
multiple_runs_largerun_db_highthreat_20260410_030216.csv,multiple_runs_largerun_db_highthreat_20260410_030216.csv,221,943.0,1213.0,266.0,0.0,283.0,239.0,112.0,1.0,42.0,1000.0,212.0,25.344644750795336,11.876988335100743,4.453870625662779,0.10604453870625664,17.55976916735367,2.037872954566788,resilient
multiple_runs_largerun_db_highthreat_20260410_030216.csv,multiple_runs_largerun_db_highthreat_20260410_030216.csv,222,912.0,1200.0,40.0,0.0,19.0,191.0,363.0,269.0,30.0,742.0,189.0,20.942982456140353,39.80263157894737,3.289473684210526,29.49561403508772,38.166666666666664,2.037872954566788,vulnerable
multiple_runs_largerun_db_highthreat_20260410_030216.csv,multiple_runs_largerun_db_highthreat_20260410_030216.csv,223,982.0,1191.0,297.0,0.0,355.0,274.0,26.0,0.0,30.0,1003.0,188.0,27.90224032586558,2.6476578411405294,3.054989816700611,0.0,15.785054575986566,2.037872954566788,resilient
multiple_runs_largerun_db_highthreat_20260410_030216.csv,multiple_runs_largerun_db_highthreat_20260410_030216.csv,224,1326.0,1206.0,40.0,0.0,1.0,620.0,390.0,251.0,24.0,752.0,203.0,46.757164404223225,29.411764705882355,1.809954751131222,18.929110105580694,37.64510779436153,2.037872954566788,vulnerable
multiple_runs_largerun_db_highthreat_20260410_030216.csv,multiple_runs_largerun_db_highthreat_20260410_030216.csv,225,1069.0,1196.0,75.0,0.0,0.0,346.0,376.0,247.0,25.0,717.0,232.0,32.366697848456496,35.17305893358279,2.3386342376052385,23.10570626753976,40.05016722408027,2.037872954566788,vulnerable
multiple_runs_largerun_db_highthreat_20260410_030216.csv,multiple_runs_largerun_db_highthreat_20260410_030216.csv,226,1023.0,1202.0,61.0,0.0,5.0,301.0,400.0,225.0,31.0,720.0,257.0,29.423264907135877,39.100684261974585,3.0303030303030303,21.994134897360702,40.099833610648915,2.037872954566788,vulnerable
multiple_runs_largerun_db_highthreat_20260410_030216.csv,multiple_runs_largerun_db_highthreat_20260410_030216.csv,227,1201.0,1202.0,79.0,0.0,43.0,503.0,343.0,210.0,23.0,757.0,235.0,41.881765195670276,28.55953372189842,1.9150707743547042,17.485428809325562,37.021630615640596,2.037872954566788,vulnerable
multiple_runs_largerun_db_highthreat_20260410_030216.csv,multiple_runs_largerun_db_highthreat_20260410_030216.csv,228,1128.0,1196.0,84.0,0.0,10.0,379.0,386.0,237.0,32.0,617.0,342.0,33.59929078014184,34.21985815602837,2.8368794326241136,21.01063829787234,48.4113712374582,2.037872954566788,vulnerable
multiple_runs_largerun_db_highthreat_20260410_030216.csv,multiple_runs_largerun_db_highthreat_20260410_030216.csv,229,950.0,1207.0,39.0,0.0,0.0,228.0,397.0,246.0,40.0,716.0,245.0,24.0,41.78947368421053,4.2105263157894735,25.894736842105264,40.67937033968517,2.037872954566788,vulnerable
multiple_runs_largerun_db_highthreat_20260410_030216.csv,multiple_runs_largerun_db_highthreat_20260410_030216.csv,230,1000.0,1193.0,62.0,0.0,19.0,280.0,367.0,235.0,37.0,755.0,203.0,28.000000000000004,36.7,3.6999999999999997,23.5,36.714165968147526,2.037872954566788,vulnerable
multiple_runs_largerun_db_highthreat_20260410_030216.csv,multiple_runs_largerun_db_highthreat_20260410_030216.csv,231,1398.0,1207.0,44.0,0.0,2.0,664.0,392.0,271.0,25.0,756.0,180.0,47.4964234620887,28.040057224606578,1.7882689556509301,19.38483547925608,37.36536868268434,2.037872954566788,vulnerable
multiple_runs_largerun_db_highthreat_20260410_030216.csv,multiple_runs_largerun_db_highthreat_20260410_030216.csv,232,987.0,1199.0,314.0,0.0,305.0,206.0,104.0,11.0,47.0,974.0,214.0,20.871327254305978,10.536980749746707,4.761904761904762,1.1144883485309016,18.765638031693076,2.037872954566788,resilient
multiple_runs_largerun_db_highthreat_20260410_030216.csv,multiple_runs_largerun_db_highthreat_20260410_030216.csv,233,965.0,1199.0,48.0,0.0,0.0,217.0,412.0,251.0,37.0,684.0,264.0,22.487046632124354,42.69430051813472,3.83419689119171,26.01036269430052,42.95246038365305,2.037872954566788,vulnerable
multiple_runs_largerun_db_highthreat_20260410_030216.csv,multiple_runs_largerun_db_highthreat_20260410_030216.csv,234,1207.0,1214.0,173.0,0.0,131.0,466.0,286.0,108.0,43.0,843.0,263.0,38.60811930405965,23.695111847555925,3.5625517812758902,8.947804473902236,30.56013179571664,2.037872954566788,vulnerable
multiple_runs_largerun_db_highthreat_20260410_030216.csv,multiple_runs_largerun_db_highthreat_20260410_030216.csv,235,1086.0,1206.0,187.0,0.0,174.0,379.0,213.0,96.0,37.0,824.0,286.0,34.898710865561696,19.613259668508288,3.4069981583793743,8.83977900552486,31.674958540630183,2.037872954566788,vulnerable
multiple_runs_largerun_db_highthreat_20260410_030216.csv,multiple_runs_largerun_db_highthreat_20260410_030216.csv,236,1162.0,1190.0,140.0,0.0,119.0,450.0,266.0,157.0,30.0,746.0,287.0,38.7263339070568,22.89156626506024,2.5817555938037864,13.511187607573149,37.3109243697479,2.037872954566788,vulnerable
multiple_runs_largerun_db_highthreat_20260410_030216.csv,multiple_runs_largerun_db_highthreat_20260410_030216.csv,237,1169.0,1204.0,204.0,0.0,180.0,448.0,246.0,51.0,40.0,819.0,334.0,38.32335329341318,21.04362703165098,3.4217279726261762,4.362703165098375,31.976744186046513,2.037872954566788,vulnerable
multiple_runs_largerun_db_highthreat_20260410_030216.csv,multiple_runs_largerun_db_highthreat_20260410_030216.csv,238,938.0,1192.0,316.0,0.0,325.0,199.0,67.0,0.0,31.0,1042.0,150.0,21.215351812366738,7.142857142857142,3.304904051172708,0.0,12.583892617449665,2.037872954566788,resilient
multiple_runs_largerun_db_highthreat_20260410_030216.csv,multiple_runs_largerun_db_highthreat_20260410_030216.csv,239,991.0,1204.0,50.0,0.0,3.0,274.0,386.0,254.0,24.0,671.0,279.0,27.648839556004035,38.95055499495459,2.4217961654894045,25.630676084762865,44.26910299003322,2.037872954566788,vulnerable
multiple_runs_largerun_db_highthreat_20260410_030216.csv,multiple_runs_largerun_db_highthreat_20260410_030216.csv,240,928.0,1177.0,42.0,0.0,7.0,207.0,376.0,270.0,26.0,690.0,217.0,22.306034482758623,40.51724137931034,2.8017241379310347,29.094827586206897,41.37638062871708,2.037872954566788,vulnerable
multiple_runs_largerun_db_highthreat_20260410_030216.csv,multiple_runs_largerun_db_highthreat_20260410_030216.csv,241,956.0,1188.0,366.0,0.0,299.0,222.0,52.0,0.0,17.0,970.0,218.0,23.221757322175733,5.439330543933055,1.778242677824268,0.0,18.35016835016835,2.037872954566788,resilient
multiple_runs_largerun_db_highthreat_20260410_030216.csv,multiple_runs_largerun_db_highthreat_20260410_030216.csv,242,1105.0,1204.0,59.0,0.0,22.0,378.0,395.0,223.0,28.0,756.0,225.0,34.20814479638009,35.74660633484163,2.5339366515837103,20.18099547511312,37.2093023255814,2.037872954566788,vulnerable
multiple_runs_largerun_db_highthreat_20260410_030216.csv,multiple_runs_largerun_db_highthreat_20260410_030216.csv,243,1272.0,1210.0,75.0,0.0,91.0,565.0,335.0,170.0,36.0,770.0,270.0,44.41823899371069,26.336477987421386,2.8301886792452833,13.364779874213836,36.36363636363637,2.037872954566788,vulnerable
multiple_runs_largerun_db_highthreat_20260410_030216.csv,multiple_runs_largerun_db_highthreat_20260410_030216.csv,244,1191.0,1221.0,184.0,0.0,147.0,462.0,261.0,109.0,28.0,842.0,270.0,38.79093198992443,21.91435768261965,2.3509655751469354,9.151973131821999,31.04013104013104,2.037872954566788,vulnerable
multiple_runs_largerun_db_highthreat_20260410_030216.csv,multiple_runs_largerun_db_highthreat_20260410_030216.csv,245,944.0,1183.0,300.0,0.0,380.0,213.0,17.0,6.0,28.0,957.0,220.0,22.5635593220339,1.8008474576271187,2.9661016949152543,0.6355932203389831,19.103972950126796,2.037872954566788,resilient
multiple_runs_largerun_db_highthreat_20260410_030216.csv,multiple_runs_largerun_db_highthreat_20260410_030216.csv,246,1000.0,1208.0,59.0,0.0,0.0,267.0,398.0,255.0,21.0,664.0,289.0,26.700000000000003,39.800000000000004,2.1,25.5,45.033112582781456,2.037872954566788,vulnerable
multiple_runs_largerun_db_highthreat_20260410_030216.csv,multiple_runs_largerun_db_highthreat_20260410_030216.csv,247,941.0,1190.0,46.0,0.0,2.0,211.0,394.0,260.0,28.0,733.0,197.0,22.422954303931988,41.87035069075451,2.975557917109458,27.630180658873538,38.40336134453782,2.037872954566788,vulnerable
multiple_runs_largerun_db_highthreat_20260410_030216.csv,multiple_runs_largerun_db_highthreat_20260410_030216.csv,248,942.0,1182.0,38.0,0.0,24.0,240.0,369.0,215.0,56.0,711.0,256.0,25.477707006369428,39.171974522293,5.9447983014862,22.823779193205944,39.847715736040605,2.037872954566788,vulnerable
multiple_runs_largerun_db_highthreat_20260410_030216.csv,multiple_runs_largerun_db_highthreat_20260410_030216.csv,249,908.0,1198.0,297.0,0.0,356.0,195.0,19.0,0.0,41.0,985.0,213.0,21.475770925110133,2.092511013215859,4.5154185022026425,0.0,17.779632721202006,2.037872954566788,resilient
multiple_runs_largerun_db_highthreat_20260410_030216.csv,multiple_runs_largerun_db_highthreat_20260410_030216.csv,250,997.0,1178.0,54.0,0.0,0.0,246.0,389.0,281.0,27.0,669.0,228.0,24.674022066198596,39.01705115346038,2.708124373119358,28.184553660982946,43.20882852292021,2.037872954566788,vulnerable
multiple_runs_largerun_db_highthreat_20260410_030216.csv,multiple_runs_largerun_db_highthreat_20260410_030216.csv,251,1023.0,1203.0,298.0,0.0,333.0,290.0,63.0,4.0,35.0,1020.0,179.0,28.347996089931577,6.158357771260997,3.4213098729227758,0.39100684261974583,15.211970074812967,2.037872954566788,resilient
multiple_runs_largerun_db_highthreat_20260410_030216.csv,multiple_runs_largerun_db_highthreat_20260410_030216.csv,252,948.0,1199.0,35.0,0.0,1.0,230.0,407.0,237.0,38.0,714.0,248.0,24.261603375527425,42.93248945147679,4.008438818565401,25.0,40.450375312760634,2.037872954566788,vulnerable
multiple_runs_largerun_db_highthreat_20260410_030216.csv,multiple_runs_largerun_db_highthreat_20260410_030216.csv,253,1227.0,1192.0,103.0,0.0,46.0,493.0,355.0,194.0,36.0,801.0,197.0,40.17929910350448,28.93235533822331,2.93398533007335,15.810920945395274,32.802013422818796,2.037872954566788,vulnerable
multiple_runs_largerun_db_highthreat_20260410_030216.csv,multiple_runs_largerun_db_highthreat_20260410_030216.csv,254,1305.0,1187.0,63.0,0.0,44.0,591.0,363.0,217.0,27.0,779.0,191.0,45.28735632183908,27.816091954022987,2.0689655172413794,16.628352490421456,34.372367312552655,2.037872954566788,vulnerable
multiple_runs_largerun_db_highthreat_20260410_030216.csv,multiple_runs_largerun_db_highthreat_20260410_030216.csv,255,1208.0,1186.0,157.0,0.0,159.0,468.0,242.0,147.0,35.0,823.0,216.0,38.741721854304636,20.033112582781456,2.8973509933774833,12.168874172185431,30.6070826306914,2.037872954566788,vulnerable
multiple_runs_largerun_db_highthreat_20260410_030216.csv,multiple_runs_largerun_db_highthreat_20260410_030216.csv,256,1242.0,1207.0,50.0,0.0,15.0,515.0,414.0,218.0,30.0,741.0,248.0,41.46537842190016,33.33333333333333,2.4154589371980677,17.55233494363929,38.60811930405965,2.037872954566788,vulnerable
multiple_runs_largerun_db_highthreat_20260410_030216.csv,multiple_runs_largerun_db_highthreat_20260410_030216.csv,257,1022.0,1202.0,267.0,0.0,308.0,325.0,90.0,0.0,32.0,1078.0,124.0,31.800391389432487,8.806262230919765,3.131115459882583,0.0,10.316139767054908,2.037872954566788,resilient
multiple_runs_largerun_db_highthreat_20260410_030216.csv,multiple_runs_largerun_db_highthreat_20260410_030216.csv,258,1004.0,1221.0,54.0,0.0,69.0,253.0,345.0,248.0,35.0,766.0,207.0,25.199203187250994,34.36254980079681,3.48605577689243,24.701195219123505,37.26453726453726,2.037872954566788,vulnerable
multiple_runs_largerun_db_highthreat_20260410_030216.csv,multiple_runs_largerun_db_highthreat_20260410_030216.csv,259,1043.0,1219.0,47.0,0.0,2.0,313.0,395.0,256.0,30.0,713.0,250.0,30.00958772770853,37.87152444870566,2.876318312559923,24.544582933844676,41.509433962264154,2.037872954566788,vulnerable
multiple_runs_largerun_db_highthreat_20260410_030216.csv,multiple_runs_largerun_db_highthreat_20260410_030216.csv,260,1054.0,1206.0,152.0,0.0,325.0,362.0,75.0,101.0,39.0,914.0,191.0,34.34535104364326,7.115749525616698,3.700189753320683,9.582542694497153,24.212271973466002,2.037872954566788,vulnerable
multiple_runs_largerun_db_highthreat_20260410_030216.csv,multiple_runs_largerun_db_highthreat_20260410_030216.csv,261,963.0,1202.0,43.0,0.0,16.0,205.0,418.0,257.0,24.0,733.0,212.0,21.287642782969883,43.40602284527518,2.4922118380062304,26.687435098650052,39.018302828618964,2.037872954566788,vulnerable
multiple_runs_largerun_db_highthreat_20260410_030216.csv,multiple_runs_largerun_db_highthreat_20260410_030216.csv,262,938.0,1171.0,290.0,0.0,338.0,231.0,48.0,2.0,29.0,991.0,178.0,24.62686567164179,5.11727078891258,3.091684434968017,0.21321961620469082,15.37147736976943,2.037872954566788,resilient
multiple_runs_largerun_db_highthreat_20260410_030216.csv,multiple_runs_largerun_db_highthreat_20260410_030216.csv,263,1119.0,1208.0,178.0,0.0,149.0,409.0,258.0,88.0,37.0,827.0,293.0,36.550491510277034,23.056300268096514,3.306523681858802,7.864164432529044,31.539735099337747,2.037872954566788,vulnerable
multiple_runs_largerun_db_highthreat_20260410_030216.csv,multiple_runs_largerun_db_highthreat_20260410_030216.csv,264,1119.0,1193.0,120.0,0.0,105.0,416.0,311.0,141.0,26.0,762.0,290.0,37.17605004468275,27.79267202859696,2.323503127792672,12.600536193029491,36.127409891031014,2.037872954566788,vulnerable
multiple_runs_largerun_db_highthreat_20260410_030216.csv,multiple_runs_largerun_db_highthreat_20260410_030216.csv,265,947.0,1217.0,36.0,0.0,0.0,199.0,407.0,268.0,37.0,698.0,251.0,21.013727560718056,42.977824709609294,3.907074973600845,28.299894403379096,42.645850451930976,2.037872954566788,vulnerable
multiple_runs_largerun_db_highthreat_20260410_030216.csv,multiple_runs_largerun_db_highthreat_20260410_030216.csv,266,1317.0,1205.0,134.0,0.0,114.0,583.0,297.0,163.0,26.0,771.0,271.0,44.2672741078208,22.55125284738041,1.9741837509491267,12.37661351556568,36.016597510373444,2.037872954566788,vulnerable
multiple_runs_largerun_db_highthreat_20260410_030216.csv,multiple_runs_largerun_db_highthreat_20260410_030216.csv,267,1237.0,1193.0,80.0,0.0,57.0,530.0,321.0,217.0,32.0,759.0,217.0,42.84559417946645,25.949878738884397,2.5869037995149555,17.54244139046079,36.37887678122381,2.037872954566788,vulnerable
multiple_runs_largerun_db_highthreat_20260410_030216.csv,multiple_runs_largerun_db_highthreat_20260410_030216.csv,268,926.0,1187.0,310.0,0.0,328.0,183.0,70.0,4.0,31.0,1003.0,180.0,19.762419006479483,7.559395248380129,3.3477321814254863,0.4319654427645789,15.501263689974726,2.037872954566788,resilient
multiple_runs_largerun_db_highthreat_20260410_030216.csv,multiple_runs_largerun_db_highthreat_20260410_030216.csv,269,944.0,1204.0,307.0,0.0,393.0,215.0,2.0,0.0,27.0,1001.0,203.0,22.77542372881356,0.211864406779661,2.860169491525424,0.0,16.86046511627907,2.037872954566788,resilient
multiple_runs_largerun_db_highthreat_20260410_030216.csv,multiple_runs_largerun_db_highthreat_20260410_030216.csv,270,1305.0,1201.0,34.0,0.0,6.0,592.0,384.0,260.0,29.0,780.0,161.0,45.3639846743295,29.42528735632184,2.2222222222222223,19.923371647509576,35.0541215653622,2.037872954566788,vulnerable
multiple_runs_largerun_db_highthreat_20260410_030216.csv,multiple_runs_largerun_db_highthreat_20260410_030216.csv,271,1023.0,1201.0,317.0,0.0,383.0,250.0,37.0,11.0,25.0,983.0,207.0,24.437927663734115,3.6168132942326494,2.4437927663734116,1.0752688172043012,18.151540383014154,2.037872954566788,resilient
multiple_runs_largerun_db_highthreat_20260410_030216.csv,multiple_runs_largerun_db_highthreat_20260410_030216.csv,272,751.0,1201.0,41.0,0.0,298.0,91.0,102.0,189.0,30.0,781.0,231.0,12.117177097203728,13.581890812250332,3.9946737683089215,25.166444740346204,34.970857618651124,2.037872954566788,vulnerable
multiple_runs_largerun_db_highthreat_20260410_030216.csv,multiple_runs_largerun_db_highthreat_20260410_030216.csv,273,1168.0,1203.0,163.0,0.0,119.0,444.0,280.0,128.0,34.0,792.0,283.0,38.013698630136986,23.972602739726025,2.910958904109589,10.95890410958904,34.1645885286783,2.037872954566788,vulnerable
multiple_runs_largerun_db_highthreat_20260410_030216.csv,multiple_runs_largerun_db_highthreat_20260410_030216.csv,274,1248.0,1210.0,157.0,0.0,183.0,500.0,212.0,159.0,37.0,754.0,297.0,40.06410256410257,16.98717948717949,2.9647435897435894,12.740384615384615,37.68595041322314,2.037872954566788,vulnerable
multiple_runs_largerun_db_highthreat_20260410_030216.csv,multiple_runs_largerun_db_highthreat_20260410_030216.csv,275,942.0,1202.0,46.0,0.0,7.0,238.0,393.0,229.0,29.0,730.0,243.0,25.265392781316347,41.71974522292994,3.0785562632696393,24.309978768577494,39.267886855241265,2.037872954566788,vulnerable
multiple_runs_largerun_db_highthreat_20260410_030216.csv,multiple_runs_largerun_db_highthreat_20260410_030216.csv,276,989.0,1206.0,304.0,0.0,315.0,268.0,63.0,0.0,39.0,1066.0,140.0,27.098078867542974,6.370070778564206,3.9433771486349847,0.0,11.608623548922056,2.037872954566788,resilient
multiple_runs_largerun_db_highthreat_20260410_030216.csv,multiple_runs_largerun_db_highthreat_20260410_030216.csv,277,1384.0,1199.0,40.0,0.0,3.0,650.0,402.0,253.0,36.0,792.0,154.0,46.96531791907515,29.046242774566473,2.601156069364162,18.28034682080925,33.94495412844037,2.037872954566788,vulnerable
multiple_runs_largerun_db_highthreat_20260410_030216.csv,multiple_runs_largerun_db_highthreat_20260410_030216.csv,278,946.0,1194.0,320.0,0.0,352.0,228.0,2.0,2.0,42.0,873.0,319.0,24.101479915433405,0.21141649048625794,4.439746300211417,0.21141649048625794,26.884422110552762,2.037872954566788,resilient
multiple_runs_largerun_db_highthreat_20260410_030216.csv,multiple_runs_largerun_db_highthreat_20260410_030216.csv,279,1167.0,1201.0,65.0,0.0,63.0,462.0,322.0,215.0,40.0,763.0,223.0,39.588688946015424,27.59211653813196,3.4275921165381322,18.42330762639246,36.46960865945046,2.037872954566788,vulnerable
multiple_runs_largerun_db_highthreat_20260410_030216.csv,multiple_runs_largerun_db_highthreat_20260410_030216.csv,280,1300.0,1198.0,31.0,0.0,6.0,572.0,391.0,270.0,30.0,643.0,285.0,44.0,30.07692307692308,2.307692307692308,20.76923076923077,46.327212020033386,2.037872954566788,vulnerable
multiple_runs_largerun_db_highthreat_20260410_030216.csv,multiple_runs_largerun_db_highthreat_20260410_030216.csv,281,1136.0,1203.0,204.0,0.0,190.0,399.0,206.0,99.0,38.0,726.0,378.0,35.12323943661972,18.133802816901408,3.345070422535211,8.714788732394366,39.65087281795511,2.037872954566788,vulnerable
multiple_runs_largerun_db_highthreat_20260410_030216.csv,multiple_runs_largerun_db_highthreat_20260410_030216.csv,282,1145.0,1200.0,174.0,0.0,110.0,444.0,267.0,119.0,31.0,831.0,250.0,38.777292576419214,23.31877729257642,2.7074235807860263,10.393013100436681,30.75,2.037872954566788,vulnerable
multiple_runs_largerun_db_highthreat_20260410_030216.csv,multiple_runs_largerun_db_highthreat_20260410_030216.csv,283,1256.0,1200.0,36.0,0.0,49.0,539.0,334.0,272.0,26.0,694.0,234.0,42.9140127388535,26.59235668789809,2.0700636942675157,21.656050955414013,42.16666666666667,2.037872954566788,vulnerable
multiple_runs_largerun_db_highthreat_20260410_030216.csv,multiple_runs_largerun_db_highthreat_20260410_030216.csv,284,1030.0,1202.0,68.0,0.0,0.0,304.0,401.0,223.0,34.0,734.0,245.0,29.514563106796114,38.932038834951456,3.300970873786408,21.650485436893206,38.935108153078204,2.037872954566788,vulnerable
multiple_runs_largerun_db_highthreat_20260410_030216.csv,multiple_runs_largerun_db_highthreat_20260410_030216.csv,285,998.0,1200.0,315.0,0.0,397.0,239.0,12.0,1.0,34.0,960.0,239.0,23.947895791583164,1.2024048096192386,3.406813627254509,0.1002004008016032,20.0,2.037872954566788,resilient
multiple_runs_largerun_db_highthreat_20260410_030216.csv,multiple_runs_largerun_db_highthreat_20260410_030216.csv,286,1425.0,1197.0,27.0,0.0,0.0,692.0,378.0,301.0,27.0,763.0,133.0,48.561403508771924,26.526315789473685,1.8947368421052633,21.12280701754386,36.25730994152047,2.037872954566788,vulnerable
multiple_runs_largerun_db_highthreat_20260410_030216.csv,multiple_runs_largerun_db_highthreat_20260410_030216.csv,287,1169.0,1197.0,145.0,0.0,120.0,463.0,252.0,145.0,44.0,776.0,276.0,39.606501283147985,21.55688622754491,3.7639007698887936,12.403763900769889,35.171261487050955,2.037872954566788,vulnerable
multiple_runs_largerun_db_highthreat_20260410_030216.csv,multiple_runs_largerun_db_highthreat_20260410_030216.csv,288,1148.0,1183.0,76.0,0.0,21.0,436.0,373.0,224.0,18.0,631.0,328.0,37.97909407665505,32.491289198606275,1.5679442508710801,19.51219512195122,46.66103127641589,2.037872954566788,vulnerable
multiple_runs_largerun_db_highthreat_20260410_030216.csv,multiple_runs_largerun_db_highthreat_20260410_030216.csv,289,942.0,1199.0,46.0,0.0,0.0,220.0,409.0,237.0,30.0,699.0,263.0,23.35456475583864,43.418259023354565,3.1847133757961785,25.159235668789808,41.70141784820684,2.037872954566788,vulnerable
multiple_runs_largerun_db_highthreat_20260410_030216.csv,multiple_runs_largerun_db_highthreat_20260410_030216.csv,290,1233.0,1184.0,56.0,0.0,10.0,530.0,350.0,265.0,22.0,671.0,248.0,42.9845904298459,28.386050283860502,1.7842660178426604,21.49229521492295,43.3277027027027,2.037872954566788,vulnerable
multiple_runs_largerun_db_highthreat_20260410_030216.csv,multiple_runs_largerun_db_highthreat_20260410_030216.csv,291,1383.0,1180.0,60.0,0.0,10.0,636.0,373.0,279.0,25.0,721.0,180.0,45.98698481561822,26.970354302241507,1.8076644974692697,20.17353579175705,38.89830508474576,2.037872954566788,vulnerable
multiple_runs_largerun_db_highthreat_20260410_030216.csv,multiple_runs_largerun_db_highthreat_20260410_030216.csv,292,897.0,1177.0,32.0,0.0,0.0,184.0,352.0,308.0,21.0,611.0,258.0,20.51282051282051,39.24191750278707,2.341137123745819,34.33667781493868,48.08836023789295,2.037872954566788,vulnerable
multiple_runs_largerun_db_highthreat_20260410_030216.csv,multiple_runs_largerun_db_highthreat_20260410_030216.csv,293,958.0,1193.0,67.0,0.0,14.0,249.0,386.0,222.0,20.0,707.0,264.0,25.99164926931106,40.292275574112736,2.0876826722338206,23.173277661795407,40.737636211232186,2.037872954566788,vulnerable
multiple_runs_largerun_db_highthreat_20260410_030216.csv,multiple_runs_largerun_db_highthreat_20260410_030216.csv,294,1398.0,1186.0,62.0,0.0,13.0,624.0,397.0,266.0,36.0,747.0,173.0,44.63519313304721,28.397711015736764,2.575107296137339,19.027181688125893,37.01517706576728,2.037872954566788,vulnerable
multiple_runs_largerun_db_highthreat_20260410_030216.csv,multiple_runs_largerun_db_highthreat_20260410_030216.csv,295,1274.0,1197.0,68.0,0.0,56.0,566.0,353.0,197.0,34.0,789.0,211.0,44.42700156985872,27.708006279434848,2.6687598116169546,15.463108320251179,34.08521303258145,2.037872954566788,vulnerable
multiple_runs_largerun_db_highthreat_20260410_030216.csv,multiple_runs_largerun_db_highthreat_20260410_030216.csv,296,1234.0,1202.0,72.0,0.0,79.0,502.0,322.0,228.0,31.0,767.0,207.0,40.680713128038896,26.094003241491087,2.512155591572123,18.47649918962723,36.18968386023295,2.037872954566788,vulnerable
multiple_runs_largerun_db_highthreat_20260410_030216.csv,multiple_runs_largerun_db_highthreat_20260410_030216.csv,297,1033.0,1207.0,59.0,0.0,1.0,320.0,418.0,209.0,26.0,828.0,170.0,30.977734753146173,40.46466602129719,2.516940948693127,20.232333010648595,31.400165700082848,2.037872954566788,vulnerable
multiple_runs_largerun_db_highthreat_20260410_030216.csv,multiple_runs_largerun_db_highthreat_20260410_030216.csv,298,1264.0,1209.0,76.0,0.0,63.0,517.0,352.0,223.0,33.0,798.0,188.0,40.901898734177216,27.848101265822784,2.6107594936708862,17.64240506329114,33.99503722084367,2.037872954566788,vulnerable
multiple_runs_largerun_db_highthreat_20260410_030216.csv,multiple_runs_largerun_db_highthreat_20260410_030216.csv,299,1061.0,1219.0,315.0,0.0,292.0,327.0,90.0,0.0,37.0,1105.0,114.0,30.81998114985862,8.482563619227145,3.4872761545711595,0.0,9.351927809680067,2.037872954566788,resilient
multiple_runs_largerun_db_highthreat_20260410_030216.csv,multiple_runs_largerun_db_highthreat_20260410_030216.csv,300,916.0,1199.0,44.0,0.0,18.0,179.0,387.0,252.0,36.0,689.0,258.0,19.541484716157207,42.248908296943235,3.9301310043668125,27.510917030567683,42.53544620517097,2.037872954566788,vulnerable
multiple_runs_largerun_db_highthreat_20260410_030216.csv,multiple_runs_largerun_db_highthreat_20260410_030216.csv,301,1251.0,1188.0,93.0,0.0,44.0,535.0,358.0,195.0,26.0,783.0,210.0,42.76578737010392,28.617106314948042,2.0783373301358914,15.587529976019185,34.090909090909086,2.037872954566788,vulnerable
multiple_runs_largerun_db_highthreat_20260410_030216.csv,multiple_runs_largerun_db_highthreat_20260410_030216.csv,302,1058.0,1213.0,169.0,0.0,188.0,340.0,200.0,121.0,40.0,719.0,373.0,32.136105860113425,18.90359168241966,3.780718336483932,11.436672967863894,40.72547403132729,2.037872954566788,vulnerable
multiple_runs_largerun_db_highthreat_20260410_030216.csv,multiple_runs_largerun_db_highthreat_20260410_030216.csv,303,875.0,1194.0,297.0,0.0,386.0,139.0,6.0,12.0,35.0,966.0,216.0,15.885714285714286,0.6857142857142857,4.0,1.3714285714285714,19.09547738693467,2.037872954566788,resilient
multiple_runs_largerun_db_highthreat_20260410_030216.csv,multiple_runs_largerun_db_highthreat_20260410_030216.csv,304,957.0,1218.0,287.0,0.0,362.0,235.0,35.0,0.0,38.0,991.0,227.0,24.555903866248695,3.657262277951933,3.9707419017763845,0.0,18.637110016420362,2.037872954566788,resilient
multiple_runs_largerun_db_highthreat_20260410_030216.csv,multiple_runs_largerun_db_highthreat_20260410_030216.csv,305,1163.0,1210.0,172.0,0.0,159.0,428.0,253.0,113.0,38.0,811.0,286.0,36.80137575236457,21.75408426483233,3.267411865864144,9.716251074806536,32.97520661157024,2.037872954566788,vulnerable
multiple_runs_largerun_db_highthreat_20260410_030216.csv,multiple_runs_largerun_db_highthreat_20260410_030216.csv,306,1365.0,1185.0,41.0,0.0,19.0,601.0,383.0,292.0,29.0,745.0,148.0,44.02930402930403,28.05860805860806,2.1245421245421245,21.39194139194139,37.130801687763714,2.037872954566788,vulnerable
multiple_runs_largerun_db_highthreat_20260410_030216.csv,multiple_runs_largerun_db_highthreat_20260410_030216.csv,307,1178.0,1189.0,154.0,0.0,40.0,473.0,353.0,134.0,24.0,791.0,264.0,40.1528013582343,29.9660441426146,2.037351443123939,11.37521222410866,33.47350714886459,2.037872954566788,vulnerable
multiple_runs_largerun_db_highthreat_20260410_030216.csv,multiple_runs_largerun_db_highthreat_20260410_030216.csv,308,934.0,1195.0,280.0,0.0,348.0,224.0,27.0,16.0,39.0,960.0,219.0,23.98286937901499,2.890792291220557,4.17558886509636,1.7130620985010707,19.665271966527197,2.037872954566788,resilient
multiple_runs_largerun_db_highthreat_20260410_030216.csv,multiple_runs_largerun_db_highthreat_20260410_030216.csv,309,1103.0,1221.0,43.0,0.0,3.0,412.0,385.0,233.0,27.0,751.0,237.0,37.35267452402539,34.904805077062555,2.447869446962829,21.12420670897552,38.4930384930385,2.037872954566788,vulnerable
multiple_runs_largerun_db_highthreat_20260410_030216.csv,multiple_runs_largerun_db_highthreat_20260410_030216.csv,310,1024.0,1199.0,307.0,0.0,316.0,265.0,103.0,5.0,28.0,914.0,280.0,25.87890625,10.05859375,2.734375,0.48828125,23.769808173477898,2.037872954566788,resilient
multiple_runs_largerun_db_highthreat_20260410_030216.csv,multiple_runs_largerun_db_highthreat_20260410_030216.csv,311,993.0,1196.0,345.0,0.0,380.0,229.0,0.0,2.0,37.0,945.0,249.0,23.061430010070495,0.0,3.726082578046324,0.2014098690835851,20.986622073578594,2.037872954566788,resilient
multiple_runs_largerun_db_highthreat_20260410_030216.csv,multiple_runs_largerun_db_highthreat_20260410_030216.csv,312,967.0,1181.0,293.0,0.0,311.0,262.0,63.0,0.0,38.0,930.0,251.0,27.094105480868663,6.514994829369184,3.9296794208893484,0.0,21.253175275190518,2.037872954566788,resilient
multiple_runs_largerun_db_highthreat_20260410_030216.csv,multiple_runs_largerun_db_highthreat_20260410_030216.csv,313,1014.0,1197.0,299.0,0.0,327.0,298.0,59.0,0.0,31.0,1069.0,128.0,29.388560157790927,5.818540433925049,3.057199211045365,0.0,10.693400167084377,2.037872954566788,resilient
multiple_runs_largerun_db_highthreat_20260410_030216.csv,multiple_runs_largerun_db_highthreat_20260410_030216.csv,314,952.0,1188.0,42.0,0.0,3.0,233.0,411.0,237.0,26.0,697.0,254.0,24.474789915966387,43.17226890756303,2.73109243697479,24.89495798319328,41.329966329966325,2.037872954566788,vulnerable
multiple_runs_largerun_db_highthreat_20260410_030216.csv,multiple_runs_largerun_db_highthreat_20260410_030216.csv,315,965.0,1204.0,46.0,0.0,16.0,231.0,393.0,251.0,28.0,702.0,251.0,23.93782383419689,40.72538860103627,2.901554404145078,26.01036269430052,41.69435215946844,2.037872954566788,vulnerable
multiple_runs_largerun_db_highthreat_20260410_030216.csv,multiple_runs_largerun_db_highthreat_20260410_030216.csv,316,914.0,1199.0,275.0,0.0,317.0,195.0,73.0,17.0,37.0,986.0,196.0,21.334792122538293,7.986870897155361,4.048140043763676,1.8599562363238513,17.764804003336113,2.037872954566788,resilient
multiple_runs_largerun_db_highthreat_20260410_030216.csv,multiple_runs_largerun_db_highthreat_20260410_030216.csv,317,1259.0,1194.0,128.0,0.0,63.0,552.0,321.0,166.0,29.0,802.0,226.0,43.84432088959492,25.496425734710087,2.3034154090548054,13.18506751389992,32.83082077051927,2.037872954566788,vulnerable
multiple_runs_largerun_db_highthreat_20260410_030216.csv,multiple_runs_largerun_db_highthreat_20260410_030216.csv,318,1009.0,1202.0,309.0,0.0,379.0,253.0,32.0,4.0,32.0,1084.0,114.0,25.074331020812686,3.1714568880079286,3.1714568880079286,0.39643211100099107,9.816971713810316,2.037872954566788,resilient
multiple_runs_largerun_db_highthreat_20260410_030216.csv,multiple_runs_largerun_db_highthreat_20260410_030216.csv,319,904.0,1190.0,297.0,0.0,302.0,173.0,93.0,12.0,27.0,943.0,235.0,19.13716814159292,10.287610619469026,2.9867256637168142,1.3274336283185841,20.756302521008404,2.037872954566788,resilient
multiple_runs_largerun_db_highthreat_20260410_030216.csv,multiple_runs_largerun_db_highthreat_20260410_030216.csv,320,1029.0,1213.0,63.0,0.0,7.0,303.0,388.0,246.0,22.0,746.0,221.0,29.44606413994169,37.70651117589893,2.1379980563654035,23.9067055393586,38.49958779884584,2.037872954566788,vulnerable
multiple_runs_largerun_db_highthreat_20260410_030216.csv,multiple_runs_largerun_db_highthreat_20260410_030216.csv,321,905.0,1197.0,312.0,0.0,374.0,177.0,11.0,0.0,31.0,1074.0,123.0,19.558011049723756,1.2154696132596685,3.4254143646408837,0.0,10.275689223057643,2.037872954566788,resilient
multiple_runs_largerun_db_highthreat_20260410_030216.csv,multiple_runs_largerun_db_highthreat_20260410_030216.csv,322,900.0,1210.0,311.0,0.0,338.0,174.0,32.0,7.0,38.0,981.0,222.0,19.333333333333332,3.5555555555555554,4.222222222222222,0.7777777777777778,18.925619834710744,2.037872954566788,resilient
multiple_runs_largerun_db_highthreat_20260410_030216.csv,multiple_runs_largerun_db_highthreat_20260410_030216.csv,323,998.0,1192.0,299.0,0.0,396.0,227.0,45.0,0.0,31.0,1015.0,177.0,22.74549098196393,4.509018036072145,3.106212424849699,0.0,14.848993288590604,2.037872954566788,resilient
multiple_runs_largerun_db_highthreat_20260410_030216.csv,multiple_runs_largerun_db_highthreat_20260410_030216.csv,324,933.0,1210.0,88.0,0.0,0.0,253.0,373.0,183.0,36.0,813.0,214.0,27.116827438370844,39.97856377277599,3.858520900321544,19.614147909967848,32.8099173553719,2.037872954566788,vulnerable
multiple_runs_largerun_db_highthreat_20260410_030216.csv,multiple_runs_largerun_db_highthreat_20260410_030216.csv,325,1193.0,1219.0,32.0,0.0,46.0,467.0,355.0,255.0,38.0,704.0,260.0,39.14501257334451,29.7569153394803,3.1852472757753563,21.374685666387258,42.24774405250205,2.037872954566788,vulnerable
multiple_runs_largerun_db_highthreat_20260410_030216.csv,multiple_runs_largerun_db_highthreat_20260410_030216.csv,326,914.0,1204.0,330.0,0.0,359.0,157.0,30.0,4.0,34.0,987.0,213.0,17.177242888402624,3.282275711159737,3.7199124726477026,0.437636761487965,18.023255813953487,2.037872954566788,resilient
multiple_runs_largerun_db_highthreat_20260410_030216.csv,multiple_runs_largerun_db_highthreat_20260410_030216.csv,327,1191.0,1191.0,182.0,0.0,150.0,472.0,236.0,119.0,32.0,804.0,268.0,39.63056255247691,19.815281276238455,2.686817800167926,9.991603694374476,32.49370277078086,2.037872954566788,vulnerable
multiple_runs_largerun_db_highthreat_20260410_030216.csv,multiple_runs_largerun_db_highthreat_20260410_030216.csv,328,951.0,1207.0,44.0,0.0,1.0,220.0,376.0,289.0,21.0,693.0,225.0,23.1335436382755,39.537329127234486,2.2082018927444795,30.38906414300736,42.58492129246065,2.037872954566788,vulnerable
multiple_runs_largerun_db_highthreat_20260410_030216.csv,multiple_runs_largerun_db_highthreat_20260410_030216.csv,329,913.0,1212.0,281.0,0.0,373.0,160.0,31.0,22.0,46.0,944.0,246.0,17.524644030668128,3.3953997809419496,5.038335158817087,2.4096385542168677,22.112211221122113,2.037872954566788,vulnerable
multiple_runs_largerun_db_highthreat_20260410_030216.csv,multiple_runs_largerun_db_highthreat_20260410_030216.csv,330,922.0,1188.0,240.0,0.0,366.0,213.0,36.0,25.0,42.0,847.0,316.0,23.10195227765727,3.9045553145336225,4.55531453362256,2.711496746203905,28.703703703703702,2.037872954566788,vulnerable
multiple_runs_largerun_db_highthreat_20260410_030216.csv,multiple_runs_largerun_db_highthreat_20260410_030216.csv,331,945.0,1182.0,326.0,0.0,344.0,190.0,53.0,4.0,28.0,974.0,204.0,20.105820105820104,5.608465608465608,2.9629629629629632,0.4232804232804233,17.59729272419628,2.037872954566788,resilient
multiple_runs_largerun_db_highthreat_20260410_030216.csv,multiple_runs_largerun_db_highthreat_20260410_030216.csv,332,977.0,1194.0,332.0,0.0,296.0,243.0,74.0,0.0,32.0,1037.0,157.0,24.872057318321392,7.574206755373593,3.2753326509723646,0.0,13.149078726968174,2.037872954566788,resilient
multiple_runs_largerun_db_highthreat_20260410_030216.csv,multiple_runs_largerun_db_highthreat_20260410_030216.csv,333,957.0,1215.0,336.0,0.0,360.0,184.0,23.0,12.0,42.0,956.0,247.0,19.22675026123302,2.4033437826541273,4.38871473354232,1.2539184952978055,21.316872427983537,2.037872954566788,resilient
multiple_runs_largerun_db_highthreat_20260410_030216.csv,multiple_runs_largerun_db_highthreat_20260410_030216.csv,334,1024.0,1201.0,46.0,0.0,1.0,311.0,375.0,251.0,40.0,704.0,246.0,30.37109375,36.62109375,3.90625,24.51171875,41.38218151540383,2.037872954566788,vulnerable
multiple_runs_largerun_db_highthreat_20260410_030216.csv,multiple_runs_largerun_db_highthreat_20260410_030216.csv,335,793.0,1200.0,287.0,0.0,344.0,79.0,33.0,15.0,35.0,938.0,247.0,9.962168978562422,4.16141235813367,4.4136191677175285,1.8915510718789406,21.833333333333332,2.037872954566788,resilient
multiple_runs_largerun_db_highthreat_20260410_030216.csv,multiple_runs_largerun_db_highthreat_20260410_030216.csv,336,1276.0,1182.0,43.0,0.0,21.0,580.0,374.0,244.0,14.0,715.0,223.0,45.45454545454545,29.310344827586203,1.09717868338558,19.122257053291534,39.50930626057529,2.037872954566788,vulnerable
multiple_runs_largerun_db_highthreat_20260410_030216.csv,multiple_runs_largerun_db_highthreat_20260410_030216.csv,337,1156.0,1201.0,154.0,0.0,123.0,447.0,268.0,123.0,41.0,814.0,264.0,38.667820069204154,23.18339100346021,3.5467128027681665,10.640138408304498,32.22314737718568,2.037872954566788,vulnerable
multiple_runs_largerun_db_highthreat_20260410_030216.csv,multiple_runs_largerun_db_highthreat_20260410_030216.csv,338,1145.0,1203.0,175.0,0.0,193.0,431.0,212.0,92.0,42.0,842.0,269.0,37.64192139737991,18.515283842794762,3.6681222707423577,8.034934497816595,30.00831255195345,2.037872954566788,vulnerable
multiple_runs_largerun_db_highthreat_20260410_030216.csv,multiple_runs_largerun_db_highthreat_20260410_030216.csv,339,958.0,1203.0,42.0,0.0,1.0,208.0,409.0,272.0,26.0,680.0,251.0,21.711899791231733,42.693110647181626,2.7139874739039667,28.39248434237996,43.474646716541976,2.037872954566788,vulnerable
multiple_runs_largerun_db_highthreat_20260410_030216.csv,multiple_runs_largerun_db_highthreat_20260410_030216.csv,340,1146.0,1202.0,115.0,0.0,22.0,410.0,383.0,180.0,36.0,791.0,231.0,35.776614310645726,33.42059336823734,3.1413612565445024,15.706806282722512,34.19301164725457,2.037872954566788,vulnerable
multiple_runs_largerun_db_highthreat_20260410_030216.csv,multiple_runs_largerun_db_highthreat_20260410_030216.csv,341,992.0,1206.0,55.0,0.0,14.0,245.0,413.0,227.0,38.0,762.0,217.0,24.697580645161292,41.63306451612903,3.8306451612903225,22.883064516129032,36.81592039800995,2.037872954566788,vulnerable
multiple_runs_largerun_db_highthreat_20260410_030216.csv,multiple_runs_largerun_db_highthreat_20260410_030216.csv,342,1164.0,1210.0,73.0,0.0,9.0,422.0,365.0,271.0,24.0,721.0,218.0,36.25429553264605,31.3573883161512,2.0618556701030926,23.281786941580755,40.413223140495866,2.037872954566788,vulnerable
multiple_runs_largerun_db_highthreat_20260410_030216.csv,multiple_runs_largerun_db_highthreat_20260410_030216.csv,343,1017.0,1199.0,319.0,0.0,373.0,256.0,35.0,3.0,31.0,1062.0,134.0,25.172074729596854,3.44149459193707,3.048180924287119,0.2949852507374631,11.426188490408675,2.037872954566788,resilient
multiple_runs_largerun_db_highthreat_20260410_030216.csv,multiple_runs_largerun_db_highthreat_20260410_030216.csv,344,1182.0,1194.0,63.0,0.0,70.0,506.0,308.0,203.0,32.0,760.0,231.0,42.8087986463621,26.057529610829107,2.707275803722504,17.174280879864636,36.348408710217754,2.037872954566788,vulnerable
multiple_runs_largerun_db_highthreat_20260410_030216.csv,multiple_runs_largerun_db_highthreat_20260410_030216.csv,345,915.0,1212.0,309.0,0.0,335.0,179.0,57.0,1.0,34.0,1023.0,188.0,19.562841530054644,6.229508196721312,3.715846994535519,0.1092896174863388,15.594059405940595,2.037872954566788,resilient
multiple_runs_largerun_db_highthreat_20260410_030216.csv,multiple_runs_largerun_db_highthreat_20260410_030216.csv,346,966.0,1197.0,293.0,0.0,329.0,246.0,53.0,8.0,37.0,973.0,216.0,25.465838509316768,5.486542443064183,3.8302277432712217,0.8281573498964804,18.71345029239766,2.037872954566788,resilient
multiple_runs_largerun_db_highthreat_20260410_030216.csv,multiple_runs_largerun_db_highthreat_20260410_030216.csv,347,1400.0,1227.0,64.0,0.0,8.0,646.0,412.0,241.0,29.0,737.0,249.0,46.14285714285714,29.428571428571427,2.071428571428571,17.214285714285715,39.934800325998374,2.037872954566788,vulnerable
multiple_runs_largerun_db_highthreat_20260410_030216.csv,multiple_runs_largerun_db_highthreat_20260410_030216.csv,348,920.0,1202.0,319.0,0.0,362.0,162.0,26.0,17.0,34.0,1034.0,151.0,17.608695652173914,2.8260869565217392,3.6956521739130435,1.8478260869565217,13.976705490848584,2.037872954566788,resilient
multiple_runs_largerun_db_highthreat_20260410_030216.csv,multiple_runs_largerun_db_highthreat_20260410_030216.csv,349,1132.0,1196.0,153.0,0.0,172.0,404.0,240.0,133.0,30.0,804.0,259.0,35.68904593639576,21.20141342756184,2.65017667844523,11.749116607773852,32.77591973244147,2.037872954566788,vulnerable
multiple_runs_largerun_db_highthreat_20260410_030216.csv,multiple_runs_largerun_db_highthreat_20260410_030216.csv,350,986.0,1189.0,57.0,0.0,7.0,251.0,370.0,276.0,25.0,712.0,201.0,25.456389452332655,37.52535496957404,2.535496957403651,27.99188640973631,40.11774600504626,2.037872954566788,vulnerable
multiple_runs_largerun_db_highthreat_20260410_030216.csv,multiple_runs_largerun_db_highthreat_20260410_030216.csv,351,1003.0,1191.0,306.0,0.0,394.0,254.0,20.0,0.0,29.0,1065.0,126.0,25.324027916251246,1.9940179461615155,2.8913260219341974,0.0,10.579345088161208,2.037872954566788,resilient
multiple_runs_largerun_db_highthreat_20260410_030216.csv,multiple_runs_largerun_db_highthreat_20260410_030216.csv,352,950.0,1196.0,294.0,0.0,385.0,232.0,9.0,0.0,30.0,1042.0,154.0,24.421052631578945,0.9473684210526316,3.1578947368421053,0.0,12.876254180602006,2.037872954566788,resilient
multiple_runs_largerun_db_highthreat_20260410_030216.csv,multiple_runs_largerun_db_highthreat_20260410_030216.csv,353,1309.0,1211.0,83.0,0.0,31.0,569.0,363.0,238.0,25.0,810.0,163.0,43.46829640947288,27.73109243697479,1.9098548510313216,18.181818181818183,33.11312964492155,2.037872954566788,vulnerable
multiple_runs_largerun_db_highthreat_20260410_030216.csv,multiple_runs_largerun_db_highthreat_20260410_030216.csv,354,780.0,1200.0,296.0,0.0,357.0,44.0,32.0,10.0,41.0,914.0,276.0,5.641025641025641,4.102564102564102,5.256410256410256,1.282051282051282,23.833333333333336,2.037872954566788,resilient
multiple_runs_largerun_db_highthreat_20260410_030216.csv,multiple_runs_largerun_db_highthreat_20260410_030216.csv,355,1056.0,1191.0,295.0,0.0,344.0,314.0,41.0,34.0,28.0,1038.0,119.0,29.734848484848484,3.882575757575758,2.6515151515151514,3.2196969696969697,12.846347607052897,2.037872954566788,vulnerable
multiple_runs_largerun_db_highthreat_20260410_030216.csv,multiple_runs_largerun_db_highthreat_20260410_030216.csv,356,1199.0,1208.0,115.0,0.0,115.0,456.0,284.0,190.0,39.0,776.0,242.0,38.03169307756464,23.686405337781487,3.252710592160134,15.846538782318598,35.76158940397351,2.037872954566788,vulnerable
multiple_runs_largerun_db_highthreat_20260410_030216.csv,multiple_runs_largerun_db_highthreat_20260410_030216.csv,357,1150.0,1199.0,135.0,0.0,184.0,466.0,205.0,126.0,34.0,799.0,274.0,40.52173913043478,17.82608695652174,2.9565217391304346,10.956521739130434,33.361134278565466,2.037872954566788,vulnerable
multiple_runs_largerun_db_highthreat_20260410_030216.csv,multiple_runs_largerun_db_highthreat_20260410_030216.csv,358,987.0,1205.0,51.0,0.0,0.0,237.0,421.0,250.0,28.0,716.0,239.0,24.012158054711247,42.65450861195542,2.8368794326241136,25.329280648429588,40.58091286307054,2.037872954566788,vulnerable
multiple_runs_largerun_db_highthreat_20260410_030216.csv,multiple_runs_largerun_db_highthreat_20260410_030216.csv,359,998.0,1207.0,286.0,0.0,302.0,262.0,102.0,12.0,34.0,1031.0,164.0,26.252505010020037,10.220440881763528,3.406813627254509,1.2024048096192386,14.581607290803644,2.037872954566788,resilient
multiple_runs_largerun_db_highthreat_20260410_030216.csv,multiple_runs_largerun_db_highthreat_20260410_030216.csv,360,1428.0,1213.0,29.0,0.0,5.0,694.0,388.0,287.0,25.0,751.0,175.0,48.59943977591036,27.170868347338935,1.7507002801120448,20.098039215686274,38.0873866446826,2.037872954566788,vulnerable
multiple_runs_largerun_db_highthreat_20260410_030216.csv,multiple_runs_largerun_db_highthreat_20260410_030216.csv,361,999.0,1199.0,52.0,0.0,14.0,225.0,383.0,291.0,34.0,703.0,205.0,22.52252252252252,38.33833833833834,3.4034034034034035,29.129129129129126,41.367806505421186,2.037872954566788,vulnerable
multiple_runs_largerun_db_highthreat_20260410_030216.csv,multiple_runs_largerun_db_highthreat_20260410_030216.csv,362,1433.0,1211.0,51.0,0.0,6.0,688.0,383.0,279.0,26.0,757.0,175.0,48.01116538729937,26.727145847871597,1.8143754361479414,19.469644103279833,37.4896779521057,2.037872954566788,vulnerable
multiple_runs_largerun_db_highthreat_20260410_030216.csv,multiple_runs_largerun_db_highthreat_20260410_030216.csv,363,905.0,1206.0,43.0,0.0,4.0,188.0,376.0,275.0,19.0,676.0,255.0,20.773480662983427,41.546961325966855,2.0994475138121547,30.386740331491712,43.946932006633496,2.037872954566788,vulnerable
multiple_runs_largerun_db_highthreat_20260410_030216.csv,multiple_runs_largerun_db_highthreat_20260410_030216.csv,364,1169.0,1196.0,48.0,0.0,49.0,460.0,333.0,238.0,41.0,754.0,204.0,39.34987168520102,28.485885372112918,3.507271171941831,20.35928143712575,36.95652173913043,2.037872954566788,vulnerable
multiple_runs_largerun_db_highthreat_20260410_030216.csv,multiple_runs_largerun_db_highthreat_20260410_030216.csv,365,1206.0,1193.0,32.0,0.0,12.0,449.0,388.0,288.0,37.0,749.0,156.0,37.23051409618574,32.172470978441126,3.067993366500829,23.88059701492537,37.21709974853311,2.037872954566788,vulnerable
multiple_runs_largerun_db_highthreat_20260410_030216.csv,multiple_runs_largerun_db_highthreat_20260410_030216.csv,366,937.0,1207.0,301.0,0.0,409.0,196.0,1.0,9.0,21.0,1048.0,150.0,20.917822838847385,0.10672358591248667,2.2411953041622197,0.96051227321238,13.173156586578294,2.037872954566788,resilient
multiple_runs_largerun_db_highthreat_20260410_030216.csv,multiple_runs_largerun_db_highthreat_20260410_030216.csv,367,1041.0,1203.0,316.0,0.0,379.0,287.0,19.0,1.0,39.0,1004.0,198.0,27.56964457252642,1.8251681075888568,3.7463976945244957,0.09606147934678194,16.54197838736492,2.037872954566788,resilient
multiple_runs_largerun_db_highthreat_20260410_030216.csv,multiple_runs_largerun_db_highthreat_20260410_030216.csv,368,910.0,1213.0,312.0,0.0,425.0,126.0,10.0,3.0,34.0,1046.0,164.0,13.846153846153847,1.098901098901099,3.7362637362637363,0.32967032967032966,13.767518549051939,2.037872954566788,resilient
multiple_runs_largerun_db_highthreat_20260410_030216.csv,multiple_runs_largerun_db_highthreat_20260410_030216.csv,369,1231.0,1208.0,121.0,0.0,40.0,476.0,336.0,227.0,31.0,775.0,206.0,38.66774979691308,27.2948822095857,2.518277822908205,18.44029244516653,35.84437086092716,2.037872954566788,vulnerable
multiple_runs_largerun_db_highthreat_20260410_030216.csv,multiple_runs_largerun_db_highthreat_20260410_030216.csv,370,962.0,1201.0,46.0,0.0,0.0,222.0,398.0,268.0,28.0,657.0,276.0,23.076923076923077,41.37214137214137,2.9106029106029108,27.85862785862786,45.29558701082431,2.037872954566788,vulnerable
multiple_runs_largerun_db_highthreat_20260410_030216.csv,multiple_runs_largerun_db_highthreat_20260410_030216.csv,371,1146.0,1195.0,200.0,0.0,109.0,406.0,285.0,121.0,25.0,791.0,283.0,35.42757417102967,24.86910994764398,2.181500872600349,10.55846422338569,33.80753138075313,2.037872954566788,vulnerable
multiple_runs_largerun_db_highthreat_20260410_030216.csv,multiple_runs_largerun_db_highthreat_20260410_030216.csv,372,1085.0,1183.0,45.0,0.0,4.0,365.0,368.0,271.0,32.0,741.0,171.0,33.6405529953917,33.917050691244235,2.9493087557603688,24.976958525345623,37.362637362637365,2.037872954566788,vulnerable
multiple_runs_largerun_db_highthreat_20260410_030216.csv,multiple_runs_largerun_db_highthreat_20260410_030216.csv,373,863.0,1208.0,304.0,0.0,375.0,102.0,21.0,19.0,42.0,966.0,223.0,11.819235225955968,2.4333719582850524,4.866743916570105,2.20162224797219,20.033112582781456,2.037872954566788,vulnerable
multiple_runs_largerun_db_highthreat_20260410_030216.csv,multiple_runs_largerun_db_highthreat_20260410_030216.csv,374,1120.0,1197.0,82.0,1.0,25.0,406.0,365.0,216.0,25.0,747.0,234.0,36.25,32.589285714285715,2.232142857142857,19.28571428571429,37.59398496240601,2.037872954566788,vulnerable
multiple_runs_largerun_db_highthreat_20260410_030216.csv,multiple_runs_largerun_db_highthreat_20260410_030216.csv,375,1166.0,1195.0,123.0,0.0,81.0,445.0,319.0,171.0,27.0,722.0,302.0,38.16466552315609,27.358490566037734,2.3156089193825045,14.665523156089193,39.581589958159,2.037872954566788,vulnerable
multiple_runs_largerun_db_highthreat_20260410_030216.csv,multiple_runs_largerun_db_highthreat_20260410_030216.csv,376,1092.0,1210.0,65.0,0.0,1.0,355.0,398.0,260.0,13.0,738.0,212.0,32.50915750915751,36.446886446886445,1.1904761904761905,23.809523809523807,39.00826446280992,2.037872954566788,vulnerable
multiple_runs_largerun_db_highthreat_20260410_030216.csv,multiple_runs_largerun_db_highthreat_20260410_030216.csv,377,1035.0,1186.0,44.0,0.0,14.0,320.0,355.0,270.0,32.0,727.0,189.0,30.917874396135264,34.29951690821256,3.0917874396135265,26.08695652173913,38.70151770657672,2.037872954566788,vulnerable
multiple_runs_largerun_db_highthreat_20260410_030216.csv,multiple_runs_largerun_db_highthreat_20260410_030216.csv,378,911.0,1196.0,26.0,0.0,12.0,195.0,364.0,286.0,28.0,679.0,231.0,21.405049396267835,39.95609220636663,3.0735455543358947,31.394072447859493,43.22742474916388,2.037872954566788,vulnerable
multiple_runs_largerun_db_highthreat_20260410_030216.csv,multiple_runs_largerun_db_highthreat_20260410_030216.csv,379,961.0,1201.0,50.0,0.0,3.0,251.0,374.0,259.0,24.0,715.0,227.0,26.11862643080125,38.91779396462019,2.497398543184183,26.95109261186264,40.46627810158201,2.037872954566788,vulnerable
multiple_runs_largerun_db_highthreat_20260410_030216.csv,multiple_runs_largerun_db_highthreat_20260410_030216.csv,380,972.0,1208.0,52.0,0.0,7.0,281.0,374.0,236.0,22.0,670.0,302.0,28.909465020576132,38.477366255144034,2.263374485596708,24.279835390946502,44.5364238410596,2.037872954566788,vulnerable
multiple_runs_largerun_db_highthreat_20260410_030216.csv,multiple_runs_largerun_db_highthreat_20260410_030216.csv,381,751.0,1175.0,156.0,0.0,300.0,196.0,61.0,2.0,36.0,878.0,295.0,26.098535286284953,8.122503328894808,4.793608521970706,0.2663115845539281,25.27659574468085,2.037872954566788,resilient
multiple_runs_largerun_db_highthreat_20260410_030216.csv,multiple_runs_largerun_db_highthreat_20260410_030216.csv,382,968.0,1197.0,53.0,0.0,10.0,256.0,365.0,260.0,24.0,730.0,207.0,26.446280991735538,37.70661157024794,2.479338842975207,26.859504132231404,39.01420217209691,2.037872954566788,vulnerable
multiple_runs_largerun_db_highthreat_20260410_030216.csv,multiple_runs_largerun_db_highthreat_20260410_030216.csv,383,947.0,1198.0,258.0,0.0,377.0,208.0,46.0,20.0,38.0,973.0,205.0,21.964097148891234,4.857444561774024,4.0126715945089755,2.1119324181626187,18.781302170283805,2.037872954566788,vulnerable
multiple_runs_largerun_db_highthreat_20260410_030216.csv,multiple_runs_largerun_db_highthreat_20260410_030216.csv,384,977.0,1191.0,59.0,0.0,16.0,260.0,388.0,228.0,26.0,656.0,307.0,26.61207778915046,39.71340839303992,2.6612077789150463,23.3367451381781,44.92023509655751,2.037872954566788,vulnerable
multiple_runs_largerun_db_highthreat_20260410_030216.csv,multiple_runs_largerun_db_highthreat_20260410_030216.csv,385,945.0,1206.0,41.0,0.0,11.0,238.0,387.0,238.0,30.0,758.0,210.0,25.185185185185183,40.95238095238095,3.1746031746031744,25.185185185185183,37.147595356550575,2.037872954566788,vulnerable
multiple_runs_largerun_db_highthreat_20260410_030216.csv,multiple_runs_largerun_db_highthreat_20260410_030216.csv,386,914.0,1204.0,37.0,1.0,10.0,196.0,376.0,264.0,30.0,715.0,225.0,21.444201312910284,41.13785557986871,3.282275711159737,28.88402625820569,40.61461794019934,2.037872954566788,vulnerable
multiple_runs_largerun_db_highthreat_20260410_030216.csv,multiple_runs_largerun_db_highthreat_20260410_030216.csv,387,1004.0,1216.0,60.0,0.0,12.0,267.0,412.0,223.0,30.0,694.0,299.0,26.593625498007967,41.03585657370518,2.9880478087649402,22.211155378486055,42.92763157894737,2.037872954566788,vulnerable
multiple_runs_largerun_db_highthreat_20260410_030216.csv,multiple_runs_largerun_db_highthreat_20260410_030216.csv,388,945.0,1207.0,301.0,0.0,305.0,186.0,114.0,0.0,39.0,960.0,247.0,19.682539682539684,12.063492063492063,4.1269841269841265,0.0,20.463960231980117,2.037872954566788,resilient
multiple_runs_largerun_db_highthreat_20260410_030216.csv,multiple_runs_largerun_db_highthreat_20260410_030216.csv,389,972.0,1189.0,56.0,0.0,7.0,222.0,402.0,250.0,35.0,622.0,317.0,22.839506172839506,41.358024691358025,3.60082304526749,25.720164609053498,47.68713204373423,2.037872954566788,vulnerable
multiple_runs_largerun_db_highthreat_20260410_030216.csv,multiple_runs_largerun_db_highthreat_20260410_030216.csv,390,956.0,1214.0,54.0,0.0,6.0,251.0,373.0,244.0,28.0,708.0,262.0,26.25523012552301,39.01673640167364,2.928870292887029,25.523012552301257,41.680395387149915,2.037872954566788,vulnerable
multiple_runs_largerun_db_highthreat_20260410_030216.csv,multiple_runs_largerun_db_highthreat_20260410_030216.csv,391,939.0,1204.0,72.0,0.0,18.0,235.0,365.0,228.0,21.0,782.0,194.0,25.026624068157616,38.871139510117146,2.2364217252396164,24.281150159744406,35.04983388704319,2.037872954566788,vulnerable
multiple_runs_largerun_db_highthreat_20260410_030216.csv,multiple_runs_largerun_db_highthreat_20260410_030216.csv,392,935.0,1192.0,314.0,0.0,368.0,211.0,12.0,3.0,27.0,952.0,237.0,22.566844919786096,1.2834224598930482,2.8877005347593583,0.32085561497326204,20.13422818791946,2.037872954566788,resilient
multiple_runs_largerun_db_highthreat_20260410_030216.csv,multiple_runs_largerun_db_highthreat_20260410_030216.csv,393,915.0,1196.0,304.0,0.0,340.0,224.0,11.0,0.0,36.0,975.0,221.0,24.48087431693989,1.2021857923497268,3.934426229508197,0.0,18.478260869565215,2.037872954566788,resilient
multiple_runs_largerun_db_highthreat_20260410_030216.csv,multiple_runs_largerun_db_highthreat_20260410_030216.csv,394,948.0,1208.0,295.0,0.0,305.0,229.0,62.0,16.0,41.0,936.0,256.0,24.156118143459913,6.5400843881856545,4.324894514767933,1.6877637130801686,22.516556291390728,2.037872954566788,resilient
multiple_runs_largerun_db_highthreat_20260410_030216.csv,multiple_runs_largerun_db_highthreat_20260410_030216.csv,395,950.0,1188.0,70.0,0.0,32.0,220.0,370.0,231.0,27.0,697.0,260.0,23.157894736842106,38.94736842105263,2.8421052631578947,24.31578947368421,41.329966329966325,2.037872954566788,vulnerable
multiple_runs_largerun_db_highthreat_20260410_030216.csv,multiple_runs_largerun_db_highthreat_20260410_030216.csv,396,984.0,1203.0,328.0,0.0,353.0,252.0,21.0,0.0,30.0,965.0,238.0,25.609756097560975,2.1341463414634148,3.048780487804878,0.0,19.783873649210307,2.037872954566788,resilient
multiple_runs_largerun_db_highthreat_20260410_030216.csv,multiple_runs_largerun_db_highthreat_20260410_030216.csv,397,1049.0,1200.0,58.0,0.0,2.0,353.0,396.0,208.0,32.0,765.0,227.0,33.6510962821735,37.75023832221163,3.0505243088655862,19.82840800762631,36.25,2.037872954566788,vulnerable
multiple_runs_largerun_db_highthreat_20260410_030216.csv,multiple_runs_largerun_db_highthreat_20260410_030216.csv,398,1007.0,1208.0,81.0,0.0,2.0,269.0,412.0,217.0,26.0,753.0,238.0,26.713008937437934,40.91360476663357,2.5819265143992056,21.549155908639523,37.66556291390729,2.037872954566788,vulnerable
multiple_runs_largerun_db_highthreat_20260410_030216.csv,multiple_runs_largerun_db_highthreat_20260410_030216.csv,399,1207.0,1201.0,66.0,0.0,60.0,510.0,335.0,203.0,33.0,724.0,274.0,42.25352112676056,27.75476387738194,2.7340513670256836,16.818558409279206,39.71690258118235,2.037872954566788,vulnerable
multiple_runs_largerun_db_highthreat_20260410_030216.csv,multiple_runs_largerun_db_highthreat_20260410_030216.csv,400,1198.0,1194.0,61.0,0.0,48.0,495.0,348.0,216.0,30.0,736.0,242.0,41.31886477462437,29.04841402337229,2.5041736227045077,18.030050083472453,38.358458961474035,2.037872954566788,vulnerable
multiple_runs_largerun_db_highthreat_20260410_030216.csv,multiple_runs_largerun_db_highthreat_20260410_030216.csv,401,906.0,1202.0,302.0,0.0,378.0,140.0,47.0,5.0,34.0,966.0,231.0,15.45253863134658,5.187637969094923,3.7527593818984544,0.5518763796909493,19.633943427620633,2.037872954566788,resilient
multiple_runs_largerun_db_highthreat_20260410_030216.csv,multiple_runs_largerun_db_highthreat_20260410_030216.csv,402,1181.0,1209.0,62.0,0.0,35.0,462.0,387.0,204.0,31.0,724.0,281.0,39.11939034716342,32.7688399661304,2.6248941574936495,17.27349703640982,40.11579818031431,2.037872954566788,vulnerable
multiple_runs_largerun_db_highthreat_20260410_030216.csv,multiple_runs_largerun_db_highthreat_20260410_030216.csv,403,1001.0,1197.0,88.0,0.0,1.0,280.0,402.0,195.0,35.0,747.0,255.0,27.972027972027973,40.15984015984016,3.4965034965034967,19.480519480519483,37.59398496240601,2.037872954566788,vulnerable
multiple_runs_largerun_db_highthreat_20260410_030216.csv,multiple_runs_largerun_db_highthreat_20260410_030216.csv,404,942.0,1184.0,320.0,0.0,321.0,211.0,54.0,6.0,30.0,1003.0,175.0,22.39915074309979,5.7324840764331215,3.1847133757961785,0.6369426751592357,15.287162162162163,2.037872954566788,resilient
multiple_runs_largerun_db_highthreat_20260410_030216.csv,multiple_runs_largerun_db_highthreat_20260410_030216.csv,405,992.0,1199.0,54.0,0.0,9.0,225.0,426.0,256.0,22.0,701.0,242.0,22.681451612903224,42.943548387096776,2.217741935483871,25.806451612903224,41.534612176814015,2.037872954566788,vulnerable
multiple_runs_largerun_db_highthreat_20260410_030216.csv,multiple_runs_largerun_db_highthreat_20260410_030216.csv,406,838.0,1197.0,297.0,0.0,338.0,121.0,36.0,2.0,44.0,900.0,295.0,14.439140811455847,4.295942720763723,5.250596658711217,0.23866348448687352,24.81203007518797,2.037872954566788,resilient
multiple_runs_largerun_db_highthreat_20260410_030216.csv,multiple_runs_largerun_db_highthreat_20260410_030216.csv,407,1182.0,1192.0,227.0,0.0,75.0,457.0,315.0,79.0,29.0,822.0,291.0,38.66328257191201,26.649746192893403,2.4534686971235193,6.683587140439933,31.04026845637584,2.037872954566788,vulnerable
multiple_runs_largerun_db_highthreat_20260410_030216.csv,multiple_runs_largerun_db_highthreat_20260410_030216.csv,408,897.0,1200.0,265.0,0.0,323.0,173.0,74.0,14.0,48.0,947.0,239.0,19.286510590858416,8.249721293199554,5.351170568561873,1.560758082497213,21.083333333333336,2.037872954566788,resilient
multiple_runs_largerun_db_highthreat_20260410_030216.csv,multiple_runs_largerun_db_highthreat_20260410_030216.csv,409,980.0,1193.0,286.0,0.0,292.0,260.0,107.0,2.0,33.0,1013.0,178.0,26.53061224489796,10.918367346938776,3.36734693877551,0.20408163265306123,15.088013411567477,2.037872954566788,resilient
multiple_runs_largerun_db_highthreat_20260410_030216.csv,multiple_runs_largerun_db_highthreat_20260410_030216.csv,410,1061.0,1198.0,256.0,0.0,216.0,348.0,155.0,57.0,29.0,836.0,305.0,32.79924599434496,14.60885956644675,2.7332704995287465,5.372290292177191,30.217028380634392,2.037872954566788,vulnerable
multiple_runs_largerun_db_highthreat_20260410_030216.csv,multiple_runs_largerun_db_highthreat_20260410_030216.csv,411,992.0,1203.0,50.0,0.0,23.0,301.0,356.0,227.0,35.0,762.0,214.0,30.34274193548387,35.88709677419355,3.5282258064516134,22.883064516129032,36.65835411471321,2.037872954566788,vulnerable
multiple_runs_largerun_db_highthreat_20260410_030216.csv,multiple_runs_largerun_db_highthreat_20260410_030216.csv,412,887.0,1201.0,319.0,0.0,380.0,113.0,22.0,4.0,49.0,966.0,231.0,12.73957158962796,2.480270574971815,5.5242390078917705,0.4509582863585118,19.567027477102414,2.037872954566788,resilient
multiple_runs_largerun_db_highthreat_20260410_030216.csv,multiple_runs_largerun_db_highthreat_20260410_030216.csv,413,956.0,1188.0,49.0,0.0,13.0,190.0,396.0,284.0,24.0,669.0,235.0,19.874476987447697,41.42259414225941,2.510460251046025,29.707112970711297,43.686868686868685,2.037872954566788,vulnerable
multiple_runs_largerun_db_highthreat_20260410_030216.csv,multiple_runs_largerun_db_highthreat_20260410_030216.csv,414,952.0,1198.0,304.0,0.0,406.0,196.0,10.0,9.0,27.0,994.0,195.0,20.588235294117645,1.050420168067227,2.8361344537815127,0.9453781512605042,17.028380634390654,2.037872954566788,resilient
multiple_runs_largerun_db_highthreat_20260410_030216.csv,multiple_runs_largerun_db_highthreat_20260410_030216.csv,415,920.0,1198.0,34.0,0.0,5.0,146.0,394.0,309.0,32.0,635.0,254.0,15.869565217391305,42.82608695652174,3.4782608695652173,33.58695652173913,46.99499165275459,2.037872954566788,vulnerable
multiple_runs_largerun_db_highthreat_20260410_030216.csv,multiple_runs_largerun_db_highthreat_20260410_030216.csv,416,991.0,1197.0,37.0,0.0,0.0,268.0,404.0,254.0,28.0,684.0,259.0,27.04339051463169,40.766902119071645,2.825428859737639,25.630676084762865,42.857142857142854,2.037872954566788,vulnerable
multiple_runs_largerun_db_highthreat_20260410_030216.csv,multiple_runs_largerun_db_highthreat_20260410_030216.csv,417,1040.0,1204.0,339.0,0.0,344.0,280.0,52.0,3.0,22.0,1054.0,147.0,26.923076923076923,5.0,2.1153846153846154,0.2884615384615385,12.458471760797343,2.037872954566788,resilient
multiple_runs_largerun_db_highthreat_20260410_030216.csv,multiple_runs_largerun_db_highthreat_20260410_030216.csv,418,938.0,1197.0,302.0,0.0,360.0,214.0,21.0,0.0,41.0,929.0,268.0,22.81449893390192,2.2388059701492535,4.371002132196162,0.0,22.389306599832913,2.037872954566788,resilient
multiple_runs_largerun_db_highthreat_20260410_030216.csv,multiple_runs_largerun_db_highthreat_20260410_030216.csv,419,1404.0,1205.0,46.0,0.0,13.0,672.0,363.0,282.0,28.0,734.0,189.0,47.863247863247864,25.85470085470086,1.9943019943019942,20.085470085470085,39.087136929460584,2.037872954566788,vulnerable
multiple_runs_largerun_db_highthreat_20260410_030216.csv,multiple_runs_largerun_db_highthreat_20260410_030216.csv,420,969.0,1186.0,48.0,0.0,10.0,275.0,381.0,223.0,32.0,727.0,236.0,28.379772961816307,39.318885448916404,3.3023735810113517,23.01341589267286,38.70151770657672,2.037872954566788,vulnerable
multiple_runs_largerun_db_highthreat_20260410_030216.csv,multiple_runs_largerun_db_highthreat_20260410_030216.csv,421,1225.0,1195.0,107.0,0.0,79.0,531.0,330.0,146.0,32.0,838.0,211.0,43.3469387755102,26.93877551020408,2.612244897959184,11.918367346938776,29.8744769874477,2.037872954566788,vulnerable
multiple_runs_largerun_db_highthreat_20260410_030216.csv,multiple_runs_largerun_db_highthreat_20260410_030216.csv,422,1289.0,1190.0,138.0,0.0,41.0,567.0,367.0,144.0,32.0,822.0,224.0,43.987587276958884,28.471683475562454,2.482544608223429,11.171450737005431,30.92436974789916,2.037872954566788,vulnerable
multiple_runs_largerun_db_highthreat_20260410_030216.csv,multiple_runs_largerun_db_highthreat_20260410_030216.csv,423,1048.0,1188.0,285.0,0.0,354.0,345.0,30.0,0.0,34.0,1040.0,148.0,32.91984732824427,2.8625954198473282,3.2442748091603053,0.0,12.457912457912458,2.037872954566788,resilient
multiple_runs_largerun_db_highthreat_20260410_030216.csv,multiple_runs_largerun_db_highthreat_20260410_030216.csv,424,1213.0,1192.0,72.0,0.0,52.0,478.0,339.0,246.0,26.0,736.0,210.0,39.406430338004945,27.947238252267105,2.1434460016488046,20.280296784831,38.25503355704698,2.037872954566788,vulnerable
multiple_runs_largerun_db_highthreat_20260410_030216.csv,multiple_runs_largerun_db_highthreat_20260410_030216.csv,425,947.0,1210.0,67.0,0.0,19.0,260.0,365.0,210.0,26.0,768.0,232.0,27.455121436114045,38.54276663146779,2.7455121436114043,22.1752903907075,36.52892561983471,2.037872954566788,vulnerable
multiple_runs_largerun_db_highthreat_20260410_030216.csv,multiple_runs_largerun_db_highthreat_20260410_030216.csv,426,1047.0,1202.0,73.0,0.0,10.0,322.0,397.0,218.0,27.0,719.0,265.0,30.754536771728745,37.917860553963706,2.5787965616045847,20.821394460362942,40.18302828618968,2.037872954566788,vulnerable
multiple_runs_largerun_db_highthreat_20260410_030216.csv,multiple_runs_largerun_db_highthreat_20260410_030216.csv,427,1188.0,1198.0,48.0,0.0,7.0,473.0,375.0,257.0,28.0,769.0,172.0,39.81481481481482,31.565656565656564,2.356902356902357,21.632996632996633,35.80968280467446,2.037872954566788,vulnerable
multiple_runs_largerun_db_highthreat_20260410_030216.csv,multiple_runs_largerun_db_highthreat_20260410_030216.csv,428,1036.0,1191.0,36.0,0.0,1.0,289.0,417.0,263.0,30.0,710.0,218.0,27.895752895752896,40.25096525096525,2.8957528957528957,25.386100386100384,40.38623005877414,2.037872954566788,vulnerable
multiple_runs_largerun_db_highthreat_20260410_030216.csv,multiple_runs_largerun_db_highthreat_20260410_030216.csv,429,1227.0,1195.0,143.0,0.0,113.0,508.0,294.0,133.0,36.0,812.0,250.0,41.401792991035045,23.96088019559902,2.93398533007335,10.839445802770985,32.05020920502092,2.037872954566788,vulnerable
multiple_runs_largerun_db_highthreat_20260410_030216.csv,multiple_runs_largerun_db_highthreat_20260410_030216.csv,430,1013.0,1200.0,56.0,0.0,12.0,297.0,378.0,240.0,30.0,719.0,241.0,29.318854886475815,37.314906219151034,2.9615004935834155,23.692003948667324,40.08333333333333,2.037872954566788,vulnerable
multiple_runs_largerun_db_highthreat_20260410_030216.csv,multiple_runs_largerun_db_highthreat_20260410_030216.csv,431,1343.0,1191.0,49.0,0.0,29.0,640.0,380.0,220.0,25.0,751.0,220.0,47.65450483991065,28.294862248696944,1.8615040953090096,16.381236038719287,36.94374475230898,2.037872954566788,vulnerable
multiple_runs_largerun_db_highthreat_20260410_030216.csv,multiple_runs_largerun_db_highthreat_20260410_030216.csv,432,1174.0,1203.0,49.0,0.0,10.0,429.0,395.0,261.0,30.0,754.0,188.0,36.54173764906303,33.64565587734242,2.555366269165247,22.23168654173765,37.323358270989196,2.037872954566788,vulnerable
multiple_runs_largerun_db_highthreat_20260410_030216.csv,multiple_runs_largerun_db_highthreat_20260410_030216.csv,433,939.0,1196.0,53.0,0.0,0.0,215.0,382.0,259.0,30.0,737.0,200.0,22.896698615548456,40.68157614483493,3.1948881789137378,27.582534611288605,38.37792642140469,2.037872954566788,vulnerable
multiple_runs_largerun_db_highthreat_20260410_030216.csv,multiple_runs_largerun_db_highthreat_20260410_030216.csv,434,1047.0,1189.0,36.0,0.0,4.0,314.0,417.0,243.0,33.0,749.0,197.0,29.990448901623683,39.82808022922636,3.151862464183381,23.20916905444126,37.00588730025231,2.037872954566788,vulnerable
multiple_runs_largerun_db_highthreat_20260410_030216.csv,multiple_runs_largerun_db_highthreat_20260410_030216.csv,435,1224.0,1208.0,126.0,0.0,90.0,489.0,320.0,161.0,38.0,798.0,249.0,39.950980392156865,26.143790849673206,3.104575163398693,13.153594771241831,33.94039735099338,2.037872954566788,vulnerable
multiple_runs_largerun_db_highthreat_20260410_030216.csv,multiple_runs_largerun_db_highthreat_20260410_030216.csv,436,925.0,1177.0,289.0,0.0,311.0,194.0,82.0,17.0,32.0,817.0,343.0,20.972972972972972,8.864864864864865,3.4594594594594597,1.8378378378378377,30.58623619371283,2.037872954566788,resilient
multiple_runs_largerun_db_highthreat_20260410_030216.csv,multiple_runs_largerun_db_highthreat_20260410_030216.csv,437,1304.0,1195.0,46.0,0.0,103.0,574.0,291.0,258.0,32.0,786.0,151.0,44.01840490797546,22.3159509202454,2.4539877300613497,19.78527607361963,34.22594142259414,2.037872954566788,vulnerable
multiple_runs_largerun_db_highthreat_20260410_030216.csv,multiple_runs_largerun_db_highthreat_20260410_030216.csv,438,1140.0,1193.0,133.0,0.0,67.0,456.0,314.0,138.0,32.0,751.0,304.0,40.0,27.54385964912281,2.807017543859649,12.105263157894736,37.04945515507125,2.037872954566788,vulnerable
multiple_runs_largerun_db_highthreat_20260410_030216.csv,multiple_runs_largerun_db_highthreat_20260410_030216.csv,439,924.0,1194.0,150.0,0.0,317.0,176.0,99.0,157.0,25.0,742.0,295.0,19.047619047619047,10.714285714285714,2.7056277056277054,16.99134199134199,37.85594639865997,2.037872954566788,vulnerable
multiple_runs_largerun_db_highthreat_20260410_030216.csv,multiple_runs_largerun_db_highthreat_20260410_030216.csv,440,1116.0,1208.0,55.0,0.0,0.0,388.0,434.0,210.0,29.0,752.0,246.0,34.76702508960574,38.88888888888889,2.5985663082437274,18.817204301075268,37.74834437086093,2.037872954566788,vulnerable
multiple_runs_largerun_db_highthreat_20260410_030216.csv,multiple_runs_largerun_db_highthreat_20260410_030216.csv,441,1007.0,1195.0,44.0,0.0,0.0,279.0,401.0,252.0,31.0,712.0,231.0,27.70605759682224,39.821251241310826,3.0784508440913605,25.02482621648461,40.418410041841,2.037872954566788,vulnerable
multiple_runs_largerun_db_highthreat_20260410_030216.csv,multiple_runs_largerun_db_highthreat_20260410_030216.csv,442,1199.0,1200.0,50.0,0.0,5.0,480.0,403.0,242.0,19.0,720.0,238.0,40.033361134278564,33.61134278565471,1.58465387823186,20.18348623853211,40.0,2.037872954566788,vulnerable
multiple_runs_largerun_db_highthreat_20260410_030216.csv,multiple_runs_largerun_db_highthreat_20260410_030216.csv,443,980.0,1210.0,49.0,0.0,9.0,231.0,405.0,265.0,21.0,693.0,252.0,23.57142857142857,41.3265306122449,2.142857142857143,27.040816326530614,42.72727272727273,2.037872954566788,vulnerable
multiple_runs_largerun_db_highthreat_20260410_030216.csv,multiple_runs_largerun_db_highthreat_20260410_030216.csv,444,957.0,1190.0,306.0,0.0,284.0,240.0,98.0,0.0,29.0,1066.0,124.0,25.07836990595611,10.240334378265413,3.0303030303030303,0.0,10.420168067226891,2.037872954566788,resilient
multiple_runs_largerun_db_highthreat_20260410_030216.csv,multiple_runs_largerun_db_highthreat_20260410_030216.csv,445,1141.0,1203.0,28.0,0.0,26.0,397.0,390.0,259.0,41.0,757.0,187.0,34.79404031551271,34.18054338299737,3.5933391761612623,22.699386503067483,37.0739817123857,2.037872954566788,vulnerable
multiple_runs_largerun_db_highthreat_20260410_030216.csv,multiple_runs_largerun_db_highthreat_20260410_030216.csv,446,925.0,1228.0,43.0,0.0,0.0,197.0,390.0,278.0,17.0,707.0,243.0,21.297297297297295,42.16216216216216,1.8378378378378377,30.054054054054053,42.42671009771987,2.037872954566788,vulnerable
multiple_runs_largerun_db_highthreat_20260410_030216.csv,multiple_runs_largerun_db_highthreat_20260410_030216.csv,447,927.0,1183.0,57.0,0.0,7.0,216.0,390.0,228.0,29.0,690.0,265.0,23.300970873786408,42.07119741100323,3.128371089536138,24.59546925566343,41.67371090448014,2.037872954566788,vulnerable
multiple_runs_largerun_db_highthreat_20260410_030216.csv,multiple_runs_largerun_db_highthreat_20260410_030216.csv,448,996.0,1201.0,71.0,0.0,2.0,336.0,360.0,200.0,27.0,724.0,277.0,33.734939759036145,36.144578313253014,2.710843373493976,20.080321285140563,39.71690258118235,2.037872954566788,vulnerable
multiple_runs_largerun_db_highthreat_20260410_030216.csv,multiple_runs_largerun_db_highthreat_20260410_030216.csv,449,1074.0,1203.0,63.0,0.0,20.0,344.0,363.0,262.0,22.0,725.0,216.0,32.02979515828678,33.798882681564244,2.0484171322160147,24.39478584729981,39.73399833748961,2.037872954566788,vulnerable
multiple_runs_largerun_db_highthreat_20260410_030216.csv,multiple_runs_largerun_db_highthreat_20260410_030216.csv,450,1128.0,1205.0,200.0,0.0,236.0,404.0,164.0,99.0,25.0,788.0,318.0,35.815602836879435,14.539007092198581,2.2163120567375887,8.77659574468085,34.6058091286307,2.037872954566788,vulnerable
multiple_runs_largerun_db_highthreat_20260410_030216.csv,multiple_runs_largerun_db_highthreat_20260410_030216.csv,451,984.0,1193.0,39.0,0.0,35.0,286.0,351.0,246.0,27.0,765.0,182.0,29.065040650406505,35.670731707317074,2.7439024390243905,25.0,35.87594300083822,2.037872954566788,vulnerable
multiple_runs_largerun_db_highthreat_20260410_030216.csv,multiple_runs_largerun_db_highthreat_20260410_030216.csv,452,1179.0,1200.0,59.0,0.0,33.0,436.0,365.0,255.0,31.0,709.0,236.0,36.980491942324,30.95843935538592,2.629346904156064,21.62849872773537,40.91666666666667,2.037872954566788,vulnerable
multiple_runs_largerun_db_highthreat_20260410_030216.csv,multiple_runs_largerun_db_highthreat_20260410_030216.csv,453,1150.0,1201.0,57.0,0.0,17.0,425.0,389.0,238.0,24.0,757.0,206.0,36.95652173913043,33.82608695652174,2.086956521739131,20.695652173913043,36.969192339716905,2.037872954566788,vulnerable
multiple_runs_largerun_db_highthreat_20260410_030216.csv,multiple_runs_largerun_db_highthreat_20260410_030216.csv,454,799.0,1209.0,187.0,0.0,390.0,134.0,20.0,33.0,35.0,997.0,179.0,16.77096370463079,2.5031289111389237,4.380475594493117,4.130162703379224,17.535153019023987,2.037872954566788,vulnerable
multiple_runs_largerun_db_highthreat_20260410_030216.csv,multiple_runs_largerun_db_highthreat_20260410_030216.csv,455,965.0,1204.0,280.0,0.0,335.0,224.0,93.0,0.0,33.0,1084.0,120.0,23.212435233160623,9.637305699481866,3.419689119170984,0.0,9.966777408637874,2.037872954566788,resilient
multiple_runs_largerun_db_highthreat_20260410_030216.csv,multiple_runs_largerun_db_highthreat_20260410_030216.csv,456,1412.0,1214.0,49.0,0.0,53.0,662.0,365.0,246.0,37.0,771.0,197.0,46.88385269121813,25.84985835694051,2.6203966005665724,17.422096317280452,36.49093904448105,2.037872954566788,vulnerable
multiple_runs_largerun_db_highthreat_20260410_030216.csv,multiple_runs_largerun_db_highthreat_20260410_030216.csv,457,1114.0,1206.0,142.0,0.0,52.0,433.0,307.0,150.0,30.0,779.0,277.0,38.8689407540395,27.55834829443447,2.6929982046678633,13.464991023339318,35.40630182421227,2.037872954566788,vulnerable
multiple_runs_largerun_db_highthreat_20260410_030216.csv,multiple_runs_largerun_db_highthreat_20260410_030216.csv,458,924.0,1202.0,334.0,0.0,376.0,158.0,14.0,0.0,42.0,1052.0,150.0,17.0995670995671,1.5151515151515151,4.545454545454546,0.0,12.479201331114808,2.037872954566788,resilient
multiple_runs_largerun_db_highthreat_20260410_030216.csv,multiple_runs_largerun_db_highthreat_20260410_030216.csv,459,1106.0,1201.0,163.0,0.0,118.0,403.0,280.0,117.0,25.0,754.0,330.0,36.4376130198915,25.31645569620253,2.2603978300180834,10.57866184448463,37.218984179850125,2.037872954566788,vulnerable
multiple_runs_largerun_db_highthreat_20260410_030216.csv,multiple_runs_largerun_db_highthreat_20260410_030216.csv,460,829.0,1191.0,30.0,0.0,0.0,74.0,410.0,287.0,28.0,622.0,282.0,8.926417370325694,49.45717732207479,3.3775633293124248,34.62002412545235,47.774979009235935,2.037872954566788,vulnerable
multiple_runs_largerun_db_highthreat_20260410_030216.csv,multiple_runs_largerun_db_highthreat_20260410_030216.csv,461,1075.0,1194.0,61.0,0.0,1.0,325.0,425.0,246.0,17.0,741.0,207.0,30.23255813953488,39.53488372093023,1.5813953488372092,22.88372093023256,37.93969849246231,2.037872954566788,vulnerable
multiple_runs_largerun_db_highthreat_20260410_030216.csv,multiple_runs_largerun_db_highthreat_20260410_030216.csv,462,969.0,1209.0,39.0,0.0,3.0,229.0,388.0,267.0,43.0,695.0,247.0,23.632610939112485,40.041279669762645,4.437564499484004,27.55417956656347,42.51447477253929,2.037872954566788,vulnerable
multiple_runs_largerun_db_highthreat_20260410_030216.csv,multiple_runs_largerun_db_highthreat_20260410_030216.csv,463,777.0,1204.0,203.0,0.0,382.0,117.0,4.0,35.0,36.0,915.0,254.0,15.057915057915059,0.5148005148005148,4.633204633204633,4.504504504504505,24.003322259136212,2.037872954566788,vulnerable
multiple_runs_largerun_db_highthreat_20260410_030216.csv,multiple_runs_largerun_db_highthreat_20260410_030216.csv,464,1061.0,1216.0,318.0,0.0,329.0,309.0,67.0,0.0,38.0,1114.0,102.0,29.123468426013194,6.314797360980208,3.581526861451461,0.0,8.388157894736842,2.037872954566788,resilient
multiple_runs_largerun_db_highthreat_20260410_030216.csv,multiple_runs_largerun_db_highthreat_20260410_030216.csv,465,1328.0,1205.0,53.0,0.0,2.0,596.0,376.0,277.0,24.0,673.0,255.0,44.87951807228915,28.313253012048197,1.8072289156626504,20.85843373493976,44.149377593360995,2.037872954566788,vulnerable
multiple_runs_largerun_db_highthreat_20260410_030216.csv,multiple_runs_largerun_db_highthreat_20260410_030216.csv,466,984.0,1199.0,67.0,0.0,2.0,244.0,388.0,254.0,29.0,698.0,247.0,24.796747967479675,39.43089430894309,2.9471544715447155,25.8130081300813,41.78482068390325,2.037872954566788,vulnerable
multiple_runs_largerun_db_highthreat_20260410_030216.csv,multiple_runs_largerun_db_highthreat_20260410_030216.csv,467,1083.0,1198.0,52.0,0.0,14.0,346.0,373.0,268.0,30.0,705.0,225.0,31.948291782086795,34.44136657433056,2.7700831024930745,24.7460757156048,41.151919866444075,2.037872954566788,vulnerable
multiple_runs_largerun_db_highthreat_20260410_030216.csv,multiple_runs_largerun_db_highthreat_20260410_030216.csv,468,908.0,1211.0,313.0,0.0,395.0,141.0,6.0,19.0,34.0,942.0,250.0,15.52863436123348,0.6607929515418502,3.7444933920704844,2.092511013215859,22.213047068538398,2.037872954566788,vulnerable
multiple_runs_largerun_db_highthreat_20260410_030216.csv,multiple_runs_largerun_db_highthreat_20260410_030216.csv,469,975.0,1221.0,287.0,0.0,276.0,252.0,118.0,2.0,40.0,1006.0,213.0,25.846153846153847,12.102564102564102,4.102564102564102,0.20512820512820512,17.60851760851761,2.037872954566788,resilient
multiple_runs_largerun_db_highthreat_20260410_030216.csv,multiple_runs_largerun_db_highthreat_20260410_030216.csv,470,1043.0,1216.0,92.0,0.0,23.0,306.0,371.0,216.0,35.0,739.0,261.0,29.338446788111217,35.57046979865772,3.3557046979865772,20.709491850431448,39.22697368421053,2.037872954566788,vulnerable
multiple_runs_largerun_db_highthreat_20260410_030216.csv,multiple_runs_largerun_db_highthreat_20260410_030216.csv,471,965.0,1203.0,311.0,0.0,326.0,232.0,66.0,0.0,30.0,1036.0,167.0,24.041450777202073,6.839378238341968,3.1088082901554404,0.0,13.881961762261014,2.037872954566788,resilient
multiple_runs_largerun_db_highthreat_20260410_030216.csv,multiple_runs_largerun_db_highthreat_20260410_030216.csv,472,1221.0,1183.0,56.0,0.0,3.0,491.0,376.0,258.0,37.0,748.0,177.0,40.21294021294021,30.794430794430795,3.0303030303030303,21.13022113022113,36.770921386306,2.037872954566788,vulnerable
multiple_runs_largerun_db_highthreat_20260410_030216.csv,multiple_runs_largerun_db_highthreat_20260410_030216.csv,473,1040.0,1207.0,294.0,0.0,351.0,290.0,66.0,8.0,31.0,1064.0,135.0,27.884615384615387,6.346153846153846,2.980769230769231,0.7692307692307693,11.847555923777962,2.037872954566788,resilient
multiple_runs_largerun_db_highthreat_20260410_030216.csv,multiple_runs_largerun_db_highthreat_20260410_030216.csv,474,973.0,1209.0,321.0,0.0,337.0,211.0,66.0,6.0,32.0,1034.0,169.0,21.685508735868446,6.783144912641316,3.28879753340185,0.6166495375128468,14.474772539288669,2.037872954566788,resilient
multiple_runs_largerun_db_highthreat_20260410_030216.csv,multiple_runs_largerun_db_highthreat_20260410_030216.csv,475,992.0,1190.0,303.0,0.0,380.0,259.0,19.0,0.0,31.0,921.0,269.0,26.108870967741936,1.9153225806451613,3.125,0.0,22.605042016806724,2.037872954566788,resilient
multiple_runs_largerun_db_highthreat_20260410_030216.csv,multiple_runs_largerun_db_highthreat_20260410_030216.csv,476,1030.0,1203.0,91.0,0.0,12.0,302.0,393.0,188.0,44.0,789.0,226.0,29.320388349514566,38.15533980582524,4.271844660194175,18.25242718446602,34.413965087281795,2.037872954566788,vulnerable
multiple_runs_largerun_db_highthreat_20260410_030216.csv,multiple_runs_largerun_db_highthreat_20260410_030216.csv,477,1228.0,1187.0,76.0,0.0,17.0,481.0,391.0,238.0,25.0,724.0,225.0,39.16938110749186,31.840390879478825,2.035830618892508,19.381107491856678,39.00589721988206,2.037872954566788,vulnerable
multiple_runs_largerun_db_highthreat_20260410_030216.csv,multiple_runs_largerun_db_highthreat_20260410_030216.csv,478,961.0,1206.0,313.0,0.0,381.0,209.0,24.0,3.0,31.0,1061.0,142.0,21.74817898022893,2.497398543184183,3.225806451612903,0.31217481789802287,12.023217247097843,2.037872954566788,resilient
multiple_runs_largerun_db_highthreat_20260410_030216.csv,multiple_runs_largerun_db_highthreat_20260410_030216.csv,479,1067.0,1197.0,67.0,0.0,3.0,327.0,402.0,246.0,22.0,706.0,245.0,30.646672914714152,37.675726335520146,2.0618556701030926,23.055295220243675,41.01921470342523,2.037872954566788,vulnerable
multiple_runs_largerun_db_highthreat_20260410_030216.csv,multiple_runs_largerun_db_highthreat_20260410_030216.csv,480,997.0,1203.0,54.0,0.0,10.0,273.0,362.0,265.0,33.0,709.0,229.0,27.382146439317957,36.308926780341025,3.3099297893681046,26.57973921765296,41.06400665004156,2.037872954566788,vulnerable
multiple_runs_largerun_db_highthreat_20260410_030216.csv,multiple_runs_largerun_db_highthreat_20260410_030216.csv,481,903.0,1212.0,304.0,0.0,326.0,137.0,93.0,4.0,39.0,951.0,257.0,15.171650055370986,10.299003322259136,4.318936877076411,0.4429678848283499,21.534653465346533,2.037872954566788,resilient
multiple_runs_largerun_db_highthreat_20260410_030216.csv,multiple_runs_largerun_db_highthreat_20260410_030216.csv,482,1131.0,1207.0,66.0,0.0,13.0,427.0,371.0,219.0,35.0,720.0,268.0,37.754199823165344,32.802829354553495,3.094606542882405,19.363395225464192,40.34797017398509,2.037872954566788,vulnerable
multiple_runs_largerun_db_highthreat_20260410_030216.csv,multiple_runs_largerun_db_highthreat_20260410_030216.csv,483,968.0,1191.0,87.0,0.0,16.0,297.0,360.0,176.0,32.0,766.0,249.0,30.681818181818183,37.1900826446281,3.3057851239669422,18.181818181818183,35.684298908480265,2.037872954566788,vulnerable
multiple_runs_largerun_db_highthreat_20260410_030216.csv,multiple_runs_largerun_db_highthreat_20260410_030216.csv,484,1381.0,1193.0,32.0,0.0,0.0,644.0,411.0,267.0,27.0,722.0,204.0,46.632874728457644,29.761042722664737,1.9551049963794351,19.333816075307748,39.48030176026823,2.037872954566788,vulnerable
multiple_runs_largerun_db_highthreat_20260410_030216.csv,multiple_runs_largerun_db_highthreat_20260410_030216.csv,485,993.0,1197.0,293.0,0.0,308.0,289.0,61.0,0.0,42.0,943.0,254.0,29.103726082578046,6.143001007049345,4.229607250755287,0.0,21.219715956558062,2.037872954566788,resilient
multiple_runs_largerun_db_highthreat_20260410_030216.csv,multiple_runs_largerun_db_highthreat_20260410_030216.csv,486,1040.0,1191.0,61.0,0.0,5.0,343.0,384.0,214.0,33.0,772.0,205.0,32.98076923076923,36.92307692307693,3.173076923076923,20.576923076923077,35.18052057094878,2.037872954566788,vulnerable
multiple_runs_largerun_db_highthreat_20260410_030216.csv,multiple_runs_largerun_db_highthreat_20260410_030216.csv,487,1201.0,1180.0,49.0,0.0,27.0,500.0,348.0,243.0,34.0,772.0,165.0,41.63197335553705,28.975853455453787,2.8309741881765196,20.233139050791006,34.57627118644068,2.037872954566788,vulnerable
multiple_runs_largerun_db_highthreat_20260410_030216.csv,multiple_runs_largerun_db_highthreat_20260410_030216.csv,488,1067.0,1195.0,69.0,0.0,27.0,330.0,381.0,224.0,36.0,737.0,234.0,30.927835051546392,35.70759137769447,3.373945641986879,20.99343955014058,38.32635983263598,2.037872954566788,vulnerable
multiple_runs_largerun_db_highthreat_20260410_030216.csv,multiple_runs_largerun_db_highthreat_20260410_030216.csv,489,1248.0,1193.0,74.0,0.0,60.0,526.0,344.0,222.0,22.0,715.0,256.0,42.1474358974359,27.564102564102566,1.7628205128205128,17.78846153846154,40.067057837384745,2.037872954566788,vulnerable
multiple_runs_largerun_db_highthreat_20260410_030216.csv,multiple_runs_largerun_db_highthreat_20260410_030216.csv,490,1189.0,1203.0,200.0,0.0,165.0,446.0,245.0,104.0,29.0,837.0,262.0,37.510513036164845,20.605550883095038,2.4390243902439024,8.746846089150546,30.423940149625935,2.037872954566788,vulnerable
multiple_runs_largerun_db_highthreat_20260410_030216.csv,multiple_runs_largerun_db_highthreat_20260410_030216.csv,491,996.0,1201.0,275.0,0.0,344.0,264.0,79.0,1.0,33.0,1032.0,168.0,26.506024096385545,7.931726907630522,3.313253012048193,0.1004016064257028,14.071606994171523,2.037872954566788,resilient
multiple_runs_largerun_db_highthreat_20260410_030216.csv,multiple_runs_largerun_db_highthreat_20260410_030216.csv,492,1262.0,1186.0,110.0,0.0,95.0,510.0,268.0,250.0,29.0,693.0,243.0,40.41204437400951,21.236133122028527,2.2979397781299524,19.809825673534075,41.56829679595278,2.037872954566788,vulnerable
multiple_runs_largerun_db_highthreat_20260410_030216.csv,multiple_runs_largerun_db_highthreat_20260410_030216.csv,493,911.0,1193.0,38.0,0.0,7.0,195.0,384.0,262.0,25.0,698.0,233.0,21.405049396267835,42.15148188803512,2.7442371020856204,28.7596048298573,41.49203688181056,2.037872954566788,vulnerable
multiple_runs_largerun_db_highthreat_20260410_030216.csv,multiple_runs_largerun_db_highthreat_20260410_030216.csv,494,1020.0,1209.0,44.0,0.0,0.0,267.0,408.0,272.0,29.0,750.0,187.0,26.176470588235297,40.0,2.843137254901961,26.666666666666668,37.96526054590571,2.037872954566788,vulnerable
multiple_runs_largerun_db_highthreat_20260410_030216.csv,multiple_runs_largerun_db_highthreat_20260410_030216.csv,495,1240.0,1195.0,43.0,0.0,20.0,540.0,374.0,235.0,28.0,798.0,162.0,43.54838709677419,30.161290322580648,2.258064516129032,18.951612903225808,33.22175732217573,2.037872954566788,vulnerable
multiple_runs_largerun_db_highthreat_20260410_030216.csv,multiple_runs_largerun_db_highthreat_20260410_030216.csv,496,1113.0,1219.0,71.0,0.0,26.0,386.0,378.0,220.0,32.0,791.0,208.0,34.681042228212036,33.9622641509434,2.8751123090745736,19.766397124887693,35.11074651353569,2.037872954566788,vulnerable
multiple_runs_largerun_db_highthreat_20260410_030216.csv,multiple_runs_largerun_db_highthreat_20260410_030216.csv,497,1293.0,1191.0,45.0,0.0,13.0,589.0,351.0,269.0,26.0,703.0,219.0,45.55297757153905,27.1461716937355,2.010827532869296,20.804331013147717,40.973971452560875,2.037872954566788,vulnerable
multiple_runs_largerun_db_highthreat_20260410_030216.csv,multiple_runs_largerun_db_highthreat_20260410_030216.csv,498,909.0,1202.0,315.0,0.0,385.0,148.0,23.0,11.0,27.0,938.0,253.0,16.28162816281628,2.5302530253025304,2.9702970297029703,1.21012101210121,21.96339434276206,2.037872954566788,resilient
multiple_runs_largerun_db_highthreat_20260410_030216.csv,multiple_runs_largerun_db_highthreat_20260410_030216.csv,499,1025.0,1192.0,49.0,0.0,17.0,288.0,366.0,281.0,24.0,724.0,187.0,28.09756097560976,35.70731707317073,2.341463414634146,27.414634146341466,39.261744966442954,2.037872954566788,vulnerable
multiple_runs_largerun_db_highthreat_20260410_030216.csv,multiple_runs_largerun_db_highthreat_20260410_030216.csv,500,965.0,1210.0,317.0,0.0,298.0,234.0,73.0,8.0,35.0,994.0,208.0,24.248704663212436,7.564766839378239,3.6269430051813467,0.8290155440414507,17.85123966942149,2.037872954566788,resilient
multiple_runs_largerun_db_highthreat_20260410_030216.csv,multiple_runs_largerun_db_highthreat_20260410_030216.csv,501,1371.0,1193.0,40.0,0.0,0.0,638.0,386.0,287.0,20.0,723.0,183.0,46.53537563822028,28.154631655725748,1.4587892049598834,20.933625091174328,39.3964794635373,2.037872954566788,vulnerable
multiple_runs_largerun_db_highthreat_20260410_030216.csv,multiple_runs_largerun_db_highthreat_20260410_030216.csv,502,1080.0,1193.0,39.0,0.0,12.0,335.0,390.0,268.0,36.0,703.0,222.0,31.01851851851852,36.11111111111111,3.3333333333333335,24.814814814814813,41.07292539815591,2.037872954566788,vulnerable
multiple_runs_largerun_db_highthreat_20260410_030216.csv,multiple_runs_largerun_db_highthreat_20260410_030216.csv,503,1077.0,1199.0,245.0,0.0,238.0,384.0,151.0,29.0,30.0,825.0,345.0,35.65459610027855,14.020427112349118,2.785515320334262,2.692664809656453,31.19266055045872,2.037872954566788,vulnerable
multiple_runs_largerun_db_highthreat_20260410_030216.csv,multiple_runs_largerun_db_highthreat_20260410_030216.csv,504,935.0,1209.0,39.0,0.0,0.0,203.0,394.0,276.0,23.0,681.0,252.0,21.711229946524064,42.13903743315508,2.4598930481283423,29.518716577540104,43.67245657568238,2.037872954566788,vulnerable
multiple_runs_largerun_db_highthreat_20260410_030216.csv,multiple_runs_largerun_db_highthreat_20260410_030216.csv,505,1038.0,1208.0,291.0,0.0,381.0,287.0,37.0,0.0,42.0,1004.0,204.0,27.64932562620424,3.5645472061657033,4.046242774566474,0.0,16.887417218543046,2.037872954566788,resilient
multiple_runs_largerun_db_highthreat_20260410_030216.csv,multiple_runs_largerun_db_highthreat_20260410_030216.csv,506,1131.0,1189.0,183.0,0.0,94.0,449.0,296.0,74.0,35.0,849.0,266.0,39.699381078691424,26.171529619805483,3.094606542882405,6.542882404951371,28.595458368376786,2.037872954566788,vulnerable
multiple_runs_largerun_db_highthreat_20260410_030216.csv,multiple_runs_largerun_db_highthreat_20260410_030216.csv,507,925.0,1200.0,331.0,0.0,331.0,183.0,49.0,7.0,24.0,992.0,201.0,19.783783783783786,5.297297297297297,2.5945945945945943,0.7567567567567568,17.333333333333336,2.037872954566788,resilient
multiple_runs_largerun_db_highthreat_20260410_030216.csv,multiple_runs_largerun_db_highthreat_20260410_030216.csv,508,1176.0,1209.0,53.0,0.0,0.0,423.0,402.0,258.0,40.0,743.0,208.0,35.96938775510204,34.183673469387756,3.4013605442176873,21.93877551020408,38.54425144747725,2.037872954566788,vulnerable
multiple_runs_largerun_db_highthreat_20260410_030216.csv,multiple_runs_largerun_db_highthreat_20260410_030216.csv,509,1024.0,1187.0,44.0,1.0,6.0,326.0,358.0,258.0,31.0,727.0,202.0,31.8359375,34.9609375,3.02734375,25.1953125,38.753159224936816,2.037872954566788,vulnerable
multiple_runs_largerun_db_highthreat_20260410_030216.csv,multiple_runs_largerun_db_highthreat_20260410_030216.csv,510,1141.0,1214.0,64.0,0.0,0.0,406.0,378.0,263.0,30.0,715.0,236.0,35.58282208588957,33.12883435582822,2.6292725679228743,23.049956178790534,41.10378912685338,2.037872954566788,vulnerable
multiple_runs_largerun_db_highthreat_20260410_030216.csv,multiple_runs_largerun_db_highthreat_20260410_030216.csv,511,1048.0,1213.0,313.0,0.0,381.0,313.0,8.0,0.0,33.0,977.0,236.0,29.866412213740457,0.7633587786259541,3.1488549618320607,0.0,19.455894476504536,2.037872954566788,resilient
multiple_runs_largerun_db_highthreat_20260410_030216.csv,multiple_runs_largerun_db_highthreat_20260410_030216.csv,512,1299.0,1198.0,70.0,0.0,41.0,556.0,367.0,243.0,22.0,776.0,179.0,42.80215550423402,28.25250192455735,1.6936104695919936,18.706697459584294,35.2253756260434,2.037872954566788,vulnerable
multiple_runs_largerun_db_highthreat_20260410_030216.csv,multiple_runs_largerun_db_highthreat_20260410_030216.csv,513,977.0,1198.0,315.0,0.0,360.0,221.0,44.0,2.0,35.0,1042.0,154.0,22.62026612077789,4.503582395087001,3.5823950870010237,0.2047082906857728,13.02170283806344,2.037872954566788,resilient
multiple_runs_largerun_db_highthreat_20260410_030216.csv,multiple_runs_largerun_db_highthreat_20260410_030216.csv,514,484.0,1202.0,24.0,0.0,1.0,123.0,313.0,0.0,23.0,834.0,368.0,25.413223140495866,64.6694214876033,4.75206611570248,0.0,30.615640599001665,2.037872954566788,resilient
multiple_runs_largerun_db_highthreat_20260410_030216.csv,multiple_runs_largerun_db_highthreat_20260410_030216.csv,515,880.0,1195.0,299.0,0.0,358.0,153.0,26.0,3.0,41.0,1040.0,152.0,17.386363636363637,2.9545454545454546,4.659090909090909,0.3409090909090909,12.97071129707113,2.037872954566788,resilient
multiple_runs_largerun_db_highthreat_20260410_030216.csv,multiple_runs_largerun_db_highthreat_20260410_030216.csv,516,920.0,1192.0,302.0,0.0,380.0,159.0,22.0,19.0,38.0,922.0,251.0,17.282608695652176,2.391304347826087,4.130434782608695,2.0652173913043477,22.651006711409398,2.037872954566788,vulnerable
multiple_runs_largerun_db_highthreat_20260410_030216.csv,multiple_runs_largerun_db_highthreat_20260410_030216.csv,517,963.0,1217.0,27.0,0.0,0.0,215.0,400.0,292.0,29.0,720.0,205.0,22.326064382139148,41.53686396677051,3.011422637590862,30.32191069574247,40.838126540673784,2.037872954566788,vulnerable
multiple_runs_largerun_db_highthreat_20260410_030216.csv,multiple_runs_largerun_db_highthreat_20260410_030216.csv,518,960.0,1197.0,298.0,0.0,376.0,216.0,21.0,16.0,33.0,942.0,239.0,22.5,2.1875,3.4375000000000004,1.6666666666666667,21.303258145363408,2.037872954566788,resilient
multiple_runs_largerun_db_highthreat_20260410_030216.csv,multiple_runs_largerun_db_highthreat_20260410_030216.csv,519,1001.0,1194.0,311.0,0.0,316.0,246.0,89.0,10.0,29.0,1056.0,128.0,24.575424575424577,8.89110889110889,2.897102897102897,0.999000999000999,11.557788944723619,2.037872954566788,resilient
multiple_runs_largerun_db_highthreat_20260410_030216.csv,multiple_runs_largerun_db_highthreat_20260410_030216.csv,520,946.0,1197.0,298.0,0.0,296.0,216.0,97.0,0.0,39.0,971.0,226.0,22.832980972515855,10.253699788583509,4.12262156448203,0.0,18.880534670008352,2.037872954566788,resilient
multiple_runs_largerun_db_highthreat_20260410_030216.csv,multiple_runs_largerun_db_highthreat_20260410_030216.csv,521,1164.0,1185.0,54.0,0.0,10.0,459.0,380.0,226.0,35.0,734.0,225.0,39.43298969072165,32.64604810996563,3.006872852233677,19.41580756013746,38.05907172995781,2.037872954566788,vulnerable
multiple_runs_largerun_db_highthreat_20260410_030216.csv,multiple_runs_largerun_db_highthreat_20260410_030216.csv,522,896.0,1216.0,49.0,0.0,7.0,166.0,360.0,288.0,26.0,684.0,244.0,18.526785714285715,40.17857142857143,2.9017857142857144,32.142857142857146,43.75,2.037872954566788,vulnerable
multiple_runs_largerun_db_highthreat_20260410_030216.csv,multiple_runs_largerun_db_highthreat_20260410_030216.csv,523,1122.0,1196.0,246.0,0.0,223.0,422.0,186.0,19.0,26.0,981.0,196.0,37.61140819964349,16.577540106951872,2.3172905525846703,1.6934046345811051,17.976588628762542,2.037872954566788,resilient
multiple_runs_largerun_db_highthreat_20260410_030216.csv,multiple_runs_largerun_db_highthreat_20260410_030216.csv,524,1221.0,1195.0,173.0,0.0,116.0,513.0,285.0,93.0,41.0,860.0,242.0,42.01474201474201,23.34152334152334,3.357903357903358,7.616707616707617,28.03347280334728,2.037872954566788,vulnerable
multiple_runs_largerun_db_highthreat_20260410_030216.csv,multiple_runs_largerun_db_highthreat_20260410_030216.csv,525,1007.0,1186.0,71.0,0.0,6.0,271.0,398.0,236.0,25.0,707.0,243.0,26.911618669314798,39.52333664349553,2.4826216484607744,23.435948361469713,40.38785834738617,2.037872954566788,vulnerable
multiple_runs_largerun_db_highthreat_20260410_030216.csv,multiple_runs_largerun_db_highthreat_20260410_030216.csv,526,954.0,1205.0,48.0,0.0,1.0,226.0,407.0,238.0,34.0,704.0,263.0,23.68972746331237,42.662473794549264,3.563941299790356,24.947589098532493,41.57676348547718,2.037872954566788,vulnerable
multiple_runs_largerun_db_highthreat_20260410_030216.csv,multiple_runs_largerun_db_highthreat_20260410_030216.csv,527,1115.0,1205.0,115.0,0.0,48.0,396.0,343.0,193.0,20.0,732.0,280.0,35.51569506726457,30.76233183856502,1.7937219730941705,17.309417040358742,39.25311203319502,2.037872954566788,vulnerable
multiple_runs_largerun_db_highthreat_20260410_030216.csv,multiple_runs_largerun_db_highthreat_20260410_030216.csv,528,1002.0,1201.0,63.0,0.0,0.0,275.0,415.0,229.0,20.0,694.0,278.0,27.445109780439118,41.417165668662676,1.996007984031936,22.85429141716567,42.214820982514574,2.037872954566788,vulnerable
multiple_runs_largerun_db_highthreat_20260410_030216.csv,multiple_runs_largerun_db_highthreat_20260410_030216.csv,529,1063.0,1199.0,48.0,0.0,8.0,300.0,402.0,268.0,37.0,722.0,209.0,28.222013170272813,37.81749764816557,3.4807149576669802,25.211665098777047,39.783152627189324,2.037872954566788,vulnerable
multiple_runs_largerun_db_highthreat_20260410_030216.csv,multiple_runs_largerun_db_highthreat_20260410_030216.csv,530,1243.0,1203.0,106.0,0.0,91.0,536.0,304.0,177.0,29.0,750.0,276.0,43.121480289621886,24.456958970233305,2.333065164923572,14.239742558326629,37.65586034912718,2.037872954566788,vulnerable
multiple_runs_largerun_db_highthreat_20260410_030216.csv,multiple_runs_largerun_db_highthreat_20260410_030216.csv,531,917.0,1200.0,299.0,0.0,367.0,161.0,31.0,24.0,35.0,1005.0,171.0,17.557251908396946,3.380588876772083,3.816793893129771,2.6172300981461287,16.25,2.037872954566788,vulnerable
multiple_runs_largerun_db_highthreat_20260410_030216.csv,multiple_runs_largerun_db_highthreat_20260410_030216.csv,532,1149.0,1200.0,271.0,2.0,249.0,386.0,160.0,37.0,44.0,821.0,342.0,33.59442993907746,13.92515230635335,3.829416884247171,3.2201914708442123,31.583333333333336,2.037872954566788,vulnerable
multiple_runs_largerun_db_highthreat_20260410_030216.csv,multiple_runs_largerun_db_highthreat_20260410_030216.csv,533,877.0,1199.0,304.0,0.0,328.0,169.0,48.0,0.0,28.0,1004.0,195.0,19.27023945267959,5.473204104903079,3.192702394526796,0.0,16.263552960800666,2.037872954566788,resilient
multiple_runs_largerun_db_highthreat_20260410_030216.csv,multiple_runs_largerun_db_highthreat_20260410_030216.csv,534,1174.0,1208.0,207.0,0.0,150.0,485.0,243.0,71.0,18.0,767.0,370.0,41.31175468483816,20.6984667802385,1.5332197614991483,6.047700170357751,36.50662251655629,2.037872954566788,vulnerable
multiple_runs_largerun_db_highthreat_20260410_030216.csv,multiple_runs_largerun_db_highthreat_20260410_030216.csv,535,863.0,1193.0,292.0,0.0,363.0,140.0,2.0,26.0,40.0,885.0,282.0,16.22247972190035,0.2317497103128621,4.634994206257242,3.0127462340672073,25.81726739312657,2.037872954566788,vulnerable
multiple_runs_largerun_db_highthreat_20260410_030216.csv,multiple_runs_largerun_db_highthreat_20260410_030216.csv,536,1257.0,1206.0,41.0,0.0,6.0,526.0,399.0,260.0,25.0,695.0,251.0,41.84566428003182,31.742243436754176,1.988862370723946,20.684168655529035,42.37147595356551,2.037872954566788,vulnerable
multiple_runs_largerun_db_highthreat_20260410_030216.csv,multiple_runs_largerun_db_highthreat_20260410_030216.csv,537,926.0,1196.0,313.0,0.0,374.0,185.0,18.0,4.0,32.0,1013.0,179.0,19.978401727861772,1.9438444924406046,3.455723542116631,0.4319654427645789,15.301003344481606,2.037872954566788,resilient
multiple_runs_largerun_db_highthreat_20260410_030216.csv,multiple_runs_largerun_db_highthreat_20260410_030216.csv,538,908.0,1208.0,307.0,0.0,340.0,154.0,54.0,9.0,44.0,923.0,276.0,16.96035242290749,5.947136563876652,4.845814977973569,0.9911894273127754,23.59271523178808,2.037872954566788,resilient
multiple_runs_largerun_db_highthreat_20260410_030216.csv,multiple_runs_largerun_db_highthreat_20260410_030216.csv,539,974.0,1198.0,53.0,0.0,26.0,248.0,353.0,258.0,36.0,719.0,221.0,25.46201232032854,36.24229979466119,3.696098562628337,26.488706365503077,39.983305509181974,2.037872954566788,vulnerable
multiple_runs_largerun_db_highthreat_20260410_030216.csv,multiple_runs_largerun_db_highthreat_20260410_030216.csv,540,1130.0,1207.0,82.0,0.0,127.0,413.0,266.0,205.0,37.0,772.0,230.0,36.54867256637168,23.53982300884956,3.2743362831858405,18.141592920353983,36.03976801988401,2.037872954566788,vulnerable
multiple_runs_largerun_db_highthreat_20260410_030216.csv,multiple_runs_largerun_db_highthreat_20260410_030216.csv,541,960.0,1207.0,287.0,0.0,380.0,221.0,31.0,7.0,34.0,947.0,253.0,23.020833333333332,3.229166666666667,3.5416666666666665,0.7291666666666666,21.541010770505387,2.037872954566788,resilient
multiple_runs_largerun_db_highthreat_20260410_030216.csv,multiple_runs_largerun_db_highthreat_20260410_030216.csv,542,969.0,1185.0,49.0,0.0,13.0,223.0,389.0,268.0,27.0,695.0,222.0,23.01341589267286,40.14447884416924,2.786377708978328,27.657378740970074,41.35021097046413,2.037872954566788,vulnerable
multiple_runs_largerun_db_highthreat_20260410_030216.csv,multiple_runs_largerun_db_highthreat_20260410_030216.csv,543,931.0,1209.0,282.0,0.0,414.0,188.0,13.0,1.0,33.0,1027.0,181.0,20.193340494092375,1.3963480128893664,3.544575725026853,0.10741138560687433,15.053763440860216,2.037872954566788,resilient
multiple_runs_largerun_db_highthreat_20260410_030216.csv,multiple_runs_largerun_db_highthreat_20260410_030216.csv,544,1091.0,1202.0,216.0,0.0,132.0,371.0,254.0,76.0,42.0,814.0,312.0,34.00549954170486,23.281393217231898,3.84967919340055,6.966086159486709,32.27953410981697,2.037872954566788,vulnerable
multiple_runs_largerun_db_highthreat_20260410_030216.csv,multiple_runs_largerun_db_highthreat_20260410_030216.csv,545,1078.0,1220.0,54.0,0.0,22.0,349.0,357.0,260.0,36.0,781.0,179.0,32.3747680890538,33.116883116883116,3.339517625231911,24.118738404452692,35.98360655737705,2.037872954566788,vulnerable
multiple_runs_largerun_db_highthreat_20260410_030216.csv,multiple_runs_largerun_db_highthreat_20260410_030216.csv,546,1017.0,1202.0,315.0,0.0,320.0,264.0,90.0,1.0,27.0,1057.0,144.0,25.958702064896755,8.849557522123893,2.6548672566371683,0.09832841691248771,12.063227953410982,2.037872954566788,resilient
multiple_runs_largerun_db_highthreat_20260410_030216.csv,multiple_runs_largerun_db_highthreat_20260410_030216.csv,547,985.0,1194.0,64.0,0.0,11.0,244.0,386.0,251.0,29.0,720.0,223.0,24.771573604060915,39.18781725888325,2.9441624365482233,25.482233502538072,39.698492462311556,2.037872954566788,vulnerable
multiple_runs_largerun_db_highthreat_20260410_030216.csv,multiple_runs_largerun_db_highthreat_20260410_030216.csv,548,1199.0,1188.0,189.0,0.0,129.0,478.0,269.0,99.0,35.0,745.0,344.0,39.86655546288574,22.43536280233528,2.9190992493744785,8.256880733944955,37.28956228956229,2.037872954566788,vulnerable
multiple_runs_largerun_db_highthreat_20260410_030216.csv,multiple_runs_largerun_db_highthreat_20260410_030216.csv,549,956.0,1211.0,49.0,0.0,4.0,186.0,408.0,273.0,36.0,636.0,302.0,19.456066945606697,42.67782426778243,3.765690376569038,28.556485355648537,47.48142031379026,2.037872954566788,vulnerable
multiple_runs_largerun_db_highthreat_20260410_030216.csv,multiple_runs_largerun_db_highthreat_20260410_030216.csv,550,787.0,1179.0,289.0,0.0,351.0,73.0,39.0,5.0,30.0,914.0,260.0,9.275730622617536,4.955527318932655,3.8119440914866582,0.6353240152477764,22.476675148430875,2.037872954566788,resilient
multiple_runs_largerun_db_highthreat_20260410_030216.csv,multiple_runs_largerun_db_highthreat_20260410_030216.csv,551,987.0,1205.0,44.0,0.0,1.0,259.0,386.0,264.0,33.0,682.0,259.0,26.24113475177305,39.10840932117528,3.343465045592705,26.74772036474164,43.40248962655602,2.037872954566788,vulnerable
multiple_runs_largerun_db_highthreat_20260410_030216.csv,multiple_runs_largerun_db_highthreat_20260410_030216.csv,552,1055.0,1191.0,246.0,0.0,219.0,367.0,163.0,28.0,32.0,820.0,343.0,34.78672985781991,15.450236966824646,3.033175355450237,2.654028436018957,31.150293870696892,2.037872954566788,vulnerable
multiple_runs_largerun_db_highthreat_20260410_030216.csv,multiple_runs_largerun_db_highthreat_20260410_030216.csv,553,992.0,1205.0,37.0,0.0,19.0,266.0,361.0,284.0,25.0,715.0,206.0,26.814516129032256,36.391129032258064,2.5201612903225805,28.62903225806452,40.66390041493776,2.037872954566788,vulnerable
multiple_runs_largerun_db_highthreat_20260410_030216.csv,multiple_runs_largerun_db_highthreat_20260410_030216.csv,554,1267.0,1200.0,51.0,0.0,42.0,560.0,337.0,244.0,33.0,773.0,183.0,44.19889502762431,26.598263614838203,2.6045777426992895,19.258089976322022,35.583333333333336,2.037872954566788,vulnerable
multiple_runs_largerun_db_highthreat_20260410_030216.csv,multiple_runs_largerun_db_highthreat_20260410_030216.csv,555,1009.0,1217.0,302.0,0.0,351.0,252.0,66.0,0.0,38.0,1088.0,129.0,24.975222993062438,6.541129831516352,3.7661050545094152,0.0,10.599835661462613,2.037872954566788,resilient
multiple_runs_largerun_db_highthreat_20260410_030216.csv,multiple_runs_largerun_db_highthreat_20260410_030216.csv,556,962.0,1216.0,310.0,0.0,389.0,205.0,22.0,3.0,33.0,1064.0,149.0,21.30977130977131,2.2869022869022873,3.4303534303534304,0.31185031185031187,12.5,2.037872954566788,resilient
multiple_runs_largerun_db_highthreat_20260410_030216.csv,multiple_runs_largerun_db_highthreat_20260410_030216.csv,557,1134.0,1203.0,127.0,0.0,52.0,444.0,343.0,136.0,32.0,761.0,306.0,39.15343915343915,30.246913580246915,2.821869488536155,11.992945326278658,36.74147963424772,2.037872954566788,vulnerable
multiple_runs_largerun_db_highthreat_20260410_030216.csv,multiple_runs_largerun_db_highthreat_20260410_030216.csv,558,1047.0,1219.0,58.0,0.0,7.0,318.0,404.0,235.0,25.0,763.0,221.0,30.37249283667622,38.58643744030564,2.387774594078319,22.4450811843362,37.40771123872027,2.037872954566788,vulnerable
multiple_runs_largerun_db_highthreat_20260410_030216.csv,multiple_runs_largerun_db_highthreat_20260410_030216.csv,559,1091.0,1212.0,53.0,0.0,0.0,360.0,388.0,252.0,38.0,732.0,228.0,32.997250229147575,35.56370302474794,3.4830430797433545,23.0980751604033,39.603960396039604,2.037872954566788,vulnerable
multiple_runs_largerun_db_highthreat_20260410_030216.csv,multiple_runs_largerun_db_highthreat_20260410_030216.csv,560,942.0,1209.0,293.0,0.0,389.0,178.0,38.0,0.0,44.0,1047.0,162.0,18.895966029723994,4.033970276008493,4.670912951167728,0.0,13.399503722084367,2.037872954566788,resilient
multiple_runs_largerun_db_highthreat_20260410_030216.csv,multiple_runs_largerun_db_highthreat_20260410_030216.csv,561,995.0,1224.0,308.0,0.0,305.0,249.0,100.0,0.0,33.0,1068.0,156.0,25.025125628140703,10.050251256281408,3.3165829145728645,0.0,12.745098039215685,2.037872954566788,resilient
multiple_runs_largerun_db_highthreat_20260410_030216.csv,multiple_runs_largerun_db_highthreat_20260410_030216.csv,562,985.0,1210.0,42.0,0.0,10.0,261.0,395.0,239.0,38.0,731.0,240.0,26.49746192893401,40.10152284263959,3.857868020304569,24.263959390862944,39.58677685950413,2.037872954566788,vulnerable
multiple_runs_largerun_db_highthreat_20260410_030216.csv,multiple_runs_largerun_db_highthreat_20260410_030216.csv,563,896.0,1202.0,309.0,0.0,359.0,159.0,30.0,0.0,39.0,938.0,264.0,17.745535714285715,3.3482142857142856,4.352678571428571,0.0,21.96339434276206,2.037872954566788,resilient
multiple_runs_largerun_db_highthreat_20260410_030216.csv,multiple_runs_largerun_db_highthreat_20260410_030216.csv,564,1113.0,1199.0,38.0,0.0,4.0,361.0,395.0,292.0,23.0,665.0,242.0,32.43486073674753,35.489667565139264,2.0664869721473496,26.23539982030548,44.5371142618849,2.037872954566788,vulnerable
multiple_runs_largerun_db_highthreat_20260410_030216.csv,multiple_runs_largerun_db_highthreat_20260410_030216.csv,565,1017.0,1201.0,60.0,0.0,6.0,288.0,376.0,269.0,18.0,683.0,249.0,28.31858407079646,36.97148475909538,1.7699115044247788,26.45034414945919,43.13072439633638,2.037872954566788,vulnerable
multiple_runs_largerun_db_highthreat_20260410_030216.csv,multiple_runs_largerun_db_highthreat_20260410_030216.csv,566,997.0,1189.0,43.0,0.0,15.0,264.0,377.0,266.0,32.0,701.0,222.0,26.479438314944836,37.81344032096289,3.20962888665998,26.68004012036108,41.042893187552565,2.037872954566788,vulnerable
multiple_runs_largerun_db_highthreat_20260410_030216.csv,multiple_runs_largerun_db_highthreat_20260410_030216.csv,567,898.0,1199.0,304.0,0.0,376.0,174.0,1.0,3.0,40.0,955.0,241.0,19.37639198218263,0.11135857461024498,4.4543429844097995,0.33407572383073497,20.350291909924938,2.037872954566788,resilient
multiple_runs_largerun_db_highthreat_20260410_030216.csv,multiple_runs_largerun_db_highthreat_20260410_030216.csv,568,1170.0,1195.0,182.0,0.0,91.0,464.0,301.0,101.0,31.0,862.0,232.0,39.65811965811966,25.726495726495724,2.6495726495726495,8.632478632478632,27.866108786610877,2.037872954566788,vulnerable
multiple_runs_largerun_db_highthreat_20260410_030216.csv,multiple_runs_largerun_db_highthreat_20260410_030216.csv,569,1322.0,1184.0,43.0,0.0,16.0,603.0,352.0,285.0,23.0,729.0,170.0,45.612708018154315,26.626323751891075,1.739788199697428,21.55824508320726,38.42905405405405,2.037872954566788,vulnerable
multiple_runs_largerun_db_highthreat_20260410_030216.csv,multiple_runs_largerun_db_highthreat_20260410_030216.csv,570,976.0,1203.0,82.0,0.0,2.0,256.0,403.0,195.0,38.0,781.0,227.0,26.229508196721312,41.290983606557376,3.8934426229508197,19.979508196721312,35.07896924355777,2.037872954566788,vulnerable
multiple_runs_largerun_db_highthreat_20260410_030216.csv,multiple_runs_largerun_db_highthreat_20260410_030216.csv,571,972.0,1203.0,53.0,0.0,3.0,235.0,395.0,258.0,28.0,732.0,213.0,24.17695473251029,40.63786008230453,2.880658436213992,26.543209876543212,39.15211970074813,2.037872954566788,vulnerable
multiple_runs_largerun_db_highthreat_20260410_030216.csv,multiple_runs_largerun_db_highthreat_20260410_030216.csv,572,1001.0,1222.0,190.0,0.0,263.0,239.0,162.0,112.0,35.0,939.0,171.0,23.876123876123874,16.183816183816184,3.4965034965034967,11.188811188811188,23.158756137479543,2.037872954566788,vulnerable
multiple_runs_largerun_db_highthreat_20260410_030216.csv,multiple_runs_largerun_db_highthreat_20260410_030216.csv,573,978.0,1222.0,36.0,0.0,13.0,278.0,378.0,234.0,39.0,721.0,267.0,28.425357873210633,38.65030674846626,3.9877300613496933,23.92638036809816,40.99836333878887,2.037872954566788,vulnerable
multiple_runs_largerun_db_highthreat_20260410_030216.csv,multiple_runs_largerun_db_highthreat_20260410_030216.csv,574,956.0,1192.0,44.0,0.0,6.0,243.0,383.0,261.0,19.0,668.0,263.0,25.418410041841007,40.06276150627615,1.9874476987447698,27.30125523012552,43.95973154362416,2.037872954566788,vulnerable
multiple_runs_largerun_db_highthreat_20260410_030216.csv,multiple_runs_largerun_db_highthreat_20260410_030216.csv,575,1148.0,1211.0,59.0,1.0,29.0,448.0,352.0,240.0,19.0,779.0,192.0,39.02439024390244,30.66202090592334,1.6550522648083623,20.905923344947734,35.672997522708506,2.037872954566788,vulnerable
multiple_runs_largerun_db_highthreat_20260410_030216.csv,multiple_runs_largerun_db_highthreat_20260410_030216.csv,576,981.0,1211.0,315.0,0.0,391.0,218.0,20.0,0.0,37.0,1049.0,162.0,22.22222222222222,2.038735983690112,3.771661569826707,0.0,13.37737407101569,2.037872954566788,resilient
multiple_runs_largerun_db_highthreat_20260410_030216.csv,multiple_runs_largerun_db_highthreat_20260410_030216.csv,577,1179.0,1207.0,157.0,0.0,94.0,440.0,291.0,152.0,45.0,732.0,323.0,37.3197625106022,24.681933842239186,3.816793893129771,12.892281594571669,39.35376967688484,2.037872954566788,vulnerable
multiple_runs_largerun_db_highthreat_20260410_030216.csv,multiple_runs_largerun_db_highthreat_20260410_030216.csv,578,1061.0,1202.0,36.0,0.0,10.0,339.0,373.0,269.0,34.0,738.0,195.0,31.950989632422242,35.1555136663525,3.2045240339302548,25.35344015080113,38.60232945091514,2.037872954566788,vulnerable
multiple_runs_largerun_db_highthreat_20260410_030216.csv,multiple_runs_largerun_db_highthreat_20260410_030216.csv,579,891.0,1205.0,309.0,0.0,390.0,140.0,6.0,2.0,44.0,863.0,340.0,15.712682379349047,0.6734006734006733,4.938271604938271,0.22446689113355783,28.38174273858921,2.037872954566788,resilient
multiple_runs_largerun_db_highthreat_20260410_030216.csv,multiple_runs_largerun_db_highthreat_20260410_030216.csv,580,1185.0,1202.0,71.0,0.0,104.0,464.0,294.0,204.0,48.0,752.0,246.0,39.15611814345992,24.81012658227848,4.050632911392405,17.21518987341772,37.437603993344425,2.037872954566788,vulnerable
multiple_runs_largerun_db_highthreat_20260410_030216.csv,multiple_runs_largerun_db_highthreat_20260410_030216.csv,581,926.0,1196.0,292.0,0.0,339.0,216.0,45.0,7.0,27.0,1011.0,178.0,23.326133909287257,4.859611231101512,2.915766738660907,0.755939524838013,15.468227424749164,2.037872954566788,resilient
multiple_runs_largerun_db_highthreat_20260410_030216.csv,multiple_runs_largerun_db_highthreat_20260410_030216.csv,582,954.0,1193.0,53.0,0.0,2.0,216.0,405.0,246.0,32.0,725.0,222.0,22.641509433962266,42.45283018867924,3.3542976939203357,25.78616352201258,39.22883487007544,2.037872954566788,vulnerable
multiple_runs_largerun_db_highthreat_20260410_030216.csv,multiple_runs_largerun_db_highthreat_20260410_030216.csv,583,969.0,1208.0,301.0,0.0,317.0,243.0,64.0,0.0,44.0,1088.0,120.0,25.077399380804955,6.604747162022703,4.540763673890609,0.0,9.933774834437086,2.037872954566788,resilient
multiple_runs_largerun_db_highthreat_20260410_030216.csv,multiple_runs_largerun_db_highthreat_20260410_030216.csv,584,947.0,1198.0,308.0,0.0,371.0,206.0,18.0,10.0,34.0,905.0,283.0,21.752903907074973,1.9007391763463568,3.5902851108764517,1.0559662090813093,24.457429048414024,2.037872954566788,resilient
multiple_runs_largerun_db_highthreat_20260410_030216.csv,multiple_runs_largerun_db_highthreat_20260410_030216.csv,585,1171.0,1206.0,138.0,0.0,7.0,458.0,433.0,85.0,50.0,852.0,269.0,39.11187019641332,36.97694278394535,4.269854824935952,7.2587532023911185,29.35323383084577,2.037872954566788,vulnerable
multiple_runs_largerun_db_highthreat_20260410_030216.csv,multiple_runs_largerun_db_highthreat_20260410_030216.csv,586,987.0,1220.0,61.0,0.0,25.0,236.0,378.0,259.0,28.0,717.0,244.0,23.910840932117527,38.297872340425535,2.8368794326241136,26.24113475177305,41.22950819672131,2.037872954566788,vulnerable
multiple_runs_largerun_db_highthreat_20260410_030216.csv,multiple_runs_largerun_db_highthreat_20260410_030216.csv,587,1235.0,1210.0,118.0,0.0,131.0,495.0,235.0,220.0,36.0,714.0,276.0,40.08097165991903,19.02834008097166,2.91497975708502,17.813765182186234,40.99173553719008,2.037872954566788,vulnerable
multiple_runs_largerun_db_highthreat_20260410_030216.csv,multiple_runs_largerun_db_highthreat_20260410_030216.csv,588,1035.0,1198.0,340.0,0.0,406.0,250.0,1.0,0.0,38.0,989.0,209.0,24.154589371980677,0.0966183574879227,3.6714975845410627,0.0,17.445742904841403,2.037872954566788,resilient
multiple_runs_largerun_db_highthreat_20260410_030216.csv,multiple_runs_largerun_db_highthreat_20260410_030216.csv,589,752.0,1189.0,111.0,0.0,297.0,152.0,91.0,65.0,36.0,824.0,300.0,20.212765957446805,12.101063829787234,4.787234042553192,8.643617021276597,30.698065601345668,2.037872954566788,vulnerable
multiple_runs_largerun_db_highthreat_20260410_030216.csv,multiple_runs_largerun_db_highthreat_20260410_030216.csv,590,1126.0,1206.0,52.0,0.0,12.0,422.0,382.0,234.0,24.0,736.0,236.0,37.47779751332149,33.92539964476021,2.1314387211367674,20.781527531083483,38.97180762852405,2.037872954566788,vulnerable
multiple_runs_largerun_db_highthreat_20260410_030216.csv,multiple_runs_largerun_db_highthreat_20260410_030216.csv,591,987.0,1201.0,40.0,0.0,23.0,269.0,365.0,263.0,27.0,667.0,271.0,27.25430597771023,36.98074974670719,2.735562310030395,26.646403242147926,44.46294754371357,2.037872954566788,vulnerable
multiple_runs_largerun_db_highthreat_20260410_030216.csv,multiple_runs_largerun_db_highthreat_20260410_030216.csv,592,997.0,1196.0,52.0,0.0,0.0,272.0,366.0,272.0,35.0,676.0,248.0,27.28184553660983,36.71013039117352,3.510531594784353,27.28184553660983,43.47826086956522,2.037872954566788,vulnerable
multiple_runs_largerun_db_highthreat_20260410_030216.csv,multiple_runs_largerun_db_highthreat_20260410_030216.csv,593,781.0,1189.0,288.0,0.0,374.0,65.0,19.0,0.0,35.0,998.0,191.0,8.322663252240718,2.4327784891165174,4.481434058898848,0.0,16.063919259882255,2.037872954566788,resilient
multiple_runs_largerun_db_highthreat_20260410_030216.csv,multiple_runs_largerun_db_highthreat_20260410_030216.csv,594,904.0,1195.0,302.0,0.0,309.0,205.0,49.0,10.0,29.0,1021.0,164.0,22.676991150442475,5.420353982300885,3.2079646017699117,1.1061946902654867,14.560669456066947,2.037872954566788,resilient
multiple_runs_largerun_db_highthreat_20260410_030216.csv,multiple_runs_largerun_db_highthreat_20260410_030216.csv,595,1150.0,1200.0,82.0,0.0,97.0,424.0,309.0,200.0,38.0,769.0,231.0,36.869565217391305,26.869565217391305,3.304347826086956,17.391304347826086,35.91666666666667,2.037872954566788,vulnerable
multiple_runs_largerun_db_highthreat_20260410_030216.csv,multiple_runs_largerun_db_highthreat_20260410_030216.csv,596,1071.0,1179.0,78.0,0.0,25.0,376.0,359.0,220.0,13.0,681.0,278.0,35.10737628384687,33.52007469654528,1.2138188608776845,20.541549953314657,42.23918575063613,2.037872954566788,vulnerable
multiple_runs_largerun_db_highthreat_20260410_030216.csv,multiple_runs_largerun_db_highthreat_20260410_030216.csv,597,1023.0,1212.0,346.0,0.0,399.0,243.0,8.0,0.0,27.0,1087.0,125.0,23.75366568914956,0.7820136852394917,2.6392961876832843,0.0,10.313531353135314,2.037872954566788,resilient
multiple_runs_largerun_db_highthreat_20260410_030216.csv,multiple_runs_largerun_db_highthreat_20260410_030216.csv,598,1026.0,1219.0,53.0,0.0,3.0,295.0,384.0,261.0,30.0,739.0,219.0,28.75243664717349,37.42690058479532,2.923976608187134,25.438596491228072,39.376538146021325,2.037872954566788,vulnerable
multiple_runs_largerun_db_highthreat_20260410_030216.csv,multiple_runs_largerun_db_highthreat_20260410_030216.csv,599,933.0,1210.0,36.0,0.0,10.0,225.0,396.0,234.0,32.0,707.0,269.0,24.115755627009648,42.443729903536976,3.429796355841372,25.080385852090032,41.570247933884296,2.037872954566788,vulnerable
multiple_runs_largerun_db_highthreat_20260410_030216.csv,multiple_runs_largerun_db_highthreat_20260410_030216.csv,600,1081.0,1195.0,313.0,0.0,332.0,336.0,70.0,0.0,30.0,1061.0,134.0,31.082331174838114,6.475485661424607,2.7752081406105455,0.0,11.213389121338913,2.037872954566788,resilient
multiple_runs_largerun_db_highthreat_20260410_030216.csv,multiple_runs_largerun_db_highthreat_20260410_030216.csv,601,1000.0,1210.0,86.0,0.0,15.0,287.0,386.0,192.0,34.0,803.0,215.0,28.7,38.6,3.4000000000000004,19.2,33.63636363636363,2.037872954566788,vulnerable
multiple_runs_largerun_db_highthreat_20260410_030216.csv,multiple_runs_largerun_db_highthreat_20260410_030216.csv,602,899.0,1212.0,305.0,0.0,396.0,158.0,5.0,1.0,34.0,947.0,264.0,17.57508342602892,0.5561735261401557,3.781979977753059,0.11123470522803114,21.864686468646866,2.037872954566788,resilient
multiple_runs_largerun_db_highthreat_20260410_030216.csv,multiple_runs_largerun_db_highthreat_20260410_030216.csv,603,958.0,1199.0,42.0,0.0,1.0,218.0,381.0,287.0,29.0,670.0,242.0,22.755741127348646,39.77035490605428,3.02713987473904,29.958246346555324,44.12010008340283,2.037872954566788,vulnerable
multiple_runs_largerun_db_highthreat_20260410_030216.csv,multiple_runs_largerun_db_highthreat_20260410_030216.csv,604,1168.0,1223.0,80.0,0.0,49.0,419.0,364.0,218.0,38.0,701.0,304.0,35.87328767123288,31.164383561643838,3.2534246575342465,18.664383561643834,42.68192968111202,2.037872954566788,vulnerable
multiple_runs_largerun_db_highthreat_20260410_030216.csv,multiple_runs_largerun_db_highthreat_20260410_030216.csv,605,965.0,1210.0,59.0,0.0,11.0,222.0,395.0,246.0,32.0,679.0,285.0,23.00518134715026,40.932642487046635,3.316062176165803,25.492227979274613,43.88429752066116,2.037872954566788,vulnerable
multiple_runs_largerun_db_highthreat_20260410_030216.csv,multiple_runs_largerun_db_highthreat_20260410_030216.csv,606,981.0,1213.0,66.0,0.0,0.0,240.0,390.0,251.0,34.0,716.0,246.0,24.464831804281346,39.75535168195719,3.4658511722731906,25.58613659531091,40.97279472382523,2.037872954566788,vulnerable
multiple_runs_largerun_db_highthreat_20260410_030216.csv,multiple_runs_largerun_db_highthreat_20260410_030216.csv,607,1248.0,1198.0,88.0,0.0,56.0,534.0,320.0,213.0,37.0,785.0,200.0,42.78846153846153,25.64102564102564,2.9647435897435894,17.067307692307693,34.47412353923205,2.037872954566788,vulnerable
multiple_runs_largerun_db_highthreat_20260410_030216.csv,multiple_runs_largerun_db_highthreat_20260410_030216.csv,608,957.0,1182.0,302.0,0.0,293.0,228.0,111.0,3.0,20.0,1040.0,139.0,23.824451410658305,11.598746081504702,2.089864158829676,0.3134796238244514,12.013536379018612,2.037872954566788,resilient
multiple_runs_largerun_db_highthreat_20260410_030216.csv,multiple_runs_largerun_db_highthreat_20260410_030216.csv,609,1195.0,1208.0,179.0,0.0,143.0,470.0,242.0,124.0,37.0,786.0,298.0,39.33054393305439,20.251046025104603,3.096234309623431,10.376569037656903,34.93377483443709,2.037872954566788,vulnerable
multiple_runs_largerun_db_highthreat_20260410_030216.csv,multiple_runs_largerun_db_highthreat_20260410_030216.csv,610,1020.0,1198.0,275.0,0.0,312.0,295.0,100.0,5.0,33.0,1051.0,142.0,28.921568627450984,9.803921568627452,3.2352941176470593,0.49019607843137253,12.270450751252087,2.037872954566788,resilient
multiple_runs_largerun_db_highthreat_20260410_030216.csv,multiple_runs_largerun_db_highthreat_20260410_030216.csv,611,1129.0,1199.0,67.0,0.0,36.0,422.0,348.0,223.0,33.0,752.0,224.0,37.37821080602303,30.823737821080606,2.9229406554472983,19.75199291408326,37.28106755629692,2.037872954566788,vulnerable
multiple_runs_largerun_db_highthreat_20260410_030216.csv,multiple_runs_largerun_db_highthreat_20260410_030216.csv,612,1023.0,1209.0,61.0,0.0,19.0,285.0,396.0,235.0,27.0,748.0,226.0,27.859237536656888,38.70967741935484,2.6392961876832843,22.971652003910066,38.13068651778329,2.037872954566788,vulnerable
multiple_runs_largerun_db_highthreat_20260410_030216.csv,multiple_runs_largerun_db_highthreat_20260410_030216.csv,613,956.0,1189.0,56.0,0.0,19.0,238.0,392.0,229.0,22.0,770.0,190.0,24.89539748953975,41.00418410041841,2.301255230125523,23.95397489539749,35.239697224558455,2.037872954566788,vulnerable
multiple_runs_largerun_db_highthreat_20260410_030216.csv,multiple_runs_largerun_db_highthreat_20260410_030216.csv,614,900.0,1191.0,42.0,0.0,25.0,193.0,352.0,273.0,15.0,624.0,294.0,21.444444444444443,39.111111111111114,1.6666666666666667,30.333333333333336,47.607052896725435,2.037872954566788,vulnerable
multiple_runs_largerun_db_highthreat_20260410_030216.csv,multiple_runs_largerun_db_highthreat_20260410_030216.csv,615,1232.0,1204.0,183.0,0.0,131.0,486.0,307.0,83.0,42.0,802.0,319.0,39.44805194805195,24.91883116883117,3.4090909090909087,6.737012987012987,33.38870431893688,2.037872954566788,vulnerable
multiple_runs_largerun_db_highthreat_20260410_030216.csv,multiple_runs_largerun_db_highthreat_20260410_030216.csv,616,1221.0,1210.0,192.0,0.0,74.0,446.0,306.0,169.0,34.0,740.0,301.0,36.52743652743653,25.061425061425062,2.7846027846027845,13.841113841113842,38.84297520661157,2.037872954566788,vulnerable
multiple_runs_largerun_db_highthreat_20260410_030216.csv,multiple_runs_largerun_db_highthreat_20260410_030216.csv,617,971.0,1223.0,51.0,0.0,0.0,252.0,382.0,252.0,34.0,702.0,269.0,25.952626158599383,39.340885684860964,3.5015447991761075,25.952626158599383,42.60016353229763,2.037872954566788,vulnerable
multiple_runs_largerun_db_highthreat_20260410_030216.csv,multiple_runs_largerun_db_highthreat_20260410_030216.csv,618,1064.0,1194.0,298.0,0.0,362.0,329.0,47.0,1.0,27.0,1073.0,120.0,30.92105263157895,4.417293233082707,2.537593984962406,0.09398496240601503,10.134003350083752,2.037872954566788,resilient
multiple_runs_largerun_db_highthreat_20260410_030216.csv,multiple_runs_largerun_db_highthreat_20260410_030216.csv,619,952.0,1199.0,40.0,0.0,2.0,218.0,390.0,268.0,34.0,707.0,224.0,22.899159663865547,40.96638655462185,3.571428571428571,28.15126050420168,41.03419516263553,2.037872954566788,vulnerable
multiple_runs_largerun_db_highthreat_20260410_030216.csv,multiple_runs_largerun_db_highthreat_20260410_030216.csv,620,512.0,1201.0,35.0,0.0,12.0,135.0,300.0,0.0,30.0,787.0,414.0,26.3671875,58.59375,5.859375,0.0,34.47127393838468,2.037872954566788,resilient
multiple_runs_largerun_db_highthreat_20260410_030216.csv,multiple_runs_largerun_db_highthreat_20260410_030216.csv,621,1028.0,1209.0,294.0,0.0,356.0,261.0,80.0,0.0,37.0,1091.0,118.0,25.389105058365757,7.782101167315175,3.599221789883268,0.0,9.760132340777503,2.037872954566788,resilient
multiple_runs_largerun_db_highthreat_20260410_030216.csv,multiple_runs_largerun_db_highthreat_20260410_030216.csv,622,853.0,1201.0,295.0,0.0,342.0,124.0,53.0,8.0,31.0,1010.0,183.0,14.536928487690503,6.213364595545135,3.6342321219226257,0.9378663540445485,15.903413821815155,2.037872954566788,resilient
multiple_runs_largerun_db_highthreat_20260410_030216.csv,multiple_runs_largerun_db_highthreat_20260410_030216.csv,623,904.0,1207.0,303.0,0.0,288.0,178.0,80.0,23.0,32.0,882.0,302.0,19.690265486725664,8.849557522123893,3.5398230088495577,2.5442477876106198,26.926263463131733,2.037872954566788,vulnerable
multiple_runs_largerun_db_highthreat_20260410_030216.csv,multiple_runs_largerun_db_highthreat_20260410_030216.csv,624,950.0,1190.0,324.0,0.0,359.0,208.0,19.0,0.0,40.0,1059.0,131.0,21.894736842105264,2.0,4.2105263157894735,0.0,11.008403361344538,2.037872954566788,resilient
multiple_runs_largerun_db_highthreat_20260410_030216.csv,multiple_runs_largerun_db_highthreat_20260410_030216.csv,625,1138.0,1207.0,54.0,0.0,46.0,439.0,359.0,211.0,29.0,793.0,203.0,38.576449912126535,31.54657293497364,2.5483304042179262,18.54130052724077,34.299917149958574,2.037872954566788,vulnerable
multiple_runs_largerun_db_highthreat_20260410_030216.csv,multiple_runs_largerun_db_highthreat_20260410_030216.csv,626,1092.0,1205.0,56.0,0.0,6.0,358.0,380.0,261.0,31.0,733.0,211.0,32.78388278388278,34.798534798534796,2.838827838827839,23.9010989010989,39.170124481327804,2.037872954566788,vulnerable
multiple_runs_largerun_db_highthreat_20260410_030216.csv,multiple_runs_largerun_db_highthreat_20260410_030216.csv,627,911.0,1202.0,42.0,0.0,0.0,216.0,368.0,257.0,28.0,700.0,245.0,23.71020856201976,40.39517014270033,3.0735455543358947,28.210757409440173,41.76372712146423,2.037872954566788,vulnerable
multiple_runs_largerun_db_highthreat_20260410_030216.csv,multiple_runs_largerun_db_highthreat_20260410_030216.csv,628,1214.0,1199.0,78.0,0.0,50.0,524.0,340.0,206.0,16.0,749.0,244.0,43.163097199341024,28.00658978583196,1.3179571663920924,16.96869851729819,37.53127606338615,2.037872954566788,vulnerable
multiple_runs_largerun_db_highthreat_20260410_030216.csv,multiple_runs_largerun_db_highthreat_20260410_030216.csv,629,1436.0,1200.0,69.0,0.0,26.0,704.0,368.0,245.0,24.0,822.0,133.0,49.02506963788301,25.62674094707521,1.6713091922005572,17.061281337047355,31.5,2.037872954566788,vulnerable
multiple_runs_largerun_db_highthreat_20260410_030216.csv,multiple_runs_largerun_db_highthreat_20260410_030216.csv,630,1156.0,1200.0,79.0,0.0,28.0,461.0,360.0,197.0,31.0,726.0,277.0,39.878892733564015,31.141868512110726,2.6816608996539792,17.041522491349482,39.5,2.037872954566788,vulnerable
multiple_runs_largerun_db_highthreat_20260410_030216.csv,multiple_runs_largerun_db_highthreat_20260410_030216.csv,631,1026.0,1210.0,346.0,0.0,339.0,233.0,66.0,7.0,35.0,1033.0,170.0,22.709551656920077,6.432748538011696,3.41130604288499,0.682261208576998,14.628099173553718,2.037872954566788,resilient
multiple_runs_largerun_db_highthreat_20260410_030216.csv,multiple_runs_largerun_db_highthreat_20260410_030216.csv,632,911.0,1196.0,57.0,0.0,0.0,207.0,355.0,267.0,25.0,687.0,242.0,22.722283205268933,38.96816684961581,2.7442371020856204,29.308452250274424,42.558528428093645,2.037872954566788,vulnerable
multiple_runs_largerun_db_highthreat_20260410_030216.csv,multiple_runs_largerun_db_highthreat_20260410_030216.csv,633,905.0,1193.0,48.0,0.0,10.0,175.0,366.0,280.0,26.0,700.0,213.0,19.337016574585636,40.44198895027624,2.8729281767955803,30.939226519337016,41.3243922883487,2.037872954566788,vulnerable
multiple_runs_largerun_db_highthreat_20260410_030216.csv,multiple_runs_largerun_db_highthreat_20260410_030216.csv,634,1233.0,1193.0,31.0,0.0,55.0,500.0,356.0,253.0,38.0,802.0,138.0,40.55150040551501,28.872668288726683,3.0819140308191404,20.519059205190594,32.774518021793796,2.037872954566788,vulnerable
multiple_runs_largerun_db_highthreat_20260410_030216.csv,multiple_runs_largerun_db_highthreat_20260410_030216.csv,635,969.0,1203.0,305.0,0.0,394.0,238.0,4.0,0.0,28.0,865.0,338.0,24.561403508771928,0.41279669762641896,2.8895768833849327,0.0,28.09642560266002,2.037872954566788,resilient
multiple_runs_largerun_db_highthreat_20260410_030216.csv,multiple_runs_largerun_db_highthreat_20260410_030216.csv,636,909.0,1193.0,284.0,0.0,323.0,195.0,71.0,3.0,33.0,1007.0,183.0,21.45214521452145,7.81078107810781,3.6303630363036308,0.33003300330033003,15.590947191953058,2.037872954566788,resilient
multiple_runs_largerun_db_highthreat_20260410_030216.csv,multiple_runs_largerun_db_highthreat_20260410_030216.csv,637,1391.0,1208.0,63.0,0.0,19.0,640.0,391.0,252.0,26.0,713.0,243.0,46.010064701653484,28.109273903666427,1.8691588785046727,18.11646297627606,40.97682119205298,2.037872954566788,vulnerable
multiple_runs_largerun_db_highthreat_20260410_030216.csv,multiple_runs_largerun_db_highthreat_20260410_030216.csv,638,1008.0,1218.0,44.0,0.0,9.0,305.0,395.0,224.0,31.0,717.0,277.0,30.257936507936506,39.18650793650794,3.075396825396825,22.22222222222222,41.13300492610838,2.037872954566788,vulnerable
multiple_runs_largerun_db_highthreat_20260410_030216.csv,multiple_runs_largerun_db_highthreat_20260410_030216.csv,639,1020.0,1212.0,291.0,0.0,343.0,267.0,76.0,15.0,28.0,1057.0,140.0,26.176470588235297,7.450980392156863,2.7450980392156863,1.4705882352941175,12.788778877887788,2.037872954566788,resilient
multiple_runs_largerun_db_highthreat_20260410_030216.csv,multiple_runs_largerun_db_highthreat_20260410_030216.csv,640,1078.0,1198.0,224.0,0.0,243.0,371.0,165.0,46.0,29.0,808.0,344.0,34.41558441558442,15.306122448979592,2.6901669758812616,4.267161410018553,32.5542570951586,2.037872954566788,vulnerable
multiple_runs_largerun_db_highthreat_20260410_030216.csv,multiple_runs_largerun_db_highthreat_20260410_030216.csv,641,963.0,1205.0,66.0,0.0,11.0,255.0,386.0,216.0,29.0,754.0,235.0,26.479750778816197,40.083073727933545,3.011422637590862,22.429906542056074,37.427385892116185,2.037872954566788,vulnerable
multiple_runs_largerun_db_highthreat_20260410_030216.csv,multiple_runs_largerun_db_highthreat_20260410_030216.csv,642,974.0,1200.0,41.0,0.0,7.0,261.0,373.0,259.0,33.0,719.0,222.0,26.796714579055443,38.29568788501027,3.3880903490759757,26.591375770020537,40.08333333333333,2.037872954566788,vulnerable
multiple_runs_largerun_db_highthreat_20260410_030216.csv,multiple_runs_largerun_db_highthreat_20260410_030216.csv,643,1028.0,1213.0,319.0,0.0,390.0,276.0,12.0,0.0,31.0,965.0,248.0,26.848249027237355,1.1673151750972763,3.0155642023346303,0.0,20.44517724649629,2.037872954566788,resilient
multiple_runs_largerun_db_highthreat_20260410_030216.csv,multiple_runs_largerun_db_highthreat_20260410_030216.csv,644,980.0,1204.0,78.0,0.0,16.0,244.0,387.0,232.0,23.0,647.0,325.0,24.897959183673468,39.48979591836735,2.3469387755102042,23.6734693877551,46.262458471760795,2.037872954566788,vulnerable
multiple_runs_largerun_db_highthreat_20260410_030216.csv,multiple_runs_largerun_db_highthreat_20260410_030216.csv,645,1241.0,1215.0,82.0,0.0,29.0,519.0,368.0,207.0,36.0,757.0,251.0,41.82111200644641,29.653505237711524,2.9008863819500403,16.680096696212733,37.69547325102881,2.037872954566788,vulnerable
multiple_runs_largerun_db_highthreat_20260410_030216.csv,multiple_runs_largerun_db_highthreat_20260410_030216.csv,646,1062.0,1195.0,198.0,0.0,233.0,372.0,145.0,82.0,32.0,800.0,313.0,35.02824858757062,13.653483992467045,3.0131826741996233,7.721280602636535,33.054393305439326,2.037872954566788,vulnerable
multiple_runs_largerun_db_highthreat_20260410_030216.csv,multiple_runs_largerun_db_highthreat_20260410_030216.csv,647,1239.0,1187.0,56.0,0.0,119.0,522.0,270.0,247.0,25.0,775.0,165.0,42.13075060532688,21.791767554479417,2.0177562550443904,19.93543179983858,34.70935130581297,2.037872954566788,vulnerable
multiple_runs_largerun_db_highthreat_20260410_030216.csv,multiple_runs_largerun_db_highthreat_20260410_030216.csv,648,900.0,1177.0,307.0,0.0,371.0,148.0,32.0,5.0,37.0,1007.0,165.0,16.444444444444446,3.5555555555555554,4.111111111111112,0.5555555555555556,14.443500424808835,2.037872954566788,resilient
multiple_runs_largerun_db_highthreat_20260410_030216.csv,multiple_runs_largerun_db_highthreat_20260410_030216.csv,649,987.0,1205.0,295.0,0.0,375.0,259.0,27.0,0.0,31.0,1028.0,177.0,26.24113475177305,2.735562310030395,3.1408308004052685,0.0,14.688796680497926,2.037872954566788,resilient
multiple_runs_largerun_db_highthreat_20260410_030216.csv,multiple_runs_largerun_db_highthreat_20260410_030216.csv,650,979.0,1198.0,265.0,0.0,378.0,246.0,48.0,0.0,42.0,1018.0,180.0,25.12768130745659,4.902962206332993,4.290091930541369,0.0,15.025041736227045,2.037872954566788,resilient
multiple_runs_largerun_db_highthreat_20260410_030216.csv,multiple_runs_largerun_db_highthreat_20260410_030216.csv,651,999.0,1196.0,59.0,0.0,5.0,261.0,375.0,261.0,38.0,687.0,248.0,26.126126126126124,37.53753753753754,3.8038038038038042,26.126126126126124,42.558528428093645,2.037872954566788,vulnerable
multiple_runs_largerun_db_highthreat_20260410_030216.csv,multiple_runs_largerun_db_highthreat_20260410_030216.csv,652,1022.0,1196.0,62.0,0.0,13.0,244.0,433.0,237.0,33.0,710.0,249.0,23.874755381604697,42.36790606653621,3.2289628180039136,23.18982387475538,40.635451505016725,2.037872954566788,vulnerable
multiple_runs_largerun_db_highthreat_20260410_030216.csv,multiple_runs_largerun_db_highthreat_20260410_030216.csv,653,1079.0,1215.0,322.0,0.0,304.0,342.0,83.0,2.0,26.0,1044.0,169.0,31.69601482854495,7.6923076923076925,2.4096385542168677,0.18535681186283595,14.074074074074074,2.037872954566788,resilient
multiple_runs_largerun_db_highthreat_20260410_030216.csv,multiple_runs_largerun_db_highthreat_20260410_030216.csv,654,963.0,1216.0,23.0,0.0,2.0,262.0,369.0,280.0,27.0,718.0,218.0,27.206645898234683,38.31775700934579,2.803738317757009,29.075804776739357,40.95394736842105,2.037872954566788,vulnerable
multiple_runs_largerun_db_highthreat_20260410_030216.csv,multiple_runs_largerun_db_highthreat_20260410_030216.csv,655,1232.0,1214.0,30.0,0.0,16.0,531.0,394.0,229.0,32.0,781.0,204.0,43.10064935064935,31.980519480519483,2.5974025974025974,18.58766233766234,35.667215815485996,2.037872954566788,vulnerable
multiple_runs_largerun_db_highthreat_20260410_030216.csv,multiple_runs_largerun_db_highthreat_20260410_030216.csv,656,896.0,1203.0,299.0,0.0,328.0,144.0,69.0,15.0,41.0,920.0,268.0,16.071428571428573,7.700892857142858,4.575892857142857,1.6741071428571428,23.524522028262677,2.037872954566788,resilient
multiple_runs_largerun_db_highthreat_20260410_030216.csv,multiple_runs_largerun_db_highthreat_20260410_030216.csv,657,1005.0,1184.0,67.0,0.0,5.0,260.0,383.0,268.0,22.0,706.0,210.0,25.870646766169152,38.1094527363184,2.1890547263681595,26.666666666666668,40.37162162162162,2.037872954566788,vulnerable
multiple_runs_largerun_db_highthreat_20260410_030216.csv,multiple_runs_largerun_db_highthreat_20260410_030216.csv,658,954.0,1210.0,312.0,0.0,340.0,213.0,57.0,4.0,28.0,974.0,232.0,22.32704402515723,5.9748427672955975,2.9350104821802936,0.41928721174004197,19.50413223140496,2.037872954566788,resilient
multiple_runs_largerun_db_highthreat_20260410_030216.csv,multiple_runs_largerun_db_highthreat_20260410_030216.csv,659,1146.0,1197.0,82.0,0.0,18.0,419.0,358.0,250.0,19.0,679.0,268.0,36.56195462478185,31.239092495637,1.6579406631762654,21.81500872600349,43.27485380116959,2.037872954566788,vulnerable
multiple_runs_largerun_db_highthreat_20260410_030216.csv,multiple_runs_largerun_db_highthreat_20260410_030216.csv,660,999.0,1202.0,292.0,0.0,285.0,287.0,106.0,0.0,29.0,1085.0,117.0,28.72872872872873,10.61061061061061,2.902902902902903,0.0,9.733777038269551,2.037872954566788,resilient
multiple_runs_largerun_db_highthreat_20260410_030216.csv,multiple_runs_largerun_db_highthreat_20260410_030216.csv,661,910.0,1206.0,336.0,0.0,312.0,137.0,82.0,1.0,42.0,943.0,262.0,15.054945054945055,9.010989010989011,4.615384615384616,0.10989010989010989,21.807628524046436,2.037872954566788,resilient
multiple_runs_largerun_db_highthreat_20260410_030216.csv,multiple_runs_largerun_db_highthreat_20260410_030216.csv,662,1063.0,1201.0,31.0,0.0,2.0,349.0,396.0,260.0,25.0,718.0,223.0,32.8316086547507,37.25305738476011,2.351834430856068,24.459078080903105,40.21648626144879,2.037872954566788,vulnerable
multiple_runs_largerun_db_highthreat_20260410_030216.csv,multiple_runs_largerun_db_highthreat_20260410_030216.csv,663,1180.0,1196.0,49.0,0.0,4.0,452.0,397.0,245.0,33.0,736.0,215.0,38.30508474576271,33.64406779661017,2.7966101694915255,20.76271186440678,38.46153846153847,2.037872954566788,vulnerable
multiple_runs_largerun_db_highthreat_20260410_030216.csv,multiple_runs_largerun_db_highthreat_20260410_030216.csv,664,1188.0,1206.0,35.0,0.0,0.0,449.0,400.0,262.0,42.0,736.0,208.0,37.79461279461279,33.670033670033675,3.535353535353535,22.053872053872052,38.97180762852405,2.037872954566788,vulnerable
multiple_runs_largerun_db_highthreat_20260410_030216.csv,multiple_runs_largerun_db_highthreat_20260410_030216.csv,665,1067.0,1209.0,342.0,0.0,334.0,300.0,57.0,0.0,34.0,1060.0,149.0,28.116213683223997,5.342080599812558,3.1865042174320526,0.0,12.324234904880067,2.037872954566788,resilient
multiple_runs_largerun_db_highthreat_20260410_030216.csv,multiple_runs_largerun_db_highthreat_20260410_030216.csv,666,996.0,1200.0,60.0,0.0,11.0,258.0,370.0,274.0,23.0,701.0,225.0,25.903614457831324,37.148594377510044,2.3092369477911645,27.510040160642568,41.583333333333336,2.037872954566788,vulnerable
multiple_runs_largerun_db_highthreat_20260410_030216.csv,multiple_runs_largerun_db_highthreat_20260410_030216.csv,667,1112.0,1205.0,194.0,0.0,167.0,387.0,236.0,100.0,28.0,802.0,303.0,34.802158273381295,21.223021582733814,2.5179856115107913,8.992805755395683,33.44398340248962,2.037872954566788,vulnerable
multiple_runs_largerun_db_highthreat_20260410_030216.csv,multiple_runs_largerun_db_highthreat_20260410_030216.csv,668,1068.0,1184.0,41.0,0.0,9.0,353.0,379.0,251.0,35.0,741.0,192.0,33.052434456928836,35.48689138576779,3.2771535580524342,23.50187265917603,37.41554054054054,2.037872954566788,vulnerable
multiple_runs_largerun_db_highthreat_20260410_030216.csv,multiple_runs_largerun_db_highthreat_20260410_030216.csv,669,1032.0,1209.0,284.0,0.0,274.0,290.0,118.0,28.0,38.0,956.0,225.0,28.100775193798448,11.434108527131782,3.6821705426356592,2.7131782945736433,20.926385442514476,2.037872954566788,vulnerable
multiple_runs_largerun_db_highthreat_20260410_030216.csv,multiple_runs_largerun_db_highthreat_20260410_030216.csv,670,1116.0,1195.0,54.0,0.0,19.0,390.0,417.0,210.0,26.0,763.0,222.0,34.946236559139784,37.365591397849464,2.3297491039426523,18.817204301075268,36.15062761506277,2.037872954566788,vulnerable
multiple_runs_largerun_db_highthreat_20260410_030216.csv,multiple_runs_largerun_db_highthreat_20260410_030216.csv,671,421.0,603.0,139.0,0.0,187.0,59.0,2.0,0.0,34.0,516.0,87.0,14.014251781472684,0.4750593824228029,8.076009501187649,0.0,14.427860696517413,2.037872954566788,resilient
multiple_runs_largerun_db_highthreat_20260410_030216.csv,multiple_runs_largerun_db_highthreat_20260410_030216.csv,672,1028.0,1210.0,52.0,0.0,0.0,294.0,401.0,247.0,34.0,715.0,248.0,28.599221789883266,39.007782101167315,3.3073929961089497,24.027237354085603,40.909090909090914,2.037872954566788,vulnerable
multiple_runs_largerun_db_highthreat_20260410_030216.csv,multiple_runs_largerun_db_highthreat_20260410_030216.csv,673,1052.0,1196.0,44.0,0.0,11.0,322.0,357.0,292.0,26.0,718.0,186.0,30.60836501901141,33.93536121673004,2.4714828897338403,27.756653992395435,39.96655518394649,2.037872954566788,vulnerable
multiple_runs_largerun_db_highthreat_20260410_030216.csv,multiple_runs_largerun_db_highthreat_20260410_030216.csv,674,1297.0,1197.0,69.0,0.0,40.0,563.0,366.0,230.0,29.0,816.0,151.0,43.40786430223593,28.218966846569003,2.235929067077872,17.733230531996917,31.82957393483709,2.037872954566788,vulnerable
multiple_runs_largerun_db_highthreat_20260410_030216.csv,multiple_runs_largerun_db_highthreat_20260410_030216.csv,675,1281.0,1195.0,57.0,0.0,10.0,512.0,399.0,273.0,30.0,678.0,244.0,39.968774395003905,31.147540983606557,2.3419203747072603,21.311475409836063,43.26359832635983,2.037872954566788,vulnerable
multiple_runs_largerun_db_highthreat_20260410_030216.csv,multiple_runs_largerun_db_highthreat_20260410_030216.csv,676,1228.0,1194.0,45.0,0.0,0.0,504.0,391.0,253.0,35.0,781.0,160.0,41.042345276872965,31.840390879478825,2.8501628664495113,20.602605863192185,34.58961474036851,2.037872954566788,vulnerable
multiple_runs_largerun_db_highthreat_20260410_030216.csv,multiple_runs_largerun_db_highthreat_20260410_030216.csv,677,1185.0,1217.0,222.0,0.0,185.0,432.0,238.0,77.0,31.0,802.0,338.0,36.45569620253165,20.08438818565401,2.6160337552742616,6.4978902953586495,34.100246507806084,2.037872954566788,vulnerable
multiple_runs_largerun_db_highthreat_20260410_030216.csv,multiple_runs_largerun_db_highthreat_20260410_030216.csv,678,946.0,1211.0,63.0,0.0,7.0,192.0,397.0,261.0,26.0,713.0,237.0,20.29598308668076,41.966173361522195,2.748414376321353,27.58985200845666,41.123038810900084,2.037872954566788,vulnerable
multiple_runs_largerun_db_highthreat_20260410_030216.csv,multiple_runs_largerun_db_highthreat_20260410_030216.csv,679,936.0,1199.0,28.0,0.0,0.0,170.0,422.0,290.0,26.0,660.0,249.0,18.162393162393162,45.085470085470085,2.7777777777777777,30.982905982905983,44.95412844036697,2.037872954566788,vulnerable
multiple_runs_largerun_db_highthreat_20260410_030216.csv,multiple_runs_largerun_db_highthreat_20260410_030216.csv,680,1051.0,1201.0,141.0,0.0,189.0,342.0,196.0,151.0,32.0,789.0,261.0,32.540437678401524,18.648905803996193,3.0447193149381544,14.367269267364415,34.30474604496253,2.037872954566788,vulnerable
multiple_runs_largerun_db_highthreat_20260410_030216.csv,multiple_runs_largerun_db_highthreat_20260410_030216.csv,681,959.0,1208.0,319.0,0.0,348.0,221.0,25.0,5.0,41.0,999.0,204.0,23.044838373305527,2.6068821689259645,4.275286757038582,0.5213764337851928,17.301324503311257,2.037872954566788,resilient
multiple_runs_largerun_db_highthreat_20260410_030216.csv,multiple_runs_largerun_db_highthreat_20260410_030216.csv,682,979.0,1175.0,289.0,0.0,333.0,283.0,36.0,6.0,32.0,884.0,285.0,28.907048008171603,3.6772216547497445,3.268641470888662,0.6128702757916241,24.76595744680851,2.037872954566788,resilient
multiple_runs_largerun_db_highthreat_20260410_030216.csv,multiple_runs_largerun_db_highthreat_20260410_030216.csv,683,1187.0,1199.0,51.0,0.0,6.0,450.0,410.0,251.0,19.0,743.0,205.0,37.91069924178602,34.540859309182814,1.6006739679865205,21.145745577085087,38.03169307756464,2.037872954566788,vulnerable
multiple_runs_largerun_db_highthreat_20260410_030216.csv,multiple_runs_largerun_db_highthreat_20260410_030216.csv,684,1006.0,1190.0,40.0,0.0,17.0,239.0,403.0,272.0,35.0,688.0,230.0,23.757455268389663,40.059642147117295,3.4791252485089466,27.037773359840955,42.18487394957983,2.037872954566788,vulnerable
multiple_runs_largerun_db_highthreat_20260410_030216.csv,multiple_runs_largerun_db_highthreat_20260410_030216.csv,685,983.0,1199.0,62.0,0.0,10.0,247.0,383.0,246.0,35.0,679.0,274.0,25.127161749745675,38.96236012207528,3.560528992878942,25.025432349949135,43.36947456213511,2.037872954566788,vulnerable
multiple_runs_largerun_db_highthreat_20260410_030216.csv,multiple_runs_largerun_db_highthreat_20260410_030216.csv,686,1258.0,1193.0,43.0,0.0,12.0,542.0,366.0,258.0,37.0,774.0,161.0,43.08426073131956,29.093799682034977,2.941176470588235,20.5087440381558,35.12154233025985,2.037872954566788,vulnerable
multiple_runs_largerun_db_highthreat_20260410_030216.csv,multiple_runs_largerun_db_highthreat_20260410_030216.csv,687,926.0,1187.0,310.0,0.0,389.0,180.0,5.0,1.0,41.0,809.0,377.0,19.43844492440605,0.5399568034557235,4.427645788336933,0.10799136069114472,31.844987363100252,2.037872954566788,resilient
multiple_runs_largerun_db_highthreat_20260410_030216.csv,multiple_runs_largerun_db_highthreat_20260410_030216.csv,688,909.0,1190.0,298.0,0.0,353.0,138.0,79.0,8.0,33.0,870.0,312.0,15.181518151815181,8.690869086908691,3.6303630363036308,0.88008800880088,26.89075630252101,2.037872954566788,resilient
multiple_runs_largerun_db_highthreat_20260410_030216.csv,multiple_runs_largerun_db_highthreat_20260410_030216.csv,689,982.0,1203.0,40.0,0.0,10.0,230.0,401.0,268.0,33.0,691.0,244.0,23.421588594704684,40.835030549898164,3.360488798370672,27.29124236252546,42.56026600166251,2.037872954566788,vulnerable
multiple_runs_largerun_db_highthreat_20260410_030216.csv,multiple_runs_largerun_db_highthreat_20260410_030216.csv,690,1191.0,1212.0,168.0,0.0,160.0,470.0,242.0,107.0,44.0,827.0,278.0,39.46263643996642,20.31905961376994,3.6943744752308985,8.984047019311504,31.765676567656765,2.037872954566788,vulnerable
multiple_runs_largerun_db_highthreat_20260410_030216.csv,multiple_runs_largerun_db_highthreat_20260410_030216.csv,691,1010.0,1197.0,290.0,0.0,367.0,274.0,31.0,16.0,32.0,991.0,190.0,27.12871287128713,3.0693069306930694,3.1683168316831685,1.5841584158415842,17.20969089390142,2.037872954566788,resilient
multiple_runs_largerun_db_highthreat_20260410_030216.csv,multiple_runs_largerun_db_highthreat_20260410_030216.csv,692,1024.0,1194.0,67.0,0.0,9.0,272.0,421.0,219.0,36.0,755.0,220.0,26.5625,41.11328125,3.515625,21.38671875,36.767169179229484,2.037872954566788,vulnerable
multiple_runs_largerun_db_highthreat_20260410_030216.csv,multiple_runs_largerun_db_highthreat_20260410_030216.csv,693,926.0,1194.0,331.0,0.0,380.0,156.0,22.0,7.0,30.0,970.0,217.0,16.846652267818573,2.375809935205184,3.2397408207343417,0.755939524838013,18.76046901172529,2.037872954566788,resilient
multiple_runs_largerun_db_highthreat_20260410_030216.csv,multiple_runs_largerun_db_highthreat_20260410_030216.csv,694,1059.0,1205.0,303.0,0.0,318.0,336.0,70.0,0.0,32.0,987.0,218.0,31.728045325779036,6.610009442870633,3.0217186024551466,0.0,18.09128630705394,2.037872954566788,resilient
multiple_runs_largerun_db_highthreat_20260410_030216.csv,multiple_runs_largerun_db_highthreat_20260410_030216.csv,695,884.0,1185.0,278.0,0.0,351.0,198.0,20.0,6.0,31.0,998.0,181.0,22.39819004524887,2.262443438914027,3.506787330316742,0.6787330316742082,15.780590717299578,2.037872954566788,resilient
multiple_runs_largerun_db_highthreat_20260410_030216.csv,multiple_runs_largerun_db_highthreat_20260410_030216.csv,696,1407.0,1192.0,39.0,0.0,6.0,673.0,368.0,298.0,23.0,757.0,137.0,47.83226723525231,26.15493958777541,1.634683724235963,21.179815209665957,36.49328859060403,2.037872954566788,vulnerable
multiple_runs_largerun_db_highthreat_20260410_030216.csv,multiple_runs_largerun_db_highthreat_20260410_030216.csv,697,941.0,1204.0,37.0,0.0,3.0,214.0,386.0,263.0,38.0,709.0,232.0,22.741764080765144,41.0201912858661,4.038257173219979,27.948990435706694,41.11295681063123,2.037872954566788,vulnerable
multiple_runs_largerun_db_highthreat_20260410_030216.csv,multiple_runs_largerun_db_highthreat_20260410_030216.csv,698,994.0,1206.0,45.0,0.0,8.0,246.0,392.0,266.0,37.0,696.0,244.0,24.748490945674046,39.436619718309856,3.722334004024145,26.76056338028169,42.28855721393035,2.037872954566788,vulnerable
multiple_runs_largerun_db_highthreat_20260410_030216.csv,multiple_runs_largerun_db_highthreat_20260410_030216.csv,699,975.0,1197.0,53.0,0.0,8.0,224.0,397.0,256.0,37.0,698.0,243.0,22.974358974358974,40.717948717948715,3.794871794871795,26.256410256410255,41.687552213868,2.037872954566788,vulnerable
multiple_runs_largerun_db_highthreat_20260410_030216.csv,multiple_runs_largerun_db_highthreat_20260410_030216.csv,700,1100.0,1203.0,50.0,0.0,6.0,358.0,401.0,253.0,32.0,731.0,219.0,32.54545454545455,36.45454545454545,2.909090909090909,23.0,39.23524522028263,2.037872954566788,vulnerable
multiple_runs_largerun_db_highthreat_20260410_030216.csv,multiple_runs_largerun_db_highthreat_20260410_030216.csv,701,1010.0,1192.0,304.0,0.0,391.0,278.0,8.0,0.0,29.0,982.0,210.0,27.524752475247528,0.7920792079207921,2.8712871287128716,0.0,17.61744966442953,2.037872954566788,resilient
multiple_runs_largerun_db_highthreat_20260410_030216.csv,multiple_runs_largerun_db_highthreat_20260410_030216.csv,702,1303.0,1198.0,49.0,0.0,8.0,571.0,392.0,255.0,28.0,742.0,201.0,43.82194934765925,30.084420567920183,2.1488871834228704,19.570222563315426,38.06343906510851,2.037872954566788,vulnerable
multiple_runs_largerun_db_highthreat_20260410_030216.csv,multiple_runs_largerun_db_highthreat_20260410_030216.csv,703,1044.0,1210.0,305.0,0.0,374.0,291.0,31.0,4.0,39.0,979.0,227.0,27.873563218390807,2.9693486590038316,3.7356321839080464,0.38314176245210724,19.090909090909093,2.037872954566788,resilient
multiple_runs_largerun_db_highthreat_20260410_030216.csv,multiple_runs_largerun_db_highthreat_20260410_030216.csv,704,1042.0,1197.0,302.0,0.0,390.0,295.0,24.0,2.0,29.0,1038.0,157.0,28.310940499040306,2.3032629558541267,2.783109404990403,0.19193857965451055,13.283208020050125,2.037872954566788,resilient
multiple_runs_largerun_db_highthreat_20260410_030216.csv,multiple_runs_largerun_db_highthreat_20260410_030216.csv,705,988.0,1196.0,74.0,0.0,3.0,239.0,378.0,266.0,28.0,697.0,233.0,24.19028340080972,38.25910931174089,2.834008097165992,26.923076923076923,41.72240802675585,2.037872954566788,vulnerable
multiple_runs_largerun_db_highthreat_20260410_030216.csv,multiple_runs_largerun_db_highthreat_20260410_030216.csv,706,959.0,1228.0,42.0,0.0,1.0,195.0,410.0,267.0,44.0,706.0,255.0,20.333680917622523,42.75286757038582,4.588112617309697,27.841501564129302,42.508143322475576,2.037872954566788,vulnerable
multiple_runs_largerun_db_highthreat_20260410_030216.csv,multiple_runs_largerun_db_highthreat_20260410_030216.csv,707,913.0,1186.0,39.0,0.0,1.0,169.0,364.0,309.0,31.0,691.0,186.0,18.51040525739321,39.86856516976999,3.3953997809419496,33.84446878422782,41.73693086003373,2.037872954566788,vulnerable
multiple_runs_largerun_db_highthreat_20260410_030216.csv,multiple_runs_largerun_db_highthreat_20260410_030216.csv,708,1127.0,1193.0,169.0,0.0,139.0,420.0,239.0,115.0,45.0,744.0,334.0,37.267080745341616,21.206743566992014,3.9929015084294592,10.204081632653061,37.63621123218776,2.037872954566788,vulnerable
multiple_runs_largerun_db_highthreat_20260410_030216.csv,multiple_runs_largerun_db_highthreat_20260410_030216.csv,709,1007.0,1230.0,283.0,0.0,347.0,272.0,55.0,12.0,38.0,926.0,292.0,27.010923535253227,5.461767626613704,3.7735849056603774,1.1916583912611718,24.715447154471544,2.037872954566788,resilient
multiple_runs_largerun_db_highthreat_20260410_030216.csv,multiple_runs_largerun_db_highthreat_20260410_030216.csv,710,944.0,1208.0,299.0,0.0,388.0,192.0,15.0,21.0,29.0,963.0,224.0,20.33898305084746,1.5889830508474576,3.0720338983050848,2.2245762711864407,20.281456953642383,2.037872954566788,vulnerable
multiple_runs_largerun_db_highthreat_20260410_030216.csv,multiple_runs_largerun_db_highthreat_20260410_030216.csv,711,1054.0,1215.0,59.0,0.0,10.0,355.0,371.0,233.0,26.0,773.0,209.0,33.68121442125237,35.199240986717264,2.4667931688804554,22.106261859582542,36.37860082304527,2.037872954566788,vulnerable
multiple_runs_largerun_db_highthreat_20260410_030216.csv,multiple_runs_largerun_db_highthreat_20260410_030216.csv,712,1004.0,1204.0,33.0,0.0,14.0,244.0,417.0,268.0,28.0,698.0,238.0,24.302788844621514,41.53386454183267,2.788844621513944,26.693227091633464,42.0265780730897,2.037872954566788,vulnerable
multiple_runs_largerun_db_highthreat_20260410_030216.csv,multiple_runs_largerun_db_highthreat_20260410_030216.csv,713,1154.0,1207.0,186.0,0.0,142.0,444.0,247.0,103.0,32.0,807.0,297.0,38.47487001733102,21.403812824956674,2.772963604852686,8.925476603119584,33.140016570008285,2.037872954566788,vulnerable
multiple_runs_largerun_db_highthreat_20260410_030216.csv,multiple_runs_largerun_db_highthreat_20260410_030216.csv,714,974.0,1194.0,47.0,0.0,0.0,252.0,406.0,245.0,24.0,719.0,230.0,25.87268993839836,41.68377823408625,2.4640657084188913,25.154004106776178,39.7822445561139,2.037872954566788,vulnerable
multiple_runs_largerun_db_highthreat_20260410_030216.csv,multiple_runs_largerun_db_highthreat_20260410_030216.csv,715,1158.0,1204.0,48.0,0.0,6.0,455.0,396.0,217.0,36.0,755.0,232.0,39.29188255613126,34.196891191709845,3.1088082901554404,18.739205526770295,37.29235880398671,2.037872954566788,vulnerable
multiple_runs_largerun_db_highthreat_20260410_030216.csv,multiple_runs_largerun_db_highthreat_20260410_030216.csv,716,935.0,1192.0,313.0,0.0,356.0,224.0,5.0,6.0,31.0,1039.0,147.0,23.9572192513369,0.53475935828877,3.3155080213903747,0.6417112299465241,12.835570469798657,2.037872954566788,resilient
multiple_runs_largerun_db_highthreat_20260410_030216.csv,multiple_runs_largerun_db_highthreat_20260410_030216.csv,717,1179.0,1184.0,207.0,0.0,179.0,458.0,215.0,92.0,28.0,768.0,324.0,38.84648006785411,18.23579304495335,2.374893977947413,7.803223070398643,35.13513513513514,2.037872954566788,vulnerable
multiple_runs_largerun_db_highthreat_20260410_030216.csv,multiple_runs_largerun_db_highthreat_20260410_030216.csv,718,1004.0,1205.0,304.0,0.0,384.0,254.0,14.0,5.0,43.0,946.0,254.0,25.298804780876495,1.394422310756972,4.282868525896414,0.49800796812749004,21.49377593360996,2.037872954566788,resilient
multiple_runs_largerun_db_highthreat_20260410_030216.csv,multiple_runs_largerun_db_highthreat_20260410_030216.csv,719,806.0,1183.0,309.0,1.0,350.0,77.0,44.0,1.0,24.0,878.0,304.0,9.553349875930522,5.459057071960298,2.977667493796526,0.12406947890818859,25.78191039729501,2.037872954566788,resilient
multiple_runs_largerun_db_highthreat_20260410_030216.csv,multiple_runs_largerun_db_highthreat_20260410_030216.csv,720,1248.0,1197.0,35.0,0.0,7.0,519.0,390.0,267.0,30.0,757.0,173.0,41.58653846153847,31.25,2.403846153846154,21.394230769230766,36.758563074352544,2.037872954566788,vulnerable
multiple_runs_largerun_db_highthreat_20260410_030216.csv,multiple_runs_largerun_db_highthreat_20260410_030216.csv,721,1350.0,1199.0,60.0,0.0,34.0,614.0,369.0,241.0,32.0,731.0,227.0,45.48148148148148,27.333333333333332,2.3703703703703702,17.85185185185185,39.0325271059216,2.037872954566788,vulnerable
multiple_runs_largerun_db_highthreat_20260410_030216.csv,multiple_runs_largerun_db_highthreat_20260410_030216.csv,722,1447.0,1208.0,52.0,0.0,3.0,681.0,405.0,280.0,26.0,749.0,179.0,47.062888735314445,27.988942639944714,1.796821008984105,19.350380096751902,37.996688741721854,2.037872954566788,vulnerable
multiple_runs_largerun_db_highthreat_20260410_030216.csv,multiple_runs_largerun_db_highthreat_20260410_030216.csv,723,993.0,1208.0,302.0,0.0,350.0,272.0,35.0,0.0,34.0,909.0,299.0,27.391742195367573,3.5246727089627394,3.4239677744209467,0.0,24.751655629139073,2.037872954566788,resilient
multiple_runs_largerun_db_highthreat_20260410_030216.csv,multiple_runs_largerun_db_highthreat_20260410_030216.csv,724,894.0,1201.0,298.0,0.0,387.0,167.0,1.0,6.0,35.0,937.0,258.0,18.680089485458613,0.11185682326621924,3.9149888143176734,0.6711409395973155,21.981681931723564,2.037872954566788,resilient
multiple_runs_largerun_db_highthreat_20260410_030216.csv,multiple_runs_largerun_db_highthreat_20260410_030216.csv,725,908.0,1214.0,306.0,0.0,397.0,152.0,10.0,2.0,41.0,974.0,238.0,16.740088105726873,1.1013215859030838,4.5154185022026425,0.22026431718061676,19.769357495881383,2.037872954566788,resilient
multiple_runs_largerun_db_highthreat_20260410_030216.csv,multiple_runs_largerun_db_highthreat_20260410_030216.csv,726,1104.0,1201.0,168.0,0.0,223.0,351.0,191.0,131.0,40.0,717.0,353.0,31.793478260869566,17.30072463768116,3.6231884057971016,11.865942028985508,40.29975020815987,2.037872954566788,vulnerable
multiple_runs_largerun_db_highthreat_20260410_030216.csv,multiple_runs_largerun_db_highthreat_20260410_030216.csv,727,950.0,1182.0,61.0,0.0,27.0,203.0,362.0,270.0,27.0,687.0,225.0,21.36842105263158,38.10526315789474,2.8421052631578947,28.421052631578945,41.878172588832484,2.037872954566788,vulnerable
multiple_runs_largerun_db_highthreat_20260410_030216.csv,multiple_runs_largerun_db_highthreat_20260410_030216.csv,728,1004.0,1211.0,93.0,0.0,9.0,284.0,380.0,212.0,26.0,802.0,197.0,28.286852589641438,37.84860557768924,2.589641434262948,21.115537848605577,33.77374071015689,2.037872954566788,vulnerable
multiple_runs_largerun_db_highthreat_20260410_030216.csv,multiple_runs_largerun_db_highthreat_20260410_030216.csv,729,960.0,1189.0,303.0,0.0,367.0,215.0,35.0,8.0,32.0,968.0,213.0,22.395833333333336,3.6458333333333335,3.3333333333333335,0.8333333333333334,18.58704793944491,2.037872954566788,resilient
multiple_runs_largerun_db_highthreat_20260410_030216.csv,multiple_runs_largerun_db_highthreat_20260410_030216.csv,730,938.0,1180.0,317.0,0.0,343.0,205.0,38.0,11.0,24.0,977.0,192.0,21.85501066098081,4.051172707889126,2.55863539445629,1.1727078891257996,17.203389830508474,2.037872954566788,resilient
multiple_runs_largerun_db_highthreat_20260410_030216.csv,multiple_runs_largerun_db_highthreat_20260410_030216.csv,731,1042.0,1198.0,292.0,0.0,300.0,331.0,94.0,3.0,22.0,924.0,271.0,31.765834932821495,9.021113243761997,2.111324376199616,0.28790786948176583,22.871452420701168,2.037872954566788,resilient
multiple_runs_largerun_db_highthreat_20260410_030216.csv,multiple_runs_largerun_db_highthreat_20260410_030216.csv,732,927.0,1203.0,314.0,0.0,360.0,172.0,38.0,4.0,39.0,1023.0,176.0,18.554476806903992,4.0992448759439055,4.207119741100324,0.4314994606256742,14.962593516209477,2.037872954566788,resilient
multiple_runs_largerun_db_highthreat_20260410_030216.csv,multiple_runs_largerun_db_highthreat_20260410_030216.csv,733,945.0,1179.0,273.0,0.0,392.0,203.0,24.0,5.0,48.0,1038.0,136.0,21.48148148148148,2.5396825396825395,5.079365079365079,0.5291005291005291,11.959287531806616,2.037872954566788,resilient
multiple_runs_largerun_db_highthreat_20260410_030216.csv,multiple_runs_largerun_db_highthreat_20260410_030216.csv,734,1007.0,1209.0,305.0,0.0,327.0,260.0,82.0,0.0,33.0,1030.0,179.0,25.819265143992055,8.14299900695134,3.277060575968222,0.0,14.80562448304384,2.037872954566788,resilient
multiple_runs_largerun_db_highthreat_20260410_030216.csv,multiple_runs_largerun_db_highthreat_20260410_030216.csv,735,991.0,1202.0,44.0,0.0,8.0,268.0,372.0,263.0,36.0,691.0,248.0,27.04339051463169,37.53784056508577,3.632694248234107,26.538849646821394,42.51247920133112,2.037872954566788,vulnerable
multiple_runs_largerun_db_highthreat_20260410_030216.csv,multiple_runs_largerun_db_highthreat_20260410_030216.csv,736,1021.0,1197.0,61.0,0.0,12.0,308.0,392.0,221.0,27.0,773.0,203.0,30.166503428011755,38.39373163565132,2.644466209598433,21.645445641527914,35.421888053467,2.037872954566788,vulnerable
multiple_runs_largerun_db_highthreat_20260410_030216.csv,multiple_runs_largerun_db_highthreat_20260410_030216.csv,737,1017.0,1209.0,50.0,0.0,13.0,270.0,419.0,234.0,31.0,685.0,290.0,26.548672566371685,41.19960668633235,3.048180924287119,23.008849557522122,43.34160463192721,2.037872954566788,vulnerable
multiple_runs_largerun_db_highthreat_20260410_030216.csv,multiple_runs_largerun_db_highthreat_20260410_030216.csv,738,1009.0,1201.0,299.0,0.0,349.0,267.0,44.0,10.0,40.0,995.0,196.0,26.461843409316156,4.360753221010902,3.9643211100099105,0.9910802775024776,17.152373022481264,2.037872954566788,resilient
multiple_runs_largerun_db_highthreat_20260410_030216.csv,multiple_runs_largerun_db_highthreat_20260410_030216.csv,739,949.0,1210.0,57.0,1.0,18.0,207.0,405.0,230.0,31.0,718.0,262.0,21.812434141201265,42.67650158061117,3.2665964172813484,24.236037934668072,40.66115702479339,2.037872954566788,vulnerable
multiple_runs_largerun_db_highthreat_20260410_030216.csv,multiple_runs_largerun_db_highthreat_20260410_030216.csv,740,1289.0,1210.0,160.0,0.0,96.0,551.0,348.0,102.0,32.0,831.0,277.0,42.746314972847166,26.997672614429792,2.482544608223429,7.91311093871218,31.322314049586776,2.037872954566788,vulnerable
multiple_runs_largerun_db_highthreat_20260410_030216.csv,multiple_runs_largerun_db_highthreat_20260410_030216.csv,741,939.0,1212.0,48.0,0.0,1.0,259.0,367.0,238.0,26.0,651.0,323.0,27.582534611288605,39.08413205537806,2.768903088391906,25.34611288604899,46.28712871287129,2.037872954566788,vulnerable
multiple_runs_largerun_db_highthreat_20260410_030216.csv,multiple_runs_largerun_db_highthreat_20260410_030216.csv,742,1251.0,1205.0,120.0,0.0,126.0,528.0,267.0,173.0,37.0,785.0,247.0,42.20623501199041,21.34292565947242,2.9576338928856916,13.828936850519586,34.85477178423236,2.037872954566788,vulnerable
multiple_runs_largerun_db_highthreat_20260410_030216.csv,multiple_runs_largerun_db_highthreat_20260410_030216.csv,743,877.0,1207.0,60.0,0.0,23.0,153.0,355.0,269.0,17.0,753.0,185.0,17.44583808437856,40.478905359179016,1.9384264538198404,30.672748004561,37.613918806959404,2.037872954566788,vulnerable
multiple_runs_largerun_db_highthreat_20260410_030216.csv,multiple_runs_largerun_db_highthreat_20260410_030216.csv,744,1085.0,1191.0,215.0,0.0,200.0,370.0,190.0,61.0,49.0,813.0,317.0,34.10138248847927,17.51152073732719,4.516129032258064,5.622119815668203,31.738035264483628,2.037872954566788,vulnerable
multiple_runs_largerun_db_highthreat_20260410_030216.csv,multiple_runs_largerun_db_highthreat_20260410_030216.csv,745,981.0,1205.0,324.0,0.0,361.0,231.0,28.0,0.0,37.0,982.0,223.0,23.547400611620795,2.854230377166157,3.771661569826707,0.0,18.506224066390043,2.037872954566788,resilient
multiple_runs_largerun_db_highthreat_20260410_030216.csv,multiple_runs_largerun_db_highthreat_20260410_030216.csv,746,939.0,1197.0,36.0,0.0,22.0,216.0,396.0,249.0,20.0,696.0,252.0,23.003194888178914,42.17252396166134,2.1299254526091587,26.517571884984026,41.854636591478695,2.037872954566788,vulnerable
multiple_runs_largerun_db_highthreat_20260410_030216.csv,multiple_runs_largerun_db_highthreat_20260410_030216.csv,747,1176.0,1209.0,102.0,1.0,50.0,475.0,357.0,158.0,33.0,776.0,275.0,40.39115646258503,30.357142857142854,2.806122448979592,13.435374149659864,35.81472291149711,2.037872954566788,vulnerable
multiple_runs_largerun_db_highthreat_20260410_030216.csv,multiple_runs_largerun_db_highthreat_20260410_030216.csv,748,889.0,1200.0,315.0,0.0,390.0,120.0,11.0,8.0,45.0,965.0,227.0,13.498312710911136,1.2373453318335208,5.061867266591676,0.8998875140607425,19.583333333333332,2.037872954566788,resilient
multiple_runs_largerun_db_highthreat_20260410_030216.csv,multiple_runs_largerun_db_highthreat_20260410_030216.csv,749,891.0,1213.0,314.0,0.0,384.0,128.0,10.0,8.0,47.0,973.0,232.0,14.365881032547701,1.122334455667789,5.274971941638609,0.8978675645342313,19.785655399835118,2.037872954566788,resilient
multiple_runs_largerun_db_highthreat_20260410_030216.csv,multiple_runs_largerun_db_highthreat_20260410_030216.csv,750,1353.0,1201.0,38.0,0.0,10.0,645.0,391.0,252.0,17.0,743.0,206.0,47.671840354767184,28.898743532889874,1.2564671101256468,18.625277161862527,38.13488759367194,2.037872954566788,vulnerable
multiple_runs_largerun_db_highthreat_20260410_030216.csv,multiple_runs_largerun_db_highthreat_20260410_030216.csv,751,920.0,1201.0,39.0,0.0,12.0,208.0,361.0,268.0,32.0,703.0,230.0,22.608695652173914,39.23913043478261,3.4782608695652173,29.130434782608695,41.4654454621149,2.037872954566788,vulnerable
multiple_runs_largerun_db_highthreat_20260410_030216.csv,multiple_runs_largerun_db_highthreat_20260410_030216.csv,752,1051.0,1188.0,80.0,0.0,20.0,309.0,381.0,240.0,21.0,663.0,285.0,29.400570884871552,36.2511893434824,1.9980970504281639,22.835394862036157,44.19191919191919,2.037872954566788,vulnerable
multiple_runs_largerun_db_highthreat_20260410_030216.csv,multiple_runs_largerun_db_highthreat_20260410_030216.csv,753,982.0,1189.0,299.0,0.0,283.0,268.0,90.0,9.0,33.0,991.0,189.0,27.29124236252546,9.164969450101832,3.360488798370672,0.9164969450101833,16.65264928511354,2.037872954566788,resilient
multiple_runs_largerun_db_highthreat_20260410_030216.csv,multiple_runs_largerun_db_highthreat_20260410_030216.csv,754,1059.0,1212.0,83.0,0.0,0.0,341.0,399.0,204.0,32.0,725.0,283.0,32.200188857412655,37.6770538243626,3.0217186024551466,19.263456090651555,40.18151815181518,2.037872954566788,vulnerable
multiple_runs_largerun_db_highthreat_20260410_030216.csv,multiple_runs_largerun_db_highthreat_20260410_030216.csv,755,1182.0,1225.0,179.0,0.0,222.0,426.0,196.0,117.0,42.0,791.0,317.0,36.04060913705584,16.58206429780034,3.5532994923857872,9.898477157360407,35.42857142857142,2.037872954566788,vulnerable
multiple_runs_largerun_db_highthreat_20260410_030216.csv,multiple_runs_largerun_db_highthreat_20260410_030216.csv,756,860.0,1185.0,30.0,0.0,12.0,135.0,370.0,281.0,32.0,598.0,306.0,15.69767441860465,43.02325581395349,3.7209302325581395,32.67441860465116,49.53586497890296,2.037872954566788,vulnerable
multiple_runs_largerun_db_highthreat_20260410_030216.csv,multiple_runs_largerun_db_highthreat_20260410_030216.csv,757,1055.0,1207.0,37.0,0.0,17.0,315.0,395.0,264.0,27.0,733.0,210.0,29.85781990521327,37.44075829383886,2.5592417061611377,25.023696682464454,39.27091963545982,2.037872954566788,vulnerable
multiple_runs_largerun_db_highthreat_20260410_030216.csv,multiple_runs_largerun_db_highthreat_20260410_030216.csv,758,922.0,1192.0,303.0,0.0,347.0,191.0,44.0,0.0,37.0,994.0,198.0,20.715835140997832,4.772234273318872,4.0130151843817785,0.0,16.610738255033556,2.037872954566788,resilient
multiple_runs_largerun_db_highthreat_20260410_030216.csv,multiple_runs_largerun_db_highthreat_20260410_030216.csv,759,1188.0,1195.0,34.0,0.0,10.0,465.0,400.0,250.0,29.0,758.0,187.0,39.141414141414145,33.670033670033675,2.441077441077441,21.043771043771045,36.56903765690377,2.037872954566788,vulnerable
multiple_runs_largerun_db_highthreat_20260410_030216.csv,multiple_runs_largerun_db_highthreat_20260410_030216.csv,760,1135.0,1182.0,235.0,0.0,83.0,402.0,300.0,90.0,25.0,802.0,290.0,35.41850220264317,26.431718061674008,2.2026431718061676,7.929515418502203,32.14890016920474,2.037872954566788,vulnerable
multiple_runs_largerun_db_highthreat_20260410_030216.csv,multiple_runs_largerun_db_highthreat_20260410_030216.csv,761,980.0,1211.0,306.0,0.0,379.0,243.0,14.0,8.0,30.0,915.0,288.0,24.79591836734694,1.4285714285714286,3.061224489795918,0.8163265306122449,24.44260941370768,2.037872954566788,resilient
multiple_runs_largerun_db_highthreat_20260410_030216.csv,multiple_runs_largerun_db_highthreat_20260410_030216.csv,762,890.0,1195.0,43.0,0.0,15.0,195.0,371.0,243.0,23.0,685.0,267.0,21.910112359550563,41.68539325842697,2.584269662921348,27.303370786516858,42.67782426778243,2.037872954566788,vulnerable
multiple_runs_largerun_db_highthreat_20260410_030216.csv,multiple_runs_largerun_db_highthreat_20260410_030216.csv,763,1020.0,1212.0,42.0,0.0,5.0,283.0,426.0,240.0,24.0,716.0,256.0,27.745098039215687,41.76470588235294,2.3529411764705883,23.52941176470588,40.92409240924093,2.037872954566788,vulnerable
multiple_runs_largerun_db_highthreat_20260410_030216.csv,multiple_runs_largerun_db_highthreat_20260410_030216.csv,764,799.0,1182.0,302.0,0.0,350.0,67.0,22.0,21.0,37.0,855.0,306.0,8.385481852315396,2.753441802252816,4.630788485607009,2.6282853566958697,27.66497461928934,2.037872954566788,vulnerable
multiple_runs_largerun_db_highthreat_20260410_030216.csv,multiple_runs_largerun_db_highthreat_20260410_030216.csv,765,994.0,1199.0,288.0,0.0,262.0,284.0,114.0,1.0,45.0,1025.0,173.0,28.57142857142857,11.468812877263582,4.527162977867203,0.1006036217303823,14.51209341117598,2.037872954566788,resilient
multiple_runs_largerun_db_highthreat_20260410_030216.csv,multiple_runs_largerun_db_highthreat_20260410_030216.csv,766,995.0,1218.0,42.0,0.0,3.0,235.0,425.0,264.0,26.0,668.0,286.0,23.618090452261306,42.71356783919598,2.613065326633166,26.532663316582916,45.1559934318555,2.037872954566788,vulnerable
multiple_runs_largerun_db_highthreat_20260410_030216.csv,multiple_runs_largerun_db_highthreat_20260410_030216.csv,767,1046.0,1201.0,42.0,0.0,10.0,332.0,414.0,232.0,16.0,766.0,203.0,31.73996175908222,39.5793499043977,1.5296367112810707,22.179732313575524,36.21981681931724,2.037872954566788,vulnerable
multiple_runs_largerun_db_highthreat_20260410_030216.csv,multiple_runs_largerun_db_highthreat_20260410_030216.csv,768,1005.0,1194.0,338.0,0.0,343.0,271.0,11.0,11.0,31.0,989.0,194.0,26.965174129353237,1.0945273631840797,3.084577114427861,1.0945273631840797,17.16917922948074,2.037872954566788,resilient
multiple_runs_largerun_db_highthreat_20260410_030216.csv,multiple_runs_largerun_db_highthreat_20260410_030216.csv,769,967.0,1206.0,310.0,0.0,339.0,239.0,38.0,5.0,36.0,1088.0,113.0,24.715615305067217,3.9296794208893484,3.722854188210962,0.5170630816959669,9.78441127694859,2.037872954566788,resilient
multiple_runs_largerun_db_highthreat_20260410_030216.csv,multiple_runs_largerun_db_highthreat_20260410_030216.csv,770,916.0,1193.0,49.0,0.0,14.0,180.0,372.0,279.0,22.0,707.0,207.0,19.65065502183406,40.61135371179039,2.4017467248908297,30.458515283842797,40.737636211232186,2.037872954566788,vulnerable
multiple_runs_largerun_db_highthreat_20260410_030216.csv,multiple_runs_largerun_db_highthreat_20260410_030216.csv,771,1362.0,1203.0,55.0,0.0,70.0,628.0,350.0,236.0,23.0,792.0,175.0,46.1086637298091,25.697503671071953,1.6886930983847284,17.327459618208515,34.1645885286783,2.037872954566788,vulnerable
multiple_runs_largerun_db_highthreat_20260410_030216.csv,multiple_runs_largerun_db_highthreat_20260410_030216.csv,772,1290.0,1191.0,43.0,0.0,18.0,554.0,370.0,281.0,24.0,707.0,203.0,42.945736434108525,28.68217054263566,1.8604651162790697,21.782945736434108,40.63811922753988,2.037872954566788,vulnerable
multiple_runs_largerun_db_highthreat_20260410_030216.csv,multiple_runs_largerun_db_highthreat_20260410_030216.csv,773,1098.0,1189.0,24.0,0.0,25.0,390.0,372.0,255.0,32.0,740.0,194.0,35.51912568306011,33.87978142076503,2.914389799635701,23.224043715846996,37.76282590412111,2.037872954566788,vulnerable
multiple_runs_largerun_db_highthreat_20260410_030216.csv,multiple_runs_largerun_db_highthreat_20260410_030216.csv,774,1342.0,1210.0,54.0,0.0,39.0,659.0,352.0,196.0,42.0,816.0,198.0,49.10581222056632,26.229508196721312,3.129657228017884,14.605067064083457,32.56198347107438,2.037872954566788,vulnerable
multiple_runs_largerun_db_highthreat_20260410_030216.csv,multiple_runs_largerun_db_highthreat_20260410_030216.csv,775,1217.0,1206.0,148.0,0.0,171.0,490.0,233.0,130.0,45.0,793.0,283.0,40.26294165981923,19.145439605587512,3.697617091207888,10.682004930156122,34.24543946932007,2.037872954566788,vulnerable
multiple_runs_largerun_db_highthreat_20260410_030216.csv,multiple_runs_largerun_db_highthreat_20260410_030216.csv,776,1308.0,1216.0,102.0,0.0,121.0,575.0,268.0,193.0,49.0,783.0,240.0,43.96024464831804,20.489296636085626,3.746177370030581,14.755351681957189,35.60855263157895,2.037872954566788,vulnerable
multiple_runs_largerun_db_highthreat_20260410_030216.csv,multiple_runs_largerun_db_highthreat_20260410_030216.csv,777,1219.0,1212.0,90.0,0.0,112.0,511.0,285.0,189.0,32.0,784.0,239.0,41.91960623461854,23.379819524200162,2.6251025430680888,15.504511894995899,35.31353135313531,2.037872954566788,vulnerable
multiple_runs_largerun_db_highthreat_20260410_030216.csv,multiple_runs_largerun_db_highthreat_20260410_030216.csv,778,946.0,1205.0,317.0,0.0,376.0,196.0,35.0,0.0,22.0,1033.0,172.0,20.718816067653275,3.699788583509514,2.3255813953488373,0.0,14.273858921161825,2.037872954566788,resilient
multiple_runs_largerun_db_highthreat_20260410_030216.csv,multiple_runs_largerun_db_highthreat_20260410_030216.csv,779,940.0,1199.0,33.0,0.0,13.0,196.0,390.0,273.0,35.0,699.0,227.0,20.851063829787233,41.48936170212766,3.723404255319149,29.04255319148936,41.70141784820684,2.037872954566788,vulnerable
multiple_runs_largerun_db_highthreat_20260410_030216.csv,multiple_runs_largerun_db_highthreat_20260410_030216.csv,780,975.0,1196.0,50.0,0.0,10.0,227.0,416.0,240.0,32.0,693.0,263.0,23.282051282051285,42.66666666666667,3.282051282051282,24.615384615384617,42.05685618729097,2.037872954566788,vulnerable
multiple_runs_largerun_db_highthreat_20260410_030216.csv,multiple_runs_largerun_db_highthreat_20260410_030216.csv,781,969.0,1207.0,310.0,0.0,359.0,241.0,26.0,0.0,33.0,1045.0,162.0,24.871001031991742,2.683178534571723,3.4055727554179565,0.0,13.421706710853357,2.037872954566788,resilient
multiple_runs_largerun_db_highthreat_20260410_030216.csv,multiple_runs_largerun_db_highthreat_20260410_030216.csv,782,863.0,1198.0,246.0,0.0,373.0,202.0,11.0,6.0,25.0,961.0,231.0,23.406720741599074,1.2746234067207416,2.8968713789107765,0.6952491309385863,19.782971619365608,2.037872954566788,resilient
multiple_runs_largerun_db_highthreat_20260410_030216.csv,multiple_runs_largerun_db_highthreat_20260410_030216.csv,783,1083.0,1201.0,40.0,0.0,22.0,317.0,372.0,299.0,33.0,709.0,193.0,29.270544783010155,34.34903047091413,3.0470914127423825,27.60849492151431,40.96586178184846,2.037872954566788,vulnerable
multiple_runs_largerun_db_highthreat_20260410_030216.csv,multiple_runs_largerun_db_highthreat_20260410_030216.csv,784,1392.0,1201.0,41.0,0.0,16.0,673.0,348.0,285.0,29.0,771.0,145.0,48.34770114942529,25.0,2.083333333333333,20.474137931034484,35.80349708576186,2.037872954566788,vulnerable
multiple_runs_largerun_db_highthreat_20260410_030216.csv,multiple_runs_largerun_db_highthreat_20260410_030216.csv,785,1116.0,1189.0,181.0,0.0,128.0,379.0,278.0,114.0,36.0,770.0,305.0,33.96057347670251,24.910394265232974,3.225806451612903,10.21505376344086,35.239697224558455,2.037872954566788,vulnerable
multiple_runs_largerun_db_highthreat_20260410_030216.csv,multiple_runs_largerun_db_highthreat_20260410_030216.csv,786,894.0,1172.0,31.0,0.0,10.0,158.0,377.0,295.0,23.0,636.0,241.0,17.67337807606264,42.17002237136465,2.5727069351230423,32.997762863534675,45.73378839590443,2.037872954566788,vulnerable
multiple_runs_largerun_db_highthreat_20260410_030216.csv,multiple_runs_largerun_db_highthreat_20260410_030216.csv,787,1064.0,1197.0,30.0,0.0,19.0,372.0,347.0,259.0,37.0,736.0,202.0,34.962406015037594,32.61278195488722,3.477443609022556,24.342105263157894,38.512949039264825,2.037872954566788,vulnerable
multiple_runs_largerun_db_highthreat_20260410_030216.csv,multiple_runs_largerun_db_highthreat_20260410_030216.csv,788,997.0,1197.0,65.0,0.0,15.0,260.0,369.0,269.0,19.0,667.0,261.0,26.078234704112337,37.0110330992979,1.9057171514543632,26.980942828485453,44.27736006683375,2.037872954566788,vulnerable
multiple_runs_largerun_db_highthreat_20260410_030216.csv,multiple_runs_largerun_db_highthreat_20260410_030216.csv,789,1122.0,1197.0,192.0,0.0,147.0,397.0,273.0,74.0,39.0,860.0,263.0,35.38324420677362,24.331550802139038,3.4759358288770055,6.59536541889483,28.153717627401836,2.037872954566788,vulnerable
multiple_runs_largerun_db_highthreat_20260410_030216.csv,multiple_runs_largerun_db_highthreat_20260410_030216.csv,790,1056.0,1207.0,63.0,0.0,48.0,336.0,360.0,220.0,29.0,742.0,245.0,31.818181818181817,34.090909090909086,2.746212121212121,20.833333333333336,38.52526926263463,2.037872954566788,vulnerable
multiple_runs_largerun_db_highthreat_20260410_030216.csv,multiple_runs_largerun_db_highthreat_20260410_030216.csv,791,1122.0,1198.0,69.0,0.0,2.0,402.0,385.0,244.0,20.0,684.0,270.0,35.82887700534759,34.31372549019608,1.7825311942959003,21.74688057040998,42.904841402337226,2.037872954566788,vulnerable
multiple_runs_largerun_db_highthreat_20260410_030216.csv,multiple_runs_largerun_db_highthreat_20260410_030216.csv,792,1025.0,1194.0,54.0,0.0,11.0,321.0,372.0,240.0,27.0,688.0,266.0,31.317073170731707,36.292682926829265,2.6341463414634148,23.414634146341466,42.3785594639866,2.037872954566788,vulnerable
multiple_runs_largerun_db_highthreat_20260410_030216.csv,multiple_runs_largerun_db_highthreat_20260410_030216.csv,793,1041.0,1221.0,35.0,0.0,0.0,280.0,435.0,270.0,21.0,724.0,227.0,26.89721421709894,41.78674351585015,2.0172910662824206,25.936599423631122,40.7043407043407,2.037872954566788,vulnerable
multiple_runs_largerun_db_highthreat_20260410_030216.csv,multiple_runs_largerun_db_highthreat_20260410_030216.csv,794,975.0,1202.0,41.0,0.0,5.0,230.0,425.0,250.0,24.0,686.0,266.0,23.589743589743588,43.58974358974359,2.4615384615384617,25.64102564102564,42.92845257903494,2.037872954566788,vulnerable
multiple_runs_largerun_db_highthreat_20260410_030216.csv,multiple_runs_largerun_db_highthreat_20260410_030216.csv,795,1015.0,1199.0,60.0,0.0,0.0,322.0,390.0,215.0,28.0,733.0,251.0,31.724137931034484,38.42364532019704,2.7586206896551726,21.182266009852217,38.86572143452877,2.037872954566788,vulnerable
multiple_runs_largerun_db_highthreat_20260410_030216.csv,multiple_runs_largerun_db_highthreat_20260410_030216.csv,796,995.0,1196.0,58.0,0.0,6.0,273.0,399.0,230.0,29.0,693.0,273.0,27.43718592964824,40.10050251256281,2.9145728643216082,23.115577889447238,42.05685618729097,2.037872954566788,vulnerable
multiple_runs_largerun_db_highthreat_20260410_030216.csv,multiple_runs_largerun_db_highthreat_20260410_030216.csv,797,1012.0,1213.0,308.0,0.0,400.0,274.0,4.0,0.0,26.0,1004.0,209.0,27.07509881422925,0.3952569169960474,2.5691699604743086,0.0,17.230008244023086,2.037872954566788,resilient
multiple_runs_largerun_db_highthreat_20260410_030216.csv,multiple_runs_largerun_db_highthreat_20260410_030216.csv,798,1226.0,1198.0,191.0,0.0,55.0,503.0,333.0,113.0,31.0,807.0,278.0,41.027732463295266,27.161500815660684,2.528548123980424,9.216965742251224,32.637729549248746,2.037872954566788,vulnerable
multiple_runs_largerun_db_highthreat_20260410_030216.csv,multiple_runs_largerun_db_highthreat_20260410_030216.csv,799,1088.0,1195.0,148.0,0.0,84.0,393.0,274.0,156.0,33.0,763.0,276.0,36.12132352941176,25.183823529411764,3.0330882352941178,14.338235294117647,36.15062761506277,2.037872954566788,vulnerable
multiple_runs_largerun_db_highthreat_20260410_030216.csv,multiple_runs_largerun_db_highthreat_20260410_030216.csv,800,1218.0,1199.0,254.0,0.0,168.0,477.0,235.0,46.0,38.0,899.0,254.0,39.16256157635468,19.293924466338257,3.1198686371100166,3.776683087027915,25.0208507089241,2.037872954566788,vulnerable
multiple_runs_largerun_db_highthreat_20260410_030216.csv,multiple_runs_largerun_db_highthreat_20260410_030216.csv,801,1098.0,1175.0,24.0,0.0,2.0,390.0,394.0,241.0,47.0,713.0,221.0,35.51912568306011,35.88342440801457,4.280510018214937,21.948998178506375,39.31914893617021,2.037872954566788,vulnerable
multiple_runs_largerun_db_highthreat_20260410_030216.csv,multiple_runs_largerun_db_highthreat_20260410_030216.csv,802,871.0,1198.0,31.0,0.0,5.0,139.0,399.0,268.0,29.0,646.0,284.0,15.958668197474168,45.80941446613088,3.329506314580941,30.76923076923077,46.07679465776294,2.037872954566788,vulnerable
multiple_runs_largerun_db_highthreat_20260410_030216.csv,multiple_runs_largerun_db_highthreat_20260410_030216.csv,803,979.0,1208.0,311.0,0.0,319.0,240.0,74.0,5.0,30.0,959.0,244.0,24.514811031664966,7.558733401430031,3.0643513789581207,0.5107252298263534,20.612582781456954,2.037872954566788,resilient
multiple_runs_largerun_db_highthreat_20260410_030216.csv,multiple_runs_largerun_db_highthreat_20260410_030216.csv,804,1062.0,1201.0,177.0,0.0,141.0,314.0,257.0,137.0,36.0,767.0,297.0,29.566854990583803,24.199623352165727,3.389830508474576,12.900188323917137,36.13655287260616,2.037872954566788,vulnerable
multiple_runs_largerun_db_highthreat_20260410_030216.csv,multiple_runs_largerun_db_highthreat_20260410_030216.csv,805,1047.0,1191.0,267.0,0.0,297.0,341.0,95.0,14.0,33.0,993.0,184.0,32.56924546322827,9.073543457497612,3.151862464183381,1.3371537726838587,16.624685138539043,2.037872954566788,resilient
multiple_runs_largerun_db_highthreat_20260410_030216.csv,multiple_runs_largerun_db_highthreat_20260410_030216.csv,806,1116.0,1201.0,48.0,0.0,2.0,403.0,415.0,220.0,28.0,731.0,250.0,36.11111111111111,37.18637992831541,2.5089605734767026,19.71326164874552,39.13405495420483,2.037872954566788,vulnerable
multiple_runs_largerun_db_highthreat_20260410_030216.csv,multiple_runs_largerun_db_highthreat_20260410_030216.csv,807,1123.0,1196.0,164.0,0.0,118.0,435.0,286.0,88.0,32.0,845.0,263.0,38.73552983081033,25.467497773820124,2.8495102404274264,7.836153161175423,29.347826086956523,2.037872954566788,vulnerable
multiple_runs_largerun_db_highthreat_20260410_030216.csv,multiple_runs_largerun_db_highthreat_20260410_030216.csv,808,951.0,1195.0,50.0,0.0,14.0,226.0,391.0,229.0,41.0,720.0,246.0,23.76445846477392,41.11461619348054,4.311251314405888,24.079915878023133,39.74895397489539,2.037872954566788,vulnerable
multiple_runs_largerun_db_highthreat_20260410_030216.csv,multiple_runs_largerun_db_highthreat_20260410_030216.csv,809,873.0,1200.0,291.0,0.0,375.0,135.0,19.0,18.0,35.0,985.0,197.0,15.463917525773196,2.176403207331042,4.009163802978236,2.0618556701030926,17.916666666666668,2.037872954566788,vulnerable
multiple_runs_largerun_db_highthreat_20260410_030216.csv,multiple_runs_largerun_db_highthreat_20260410_030216.csv,810,1305.0,1188.0,44.0,0.0,38.0,587.0,337.0,267.0,32.0,714.0,207.0,44.980842911877396,25.82375478927203,2.452107279693487,20.45977011494253,39.8989898989899,2.037872954566788,vulnerable
multiple_runs_largerun_db_highthreat_20260410_030216.csv,multiple_runs_largerun_db_highthreat_20260410_030216.csv,811,957.0,1197.0,277.0,0.0,284.0,250.0,118.0,7.0,21.0,1062.0,128.0,26.12330198537095,12.330198537095088,2.19435736677116,0.7314524555903866,11.278195488721805,2.037872954566788,resilient
multiple_runs_largerun_db_highthreat_20260410_030216.csv,multiple_runs_largerun_db_highthreat_20260410_030216.csv,812,1060.0,1223.0,64.0,0.0,2.0,340.0,387.0,238.0,29.0,698.0,287.0,32.075471698113205,36.50943396226415,2.7358490566037736,22.452830188679247,42.927228127555196,2.037872954566788,vulnerable
multiple_runs_largerun_db_highthreat_20260410_030216.csv,multiple_runs_largerun_db_highthreat_20260410_030216.csv,813,1026.0,1204.0,44.0,0.0,12.0,295.0,410.0,246.0,19.0,737.0,221.0,28.75243664717349,39.96101364522417,1.8518518518518516,23.976608187134502,38.78737541528239,2.037872954566788,vulnerable
multiple_runs_largerun_db_highthreat_20260410_030216.csv,multiple_runs_largerun_db_highthreat_20260410_030216.csv,814,982.0,1191.0,320.0,0.0,368.0,262.0,1.0,0.0,31.0,870.0,321.0,26.680244399185337,0.10183299389002036,3.1568228105906315,0.0,26.952141057934508,2.037872954566788,resilient
multiple_runs_largerun_db_highthreat_20260410_030216.csv,multiple_runs_largerun_db_highthreat_20260410_030216.csv,815,1078.0,1208.0,239.0,0.0,111.0,369.0,278.0,50.0,31.0,847.0,311.0,34.23005565862709,25.788497217068645,2.87569573283859,4.638218923933209,29.8841059602649,2.037872954566788,vulnerable
multiple_runs_largerun_db_highthreat_20260410_030216.csv,multiple_runs_largerun_db_highthreat_20260410_030216.csv,816,959.0,1207.0,316.0,0.0,392.0,205.0,15.0,3.0,28.0,1000.0,204.0,21.37643378519291,1.5641293013555788,2.9197080291970803,0.31282586027111575,17.149958574979287,2.037872954566788,resilient
multiple_runs_largerun_db_highthreat_20260410_030216.csv,multiple_runs_largerun_db_highthreat_20260410_030216.csv,817,985.0,1193.0,56.0,0.0,6.0,262.0,374.0,257.0,30.0,737.0,199.0,26.5989847715736,37.96954314720812,3.0456852791878175,26.091370558375637,38.22296730930427,2.037872954566788,vulnerable
multiple_runs_largerun_db_highthreat_20260410_030216.csv,multiple_runs_largerun_db_highthreat_20260410_030216.csv,818,973.0,1220.0,65.0,0.0,8.0,278.0,370.0,228.0,24.0,762.0,230.0,28.57142857142857,38.026721479958894,2.466598150051387,23.43268242548818,37.540983606557376,2.037872954566788,vulnerable
multiple_runs_largerun_db_highthreat_20260410_030216.csv,multiple_runs_largerun_db_highthreat_20260410_030216.csv,819,918.0,1210.0,302.0,0.0,327.0,184.0,42.0,11.0,52.0,1019.0,180.0,20.043572984749456,4.57516339869281,5.664488017429194,1.1982570806100217,15.78512396694215,2.037872954566788,resilient
multiple_runs_largerun_db_highthreat_20260410_030216.csv,multiple_runs_largerun_db_highthreat_20260410_030216.csv,820,1016.0,1222.0,40.0,0.0,11.0,281.0,382.0,267.0,35.0,754.0,201.0,27.65748031496063,37.59842519685039,3.4448818897637796,26.279527559055115,38.297872340425535,2.037872954566788,vulnerable
multiple_runs_largerun_db_highthreat_20260410_030216.csv,multiple_runs_largerun_db_highthreat_20260410_030216.csv,821,899.0,1190.0,36.0,0.0,8.0,206.0,386.0,233.0,30.0,736.0,221.0,22.914349276974416,42.93659621802002,3.337041156840934,25.917686318131256,38.15126050420168,2.037872954566788,vulnerable
multiple_runs_largerun_db_highthreat_20260410_030216.csv,multiple_runs_largerun_db_highthreat_20260410_030216.csv,822,1011.0,1199.0,46.0,0.0,0.0,310.0,410.0,229.0,16.0,722.0,248.0,30.66271018793274,40.553907022749755,1.582591493570722,22.65084075173096,39.783152627189324,2.037872954566788,vulnerable
multiple_runs_largerun_db_highthreat_20260410_030216.csv,multiple_runs_largerun_db_highthreat_20260410_030216.csv,823,862.0,1182.0,319.0,0.0,311.0,130.0,62.0,0.0,40.0,1012.0,170.0,15.081206496519723,7.192575406032482,4.640371229698376,0.0,14.382402707275805,2.037872954566788,resilient
multiple_runs_largerun_db_highthreat_20260410_030216.csv,multiple_runs_largerun_db_highthreat_20260410_030216.csv,824,984.0,1198.0,52.0,0.0,12.0,234.0,404.0,251.0,31.0,743.0,204.0,23.78048780487805,41.05691056910569,3.1504065040650406,25.508130081300813,37.97996661101836,2.037872954566788,vulnerable
multiple_runs_largerun_db_highthreat_20260410_030216.csv,multiple_runs_largerun_db_highthreat_20260410_030216.csv,825,1084.0,1212.0,352.0,0.0,357.0,310.0,40.0,1.0,24.0,1011.0,200.0,28.59778597785978,3.6900369003690034,2.214022140221402,0.09225092250922509,16.584158415841586,2.037872954566788,resilient
multiple_runs_largerun_db_highthreat_20260410_030216.csv,multiple_runs_largerun_db_highthreat_20260410_030216.csv,826,990.0,1198.0,302.0,0.0,332.0,246.0,61.0,12.0,37.0,1044.0,142.0,24.848484848484848,6.161616161616162,3.737373737373737,1.2121212121212122,12.85475792988314,2.037872954566788,resilient
multiple_runs_largerun_db_highthreat_20260410_030216.csv,multiple_runs_largerun_db_highthreat_20260410_030216.csv,827,954.0,1186.0,65.0,0.0,13.0,254.0,358.0,243.0,21.0,712.0,231.0,26.62473794549266,37.526205450733755,2.20125786163522,25.471698113207548,39.96627318718381,2.037872954566788,vulnerable
multiple_runs_largerun_db_highthreat_20260410_030216.csv,multiple_runs_largerun_db_highthreat_20260410_030216.csv,828,909.0,1178.0,298.0,0.0,306.0,209.0,64.0,0.0,32.0,1015.0,163.0,22.992299229922992,7.04070407040704,3.52035203520352,0.0,13.837011884550085,2.037872954566788,resilient
multiple_runs_largerun_db_highthreat_20260410_030216.csv,multiple_runs_largerun_db_highthreat_20260410_030216.csv,829,1028.0,1196.0,313.0,0.0,361.0,280.0,31.0,17.0,26.0,1020.0,159.0,27.237354085603112,3.0155642023346303,2.529182879377432,1.6536964980544748,14.715719063545151,2.037872954566788,resilient
multiple_runs_largerun_db_highthreat_20260410_030216.csv,multiple_runs_largerun_db_highthreat_20260410_030216.csv,830,1004.0,1207.0,298.0,0.0,376.0,250.0,39.0,5.0,36.0,1000.0,202.0,24.900398406374503,3.8844621513944224,3.5856573705179287,0.49800796812749004,17.149958574979287,2.037872954566788,resilient
multiple_runs_largerun_db_highthreat_20260410_030216.csv,multiple_runs_largerun_db_highthreat_20260410_030216.csv,831,1176.0,1184.0,85.0,0.0,21.0,508.0,389.0,145.0,28.0,814.0,225.0,43.197278911564624,33.07823129251701,2.380952380952381,12.329931972789115,31.25,2.037872954566788,vulnerable
multiple_runs_largerun_db_highthreat_20260410_030216.csv,multiple_runs_largerun_db_highthreat_20260410_030216.csv,832,1056.0,1230.0,325.0,0.0,361.0,258.0,69.0,0.0,43.0,1085.0,145.0,24.431818181818183,6.534090909090909,4.071969696969697,0.0,11.788617886178862,2.037872954566788,resilient
multiple_runs_largerun_db_highthreat_20260410_030216.csv,multiple_runs_largerun_db_highthreat_20260410_030216.csv,833,1069.0,1207.0,68.0,0.0,27.0,339.0,386.0,227.0,22.0,741.0,239.0,31.711880261927032,36.10851262862489,2.05799812909261,21.234798877455567,38.60811930405965,2.037872954566788,vulnerable
multiple_runs_largerun_db_highthreat_20260410_030216.csv,multiple_runs_largerun_db_highthreat_20260410_030216.csv,834,964.0,1205.0,57.0,0.0,3.0,242.0,387.0,241.0,34.0,718.0,246.0,25.103734439834025,40.14522821576764,3.5269709543568464,25.0,40.4149377593361,2.037872954566788,vulnerable
multiple_runs_largerun_db_highthreat_20260410_030216.csv,multiple_runs_largerun_db_highthreat_20260410_030216.csv,835,912.0,1223.0,41.0,0.0,0.0,198.0,384.0,268.0,21.0,709.0,246.0,21.710526315789476,42.10526315789473,2.302631578947368,29.385964912280706,42.027800490596896,2.037872954566788,vulnerable
multiple_runs_largerun_db_highthreat_20260410_030216.csv,multiple_runs_largerun_db_highthreat_20260410_030216.csv,836,873.0,1202.0,327.0,0.0,359.0,140.0,3.0,7.0,37.0,782.0,413.0,16.036655211912944,0.3436426116838488,4.238258877434135,0.8018327605956471,34.94176372712147,2.037872954566788,resilient
multiple_runs_largerun_db_highthreat_20260410_030216.csv,multiple_runs_largerun_db_highthreat_20260410_030216.csv,837,1052.0,1221.0,50.0,0.0,15.0,337.0,382.0,242.0,26.0,715.0,264.0,32.03422053231939,36.31178707224335,2.4714828897338403,23.00380228136882,41.44144144144144,2.037872954566788,vulnerable
multiple_runs_largerun_db_highthreat_20260410_030216.csv,multiple_runs_largerun_db_highthreat_20260410_030216.csv,838,977.0,1201.0,297.0,0.0,333.0,250.0,57.0,0.0,40.0,1017.0,184.0,25.588536335721596,5.834186284544525,4.094165813715456,0.0,15.320566194837633,2.037872954566788,resilient
multiple_runs_largerun_db_highthreat_20260410_030216.csv,multiple_runs_largerun_db_highthreat_20260410_030216.csv,839,1196.0,1203.0,26.0,0.0,136.0,498.0,231.0,269.0,36.0,721.0,213.0,41.63879598662207,19.31438127090301,3.0100334448160537,22.49163879598662,40.0665004156276,2.037872954566788,vulnerable
multiple_runs_largerun_db_highthreat_20260410_030216.csv,multiple_runs_largerun_db_highthreat_20260410_030216.csv,840,983.0,1182.0,226.0,0.0,209.0,256.0,149.0,106.0,37.0,749.0,327.0,26.042726347914545,15.15768056968464,3.7639877924720246,10.783316378433367,36.632825719120135,2.037872954566788,vulnerable
multiple_runs_largerun_db_highthreat_20260410_030216.csv,multiple_runs_largerun_db_highthreat_20260410_030216.csv,841,952.0,1201.0,28.0,0.0,0.0,285.0,396.0,204.0,39.0,704.0,293.0,29.936974789915965,41.596638655462186,4.0966386554621845,21.428571428571427,41.38218151540383,2.037872954566788,vulnerable
multiple_runs_largerun_db_highthreat_20260410_030216.csv,multiple_runs_largerun_db_highthreat_20260410_030216.csv,842,1114.0,1204.0,150.0,0.0,172.0,397.0,217.0,136.0,42.0,732.0,336.0,35.637342908438065,19.47935368043088,3.7701974865350087,12.208258527827647,39.202657807308974,2.037872954566788,vulnerable
multiple_runs_largerun_db_highthreat_20260410_030216.csv,multiple_runs_largerun_db_highthreat_20260410_030216.csv,843,937.0,1173.0,41.0,0.0,18.0,203.0,399.0,249.0,27.0,667.0,257.0,21.66488794023479,42.58271077908218,2.88153681963714,26.57417289220918,43.13725490196079,2.037872954566788,vulnerable
multiple_runs_largerun_db_highthreat_20260410_030216.csv,multiple_runs_largerun_db_highthreat_20260410_030216.csv,844,1268.0,1206.0,60.0,0.0,31.0,540.0,369.0,243.0,25.0,697.0,266.0,42.586750788643535,29.10094637223975,1.971608832807571,19.16403785488959,42.20563847429519,2.037872954566788,vulnerable
multiple_runs_largerun_db_highthreat_20260410_030216.csv,multiple_runs_largerun_db_highthreat_20260410_030216.csv,845,1050.0,1216.0,35.0,0.0,0.0,341.0,399.0,238.0,37.0,739.0,239.0,32.476190476190474,38.0,3.5238095238095237,22.666666666666664,39.22697368421053,2.037872954566788,vulnerable
multiple_runs_largerun_db_highthreat_20260410_030216.csv,multiple_runs_largerun_db_highthreat_20260410_030216.csv,846,1000.0,1197.0,45.0,0.0,17.0,283.0,370.0,254.0,31.0,690.0,253.0,28.299999999999997,37.0,3.1,25.4,42.35588972431078,2.037872954566788,vulnerable
multiple_runs_largerun_db_highthreat_20260410_030216.csv,multiple_runs_largerun_db_highthreat_20260410_030216.csv,847,1038.0,1195.0,31.0,0.0,7.0,329.0,393.0,242.0,36.0,731.0,222.0,31.695568400770714,37.861271676300575,3.4682080924855487,23.314065510597302,38.82845188284519,2.037872954566788,vulnerable
multiple_runs_largerun_db_highthreat_20260410_030216.csv,multiple_runs_largerun_db_highthreat_20260410_030216.csv,848,906.0,1201.0,273.0,0.0,375.0,182.0,39.0,1.0,36.0,957.0,243.0,20.08830022075055,4.304635761589404,3.9735099337748347,0.11037527593818984,20.31640299750208,2.037872954566788,resilient
multiple_runs_largerun_db_highthreat_20260410_030216.csv,multiple_runs_largerun_db_highthreat_20260410_030216.csv,849,1024.0,1202.0,312.0,0.0,388.0,285.0,6.0,0.0,33.0,866.0,336.0,27.83203125,0.5859375,3.22265625,0.0,27.953410981697168,2.037872954566788,resilient
multiple_runs_largerun_db_highthreat_20260410_030216.csv,multiple_runs_largerun_db_highthreat_20260410_030216.csv,850,948.0,1193.0,39.0,0.0,2.0,223.0,398.0,261.0,25.0,692.0,240.0,23.523206751054854,41.983122362869196,2.6371308016877637,27.531645569620256,41.994970662196145,2.037872954566788,vulnerable
multiple_runs_largerun_db_highthreat_20260410_030216.csv,multiple_runs_largerun_db_highthreat_20260410_030216.csv,851,1320.0,1187.0,68.0,0.0,34.0,602.0,370.0,227.0,19.0,700.0,260.0,45.60606060606061,28.030303030303028,1.4393939393939394,17.196969696969695,41.027801179443976,2.037872954566788,vulnerable
multiple_runs_largerun_db_highthreat_20260410_030216.csv,multiple_runs_largerun_db_highthreat_20260410_030216.csv,852,914.0,1189.0,68.0,0.0,27.0,153.0,380.0,261.0,25.0,725.0,203.0,16.739606126914662,41.57549234135667,2.735229759299781,28.555798687089716,39.02439024390244,2.037872954566788,vulnerable
multiple_runs_largerun_db_highthreat_20260410_030216.csv,multiple_runs_largerun_db_highthreat_20260410_030216.csv,853,987.0,1211.0,46.0,0.0,4.0,233.0,409.0,258.0,37.0,692.0,261.0,23.606889564336374,41.4387031408308,3.7487335359675784,26.13981762917933,42.857142857142854,2.037872954566788,vulnerable
multiple_runs_largerun_db_highthreat_20260410_030216.csv,multiple_runs_largerun_db_highthreat_20260410_030216.csv,854,1056.0,1204.0,62.0,0.0,30.0,329.0,372.0,231.0,32.0,744.0,229.0,31.155303030303028,35.22727272727273,3.0303030303030303,21.875,38.205980066445186,2.037872954566788,vulnerable
multiple_runs_largerun_db_highthreat_20260410_030216.csv,multiple_runs_largerun_db_highthreat_20260410_030216.csv,855,1222.0,1200.0,111.0,0.0,100.0,481.0,310.0,178.0,42.0,691.0,331.0,39.361702127659576,25.368248772504092,3.436988543371522,14.566284779050736,42.41666666666667,2.037872954566788,vulnerable
multiple_runs_largerun_db_highthreat_20260410_030216.csv,multiple_runs_largerun_db_highthreat_20260410_030216.csv,856,917.0,1212.0,322.0,0.0,373.0,183.0,8.0,2.0,29.0,1008.0,202.0,19.95637949836423,0.8724100327153763,3.162486368593239,0.21810250817884408,16.831683168316832,2.037872954566788,resilient
multiple_runs_largerun_db_highthreat_20260410_030216.csv,multiple_runs_largerun_db_highthreat_20260410_030216.csv,857,1323.0,1194.0,73.0,0.0,57.0,598.0,331.0,226.0,38.0,787.0,181.0,45.200302343159485,25.018896447467874,2.872260015117158,17.08238851095994,34.08710217755444,2.037872954566788,vulnerable
multiple_runs_largerun_db_highthreat_20260410_030216.csv,multiple_runs_largerun_db_highthreat_20260410_030216.csv,858,985.0,1211.0,52.0,0.0,2.0,262.0,390.0,236.0,43.0,777.0,198.0,26.5989847715736,39.59390862944163,4.365482233502538,23.95939086294416,35.83815028901734,2.037872954566788,vulnerable
multiple_runs_largerun_db_highthreat_20260410_030216.csv,multiple_runs_largerun_db_highthreat_20260410_030216.csv,859,1275.0,1202.0,62.0,1.0,16.0,535.0,388.0,248.0,25.0,766.0,188.0,41.96078431372549,30.43137254901961,1.9607843137254901,19.450980392156865,36.272878535773714,2.037872954566788,vulnerable
multiple_runs_largerun_db_highthreat_20260410_030216.csv,multiple_runs_largerun_db_highthreat_20260410_030216.csv,860,1140.0,1208.0,88.0,0.0,31.0,419.0,357.0,199.0,46.0,746.0,263.0,36.75438596491228,31.31578947368421,4.035087719298246,17.45614035087719,38.24503311258278,2.037872954566788,vulnerable
multiple_runs_largerun_db_highthreat_20260410_030216.csv,multiple_runs_largerun_db_highthreat_20260410_030216.csv,861,1206.0,1197.0,76.0,0.0,29.0,467.0,385.0,213.0,36.0,787.0,197.0,38.72305140961858,31.923714759535653,2.9850746268656714,17.66169154228856,34.25229741019214,2.037872954566788,vulnerable
multiple_runs_largerun_db_highthreat_20260410_030216.csv,multiple_runs_largerun_db_highthreat_20260410_030216.csv,862,1168.0,1200.0,177.0,0.0,149.0,430.0,265.0,105.0,42.0,837.0,258.0,36.81506849315068,22.68835616438356,3.595890410958904,8.98972602739726,30.25,2.037872954566788,vulnerable
multiple_runs_largerun_db_highthreat_20260410_030216.csv,multiple_runs_largerun_db_highthreat_20260410_030216.csv,863,1162.0,1193.0,236.0,0.0,205.0,420.0,209.0,60.0,32.0,839.0,294.0,36.144578313253014,17.98623063683305,2.753872633390706,5.163511187607573,29.67309304274937,2.037872954566788,vulnerable
multiple_runs_largerun_db_highthreat_20260410_030216.csv,multiple_runs_largerun_db_highthreat_20260410_030216.csv,864,1386.0,1201.0,44.0,0.0,14.0,641.0,383.0,268.0,36.0,760.0,173.0,46.24819624819625,27.633477633477632,2.5974025974025974,19.336219336219337,36.719400499583685,2.037872954566788,vulnerable
multiple_runs_largerun_db_highthreat_20260410_030216.csv,multiple_runs_largerun_db_highthreat_20260410_030216.csv,865,890.0,1200.0,295.0,0.0,349.0,150.0,51.0,15.0,30.0,921.0,264.0,16.853932584269664,5.730337078651685,3.3707865168539324,1.6853932584269662,23.25,2.037872954566788,resilient
multiple_runs_largerun_db_highthreat_20260410_030216.csv,multiple_runs_largerun_db_highthreat_20260410_030216.csv,866,1118.0,1207.0,204.0,0.0,139.0,404.0,235.0,99.0,37.0,800.0,308.0,36.135957066189626,21.019677996422182,3.309481216457961,8.85509838998211,33.71996685998343,2.037872954566788,vulnerable
multiple_runs_largerun_db_highthreat_20260410_030216.csv,multiple_runs_largerun_db_highthreat_20260410_030216.csv,867,1062.0,1218.0,71.0,0.0,25.0,322.0,368.0,242.0,34.0,773.0,203.0,30.32015065913371,34.65160075329567,3.2015065913371,22.78719397363465,36.53530377668309,2.037872954566788,vulnerable
multiple_runs_largerun_db_highthreat_20260410_030216.csv,multiple_runs_largerun_db_highthreat_20260410_030216.csv,868,931.0,1198.0,38.0,0.0,13.0,219.0,372.0,264.0,25.0,693.0,241.0,23.523093447905477,39.95703544575725,2.685284640171858,28.356605800214822,42.15358931552588,2.037872954566788,vulnerable
multiple_runs_largerun_db_highthreat_20260410_030216.csv,multiple_runs_largerun_db_highthreat_20260410_030216.csv,869,1023.0,1213.0,299.0,0.0,350.0,265.0,65.0,6.0,38.0,1019.0,188.0,25.90420332355816,6.35386119257087,3.714565004887586,0.5865102639296188,15.993404781533387,2.037872954566788,resilient
multiple_runs_largerun_db_highthreat_20260410_030216.csv,multiple_runs_largerun_db_highthreat_20260410_030216.csv,870,950.0,1190.0,286.0,0.0,377.0,236.0,24.0,10.0,17.0,1054.0,126.0,24.842105263157897,2.526315789473684,1.789473684210526,1.0526315789473684,11.428571428571429,2.037872954566788,resilient
multiple_runs_largerun_db_highthreat_20260410_030216.csv,multiple_runs_largerun_db_highthreat_20260410_030216.csv,871,1034.0,1201.0,300.0,0.0,362.0,287.0,37.0,0.0,48.0,913.0,288.0,27.756286266924562,3.5783365570599615,4.642166344294004,0.0,23.98001665278934,2.037872954566788,resilient
multiple_runs_largerun_db_highthreat_20260410_030216.csv,multiple_runs_largerun_db_highthreat_20260410_030216.csv,872,1202.0,1197.0,59.0,0.0,28.0,450.0,384.0,261.0,20.0,759.0,177.0,37.437603993344425,31.94675540765391,1.6638935108153077,21.713810316139767,36.59147869674185,2.037872954566788,vulnerable
multiple_runs_largerun_db_highthreat_20260410_030216.csv,multiple_runs_largerun_db_highthreat_20260410_030216.csv,873,943.0,1198.0,306.0,0.0,331.0,233.0,31.0,1.0,41.0,957.0,240.0,24.708377518557796,3.2873806998939554,4.3478260869565215,0.10604453870625664,20.11686143572621,2.037872954566788,resilient
multiple_runs_largerun_db_highthreat_20260410_030216.csv,multiple_runs_largerun_db_highthreat_20260410_030216.csv,874,950.0,1199.0,299.0,0.0,272.0,237.0,99.0,11.0,32.0,1008.0,180.0,24.947368421052634,10.421052631578947,3.3684210526315788,1.1578947368421053,15.929941618015011,2.037872954566788,resilient
multiple_runs_largerun_db_highthreat_20260410_030216.csv,multiple_runs_largerun_db_highthreat_20260410_030216.csv,875,881.0,1188.0,300.0,0.0,370.0,159.0,18.0,4.0,30.0,899.0,285.0,18.047673098751417,2.0431328036322363,3.40522133938706,0.4540295119182747,24.326599326599325,2.037872954566788,resilient
multiple_runs_largerun_db_highthreat_20260410_030216.csv,multiple_runs_largerun_db_highthreat_20260410_030216.csv,876,1058.0,1196.0,58.0,0.0,7.0,321.0,372.0,278.0,22.0,703.0,215.0,30.340264650283554,35.16068052930057,2.0793950850661624,26.27599243856333,41.22073578595318,2.037872954566788,vulnerable
multiple_runs_largerun_db_highthreat_20260410_030216.csv,multiple_runs_largerun_db_highthreat_20260410_030216.csv,877,1149.0,1209.0,102.0,0.0,87.0,440.0,302.0,192.0,26.0,787.0,230.0,38.29416884247171,26.283724978241953,2.2628372497824194,16.710182767624023,34.90488006617039,2.037872954566788,vulnerable
multiple_runs_largerun_db_highthreat_20260410_030216.csv,multiple_runs_largerun_db_highthreat_20260410_030216.csv,878,1084.0,1199.0,46.0,0.0,6.0,355.0,388.0,263.0,26.0,741.0,195.0,32.74907749077491,35.79335793357934,2.3985239852398523,24.261992619926197,38.19849874895746,2.037872954566788,vulnerable
multiple_runs_largerun_db_highthreat_20260410_030216.csv,multiple_runs_largerun_db_highthreat_20260410_030216.csv,879,1103.0,1201.0,39.0,0.0,12.0,386.0,373.0,258.0,35.0,699.0,244.0,34.99546690843155,33.816863100634635,3.1731640979147784,23.390752493200363,41.798501248959205,2.037872954566788,vulnerable
multiple_runs_largerun_db_highthreat_20260410_030216.csv,multiple_runs_largerun_db_highthreat_20260410_030216.csv,880,945.0,1206.0,47.0,0.0,10.0,209.0,382.0,264.0,33.0,711.0,231.0,22.116402116402117,40.423280423280424,3.492063492063492,27.936507936507937,41.04477611940299,2.037872954566788,vulnerable
multiple_runs_largerun_db_highthreat_20260410_030216.csv,multiple_runs_largerun_db_highthreat_20260410_030216.csv,881,1031.0,1193.0,70.0,0.0,8.0,301.0,385.0,228.0,39.0,719.0,246.0,29.194956353055286,37.34238603297769,3.7827352085354025,22.114451988360813,39.73176865046103,2.037872954566788,vulnerable
multiple_runs_largerun_db_highthreat_20260410_030216.csv,multiple_runs_largerun_db_highthreat_20260410_030216.csv,882,1142.0,1223.0,190.0,0.0,155.0,429.0,273.0,60.0,35.0,859.0,304.0,37.56567425569177,23.90542907180385,3.064798598949212,5.253940455341506,29.762878168438267,2.037872954566788,vulnerable
multiple_runs_largerun_db_highthreat_20260410_030216.csv,multiple_runs_largerun_db_highthreat_20260410_030216.csv,883,995.0,1217.0,304.0,0.0,344.0,249.0,49.0,15.0,34.0,1049.0,153.0,25.025125628140703,4.924623115577889,3.4170854271356785,1.507537688442211,13.804437140509448,2.037872954566788,resilient
multiple_runs_largerun_db_highthreat_20260410_030216.csv,multiple_runs_largerun_db_highthreat_20260410_030216.csv,884,1207.0,1211.0,216.0,0.0,192.0,467.0,222.0,67.0,43.0,868.0,276.0,38.690969345484675,18.3927091963546,3.5625517812758902,5.550952775476388,28.32369942196532,2.037872954566788,vulnerable
multiple_runs_largerun_db_highthreat_20260410_030216.csv,multiple_runs_largerun_db_highthreat_20260410_030216.csv,885,952.0,1198.0,47.0,0.0,11.0,213.0,378.0,272.0,31.0,661.0,265.0,22.373949579831933,39.705882352941174,3.256302521008404,28.57142857142857,44.82470784641068,2.037872954566788,vulnerable
multiple_runs_largerun_db_highthreat_20260410_030216.csv,multiple_runs_largerun_db_highthreat_20260410_030216.csv,886,1160.0,1187.0,112.0,0.0,157.0,418.0,227.0,205.0,41.0,711.0,271.0,36.03448275862069,19.56896551724138,3.53448275862069,17.67241379310345,40.1010951979781,2.037872954566788,vulnerable
multiple_runs_largerun_db_highthreat_20260410_030216.csv,multiple_runs_largerun_db_highthreat_20260410_030216.csv,887,1179.0,1205.0,232.0,0.0,174.0,442.0,214.0,78.0,39.0,764.0,363.0,37.48939779474131,18.1509754028838,3.307888040712468,6.615776081424936,36.59751037344398,2.037872954566788,vulnerable
multiple_runs_largerun_db_highthreat_20260410_030216.csv,multiple_runs_largerun_db_highthreat_20260410_030216.csv,888,971.0,1194.0,273.0,0.0,326.0,272.0,55.0,0.0,45.0,1015.0,179.0,28.01235839340886,5.664263645726056,4.634397528321318,0.0,14.991624790619765,2.037872954566788,resilient
multiple_runs_largerun_db_highthreat_20260410_030216.csv,multiple_runs_largerun_db_highthreat_20260410_030216.csv,889,983.0,1201.0,279.0,0.0,310.0,254.0,100.0,1.0,39.0,1075.0,125.0,25.839267548321466,10.172939979654121,3.967446592065107,0.10172939979654119,10.491257285595337,2.037872954566788,resilient
multiple_runs_largerun_db_highthreat_20260410_030216.csv,multiple_runs_largerun_db_highthreat_20260410_030216.csv,890,1022.0,1182.0,57.0,0.0,0.0,282.0,389.0,269.0,25.0,726.0,187.0,27.59295499021526,38.06262230919765,2.446183953033268,26.320939334637966,38.578680203045685,2.037872954566788,vulnerable
multiple_runs_largerun_db_highthreat_20260410_030216.csv,multiple_runs_largerun_db_highthreat_20260410_030216.csv,891,1009.0,1200.0,71.0,0.0,6.0,248.0,388.0,272.0,24.0,589.0,339.0,24.578790882061448,38.45391476709614,2.3785926660059467,26.957383548067394,50.916666666666664,2.037872954566788,vulnerable
multiple_runs_largerun_db_highthreat_20260410_030216.csv,multiple_runs_largerun_db_highthreat_20260410_030216.csv,892,951.0,1201.0,301.0,0.0,364.0,232.0,18.0,0.0,36.0,1072.0,129.0,24.395373291272346,1.8927444794952681,3.7854889589905363,0.0,10.741049125728559,2.037872954566788,resilient
multiple_runs_largerun_db_highthreat_20260410_030216.csv,multiple_runs_largerun_db_highthreat_20260410_030216.csv,893,1292.0,1217.0,116.0,0.0,58.0,571.0,355.0,157.0,35.0,832.0,228.0,44.195046439628484,27.476780185758514,2.708978328173375,12.15170278637771,31.635168447000822,2.037872954566788,vulnerable
multiple_runs_largerun_db_highthreat_20260410_030216.csv,multiple_runs_largerun_db_highthreat_20260410_030216.csv,894,865.0,1196.0,47.0,0.0,1.0,154.0,395.0,242.0,26.0,689.0,265.0,17.803468208092486,45.664739884393065,3.005780346820809,27.976878612716767,42.391304347826086,2.037872954566788,vulnerable
multiple_runs_largerun_db_highthreat_20260410_030216.csv,multiple_runs_largerun_db_highthreat_20260410_030216.csv,895,987.0,1221.0,310.0,0.0,369.0,262.0,10.0,0.0,36.0,1003.0,218.0,26.545086119554206,1.0131712259371835,3.64741641337386,0.0,17.854217854217854,2.037872954566788,resilient
multiple_runs_largerun_db_highthreat_20260410_030216.csv,multiple_runs_largerun_db_highthreat_20260410_030216.csv,896,976.0,1185.0,40.0,0.0,9.0,265.0,370.0,262.0,30.0,708.0,215.0,27.151639344262296,37.90983606557377,3.0737704918032787,26.84426229508197,40.25316455696203,2.037872954566788,vulnerable
multiple_runs_largerun_db_highthreat_20260410_030216.csv,multiple_runs_largerun_db_highthreat_20260410_030216.csv,897,1113.0,1213.0,85.0,0.0,14.0,379.0,394.0,213.0,28.0,784.0,216.0,34.052111410601974,35.39982030548068,2.515723270440252,19.137466307277627,35.36685902720528,2.037872954566788,vulnerable
multiple_runs_largerun_db_highthreat_20260410_030216.csv,multiple_runs_largerun_db_highthreat_20260410_030216.csv,898,942.0,1196.0,251.0,0.0,271.0,280.0,97.0,4.0,39.0,1024.0,168.0,29.723991507431,10.29723991507431,4.140127388535031,0.42462845010615713,14.381270903010032,2.037872954566788,resilient
multiple_runs_largerun_db_highthreat_20260410_030216.csv,multiple_runs_largerun_db_highthreat_20260410_030216.csv,899,1052.0,1211.0,72.0,0.0,69.0,313.0,315.0,256.0,27.0,762.0,193.0,29.75285171102662,29.942965779467677,2.5665399239543727,24.334600760456272,37.07679603633361,2.037872954566788,vulnerable
multiple_runs_largerun_db_highthreat_20260410_030216.csv,multiple_runs_largerun_db_highthreat_20260410_030216.csv,900,983.0,1207.0,302.0,1.0,383.0,260.0,9.0,0.0,28.0,959.0,248.0,26.44964394710071,0.9155645981688708,2.8484231943031535,0.0,20.546810273405136,2.037872954566788,resilient
multiple_runs_largerun_db_highthreat_20260410_030216.csv,multiple_runs_largerun_db_highthreat_20260410_030216.csv,901,964.0,1197.0,300.0,0.0,394.0,211.0,19.0,0.0,40.0,967.0,230.0,21.887966804979254,1.970954356846473,4.149377593360995,0.0,19.21470342522974,2.037872954566788,resilient
multiple_runs_largerun_db_highthreat_20260410_030216.csv,multiple_runs_largerun_db_highthreat_20260410_030216.csv,902,961.0,1187.0,304.0,0.0,368.0,200.0,40.0,4.0,45.0,1009.0,174.0,20.81165452653486,4.162330905306972,4.682622268470343,0.41623309053069724,14.995787700084245,2.037872954566788,resilient
multiple_runs_largerun_db_highthreat_20260410_030216.csv,multiple_runs_largerun_db_highthreat_20260410_030216.csv,903,1188.0,1208.0,112.0,0.0,79.0,486.0,318.0,161.0,32.0,745.0,302.0,40.909090909090914,26.767676767676768,2.6936026936026933,13.552188552188552,38.32781456953642,2.037872954566788,vulnerable
multiple_runs_largerun_db_highthreat_20260410_030216.csv,multiple_runs_largerun_db_highthreat_20260410_030216.csv,904,1117.0,1196.0,63.0,0.0,1.0,402.0,401.0,223.0,27.0,772.0,201.0,35.98925693822739,35.899731423455684,2.4171888988361685,19.964189794091318,35.45150501672241,2.037872954566788,vulnerable
multiple_runs_largerun_db_highthreat_20260410_030216.csv,multiple_runs_largerun_db_highthreat_20260410_030216.csv,905,1184.0,1200.0,40.0,0.0,16.0,445.0,368.0,294.0,21.0,712.0,194.0,37.58445945945946,31.08108108108108,1.7736486486486487,24.83108108108108,40.666666666666664,2.037872954566788,vulnerable
multiple_runs_largerun_db_highthreat_20260410_030216.csv,multiple_runs_largerun_db_highthreat_20260410_030216.csv,906,1001.0,1195.0,302.0,0.0,364.0,256.0,38.0,8.0,33.0,1031.0,156.0,25.574425574425575,3.796203796203796,3.296703296703297,0.7992007992007992,13.723849372384937,2.037872954566788,resilient
multiple_runs_largerun_db_highthreat_20260410_030216.csv,multiple_runs_largerun_db_highthreat_20260410_030216.csv,907,1188.0,1196.0,53.0,0.0,45.0,489.0,343.0,226.0,32.0,741.0,229.0,41.16161616161616,28.872053872053872,2.6936026936026933,19.023569023569024,38.04347826086957,2.037872954566788,vulnerable
multiple_runs_largerun_db_highthreat_20260410_030216.csv,multiple_runs_largerun_db_highthreat_20260410_030216.csv,908,874.0,1206.0,309.0,0.0,320.0,115.0,83.0,6.0,41.0,849.0,351.0,13.157894736842104,9.496567505720824,4.691075514874142,0.6864988558352403,29.601990049751244,2.037872954566788,resilient
multiple_runs_largerun_db_highthreat_20260410_030216.csv,multiple_runs_largerun_db_highthreat_20260410_030216.csv,909,882.0,1197.0,322.0,0.0,352.0,125.0,36.0,7.0,40.0,982.0,208.0,14.17233560090703,4.081632653061225,4.535147392290249,0.7936507936507936,17.96157059314954,2.037872954566788,resilient
multiple_runs_largerun_db_highthreat_20260410_030216.csv,multiple_runs_largerun_db_highthreat_20260410_030216.csv,910,1199.0,1193.0,153.0,2.0,27.0,465.0,386.0,138.0,28.0,824.0,231.0,38.78231859883236,32.19349457881568,2.335279399499583,11.509591326105086,30.930427493713324,2.037872954566788,vulnerable
multiple_runs_largerun_db_highthreat_20260410_030216.csv,multiple_runs_largerun_db_highthreat_20260410_030216.csv,911,1004.0,1200.0,88.0,0.0,2.0,284.0,386.0,219.0,25.0,766.0,215.0,28.286852589641438,38.44621513944223,2.49003984063745,21.812749003984063,36.16666666666667,2.037872954566788,vulnerable
multiple_runs_largerun_db_highthreat_20260410_030216.csv,multiple_runs_largerun_db_highthreat_20260410_030216.csv,912,1084.0,1181.0,200.0,0.0,177.0,377.0,224.0,70.0,36.0,802.0,309.0,34.77859778597786,20.66420664206642,3.3210332103321036,6.4575645756457565,32.091447925486875,2.037872954566788,vulnerable
multiple_runs_largerun_db_highthreat_20260410_030216.csv,multiple_runs_largerun_db_highthreat_20260410_030216.csv,913,950.0,1192.0,48.0,0.0,8.0,243.0,386.0,231.0,34.0,700.0,261.0,25.57894736842105,40.63157894736842,3.578947368421052,24.31578947368421,41.2751677852349,2.037872954566788,vulnerable
multiple_runs_largerun_db_highthreat_20260410_030216.csv,multiple_runs_largerun_db_highthreat_20260410_030216.csv,914,935.0,1197.0,49.0,0.0,1.0,178.0,387.0,304.0,16.0,618.0,275.0,19.037433155080212,41.3903743315508,1.7112299465240641,32.51336898395722,48.370927318295735,2.037872954566788,vulnerable
multiple_runs_largerun_db_highthreat_20260410_030216.csv,multiple_runs_largerun_db_highthreat_20260410_030216.csv,915,985.0,1190.0,41.0,0.0,12.0,255.0,384.0,269.0,24.0,712.0,209.0,25.888324873096447,38.98477157360406,2.4365482233502536,27.30964467005076,40.168067226890756,2.037872954566788,vulnerable
multiple_runs_largerun_db_highthreat_20260410_030216.csv,multiple_runs_largerun_db_highthreat_20260410_030216.csv,916,813.0,1188.0,294.0,0.0,393.0,59.0,21.0,7.0,39.0,1016.0,165.0,7.2570725707257075,2.5830258302583027,4.797047970479705,0.8610086100861009,14.47811447811448,2.037872954566788,resilient
multiple_runs_largerun_db_highthreat_20260410_030216.csv,multiple_runs_largerun_db_highthreat_20260410_030216.csv,917,1074.0,1208.0,312.0,0.0,374.0,306.0,52.0,0.0,30.0,981.0,227.0,28.49162011173184,4.8417132216014895,2.793296089385475,0.0,18.79139072847682,2.037872954566788,resilient
multiple_runs_largerun_db_highthreat_20260410_030216.csv,multiple_runs_largerun_db_highthreat_20260410_030216.csv,918,1264.0,1206.0,76.0,0.0,54.0,576.0,342.0,191.0,25.0,775.0,240.0,45.56962025316456,27.056962025316455,1.9778481012658229,15.110759493670885,35.7379767827529,2.037872954566788,vulnerable
multiple_runs_largerun_db_highthreat_20260410_030216.csv,multiple_runs_largerun_db_highthreat_20260410_030216.csv,919,998.0,1193.0,269.0,0.0,373.0,285.0,36.0,7.0,28.0,941.0,245.0,28.557114228456914,3.6072144288577155,2.80561122244489,0.7014028056112225,21.12321877619447,2.037872954566788,resilient
multiple_runs_largerun_db_highthreat_20260410_030216.csv,multiple_runs_largerun_db_highthreat_20260410_030216.csv,920,1376.0,1198.0,43.0,0.0,13.0,642.0,371.0,274.0,33.0,727.0,197.0,46.656976744186046,26.96220930232558,2.3982558139534884,19.912790697674417,39.31552587646077,2.037872954566788,vulnerable
multiple_runs_largerun_db_highthreat_20260410_030216.csv,multiple_runs_largerun_db_highthreat_20260410_030216.csv,921,997.0,1195.0,268.0,0.0,294.0,299.0,100.0,0.0,36.0,1045.0,150.0,29.989969909729187,10.030090270812437,3.6108324974924777,0.0,12.552301255230125,2.037872954566788,resilient
multiple_runs_largerun_db_highthreat_20260410_030216.csv,multiple_runs_largerun_db_highthreat_20260410_030216.csv,922,1178.0,1203.0,68.0,0.0,8.0,475.0,381.0,228.0,18.0,779.0,196.0,40.32258064516129,32.34295415959253,1.5280135823429541,19.35483870967742,35.24522028262677,2.037872954566788,vulnerable
multiple_runs_largerun_db_highthreat_20260410_030216.csv,multiple_runs_largerun_db_highthreat_20260410_030216.csv,923,951.0,1207.0,321.0,0.0,377.0,186.0,28.0,1.0,38.0,977.0,229.0,19.558359621451103,2.9442691903259726,3.995793901156677,0.10515247108307045,19.05550952775476,2.037872954566788,resilient
multiple_runs_largerun_db_highthreat_20260410_030216.csv,multiple_runs_largerun_db_highthreat_20260410_030216.csv,924,1027.0,1205.0,63.0,0.0,8.0,298.0,370.0,246.0,42.0,765.0,194.0,29.01655306718598,36.027263875365136,4.089581304771178,23.953261927945473,36.51452282157676,2.037872954566788,vulnerable
multiple_runs_largerun_db_highthreat_20260410_030216.csv,multiple_runs_largerun_db_highthreat_20260410_030216.csv,925,1031.0,1194.0,62.0,0.0,5.0,281.0,392.0,247.0,44.0,724.0,223.0,27.255092143549952,38.02133850630456,4.267701260911736,23.95732298739088,39.36348408710218,2.037872954566788,vulnerable
multiple_runs_largerun_db_highthreat_20260410_030216.csv,multiple_runs_largerun_db_highthreat_20260410_030216.csv,926,1054.0,1210.0,51.0,0.0,16.0,341.0,388.0,225.0,33.0,774.0,211.0,32.35294117647059,36.81214421252372,3.130929791271347,21.347248576850095,36.03305785123967,2.037872954566788,vulnerable
multiple_runs_largerun_db_highthreat_20260410_030216.csv,multiple_runs_largerun_db_highthreat_20260410_030216.csv,927,1120.0,1204.0,57.0,0.0,22.0,405.0,373.0,232.0,31.0,768.0,204.0,36.160714285714285,33.30357142857142,2.767857142857143,20.714285714285715,36.21262458471761,2.037872954566788,vulnerable
multiple_runs_largerun_db_highthreat_20260410_030216.csv,multiple_runs_largerun_db_highthreat_20260410_030216.csv,928,947.0,1202.0,39.0,0.0,19.0,230.0,379.0,255.0,25.0,720.0,227.0,24.287222808870116,40.021119324181626,2.6399155227032733,26.927138331573392,40.099833610648915,2.037872954566788,vulnerable
multiple_runs_largerun_db_highthreat_20260410_030216.csv,multiple_runs_largerun_db_highthreat_20260410_030216.csv,929,900.0,1198.0,291.0,0.0,310.0,194.0,72.0,0.0,33.0,994.0,204.0,21.555555555555557,8.0,3.6666666666666665,0.0,17.028380634390654,2.037872954566788,resilient
multiple_runs_largerun_db_highthreat_20260410_030216.csv,multiple_runs_largerun_db_highthreat_20260410_030216.csv,930,964.0,1203.0,31.0,0.0,10.0,228.0,417.0,257.0,21.0,681.0,265.0,23.651452282157674,43.25726141078838,2.1784232365145226,26.6597510373444,43.391521197007485,2.037872954566788,vulnerable
multiple_runs_largerun_db_highthreat_20260410_030216.csv,multiple_runs_largerun_db_highthreat_20260410_030216.csv,931,1218.0,1220.0,95.0,0.0,47.0,498.0,329.0,218.0,31.0,758.0,244.0,40.88669950738916,27.011494252873565,2.5451559934318557,17.898193760262725,37.868852459016395,2.037872954566788,vulnerable
multiple_runs_largerun_db_highthreat_20260410_030216.csv,multiple_runs_largerun_db_highthreat_20260410_030216.csv,932,858.0,1192.0,292.0,0.0,362.0,112.0,48.0,11.0,33.0,932.0,249.0,13.053613053613052,5.594405594405594,3.8461538461538463,1.282051282051282,21.812080536912752,2.037872954566788,resilient
multiple_runs_largerun_db_highthreat_20260410_030216.csv,multiple_runs_largerun_db_highthreat_20260410_030216.csv,933,909.0,1192.0,266.0,0.0,375.0,190.0,24.0,29.0,25.0,928.0,235.0,20.9020902090209,2.6402640264026402,2.7502750275027505,3.1903190319031904,22.14765100671141,2.037872954566788,vulnerable
multiple_runs_largerun_db_highthreat_20260410_030216.csv,multiple_runs_largerun_db_highthreat_20260410_030216.csv,934,1047.0,1198.0,279.0,0.0,313.0,303.0,108.0,7.0,37.0,1032.0,159.0,28.939828080229223,10.315186246418339,3.5339063992359123,0.6685768863419294,13.856427378964941,2.037872954566788,resilient
multiple_runs_largerun_db_highthreat_20260410_030216.csv,multiple_runs_largerun_db_highthreat_20260410_030216.csv,935,943.0,1201.0,291.0,0.0,306.0,223.0,70.0,18.0,35.0,912.0,271.0,23.647932131495228,7.423117709437964,3.711558854718982,1.9088016967126193,24.063280599500416,2.037872954566788,resilient
multiple_runs_largerun_db_highthreat_20260410_030216.csv,multiple_runs_largerun_db_highthreat_20260410_030216.csv,936,809.0,1209.0,314.0,0.0,364.0,59.0,7.0,21.0,44.0,946.0,242.0,7.292954264524104,0.865265760197775,5.438813349814586,2.595797280593325,21.7535153019024,2.037872954566788,vulnerable
multiple_runs_largerun_db_highthreat_20260410_030216.csv,multiple_runs_largerun_db_highthreat_20260410_030216.csv,937,1306.0,1220.0,52.0,0.0,5.0,594.0,407.0,218.0,30.0,817.0,185.0,45.48238897396631,31.16385911179173,2.2970903522205206,16.69218989280245,33.032786885245905,2.037872954566788,vulnerable
multiple_runs_largerun_db_highthreat_20260410_030216.csv,multiple_runs_largerun_db_highthreat_20260410_030216.csv,938,931.0,1199.0,39.0,0.0,4.0,219.0,372.0,263.0,34.0,706.0,230.0,23.523093447905477,39.95703544575725,3.6519871106337276,28.24919441460795,41.117597998331945,2.037872954566788,vulnerable
multiple_runs_largerun_db_highthreat_20260410_030216.csv,multiple_runs_largerun_db_highthreat_20260410_030216.csv,939,882.0,1211.0,318.0,0.0,387.0,120.0,27.0,0.0,30.0,1034.0,177.0,13.60544217687075,3.061224489795918,3.4013605442176873,0.0,14.616019818331957,2.037872954566788,resilient
multiple_runs_largerun_db_highthreat_20260410_030216.csv,multiple_runs_largerun_db_highthreat_20260410_030216.csv,940,897.0,1205.0,293.0,0.0,332.0,151.0,84.0,0.0,37.0,865.0,340.0,16.833890746934223,9.364548494983277,4.124860646599777,0.0,28.21576763485477,2.037872954566788,resilient
multiple_runs_largerun_db_highthreat_20260410_030216.csv,multiple_runs_largerun_db_highthreat_20260410_030216.csv,941,1045.0,1210.0,57.0,0.0,12.0,324.0,398.0,227.0,27.0,796.0,187.0,31.004784688995212,38.08612440191387,2.583732057416268,21.72248803827751,34.21487603305785,2.037872954566788,vulnerable
multiple_runs_largerun_db_highthreat_20260410_030216.csv,multiple_runs_largerun_db_highthreat_20260410_030216.csv,942,1055.0,1177.0,63.0,0.0,2.0,334.0,406.0,228.0,22.0,718.0,231.0,31.658767772511847,38.48341232227488,2.085308056872038,21.61137440758294,38.997451146983856,2.037872954566788,vulnerable
multiple_runs_largerun_db_highthreat_20260410_030216.csv,multiple_runs_largerun_db_highthreat_20260410_030216.csv,943,1140.0,1184.0,202.0,0.0,199.0,426.0,198.0,89.0,26.0,779.0,316.0,37.368421052631575,17.36842105263158,2.280701754385965,7.80701754385965,34.20608108108108,2.037872954566788,vulnerable
multiple_runs_largerun_db_highthreat_20260410_030216.csv,multiple_runs_largerun_db_highthreat_20260410_030216.csv,944,925.0,1205.0,326.0,0.0,371.0,174.0,23.0,2.0,29.0,967.0,236.0,18.81081081081081,2.4864864864864864,3.135135135135135,0.21621621621621623,19.75103734439834,2.037872954566788,resilient
multiple_runs_largerun_db_highthreat_20260410_030216.csv,multiple_runs_largerun_db_highthreat_20260410_030216.csv,945,1145.0,1193.0,215.0,0.0,125.0,406.0,292.0,79.0,28.0,768.0,346.0,35.45851528384279,25.502183406113538,2.445414847161572,6.899563318777292,35.62447611064543,2.037872954566788,vulnerable
multiple_runs_largerun_db_highthreat_20260410_030216.csv,multiple_runs_largerun_db_highthreat_20260410_030216.csv,946,808.0,1193.0,324.0,0.0,382.0,64.0,1.0,6.0,31.0,1034.0,153.0,7.920792079207921,0.12376237623762376,3.8366336633663365,0.7425742574257426,13.327745180217937,2.037872954566788,resilient
multiple_runs_largerun_db_highthreat_20260410_030216.csv,multiple_runs_largerun_db_highthreat_20260410_030216.csv,947,982.0,1219.0,284.0,0.0,345.0,241.0,73.0,1.0,38.0,1032.0,186.0,24.54175152749491,7.433808553971486,3.8696537678207736,0.10183299389002036,15.340442986054143,2.037872954566788,resilient
multiple_runs_largerun_db_highthreat_20260410_030216.csv,multiple_runs_largerun_db_highthreat_20260410_030216.csv,948,948.0,1189.0,325.0,0.0,315.0,189.0,82.0,9.0,28.0,974.0,206.0,19.936708860759495,8.649789029535865,2.9535864978902953,0.949367088607595,18.08242220353238,2.037872954566788,resilient
multiple_runs_largerun_db_highthreat_20260410_030216.csv,multiple_runs_largerun_db_highthreat_20260410_030216.csv,949,969.0,1197.0,46.0,0.0,0.0,235.0,391.0,270.0,27.0,705.0,222.0,24.251805985552117,40.35087719298245,2.786377708978328,27.86377708978328,41.10275689223057,2.037872954566788,vulnerable
multiple_runs_largerun_db_highthreat_20260410_030216.csv,multiple_runs_largerun_db_highthreat_20260410_030216.csv,950,1193.0,1196.0,144.0,0.0,68.0,469.0,313.0,165.0,34.0,787.0,244.0,39.31265716680637,26.236378876781224,2.8499580888516345,13.830678960603521,34.197324414715716,2.037872954566788,vulnerable
multiple_runs_largerun_db_highthreat_20260410_030216.csv,multiple_runs_largerun_db_highthreat_20260410_030216.csv,951,988.0,1189.0,72.0,0.0,24.0,240.0,387.0,237.0,28.0,743.0,209.0,24.291497975708502,39.17004048582996,2.834008097165992,23.987854251012145,37.510513036164845,2.037872954566788,vulnerable
multiple_runs_largerun_db_highthreat_20260410_030216.csv,multiple_runs_largerun_db_highthreat_20260410_030216.csv,952,1061.0,1204.0,121.0,0.0,20.0,356.0,368.0,165.0,31.0,814.0,225.0,33.55325164938737,34.68426013195099,2.9217719132893496,15.551366635249764,32.39202657807309,2.037872954566788,vulnerable
multiple_runs_largerun_db_highthreat_20260410_030216.csv,multiple_runs_largerun_db_highthreat_20260410_030216.csv,953,923.0,1190.0,302.0,1.0,358.0,205.0,25.0,3.0,29.0,971.0,216.0,22.21018418201517,2.7085590465872156,3.14192849404117,0.3250270855904659,18.403361344537817,2.037872954566788,resilient
multiple_runs_largerun_db_highthreat_20260410_030216.csv,multiple_runs_largerun_db_highthreat_20260410_030216.csv,954,1001.0,1178.0,266.0,0.0,327.0,254.0,42.0,76.0,36.0,837.0,265.0,25.374625374625374,4.195804195804196,3.5964035964035967,7.592407592407592,28.947368421052634,2.037872954566788,vulnerable
multiple_runs_largerun_db_highthreat_20260410_030216.csv,multiple_runs_largerun_db_highthreat_20260410_030216.csv,955,1246.0,1216.0,213.0,0.0,185.0,497.0,225.0,87.0,39.0,776.0,353.0,39.8876404494382,18.057784911717494,3.1300160513643664,6.982343499197431,36.18421052631579,2.037872954566788,vulnerable
multiple_runs_largerun_db_highthreat_20260410_030216.csv,multiple_runs_largerun_db_highthreat_20260410_030216.csv,956,914.0,1205.0,53.0,0.0,9.0,201.0,368.0,251.0,32.0,711.0,243.0,21.99124726477024,40.26258205689278,3.50109409190372,27.461706783369806,40.995850622406635,2.037872954566788,vulnerable
multiple_runs_largerun_db_highthreat_20260410_030216.csv,multiple_runs_largerun_db_highthreat_20260410_030216.csv,957,1175.0,1209.0,86.0,0.0,7.0,450.0,391.0,206.0,35.0,761.0,242.0,38.297872340425535,33.276595744680854,2.9787234042553195,17.53191489361702,37.05541770057899,2.037872954566788,vulnerable
multiple_runs_largerun_db_highthreat_20260410_030216.csv,multiple_runs_largerun_db_highthreat_20260410_030216.csv,958,1117.0,1207.0,45.0,0.0,10.0,375.0,409.0,249.0,29.0,749.0,209.0,33.572068039391226,36.61593554162936,2.5962399283795885,22.291853178155772,37.945318972659486,2.037872954566788,vulnerable
multiple_runs_largerun_db_highthreat_20260410_030216.csv,multiple_runs_largerun_db_highthreat_20260410_030216.csv,959,1158.0,1214.0,113.0,0.0,78.0,430.0,330.0,166.0,41.0,761.0,287.0,37.13298791018998,28.497409326424872,3.540587219343696,14.335060449050086,37.31466227347611,2.037872954566788,vulnerable
multiple_runs_largerun_db_highthreat_20260410_030216.csv,multiple_runs_largerun_db_highthreat_20260410_030216.csv,960,1047.0,1207.0,334.0,0.0,372.0,281.0,11.0,0.0,49.0,883.0,324.0,26.838586437440306,1.0506208213944603,4.680038204393505,0.0,26.843413421706714,2.037872954566788,resilient
multiple_runs_largerun_db_highthreat_20260410_030216.csv,multiple_runs_largerun_db_highthreat_20260410_030216.csv,961,871.0,1211.0,278.0,0.0,386.0,99.0,35.0,33.0,40.0,1011.0,167.0,11.366245694603903,4.018369690011482,4.5924225028702645,3.788748564867968,16.51527663088357,2.037872954566788,vulnerable
multiple_runs_largerun_db_highthreat_20260410_030216.csv,multiple_runs_largerun_db_highthreat_20260410_030216.csv,962,1166.0,1212.0,203.0,0.0,129.0,429.0,283.0,87.0,35.0,854.0,271.0,36.79245283018868,24.271012006861064,3.0017152658662094,7.461406518010291,29.53795379537954,2.037872954566788,vulnerable
multiple_runs_largerun_db_highthreat_20260410_030216.csv,multiple_runs_largerun_db_highthreat_20260410_030216.csv,963,1428.0,1207.0,45.0,0.0,12.0,706.0,369.0,266.0,30.0,811.0,130.0,49.43977591036415,25.840336134453786,2.100840336134454,18.627450980392158,32.8086164043082,2.037872954566788,vulnerable
multiple_runs_largerun_db_highthreat_20260410_030216.csv,multiple_runs_largerun_db_highthreat_20260410_030216.csv,964,1061.0,1175.0,217.0,0.0,222.0,344.0,175.0,57.0,46.0,872.0,246.0,32.42224316682375,16.49387370405278,4.335532516493874,5.372290292177191,25.78723404255319,2.037872954566788,vulnerable
multiple_runs_largerun_db_highthreat_20260410_030216.csv,multiple_runs_largerun_db_highthreat_20260410_030216.csv,965,954.0,1204.0,63.0,0.0,17.0,228.0,372.0,250.0,24.0,749.0,205.0,23.89937106918239,38.9937106918239,2.515723270440252,26.20545073375262,37.7906976744186,2.037872954566788,vulnerable
multiple_runs_largerun_db_highthreat_20260410_030216.csv,multiple_runs_largerun_db_highthreat_20260410_030216.csv,966,1009.0,1209.0,272.0,0.0,314.0,303.0,90.0,0.0,30.0,1034.0,175.0,30.02973240832507,8.919722497522299,2.973240832507433,0.0,14.474772539288669,2.037872954566788,resilient
multiple_runs_largerun_db_highthreat_20260410_030216.csv,multiple_runs_largerun_db_highthreat_20260410_030216.csv,967,1201.0,1197.0,95.0,0.0,34.0,503.0,366.0,172.0,31.0,792.0,233.0,41.881765195670276,30.47460449625312,2.5811823480432974,14.321398834304746,33.83458646616541,2.037872954566788,vulnerable
multiple_runs_largerun_db_highthreat_20260410_030216.csv,multiple_runs_largerun_db_highthreat_20260410_030216.csv,968,1053.0,1186.0,90.0,0.0,3.0,334.0,396.0,203.0,27.0,761.0,222.0,31.718898385565055,37.60683760683761,2.564102564102564,19.278252611585945,35.83473861720067,2.037872954566788,vulnerable
multiple_runs_largerun_db_highthreat_20260410_030216.csv,multiple_runs_largerun_db_highthreat_20260410_030216.csv,969,1141.0,1198.0,164.0,0.0,146.0,447.0,246.0,116.0,22.0,835.0,247.0,39.17616126205083,21.56003505696757,1.9281332164767746,10.16652059596845,30.30050083472454,2.037872954566788,vulnerable
multiple_runs_largerun_db_highthreat_20260410_030216.csv,multiple_runs_largerun_db_highthreat_20260410_030216.csv,970,1023.0,1199.0,36.0,0.0,12.0,293.0,401.0,241.0,40.0,736.0,222.0,28.641251221896386,39.19843597262952,3.9100684261974585,23.558162267839688,38.61551292743953,2.037872954566788,vulnerable
multiple_runs_largerun_db_highthreat_20260410_030216.csv,multiple_runs_largerun_db_highthreat_20260410_030216.csv,971,1101.0,1193.0,55.0,0.0,2.0,350.0,394.0,270.0,30.0,706.0,217.0,31.78928247048138,35.78564940962761,2.7247956403269753,24.52316076294278,40.82145850796312,2.037872954566788,vulnerable
multiple_runs_largerun_db_highthreat_20260410_030216.csv,multiple_runs_largerun_db_highthreat_20260410_030216.csv,972,934.0,1199.0,40.0,0.0,0.0,198.0,373.0,293.0,30.0,603.0,303.0,21.199143468950748,39.935760171306214,3.2119914346895073,31.370449678800856,49.70809007506255,2.037872954566788,vulnerable
multiple_runs_largerun_db_highthreat_20260410_030216.csv,multiple_runs_largerun_db_highthreat_20260410_030216.csv,973,987.0,1201.0,306.0,0.0,343.0,246.0,57.0,0.0,35.0,1092.0,109.0,24.924012158054712,5.775075987841945,3.546099290780142,0.0,9.075770191507077,2.037872954566788,resilient
multiple_runs_largerun_db_highthreat_20260410_030216.csv,multiple_runs_largerun_db_highthreat_20260410_030216.csv,974,992.0,1199.0,70.0,0.0,23.0,255.0,362.0,249.0,33.0,751.0,199.0,25.705645161290324,36.49193548387097,3.326612903225806,25.100806451612907,37.36447039199333,2.037872954566788,vulnerable
multiple_runs_largerun_db_highthreat_20260410_030216.csv,multiple_runs_largerun_db_highthreat_20260410_030216.csv,975,973.0,1198.0,304.0,0.0,372.0,253.0,18.0,0.0,26.0,991.0,207.0,26.002055498458375,1.8499486125385407,2.672147995889003,0.0,17.2787979966611,2.037872954566788,resilient
multiple_runs_largerun_db_highthreat_20260410_030216.csv,multiple_runs_largerun_db_highthreat_20260410_030216.csv,976,925.0,1194.0,42.0,0.0,11.0,195.0,367.0,277.0,33.0,696.0,221.0,21.08108108108108,39.67567567567568,3.567567567567568,29.945945945945944,41.70854271356784,2.037872954566788,vulnerable
multiple_runs_largerun_db_highthreat_20260410_030216.csv,multiple_runs_largerun_db_highthreat_20260410_030216.csv,977,1037.0,1212.0,48.0,0.0,2.0,312.0,430.0,218.0,27.0,756.0,238.0,30.086788813886212,41.46576663452266,2.6036644165863065,21.022179363548698,37.62376237623762,2.037872954566788,vulnerable
multiple_runs_largerun_db_highthreat_20260410_030216.csv,multiple_runs_largerun_db_highthreat_20260410_030216.csv,978,976.0,1196.0,63.0,0.0,9.0,251.0,367.0,251.0,35.0,729.0,216.0,25.717213114754102,37.60245901639344,3.5860655737704916,25.717213114754102,39.046822742474916,2.037872954566788,vulnerable
multiple_runs_largerun_db_highthreat_20260410_030216.csv,multiple_runs_largerun_db_highthreat_20260410_030216.csv,979,962.0,1210.0,325.0,0.0,330.0,210.0,40.0,26.0,31.0,923.0,261.0,21.82952182952183,4.158004158004158,3.2224532224532227,2.7027027027027026,23.71900826446281,2.037872954566788,vulnerable
multiple_runs_largerun_db_highthreat_20260410_030216.csv,multiple_runs_largerun_db_highthreat_20260410_030216.csv,980,979.0,1194.0,63.0,0.0,21.0,273.0,388.0,211.0,23.0,710.0,273.0,27.8855975485189,39.63227783452503,2.3493360572012256,21.552604698672116,40.53601340033501,2.037872954566788,vulnerable
multiple_runs_largerun_db_highthreat_20260410_030216.csv,multiple_runs_largerun_db_highthreat_20260410_030216.csv,981,808.0,1205.0,306.0,0.0,385.0,62.0,20.0,0.0,35.0,958.0,247.0,7.673267326732673,2.4752475247524752,4.3316831683168315,0.0,20.497925311203318,2.037872954566788,resilient
multiple_runs_largerun_db_highthreat_20260410_030216.csv,multiple_runs_largerun_db_highthreat_20260410_030216.csv,982,1032.0,1196.0,281.0,0.0,331.0,295.0,82.0,6.0,37.0,1046.0,144.0,28.58527131782946,7.945736434108527,3.5852713178294575,0.5813953488372093,12.54180602006689,2.037872954566788,resilient
multiple_runs_largerun_db_highthreat_20260410_030216.csv,multiple_runs_largerun_db_highthreat_20260410_030216.csv,983,1097.0,1207.0,56.0,0.0,10.0,389.0,382.0,229.0,31.0,733.0,245.0,35.46034639927073,34.82224247948952,2.8258887876025525,20.875113947128533,39.27091963545982,2.037872954566788,vulnerable
multiple_runs_largerun_db_highthreat_20260410_030216.csv,multiple_runs_largerun_db_highthreat_20260410_030216.csv,984,1341.0,1189.0,79.0,0.0,50.0,618.0,353.0,220.0,21.0,744.0,225.0,46.085011185682326,26.32363907531693,1.5659955257270695,16.405667412378822,37.42640874684609,2.037872954566788,vulnerable
multiple_runs_largerun_db_highthreat_20260410_030216.csv,multiple_runs_largerun_db_highthreat_20260410_030216.csv,985,1184.0,1197.0,79.0,0.0,101.0,440.0,295.0,243.0,26.0,673.0,281.0,37.16216216216216,24.91554054054054,2.195945945945946,20.52364864864865,43.77610693400167,2.037872954566788,vulnerable
multiple_runs_largerun_db_highthreat_20260410_030216.csv,multiple_runs_largerun_db_highthreat_20260410_030216.csv,986,1167.0,1205.0,88.0,0.0,125.0,504.0,255.0,156.0,39.0,839.0,210.0,43.18766066838046,21.85089974293059,3.3419023136246784,13.367609254498714,30.37344398340249,2.037872954566788,vulnerable
multiple_runs_largerun_db_highthreat_20260410_030216.csv,multiple_runs_largerun_db_highthreat_20260410_030216.csv,987,981.0,1196.0,274.0,0.0,328.0,262.0,87.0,0.0,30.0,958.0,238.0,26.70744138634047,8.868501529051988,3.058103975535168,0.0,19.899665551839465,2.037872954566788,resilient
multiple_runs_largerun_db_highthreat_20260410_030216.csv,multiple_runs_largerun_db_highthreat_20260410_030216.csv,988,939.0,1216.0,53.0,0.0,5.0,198.0,398.0,257.0,28.0,729.0,230.0,21.08626198083067,42.38551650692226,2.9818956336528224,27.36954206602769,40.04934210526316,2.037872954566788,vulnerable
multiple_runs_largerun_db_highthreat_20260410_030216.csv,multiple_runs_largerun_db_highthreat_20260410_030216.csv,989,1295.0,1200.0,90.0,0.0,82.0,541.0,317.0,229.0,36.0,688.0,283.0,41.77606177606177,24.47876447876448,2.7799227799227797,17.683397683397683,42.66666666666667,2.037872954566788,vulnerable
multiple_runs_largerun_db_highthreat_20260410_030216.csv,multiple_runs_largerun_db_highthreat_20260410_030216.csv,990,1313.0,1195.0,51.0,0.0,24.0,602.0,360.0,244.0,32.0,749.0,202.0,45.84920030464585,27.418126428027417,2.437166793602437,18.583396801218584,37.32217573221757,2.037872954566788,vulnerable
multiple_runs_largerun_db_highthreat_20260410_030216.csv,multiple_runs_largerun_db_highthreat_20260410_030216.csv,991,1040.0,1206.0,61.0,0.0,204.0,317.0,192.0,224.0,42.0,774.0,208.0,30.480769230769234,18.461538461538463,4.038461538461538,21.53846153846154,35.82089552238806,2.037872954566788,vulnerable
multiple_runs_largerun_db_highthreat_20260410_030216.csv,multiple_runs_largerun_db_highthreat_20260410_030216.csv,992,1348.0,1186.0,35.0,0.0,14.0,618.0,390.0,270.0,21.0,805.0,111.0,45.845697329376854,28.931750741839764,1.5578635014836795,20.02967359050445,32.1247892074199,2.037872954566788,vulnerable
multiple_runs_largerun_db_highthreat_20260410_030216.csv,multiple_runs_largerun_db_highthreat_20260410_030216.csv,993,932.0,1192.0,297.0,0.0,386.0,196.0,8.0,12.0,33.0,882.0,298.0,21.030042918454935,0.8583690987124464,3.5407725321888415,1.2875536480686696,26.006711409395972,2.037872954566788,resilient
multiple_runs_largerun_db_highthreat_20260410_030216.csv,multiple_runs_largerun_db_highthreat_20260410_030216.csv,994,1254.0,1193.0,86.0,0.0,45.0,547.0,363.0,194.0,19.0,772.0,227.0,43.620414673046255,28.947368421052634,1.5151515151515151,15.47049441786284,35.28918692372171,2.037872954566788,vulnerable
multiple_runs_largerun_db_highthreat_20260410_030216.csv,multiple_runs_largerun_db_highthreat_20260410_030216.csv,995,1047.0,1184.0,44.0,0.0,2.0,296.0,415.0,256.0,34.0,694.0,234.0,28.2712511938873,39.6370582617001,3.2473734479465137,24.450811843361986,41.38513513513514,2.037872954566788,vulnerable
multiple_runs_largerun_db_highthreat_20260410_030216.csv,multiple_runs_largerun_db_highthreat_20260410_030216.csv,996,1207.0,1199.0,195.0,0.0,179.0,504.0,203.0,78.0,48.0,848.0,273.0,41.756420878210434,16.818558409279206,3.9768019884009944,6.4623032311516155,29.274395329441198,2.037872954566788,vulnerable
multiple_runs_largerun_db_highthreat_20260410_030216.csv,multiple_runs_largerun_db_highthreat_20260410_030216.csv,997,936.0,1204.0,340.0,0.0,394.0,156.0,14.0,3.0,29.0,1032.0,169.0,16.666666666666664,1.4957264957264957,3.0982905982905984,0.3205128205128205,14.285714285714285,2.037872954566788,resilient
multiple_runs_largerun_db_highthreat_20260410_030216.csv,multiple_runs_largerun_db_highthreat_20260410_030216.csv,998,980.0,1190.0,72.0,0.0,6.0,241.0,380.0,248.0,33.0,707.0,235.0,24.591836734693878,38.775510204081634,3.36734693877551,25.30612244897959,40.588235294117645,2.037872954566788,vulnerable
multiple_runs_largerun_db_highthreat_20260410_030216.csv,multiple_runs_largerun_db_highthreat_20260410_030216.csv,999,1162.0,1200.0,190.0,0.0,154.0,446.0,242.0,104.0,26.0,806.0,290.0,38.38209982788296,20.82616179001721,2.2375215146299485,8.950086058519794,32.83333333333333,2.037872954566788,vulnerable
multiple_runs_largerun_db_highthreat_20260410_030216.csv,multiple_runs_largerun_db_highthreat_20260410_030216.csv,1000,1033.0,1215.0,74.0,0.0,16.0,286.0,384.0,248.0,25.0,733.0,234.0,27.686350435624398,37.173281703775416,2.420135527589545,24.007744433688284,39.67078189300411,2.037872954566788,vulnerable
