source_file,source_path,run,total_complex_behaviors,total_expectancy,protective_behavior,community_trusting_vulnerability,healthy_friendliness,bully_behavior,aggressive_withdrawn_relationship,learned_helplessness,dangerous_trust,hopefulness,cynical,learned_helplessness_pct,protective_behavior_pct,positive_expectancy_pct,threshold_from_figure7A_pct,latent_group
multiple_runs_largerun_db_highthreat_20260410_030216.csv,multiple_runs_largerun_db_highthreat_20260410_030216.csv,1,1010.0,1222.0,318.0,0.0,372.0,254.0,25.0,0.0,41.0,1003.0,219.0,0.0,31.485148514851485,82.0785597381342,2.037872954566788,resilient
multiple_runs_largerun_db_highthreat_20260410_030216.csv,multiple_runs_largerun_db_highthreat_20260410_030216.csv,2,1022.0,1201.0,66.0,0.0,9.0,269.0,376.0,267.0,35.0,686.0,248.0,26.125244618395303,6.457925636007827,57.11906744379684,2.037872954566788,vulnerable
multiple_runs_largerun_db_highthreat_20260410_030216.csv,multiple_runs_largerun_db_highthreat_20260410_030216.csv,3,804.0,1190.0,261.0,0.0,356.0,120.0,27.0,12.0,28.0,952.0,226.0,1.4925373134328357,32.46268656716418,80.0,2.037872954566788,resilient
multiple_runs_largerun_db_highthreat_20260410_030216.csv,multiple_runs_largerun_db_highthreat_20260410_030216.csv,4,1178.0,1201.0,48.0,0.0,21.0,464.0,342.0,270.0,33.0,763.0,168.0,22.920203735144312,4.074702886247878,63.53039134054954,2.037872954566788,vulnerable
multiple_runs_largerun_db_highthreat_20260410_030216.csv,multiple_runs_largerun_db_highthreat_20260410_030216.csv,5,1054.0,1214.0,293.0,0.0,305.0,304.0,125.0,0.0,27.0,1064.0,150.0,0.0,27.798861480075903,87.64415156507414,2.037872954566788,resilient
multiple_runs_largerun_db_highthreat_20260410_030216.csv,multiple_runs_largerun_db_highthreat_20260410_030216.csv,6,1157.0,1214.0,98.0,0.0,109.0,451.0,254.0,218.0,27.0,733.0,263.0,18.84183232497839,8.47018150388937,60.378912685337724,2.037872954566788,vulnerable
multiple_runs_largerun_db_highthreat_20260410_030216.csv,multiple_runs_largerun_db_highthreat_20260410_030216.csv,7,1150.0,1204.0,211.0,0.0,211.0,432.0,190.0,63.0,43.0,847.0,294.0,5.478260869565217,18.347826086956523,70.34883720930233,2.037872954566788,vulnerable
multiple_runs_largerun_db_highthreat_20260410_030216.csv,multiple_runs_largerun_db_highthreat_20260410_030216.csv,8,964.0,1219.0,324.0,0.0,394.0,168.0,30.0,5.0,43.0,1006.0,208.0,0.5186721991701244,33.60995850622407,82.52666119770304,2.037872954566788,resilient
multiple_runs_largerun_db_highthreat_20260410_030216.csv,multiple_runs_largerun_db_highthreat_20260410_030216.csv,9,987.0,1190.0,291.0,0.0,372.0,257.0,23.0,6.0,38.0,1027.0,157.0,0.60790273556231,29.48328267477204,86.30252100840336,2.037872954566788,resilient
multiple_runs_largerun_db_highthreat_20260410_030216.csv,multiple_runs_largerun_db_highthreat_20260410_030216.csv,10,990.0,1209.0,66.0,0.0,0.0,303.0,361.0,222.0,38.0,732.0,255.0,22.424242424242426,6.666666666666667,60.545905707196034,2.037872954566788,vulnerable
multiple_runs_largerun_db_highthreat_20260410_030216.csv,multiple_runs_largerun_db_highthreat_20260410_030216.csv,11,920.0,1201.0,36.0,0.0,8.0,197.0,399.0,252.0,28.0,716.0,233.0,27.391304347826086,3.91304347826087,59.61698584512906,2.037872954566788,vulnerable
multiple_runs_largerun_db_highthreat_20260410_030216.csv,multiple_runs_largerun_db_highthreat_20260410_030216.csv,12,1077.0,1201.0,317.0,0.0,339.0,319.0,69.0,0.0,33.0,963.0,238.0,0.0,29.433611884865368,80.18318068276436,2.037872954566788,resilient
multiple_runs_largerun_db_highthreat_20260410_030216.csv,multiple_runs_largerun_db_highthreat_20260410_030216.csv,13,1368.0,1219.0,56.0,0.0,60.0,630.0,340.0,248.0,34.0,785.0,186.0,18.128654970760234,4.093567251461988,64.39704675963905,2.037872954566788,vulnerable
multiple_runs_largerun_db_highthreat_20260410_030216.csv,multiple_runs_largerun_db_highthreat_20260410_030216.csv,14,1023.0,1205.0,74.0,0.0,9.0,272.0,399.0,240.0,29.0,743.0,222.0,23.46041055718475,7.233626588465299,61.6597510373444,2.037872954566788,vulnerable
multiple_runs_largerun_db_highthreat_20260410_030216.csv,multiple_runs_largerun_db_highthreat_20260410_030216.csv,15,1301.0,1204.0,49.0,0.0,4.0,561.0,402.0,260.0,25.0,667.0,277.0,19.984627209838585,3.7663335895465027,55.39867109634552,2.037872954566788,vulnerable
multiple_runs_largerun_db_highthreat_20260410_030216.csv,multiple_runs_largerun_db_highthreat_20260410_030216.csv,16,1118.0,1213.0,73.0,0.0,28.0,408.0,376.0,206.0,27.0,764.0,243.0,18.425760286225405,6.529516994633274,62.9843363561418,2.037872954566788,vulnerable
multiple_runs_largerun_db_highthreat_20260410_030216.csv,multiple_runs_largerun_db_highthreat_20260410_030216.csv,17,977.0,1195.0,314.0,0.0,382.0,219.0,19.0,0.0,43.0,838.0,357.0,0.0,32.139201637666325,70.1255230125523,2.037872954566788,resilient
multiple_runs_largerun_db_highthreat_20260410_030216.csv,multiple_runs_largerun_db_highthreat_20260410_030216.csv,18,1057.0,1193.0,283.0,0.0,335.0,315.0,85.0,0.0,39.0,1062.0,131.0,0.0,26.773888363292336,89.01927912824812,2.037872954566788,resilient
multiple_runs_largerun_db_highthreat_20260410_030216.csv,multiple_runs_largerun_db_highthreat_20260410_030216.csv,19,1184.0,1210.0,40.0,0.0,9.0,447.0,393.0,271.0,24.0,773.0,166.0,22.888513513513516,3.3783783783783785,63.88429752066116,2.037872954566788,vulnerable
multiple_runs_largerun_db_highthreat_20260410_030216.csv,multiple_runs_largerun_db_highthreat_20260410_030216.csv,20,929.0,1193.0,28.0,0.0,20.0,229.0,368.0,256.0,28.0,724.0,213.0,27.556512378902042,3.013993541442411,60.687342833193625,2.037872954566788,vulnerable
multiple_runs_largerun_db_highthreat_20260410_030216.csv,multiple_runs_largerun_db_highthreat_20260410_030216.csv,21,1010.0,1204.0,54.0,1.0,41.0,271.0,358.0,262.0,23.0,750.0,192.0,25.940594059405942,5.346534653465347,62.292358803986716,2.037872954566788,vulnerable
multiple_runs_largerun_db_highthreat_20260410_030216.csv,multiple_runs_largerun_db_highthreat_20260410_030216.csv,22,1237.0,1199.0,99.0,0.0,58.0,503.0,354.0,190.0,33.0,801.0,208.0,15.359741309620048,8.003233629749394,66.80567139282736,2.037872954566788,vulnerable
multiple_runs_largerun_db_highthreat_20260410_030216.csv,multiple_runs_largerun_db_highthreat_20260410_030216.csv,23,1048.0,1199.0,307.0,0.0,381.0,295.0,30.0,4.0,31.0,981.0,214.0,0.38167938931297707,29.293893129770993,81.81818181818183,2.037872954566788,resilient
multiple_runs_largerun_db_highthreat_20260410_030216.csv,multiple_runs_largerun_db_highthreat_20260410_030216.csv,24,961.0,1200.0,317.0,0.0,286.0,253.0,74.0,6.0,25.0,1019.0,175.0,0.6243496357960457,32.98647242455775,84.91666666666666,2.037872954566788,resilient
multiple_runs_largerun_db_highthreat_20260410_030216.csv,multiple_runs_largerun_db_highthreat_20260410_030216.csv,25,897.0,1192.0,343.0,0.0,367.0,137.0,14.0,6.0,30.0,1032.0,154.0,0.6688963210702341,38.238573021181715,86.57718120805369,2.037872954566788,resilient
multiple_runs_largerun_db_highthreat_20260410_030216.csv,multiple_runs_largerun_db_highthreat_20260410_030216.csv,26,901.0,1208.0,50.0,0.0,6.0,186.0,357.0,276.0,26.0,716.0,216.0,30.632630410654826,5.549389567147614,59.27152317880795,2.037872954566788,vulnerable
multiple_runs_largerun_db_highthreat_20260410_030216.csv,multiple_runs_largerun_db_highthreat_20260410_030216.csv,27,904.0,1197.0,273.0,0.0,339.0,157.0,89.0,4.0,42.0,1023.0,170.0,0.4424778761061947,30.199115044247787,85.46365914786968,2.037872954566788,resilient
multiple_runs_largerun_db_highthreat_20260410_030216.csv,multiple_runs_largerun_db_highthreat_20260410_030216.csv,28,1016.0,1197.0,65.0,0.0,8.0,284.0,391.0,238.0,30.0,649.0,310.0,23.4251968503937,6.397637795275591,54.218880534670014,2.037872954566788,vulnerable
multiple_runs_largerun_db_highthreat_20260410_030216.csv,multiple_runs_largerun_db_highthreat_20260410_030216.csv,29,1050.0,1176.0,41.0,0.0,21.0,329.0,392.0,241.0,26.0,701.0,234.0,22.952380952380953,3.9047619047619047,59.60884353741497,2.037872954566788,vulnerable
multiple_runs_largerun_db_highthreat_20260410_030216.csv,multiple_runs_largerun_db_highthreat_20260410_030216.csv,30,1007.0,1198.0,48.0,0.0,11.0,314.0,383.0,224.0,27.0,681.0,293.0,22.244289970208538,4.766633565044687,56.84474123539231,2.037872954566788,vulnerable
multiple_runs_largerun_db_highthreat_20260410_030216.csv,multiple_runs_largerun_db_highthreat_20260410_030216.csv,31,920.0,1206.0,36.0,0.0,5.0,183.0,398.0,267.0,31.0,701.0,238.0,29.02173913043478,3.91304347826087,58.12603648424543,2.037872954566788,vulnerable
multiple_runs_largerun_db_highthreat_20260410_030216.csv,multiple_runs_largerun_db_highthreat_20260410_030216.csv,32,970.0,1204.0,57.0,0.0,21.0,228.0,388.0,244.0,32.0,647.0,313.0,25.15463917525773,5.876288659793814,53.737541528239205,2.037872954566788,vulnerable
multiple_runs_largerun_db_highthreat_20260410_030216.csv,multiple_runs_largerun_db_highthreat_20260410_030216.csv,33,1068.0,1209.0,299.0,0.0,338.0,294.0,64.0,32.0,41.0,972.0,205.0,2.9962546816479403,27.99625468164794,80.39702233250621,2.037872954566788,vulnerable
multiple_runs_largerun_db_highthreat_20260410_030216.csv,multiple_runs_largerun_db_highthreat_20260410_030216.csv,34,1124.0,1173.0,36.0,0.0,18.0,419.0,354.0,279.0,18.0,715.0,179.0,24.822064056939503,3.202846975088968,60.954816709292416,2.037872954566788,vulnerable
multiple_runs_largerun_db_highthreat_20260410_030216.csv,multiple_runs_largerun_db_highthreat_20260410_030216.csv,35,1099.0,1186.0,184.0,0.0,174.0,375.0,227.0,109.0,30.0,774.0,303.0,9.918107370336669,16.742493175614197,65.26138279932546,2.037872954566788,vulnerable
multiple_runs_largerun_db_highthreat_20260410_030216.csv,multiple_runs_largerun_db_highthreat_20260410_030216.csv,36,1120.0,1196.0,43.0,0.0,10.0,405.0,391.0,246.0,25.0,725.0,225.0,21.964285714285715,3.8392857142857144,60.618729096989966,2.037872954566788,vulnerable
multiple_runs_largerun_db_highthreat_20260410_030216.csv,multiple_runs_largerun_db_highthreat_20260410_030216.csv,37,936.0,1198.0,295.0,0.0,378.0,211.0,4.0,13.0,35.0,1027.0,158.0,1.3888888888888888,31.517094017094017,85.72621035058431,2.037872954566788,resilient
multiple_runs_largerun_db_highthreat_20260410_030216.csv,multiple_runs_largerun_db_highthreat_20260410_030216.csv,38,1262.0,1199.0,34.0,0.0,45.0,538.0,331.0,284.0,30.0,717.0,198.0,22.503961965134707,2.694136291600634,59.79983319432861,2.037872954566788,vulnerable
multiple_runs_largerun_db_highthreat_20260410_030216.csv,multiple_runs_largerun_db_highthreat_20260410_030216.csv,39,1051.0,1187.0,233.0,0.0,234.0,330.0,155.0,59.0,40.0,799.0,329.0,5.613701236917222,22.169362511893436,67.31255265374895,2.037872954566788,vulnerable
multiple_runs_largerun_db_highthreat_20260410_030216.csv,multiple_runs_largerun_db_highthreat_20260410_030216.csv,40,1265.0,1183.0,54.0,0.0,7.0,533.0,421.0,223.0,27.0,714.0,246.0,17.628458498023715,4.2687747035573125,60.35502958579882,2.037872954566788,vulnerable
multiple_runs_largerun_db_highthreat_20260410_030216.csv,multiple_runs_largerun_db_highthreat_20260410_030216.csv,41,948.0,1213.0,35.0,0.0,20.0,214.0,364.0,266.0,49.0,698.0,249.0,28.059071729957807,3.691983122362869,57.54328112118714,2.037872954566788,vulnerable
multiple_runs_largerun_db_highthreat_20260410_030216.csv,multiple_runs_largerun_db_highthreat_20260410_030216.csv,42,854.0,1206.0,336.0,0.0,354.0,112.0,15.0,0.0,37.0,988.0,218.0,0.0,39.34426229508197,81.92371475953566,2.037872954566788,resilient
multiple_runs_largerun_db_highthreat_20260410_030216.csv,multiple_runs_largerun_db_highthreat_20260410_030216.csv,43,1000.0,1199.0,318.0,0.0,271.0,225.0,140.0,14.0,32.0,1023.0,162.0,1.4000000000000001,31.8,85.3211009174312,2.037872954566788,resilient
multiple_runs_largerun_db_highthreat_20260410_030216.csv,multiple_runs_largerun_db_highthreat_20260410_030216.csv,44,1148.0,1233.0,60.0,0.0,10.0,387.0,411.0,248.0,32.0,760.0,225.0,21.602787456445995,5.2264808362369335,61.6382806163828,2.037872954566788,vulnerable
multiple_runs_largerun_db_highthreat_20260410_030216.csv,multiple_runs_largerun_db_highthreat_20260410_030216.csv,45,1354.0,1216.0,81.0,0.0,56.0,614.0,361.0,208.0,34.0,780.0,228.0,15.36189069423929,5.982274741506647,64.14473684210526,2.037872954566788,vulnerable
multiple_runs_largerun_db_highthreat_20260410_030216.csv,multiple_runs_largerun_db_highthreat_20260410_030216.csv,46,1015.0,1193.0,51.0,0.0,14.0,277.0,425.0,222.0,26.0,785.0,186.0,21.87192118226601,5.024630541871921,65.80050293378038,2.037872954566788,vulnerable
multiple_runs_largerun_db_highthreat_20260410_030216.csv,multiple_runs_largerun_db_highthreat_20260410_030216.csv,47,1242.0,1198.0,132.0,0.0,161.0,531.0,226.0,163.0,29.0,786.0,249.0,13.123993558776167,10.628019323671497,65.6093489148581,2.037872954566788,vulnerable
multiple_runs_largerun_db_highthreat_20260410_030216.csv,multiple_runs_largerun_db_highthreat_20260410_030216.csv,48,1039.0,1210.0,316.0,0.0,381.0,288.0,19.0,0.0,35.0,1109.0,101.0,0.0,30.41385948026949,91.65289256198346,2.037872954566788,resilient
multiple_runs_largerun_db_highthreat_20260410_030216.csv,multiple_runs_largerun_db_highthreat_20260410_030216.csv,49,963.0,1186.0,63.0,0.0,4.0,220.0,383.0,263.0,30.0,699.0,224.0,27.31048805815161,6.5420560747663545,58.93760539629005,2.037872954566788,vulnerable
multiple_runs_largerun_db_highthreat_20260410_030216.csv,multiple_runs_largerun_db_highthreat_20260410_030216.csv,50,992.0,1192.0,59.0,0.0,5.0,250.0,401.0,248.0,29.0,747.0,197.0,25.0,5.947580645161291,62.667785234899334,2.037872954566788,vulnerable
multiple_runs_largerun_db_highthreat_20260410_030216.csv,multiple_runs_largerun_db_highthreat_20260410_030216.csv,51,972.0,1211.0,308.0,0.0,393.0,220.0,13.0,0.0,38.0,873.0,338.0,0.0,31.68724279835391,72.08918249380677,2.037872954566788,resilient
multiple_runs_largerun_db_highthreat_20260410_030216.csv,multiple_runs_largerun_db_highthreat_20260410_030216.csv,52,1010.0,1199.0,68.0,0.0,14.0,261.0,381.0,254.0,32.0,678.0,267.0,25.14851485148515,6.732673267326733,56.54712260216848,2.037872954566788,vulnerable
multiple_runs_largerun_db_highthreat_20260410_030216.csv,multiple_runs_largerun_db_highthreat_20260410_030216.csv,53,1079.0,1200.0,58.0,0.0,1.0,344.0,407.0,236.0,33.0,713.0,251.0,21.872103799814642,5.375347544022243,59.416666666666664,2.037872954566788,vulnerable
multiple_runs_largerun_db_highthreat_20260410_030216.csv,multiple_runs_largerun_db_highthreat_20260410_030216.csv,54,868.0,1199.0,26.0,0.0,0.0,127.0,404.0,276.0,35.0,627.0,296.0,31.797235023041477,2.995391705069124,52.293577981651374,2.037872954566788,vulnerable
multiple_runs_largerun_db_highthreat_20260410_030216.csv,multiple_runs_largerun_db_highthreat_20260410_030216.csv,55,976.0,1203.0,297.0,0.0,274.0,261.0,106.0,0.0,38.0,1095.0,108.0,0.0,30.43032786885246,91.02244389027432,2.037872954566788,resilient
multiple_runs_largerun_db_highthreat_20260410_030216.csv,multiple_runs_largerun_db_highthreat_20260410_030216.csv,56,962.0,1202.0,330.0,0.0,391.0,216.0,2.0,0.0,23.0,963.0,239.0,0.0,34.303534303534306,80.11647254575706,2.037872954566788,resilient
multiple_runs_largerun_db_highthreat_20260410_030216.csv,multiple_runs_largerun_db_highthreat_20260410_030216.csv,57,930.0,1194.0,25.0,0.0,16.0,182.0,374.0,308.0,25.0,663.0,223.0,33.11827956989247,2.6881720430107525,55.527638190954775,2.037872954566788,vulnerable
multiple_runs_largerun_db_highthreat_20260410_030216.csv,multiple_runs_largerun_db_highthreat_20260410_030216.csv,58,1221.0,1209.0,101.0,0.0,51.0,486.0,346.0,205.0,32.0,797.0,207.0,16.78951678951679,8.271908271908272,65.92224979321753,2.037872954566788,vulnerable
multiple_runs_largerun_db_highthreat_20260410_030216.csv,multiple_runs_largerun_db_highthreat_20260410_030216.csv,59,1002.0,1211.0,68.0,0.0,7.0,232.0,382.0,277.0,36.0,680.0,254.0,27.644710578842314,6.786427145708583,56.15194054500413,2.037872954566788,vulnerable
multiple_runs_largerun_db_highthreat_20260410_030216.csv,multiple_runs_largerun_db_highthreat_20260410_030216.csv,60,1316.0,1202.0,58.0,0.0,4.0,564.0,397.0,258.0,35.0,784.0,160.0,19.6048632218845,4.407294832826747,65.22462562396007,2.037872954566788,vulnerable
multiple_runs_largerun_db_highthreat_20260410_030216.csv,multiple_runs_largerun_db_highthreat_20260410_030216.csv,61,1268.0,1192.0,85.0,0.0,88.0,564.0,287.0,213.0,31.0,806.0,173.0,16.798107255520506,6.703470031545741,67.61744966442953,2.037872954566788,vulnerable
multiple_runs_largerun_db_highthreat_20260410_030216.csv,multiple_runs_largerun_db_highthreat_20260410_030216.csv,62,1020.0,1198.0,39.0,0.0,35.0,295.0,345.0,264.0,42.0,727.0,207.0,25.882352941176475,3.823529411764706,60.68447412353923,2.037872954566788,vulnerable
multiple_runs_largerun_db_highthreat_20260410_030216.csv,multiple_runs_largerun_db_highthreat_20260410_030216.csv,63,1019.0,1197.0,321.0,0.0,349.0,257.0,51.0,0.0,41.0,1020.0,177.0,0.0,31.50147203140334,85.21303258145363,2.037872954566788,resilient
multiple_runs_largerun_db_highthreat_20260410_030216.csv,multiple_runs_largerun_db_highthreat_20260410_030216.csv,64,1030.0,1187.0,57.0,0.0,14.0,322.0,372.0,230.0,35.0,723.0,234.0,22.330097087378643,5.533980582524272,60.909856781802866,2.037872954566788,vulnerable
multiple_runs_largerun_db_highthreat_20260410_030216.csv,multiple_runs_largerun_db_highthreat_20260410_030216.csv,65,935.0,1201.0,49.0,0.0,1.0,193.0,414.0,250.0,28.0,699.0,252.0,26.737967914438503,5.240641711229946,58.2014987510408,2.037872954566788,vulnerable
multiple_runs_largerun_db_highthreat_20260410_030216.csv,multiple_runs_largerun_db_highthreat_20260410_030216.csv,66,963.0,1192.0,296.0,0.0,336.0,222.0,71.0,4.0,34.0,1072.0,116.0,0.4153686396677051,30.73727933541018,89.93288590604027,2.037872954566788,resilient
multiple_runs_largerun_db_highthreat_20260410_030216.csv,multiple_runs_largerun_db_highthreat_20260410_030216.csv,67,1136.0,1201.0,197.0,0.0,107.0,433.0,287.0,85.0,27.0,859.0,257.0,7.482394366197183,17.341549295774648,71.52373022481265,2.037872954566788,vulnerable
multiple_runs_largerun_db_highthreat_20260410_030216.csv,multiple_runs_largerun_db_highthreat_20260410_030216.csv,68,984.0,1189.0,331.0,0.0,351.0,240.0,35.0,1.0,26.0,1043.0,145.0,0.10162601626016261,33.638211382113816,87.72077375946174,2.037872954566788,resilient
multiple_runs_largerun_db_highthreat_20260410_030216.csv,multiple_runs_largerun_db_highthreat_20260410_030216.csv,69,928.0,1188.0,329.0,0.0,325.0,183.0,53.0,3.0,35.0,969.0,216.0,0.3232758620689655,35.452586206896555,81.56565656565657,2.037872954566788,resilient
multiple_runs_largerun_db_highthreat_20260410_030216.csv,multiple_runs_largerun_db_highthreat_20260410_030216.csv,70,1039.0,1192.0,47.0,1.0,20.0,350.0,361.0,226.0,34.0,689.0,277.0,21.751684311838307,4.523580365736285,57.80201342281879,2.037872954566788,vulnerable
multiple_runs_largerun_db_highthreat_20260410_030216.csv,multiple_runs_largerun_db_highthreat_20260410_030216.csv,71,890.0,1216.0,304.0,0.0,373.0,155.0,10.0,6.0,42.0,906.0,304.0,0.6741573033707865,34.157303370786515,74.50657894736842,2.037872954566788,resilient
multiple_runs_largerun_db_highthreat_20260410_030216.csv,multiple_runs_largerun_db_highthreat_20260410_030216.csv,72,1023.0,1202.0,84.0,0.0,2.0,274.0,430.0,208.0,25.0,770.0,224.0,20.332355816226784,8.211143695014663,64.05990016638935,2.037872954566788,vulnerable
multiple_runs_largerun_db_highthreat_20260410_030216.csv,multiple_runs_largerun_db_highthreat_20260410_030216.csv,73,1380.0,1178.0,42.0,0.0,16.0,612.0,397.0,274.0,39.0,730.0,174.0,19.855072463768117,3.0434782608695654,61.96943972835314,2.037872954566788,vulnerable
multiple_runs_largerun_db_highthreat_20260410_030216.csv,multiple_runs_largerun_db_highthreat_20260410_030216.csv,74,1385.0,1201.0,64.0,0.0,17.0,673.0,381.0,225.0,25.0,775.0,201.0,16.24548736462094,4.620938628158845,64.52955870108244,2.037872954566788,vulnerable
multiple_runs_largerun_db_highthreat_20260410_030216.csv,multiple_runs_largerun_db_highthreat_20260410_030216.csv,75,796.0,837.0,50.0,0.0,98.0,283.0,195.0,130.0,40.0,547.0,160.0,16.331658291457288,6.281407035175879,65.35244922341697,2.037872954566788,vulnerable
multiple_runs_largerun_db_highthreat_20260410_030216.csv,multiple_runs_largerun_db_highthreat_20260410_030216.csv,76,1352.0,1193.0,62.0,0.0,64.0,645.0,321.0,227.0,33.0,789.0,177.0,16.789940828402365,4.585798816568047,66.13579212070411,2.037872954566788,vulnerable
multiple_runs_largerun_db_highthreat_20260410_030216.csv,multiple_runs_largerun_db_highthreat_20260410_030216.csv,77,953.0,1204.0,52.0,0.0,3.0,243.0,384.0,242.0,29.0,747.0,215.0,25.39349422875131,5.456453305351522,62.04318936877077,2.037872954566788,vulnerable
multiple_runs_largerun_db_highthreat_20260410_030216.csv,multiple_runs_largerun_db_highthreat_20260410_030216.csv,78,1029.0,1196.0,56.0,0.0,3.0,277.0,400.0,261.0,32.0,714.0,221.0,25.364431486880466,5.442176870748299,59.6989966555184,2.037872954566788,vulnerable
multiple_runs_largerun_db_highthreat_20260410_030216.csv,multiple_runs_largerun_db_highthreat_20260410_030216.csv,79,952.0,1207.0,318.0,0.0,365.0,174.0,50.0,7.0,38.0,972.0,228.0,0.7352941176470588,33.403361344537814,80.53024026512013,2.037872954566788,resilient
multiple_runs_largerun_db_highthreat_20260410_030216.csv,multiple_runs_largerun_db_highthreat_20260410_030216.csv,80,940.0,1214.0,286.0,0.0,347.0,242.0,39.0,0.0,26.0,991.0,223.0,0.0,30.425531914893618,81.63097199341021,2.037872954566788,resilient
multiple_runs_largerun_db_highthreat_20260410_030216.csv,multiple_runs_largerun_db_highthreat_20260410_030216.csv,81,1007.0,1202.0,40.0,0.0,8.0,260.0,382.0,291.0,26.0,698.0,213.0,28.897715988083416,3.9721946375372394,58.069883527454245,2.037872954566788,vulnerable
multiple_runs_largerun_db_highthreat_20260410_030216.csv,multiple_runs_largerun_db_highthreat_20260410_030216.csv,82,923.0,1187.0,40.0,0.0,1.0,189.0,382.0,286.0,25.0,698.0,203.0,30.985915492957744,4.333694474539545,58.803706823925864,2.037872954566788,vulnerable
multiple_runs_largerun_db_highthreat_20260410_030216.csv,multiple_runs_largerun_db_highthreat_20260410_030216.csv,83,1004.0,1206.0,66.0,0.0,0.0,251.0,400.0,250.0,37.0,690.0,266.0,24.900398406374503,6.573705179282868,57.2139303482587,2.037872954566788,vulnerable
multiple_runs_largerun_db_highthreat_20260410_030216.csv,multiple_runs_largerun_db_highthreat_20260410_030216.csv,84,1423.0,1191.0,50.0,0.0,0.0,675.0,408.0,271.0,19.0,769.0,151.0,19.04427266338721,3.5137034434293746,64.56759026028548,2.037872954566788,vulnerable
multiple_runs_largerun_db_highthreat_20260410_030216.csv,multiple_runs_largerun_db_highthreat_20260410_030216.csv,85,848.0,1176.0,281.0,0.0,357.0,121.0,39.0,7.0,43.0,951.0,218.0,0.8254716981132075,33.136792452830186,80.86734693877551,2.037872954566788,resilient
multiple_runs_largerun_db_highthreat_20260410_030216.csv,multiple_runs_largerun_db_highthreat_20260410_030216.csv,86,1107.0,1197.0,82.0,0.0,36.0,407.0,353.0,198.0,31.0,703.0,296.0,17.88617886178862,7.4074074074074066,58.730158730158735,2.037872954566788,vulnerable
multiple_runs_largerun_db_highthreat_20260410_030216.csv,multiple_runs_largerun_db_highthreat_20260410_030216.csv,87,1170.0,1210.0,140.0,0.0,80.0,423.0,326.0,164.0,37.0,788.0,258.0,14.017094017094017,11.965811965811966,65.12396694214875,2.037872954566788,vulnerable
multiple_runs_largerun_db_highthreat_20260410_030216.csv,multiple_runs_largerun_db_highthreat_20260410_030216.csv,88,1035.0,1208.0,45.0,0.0,2.0,293.0,399.0,270.0,26.0,741.0,197.0,26.08695652173913,4.3478260869565215,61.341059602649004,2.037872954566788,vulnerable
multiple_runs_largerun_db_highthreat_20260410_030216.csv,multiple_runs_largerun_db_highthreat_20260410_030216.csv,89,1050.0,1205.0,342.0,0.0,349.0,292.0,42.0,2.0,23.0,1078.0,125.0,0.19047619047619047,32.57142857142858,89.46058091286308,2.037872954566788,resilient
multiple_runs_largerun_db_highthreat_20260410_030216.csv,multiple_runs_largerun_db_highthreat_20260410_030216.csv,90,1300.0,1202.0,150.0,0.0,113.0,539.0,293.0,177.0,28.0,796.0,229.0,13.615384615384615,11.538461538461538,66.22296173044924,2.037872954566788,vulnerable
multiple_runs_largerun_db_highthreat_20260410_030216.csv,multiple_runs_largerun_db_highthreat_20260410_030216.csv,91,1475.0,1210.0,28.0,0.0,1.0,735.0,414.0,273.0,24.0,812.0,125.0,18.508474576271187,1.8983050847457625,67.10743801652893,2.037872954566788,vulnerable
multiple_runs_largerun_db_highthreat_20260410_030216.csv,multiple_runs_largerun_db_highthreat_20260410_030216.csv,92,939.0,1212.0,52.0,0.0,14.0,194.0,409.0,241.0,29.0,731.0,240.0,25.66560170394036,5.537806176783812,60.31353135313532,2.037872954566788,vulnerable
multiple_runs_largerun_db_highthreat_20260410_030216.csv,multiple_runs_largerun_db_highthreat_20260410_030216.csv,93,1034.0,1203.0,305.0,0.0,399.0,267.0,21.0,3.0,39.0,1074.0,126.0,0.2901353965183753,29.497098646034814,89.27680798004988,2.037872954566788,resilient
multiple_runs_largerun_db_highthreat_20260410_030216.csv,multiple_runs_largerun_db_highthreat_20260410_030216.csv,94,883.0,1176.0,42.0,0.0,4.0,189.0,381.0,254.0,13.0,705.0,217.0,28.765571913929783,4.756511891279728,59.94897959183674,2.037872954566788,vulnerable
multiple_runs_largerun_db_highthreat_20260410_030216.csv,multiple_runs_largerun_db_highthreat_20260410_030216.csv,95,1096.0,1195.0,75.0,0.0,16.0,350.0,356.0,270.0,29.0,766.0,159.0,24.635036496350367,6.843065693430657,64.10041841004184,2.037872954566788,vulnerable
multiple_runs_largerun_db_highthreat_20260410_030216.csv,multiple_runs_largerun_db_highthreat_20260410_030216.csv,96,996.0,1203.0,49.0,0.0,9.0,251.0,401.0,252.0,34.0,739.0,212.0,25.301204819277107,4.919678714859438,61.42975893599335,2.037872954566788,vulnerable
multiple_runs_largerun_db_highthreat_20260410_030216.csv,multiple_runs_largerun_db_highthreat_20260410_030216.csv,97,772.0,1208.0,35.0,0.0,323.0,78.0,86.0,217.0,33.0,814.0,177.0,28.10880829015544,4.533678756476684,67.3841059602649,2.037872954566788,vulnerable
multiple_runs_largerun_db_highthreat_20260410_030216.csv,multiple_runs_largerun_db_highthreat_20260410_030216.csv,98,935.0,1192.0,50.0,0.0,0.0,200.0,399.0,258.0,28.0,689.0,245.0,27.593582887700535,5.347593582887701,57.80201342281879,2.037872954566788,vulnerable
multiple_runs_largerun_db_highthreat_20260410_030216.csv,multiple_runs_largerun_db_highthreat_20260410_030216.csv,99,944.0,1182.0,37.0,0.0,5.0,232.0,394.0,254.0,22.0,670.0,258.0,26.906779661016948,3.919491525423729,56.683587140439926,2.037872954566788,vulnerable
multiple_runs_largerun_db_highthreat_20260410_030216.csv,multiple_runs_largerun_db_highthreat_20260410_030216.csv,100,1076.0,1200.0,52.0,0.0,32.0,366.0,354.0,244.0,28.0,743.0,213.0,22.676579925650557,4.83271375464684,61.916666666666664,2.037872954566788,vulnerable
multiple_runs_largerun_db_highthreat_20260410_030216.csv,multiple_runs_largerun_db_highthreat_20260410_030216.csv,101,917.0,1195.0,302.0,0.0,296.0,195.0,70.0,16.0,38.0,966.0,213.0,1.7448200654307526,32.93347873500545,80.836820083682,2.037872954566788,resilient
multiple_runs_largerun_db_highthreat_20260410_030216.csv,multiple_runs_largerun_db_highthreat_20260410_030216.csv,102,973.0,1217.0,281.0,0.0,389.0,259.0,19.0,0.0,25.0,1048.0,169.0,0.0,28.879753340184994,86.11339359079705,2.037872954566788,resilient
multiple_runs_largerun_db_highthreat_20260410_030216.csv,multiple_runs_largerun_db_highthreat_20260410_030216.csv,103,1144.0,1184.0,90.0,0.0,99.0,438.0,264.0,221.0,32.0,755.0,208.0,19.318181818181817,7.8671328671328675,63.766891891891895,2.037872954566788,vulnerable
multiple_runs_largerun_db_highthreat_20260410_030216.csv,multiple_runs_largerun_db_highthreat_20260410_030216.csv,104,1153.0,1202.0,82.0,0.0,1.0,404.0,410.0,234.0,22.0,744.0,224.0,20.294882914137034,7.111882046834345,61.89683860232945,2.037872954566788,vulnerable
multiple_runs_largerun_db_highthreat_20260410_030216.csv,multiple_runs_largerun_db_highthreat_20260410_030216.csv,105,955.0,1205.0,53.0,0.0,7.0,262.0,399.0,201.0,33.0,740.0,264.0,21.047120418848166,5.549738219895288,61.41078838174274,2.037872954566788,vulnerable
multiple_runs_largerun_db_highthreat_20260410_030216.csv,multiple_runs_largerun_db_highthreat_20260410_030216.csv,106,1011.0,1209.0,86.0,0.0,7.0,281.0,406.0,194.0,37.0,776.0,239.0,19.188921859545005,8.506429277942631,64.18527708850289,2.037872954566788,vulnerable
multiple_runs_largerun_db_highthreat_20260410_030216.csv,multiple_runs_largerun_db_highthreat_20260410_030216.csv,107,923.0,1212.0,290.0,0.0,369.0,180.0,35.0,10.0,39.0,945.0,257.0,1.0834236186348862,31.4192849404117,77.97029702970298,2.037872954566788,resilient
multiple_runs_largerun_db_highthreat_20260410_030216.csv,multiple_runs_largerun_db_highthreat_20260410_030216.csv,108,955.0,1214.0,304.0,0.0,401.0,194.0,14.0,0.0,42.0,1004.0,210.0,0.0,31.83246073298429,82.70181219110378,2.037872954566788,resilient
multiple_runs_largerun_db_highthreat_20260410_030216.csv,multiple_runs_largerun_db_highthreat_20260410_030216.csv,109,1097.0,1196.0,31.0,0.0,16.0,378.0,376.0,264.0,32.0,738.0,194.0,24.06563354603464,2.8258887876025525,61.7056856187291,2.037872954566788,vulnerable
multiple_runs_largerun_db_highthreat_20260410_030216.csv,multiple_runs_largerun_db_highthreat_20260410_030216.csv,110,1019.0,1204.0,75.0,0.0,0.0,280.0,397.0,235.0,32.0,743.0,226.0,23.061825318940137,7.360157016683022,61.7109634551495,2.037872954566788,vulnerable
multiple_runs_largerun_db_highthreat_20260410_030216.csv,multiple_runs_largerun_db_highthreat_20260410_030216.csv,111,1036.0,1201.0,49.0,0.0,5.0,315.0,405.0,236.0,26.0,733.0,232.0,22.779922779922778,4.72972972972973,61.03247293921732,2.037872954566788,vulnerable
multiple_runs_largerun_db_highthreat_20260410_030216.csv,multiple_runs_largerun_db_highthreat_20260410_030216.csv,112,1037.0,1196.0,62.0,0.0,9.0,302.0,394.0,246.0,24.0,712.0,238.0,23.722275795564126,5.978784956605593,59.53177257525084,2.037872954566788,vulnerable
multiple_runs_largerun_db_highthreat_20260410_030216.csv,multiple_runs_largerun_db_highthreat_20260410_030216.csv,113,915.0,1201.0,49.0,0.0,1.0,180.0,379.0,284.0,22.0,691.0,226.0,31.038251366120218,5.355191256830602,57.535387177352206,2.037872954566788,vulnerable
multiple_runs_largerun_db_highthreat_20260410_030216.csv,multiple_runs_largerun_db_highthreat_20260410_030216.csv,114,1156.0,1196.0,164.0,0.0,126.0,432.0,267.0,133.0,34.0,778.0,285.0,11.505190311418685,14.186851211072666,65.05016722408027,2.037872954566788,vulnerable
multiple_runs_largerun_db_highthreat_20260410_030216.csv,multiple_runs_largerun_db_highthreat_20260410_030216.csv,115,1085.0,1227.0,51.0,0.0,22.0,366.0,378.0,234.0,34.0,766.0,227.0,21.566820276497694,4.700460829493087,62.428687856560714,2.037872954566788,vulnerable
multiple_runs_largerun_db_highthreat_20260410_030216.csv,multiple_runs_largerun_db_highthreat_20260410_030216.csv,116,985.0,1213.0,284.0,0.0,355.0,255.0,50.0,1.0,40.0,986.0,226.0,0.10152284263959391,28.832487309644673,81.28606760098928,2.037872954566788,resilient
multiple_runs_largerun_db_highthreat_20260410_030216.csv,multiple_runs_largerun_db_highthreat_20260410_030216.csv,117,1047.0,1189.0,25.0,0.0,3.0,333.0,384.0,276.0,26.0,694.0,219.0,26.36103151862464,2.387774594078319,58.36837678721615,2.037872954566788,vulnerable
multiple_runs_largerun_db_highthreat_20260410_030216.csv,multiple_runs_largerun_db_highthreat_20260410_030216.csv,118,892.0,1211.0,305.0,0.0,315.0,171.0,71.0,0.0,30.0,963.0,248.0,0.0,34.19282511210762,79.52105697770438,2.037872954566788,resilient
multiple_runs_largerun_db_highthreat_20260410_030216.csv,multiple_runs_largerun_db_highthreat_20260410_030216.csv,119,970.0,1193.0,240.0,0.0,273.0,302.0,110.0,9.0,36.0,1010.0,174.0,0.9278350515463918,24.742268041237114,84.66051969823974,2.037872954566788,resilient
multiple_runs_largerun_db_highthreat_20260410_030216.csv,multiple_runs_largerun_db_highthreat_20260410_030216.csv,120,972.0,1201.0,335.0,0.0,377.0,211.0,21.0,0.0,28.0,1029.0,172.0,0.0,34.465020576131685,85.67860116569526,2.037872954566788,resilient
multiple_runs_largerun_db_highthreat_20260410_030216.csv,multiple_runs_largerun_db_highthreat_20260410_030216.csv,121,1110.0,1212.0,42.0,0.0,2.0,350.0,396.0,302.0,18.0,704.0,206.0,27.207207207207208,3.783783783783784,58.08580858085809,2.037872954566788,vulnerable
multiple_runs_largerun_db_highthreat_20260410_030216.csv,multiple_runs_largerun_db_highthreat_20260410_030216.csv,122,902.0,1192.0,36.0,0.0,15.0,202.0,371.0,256.0,22.0,727.0,209.0,28.38137472283814,3.9911308203991127,60.98993288590604,2.037872954566788,vulnerable
multiple_runs_largerun_db_highthreat_20260410_030216.csv,multiple_runs_largerun_db_highthreat_20260410_030216.csv,123,938.0,1172.0,38.0,0.0,0.0,227.0,366.0,285.0,22.0,662.0,225.0,30.383795309168445,4.051172707889126,56.484641638225256,2.037872954566788,vulnerable
multiple_runs_largerun_db_highthreat_20260410_030216.csv,multiple_runs_largerun_db_highthreat_20260410_030216.csv,124,1360.0,1212.0,53.0,0.0,13.0,611.0,366.0,280.0,37.0,688.0,244.0,20.588235294117645,3.8970588235294117,56.76567656765676,2.037872954566788,vulnerable
multiple_runs_largerun_db_highthreat_20260410_030216.csv,multiple_runs_largerun_db_highthreat_20260410_030216.csv,125,891.0,1189.0,40.0,0.0,0.0,189.0,380.0,260.0,22.0,644.0,285.0,29.180695847362514,4.489337822671156,54.16316232127838,2.037872954566788,vulnerable
multiple_runs_largerun_db_highthreat_20260410_030216.csv,multiple_runs_largerun_db_highthreat_20260410_030216.csv,126,1002.0,1195.0,292.0,0.0,298.0,283.0,84.0,5.0,40.0,975.0,215.0,0.499001996007984,29.141716566866265,81.58995815899581,2.037872954566788,resilient
multiple_runs_largerun_db_highthreat_20260410_030216.csv,multiple_runs_largerun_db_highthreat_20260410_030216.csv,127,1078.0,1199.0,261.0,0.0,300.0,372.0,125.0,0.0,20.0,1061.0,138.0,0.0,24.211502782931355,88.49040867389492,2.037872954566788,resilient
multiple_runs_largerun_db_highthreat_20260410_030216.csv,multiple_runs_largerun_db_highthreat_20260410_030216.csv,128,1110.0,1189.0,223.0,0.0,135.0,396.0,248.0,76.0,32.0,782.0,331.0,6.846846846846846,20.09009009009009,65.76955424726661,2.037872954566788,vulnerable
multiple_runs_largerun_db_highthreat_20260410_030216.csv,multiple_runs_largerun_db_highthreat_20260410_030216.csv,129,1222.0,1207.0,101.0,0.0,48.0,487.0,337.0,224.0,25.0,724.0,259.0,18.330605564648117,8.265139116202946,59.983429991715,2.037872954566788,vulnerable
multiple_runs_largerun_db_highthreat_20260410_030216.csv,multiple_runs_largerun_db_highthreat_20260410_030216.csv,130,1159.0,1200.0,262.0,0.0,213.0,432.0,176.0,38.0,38.0,842.0,320.0,3.278688524590164,22.605694564279553,70.16666666666667,2.037872954566788,vulnerable
multiple_runs_largerun_db_highthreat_20260410_030216.csv,multiple_runs_largerun_db_highthreat_20260410_030216.csv,131,925.0,1180.0,43.0,0.0,6.0,210.0,375.0,260.0,31.0,676.0,244.0,28.10810810810811,4.648648648648648,57.28813559322033,2.037872954566788,vulnerable
multiple_runs_largerun_db_highthreat_20260410_030216.csv,multiple_runs_largerun_db_highthreat_20260410_030216.csv,132,943.0,1192.0,61.0,0.0,13.0,211.0,381.0,251.0,26.0,703.0,238.0,26.617179215270415,6.468716861081654,58.9765100671141,2.037872954566788,vulnerable
multiple_runs_largerun_db_highthreat_20260410_030216.csv,multiple_runs_largerun_db_highthreat_20260410_030216.csv,133,1194.0,1190.0,147.0,0.0,138.0,501.0,241.0,144.0,23.0,791.0,255.0,12.060301507537687,12.311557788944723,66.47058823529412,2.037872954566788,vulnerable
multiple_runs_largerun_db_highthreat_20260410_030216.csv,multiple_runs_largerun_db_highthreat_20260410_030216.csv,134,1165.0,1200.0,175.0,0.0,146.0,448.0,262.0,102.0,32.0,830.0,268.0,8.755364806866952,15.021459227467812,69.16666666666667,2.037872954566788,vulnerable
multiple_runs_largerun_db_highthreat_20260410_030216.csv,multiple_runs_largerun_db_highthreat_20260410_030216.csv,135,936.0,1196.0,323.0,0.0,358.0,194.0,26.0,2.0,33.0,945.0,249.0,0.2136752136752137,34.508547008547005,79.0133779264214,2.037872954566788,resilient
multiple_runs_largerun_db_highthreat_20260410_030216.csv,multiple_runs_largerun_db_highthreat_20260410_030216.csv,136,1003.0,1215.0,336.0,0.0,380.0,250.0,8.0,0.0,29.0,1102.0,113.0,0.0,33.499501495513464,90.69958847736626,2.037872954566788,resilient
multiple_runs_largerun_db_highthreat_20260410_030216.csv,multiple_runs_largerun_db_highthreat_20260410_030216.csv,137,1052.0,1193.0,70.0,0.0,32.0,331.0,350.0,245.0,24.0,707.0,241.0,23.288973384030417,6.653992395437262,59.262363788767814,2.037872954566788,vulnerable
multiple_runs_largerun_db_highthreat_20260410_030216.csv,multiple_runs_largerun_db_highthreat_20260410_030216.csv,138,1314.0,1211.0,60.0,0.0,10.0,604.0,387.0,229.0,24.0,765.0,217.0,17.427701674277017,4.5662100456621,63.17093311312965,2.037872954566788,vulnerable
multiple_runs_largerun_db_highthreat_20260410_030216.csv,multiple_runs_largerun_db_highthreat_20260410_030216.csv,139,992.0,1194.0,71.0,0.0,15.0,267.0,376.0,238.0,25.0,720.0,236.0,23.991935483870968,7.15725806451613,60.30150753768844,2.037872954566788,vulnerable
multiple_runs_largerun_db_highthreat_20260410_030216.csv,multiple_runs_largerun_db_highthreat_20260410_030216.csv,140,969.0,1213.0,47.0,0.0,41.0,250.0,345.0,253.0,33.0,701.0,259.0,26.109391124871,4.8503611971104235,57.790601813685086,2.037872954566788,vulnerable
multiple_runs_largerun_db_highthreat_20260410_030216.csv,multiple_runs_largerun_db_highthreat_20260410_030216.csv,141,1134.0,1183.0,177.0,0.0,162.0,437.0,222.0,114.0,22.0,768.0,301.0,10.052910052910052,15.608465608465607,64.91969568892645,2.037872954566788,vulnerable
multiple_runs_largerun_db_highthreat_20260410_030216.csv,multiple_runs_largerun_db_highthreat_20260410_030216.csv,142,981.0,1205.0,67.0,0.0,0.0,278.0,380.0,231.0,25.0,744.0,230.0,23.547400611620795,6.829765545361875,61.74273858921162,2.037872954566788,vulnerable
multiple_runs_largerun_db_highthreat_20260410_030216.csv,multiple_runs_largerun_db_highthreat_20260410_030216.csv,143,1166.0,1194.0,134.0,0.0,48.0,474.0,325.0,163.0,22.0,792.0,239.0,13.979416809605489,11.49228130360206,66.33165829145729,2.037872954566788,vulnerable
multiple_runs_largerun_db_highthreat_20260410_030216.csv,multiple_runs_largerun_db_highthreat_20260410_030216.csv,144,1009.0,1220.0,37.0,0.0,0.0,250.0,378.0,313.0,31.0,731.0,176.0,31.020812685827554,3.6669970267591676,59.91803278688524,2.037872954566788,vulnerable
multiple_runs_largerun_db_highthreat_20260410_030216.csv,multiple_runs_largerun_db_highthreat_20260410_030216.csv,145,1189.0,1202.0,52.0,0.0,37.0,463.0,377.0,232.0,28.0,797.0,173.0,19.51219512195122,4.373423044575273,66.30615640599001,2.037872954566788,vulnerable
multiple_runs_largerun_db_highthreat_20260410_030216.csv,multiple_runs_largerun_db_highthreat_20260410_030216.csv,146,1098.0,1189.0,45.0,0.0,2.0,364.0,407.0,252.0,28.0,742.0,195.0,22.950819672131146,4.098360655737705,62.405382674516396,2.037872954566788,vulnerable
multiple_runs_largerun_db_highthreat_20260410_030216.csv,multiple_runs_largerun_db_highthreat_20260410_030216.csv,147,931.0,1201.0,301.0,0.0,369.0,192.0,19.0,19.0,31.0,903.0,279.0,2.0408163265306123,32.33082706766917,75.18734388009992,2.037872954566788,vulnerable
multiple_runs_largerun_db_highthreat_20260410_030216.csv,multiple_runs_largerun_db_highthreat_20260410_030216.csv,148,919.0,1192.0,317.0,0.0,394.0,183.0,0.0,0.0,25.0,935.0,257.0,0.0,34.494015233949945,78.43959731543623,2.037872954566788,resilient
multiple_runs_largerun_db_highthreat_20260410_030216.csv,multiple_runs_largerun_db_highthreat_20260410_030216.csv,149,938.0,1208.0,35.0,0.0,8.0,208.0,389.0,277.0,21.0,689.0,242.0,29.53091684434968,3.731343283582089,57.0364238410596,2.037872954566788,vulnerable
multiple_runs_largerun_db_highthreat_20260410_030216.csv,multiple_runs_largerun_db_highthreat_20260410_030216.csv,150,1018.0,1214.0,347.0,0.0,374.0,268.0,3.0,0.0,26.0,1016.0,198.0,0.0,34.086444007858546,83.69028006589787,2.037872954566788,resilient
multiple_runs_largerun_db_highthreat_20260410_030216.csv,multiple_runs_largerun_db_highthreat_20260410_030216.csv,151,960.0,1201.0,328.0,0.0,307.0,209.0,79.0,1.0,36.0,999.0,201.0,0.10416666666666667,34.166666666666664,83.18068276436304,2.037872954566788,resilient
multiple_runs_largerun_db_highthreat_20260410_030216.csv,multiple_runs_largerun_db_highthreat_20260410_030216.csv,152,1058.0,1214.0,57.0,0.0,12.0,319.0,389.0,250.0,31.0,747.0,217.0,23.629489603024574,5.387523629489603,61.53212520593081,2.037872954566788,vulnerable
multiple_runs_largerun_db_highthreat_20260410_030216.csv,multiple_runs_largerun_db_highthreat_20260410_030216.csv,153,868.0,1212.0,303.0,0.0,357.0,131.0,36.0,4.0,37.0,963.0,245.0,0.4608294930875576,34.90783410138249,79.45544554455446,2.037872954566788,resilient
multiple_runs_largerun_db_highthreat_20260410_030216.csv,multiple_runs_largerun_db_highthreat_20260410_030216.csv,154,947.0,1212.0,52.0,0.0,10.0,251.0,351.0,255.0,28.0,690.0,267.0,26.927138331573392,5.4910242872228086,56.930693069306926,2.037872954566788,vulnerable
multiple_runs_largerun_db_highthreat_20260410_030216.csv,multiple_runs_largerun_db_highthreat_20260410_030216.csv,155,1134.0,1187.0,158.0,0.0,135.0,426.0,254.0,114.0,47.0,791.0,282.0,10.052910052910052,13.932980599647266,66.6385846672283,2.037872954566788,vulnerable
multiple_runs_largerun_db_highthreat_20260410_030216.csv,multiple_runs_largerun_db_highthreat_20260410_030216.csv,156,1148.0,1190.0,95.0,0.0,36.0,455.0,347.0,187.0,28.0,768.0,235.0,16.289198606271775,8.275261324041812,64.53781512605042,2.037872954566788,vulnerable
multiple_runs_largerun_db_highthreat_20260410_030216.csv,multiple_runs_largerun_db_highthreat_20260410_030216.csv,157,974.0,1209.0,305.0,0.0,322.0,225.0,81.0,0.0,41.0,1074.0,135.0,0.0,31.31416837782341,88.83374689826302,2.037872954566788,resilient
multiple_runs_largerun_db_highthreat_20260410_030216.csv,multiple_runs_largerun_db_highthreat_20260410_030216.csv,158,1084.0,1201.0,37.0,0.0,11.0,351.0,385.0,262.0,38.0,646.0,293.0,24.169741697416974,3.4132841328413286,53.78850957535387,2.037872954566788,vulnerable
multiple_runs_largerun_db_highthreat_20260410_030216.csv,multiple_runs_largerun_db_highthreat_20260410_030216.csv,159,916.0,1201.0,353.0,0.0,386.0,137.0,4.0,3.0,33.0,962.0,236.0,0.32751091703056767,38.53711790393013,80.09991673605329,2.037872954566788,resilient
multiple_runs_largerun_db_highthreat_20260410_030216.csv,multiple_runs_largerun_db_highthreat_20260410_030216.csv,160,1220.0,1202.0,104.0,0.0,78.0,490.0,313.0,203.0,32.0,756.0,243.0,16.639344262295083,8.524590163934425,62.89517470881864,2.037872954566788,vulnerable
multiple_runs_largerun_db_highthreat_20260410_030216.csv,multiple_runs_largerun_db_highthreat_20260410_030216.csv,161,1004.0,1202.0,299.0,0.0,295.0,281.0,89.0,8.0,32.0,992.0,202.0,0.796812749003984,29.780876494023907,82.52911813643927,2.037872954566788,resilient
multiple_runs_largerun_db_highthreat_20260410_030216.csv,multiple_runs_largerun_db_highthreat_20260410_030216.csv,162,1057.0,1200.0,44.0,0.0,0.0,298.0,400.0,286.0,29.0,691.0,223.0,27.057710501419113,4.162724692526018,57.58333333333333,2.037872954566788,vulnerable
multiple_runs_largerun_db_highthreat_20260410_030216.csv,multiple_runs_largerun_db_highthreat_20260410_030216.csv,163,1142.0,1198.0,122.0,0.0,139.0,460.0,269.0,107.0,45.0,840.0,251.0,9.369527145359019,10.683012259194395,70.11686143572621,2.037872954566788,vulnerable
multiple_runs_largerun_db_highthreat_20260410_030216.csv,multiple_runs_largerun_db_highthreat_20260410_030216.csv,164,1059.0,1204.0,54.0,0.0,2.0,326.0,429.0,218.0,30.0,742.0,244.0,20.585457979225687,5.099150141643059,61.627906976744185,2.037872954566788,vulnerable
multiple_runs_largerun_db_highthreat_20260410_030216.csv,multiple_runs_largerun_db_highthreat_20260410_030216.csv,165,1020.0,1195.0,62.0,0.0,0.0,306.0,395.0,230.0,27.0,735.0,230.0,22.54901960784314,6.078431372549019,61.50627615062761,2.037872954566788,vulnerable
multiple_runs_largerun_db_highthreat_20260410_030216.csv,multiple_runs_largerun_db_highthreat_20260410_030216.csv,166,959.0,1193.0,56.0,0.0,0.0,247.0,377.0,248.0,31.0,648.0,297.0,25.86027111574557,5.839416058394161,54.31684828164292,2.037872954566788,vulnerable
multiple_runs_largerun_db_highthreat_20260410_030216.csv,multiple_runs_largerun_db_highthreat_20260410_030216.csv,167,954.0,1216.0,297.0,0.0,371.0,229.0,16.0,0.0,41.0,820.0,396.0,0.0,31.132075471698112,67.43421052631578,2.037872954566788,resilient
multiple_runs_largerun_db_highthreat_20260410_030216.csv,multiple_runs_largerun_db_highthreat_20260410_030216.csv,168,938.0,1197.0,308.0,0.0,388.0,189.0,12.0,1.0,40.0,906.0,290.0,0.10660980810234541,32.83582089552239,75.6892230576441,2.037872954566788,resilient
multiple_runs_largerun_db_highthreat_20260410_030216.csv,multiple_runs_largerun_db_highthreat_20260410_030216.csv,169,1191.0,1210.0,51.0,0.0,20.0,509.0,380.0,207.0,24.0,784.0,219.0,17.38035264483627,4.282115869017632,64.79338842975207,2.037872954566788,vulnerable
multiple_runs_largerun_db_highthreat_20260410_030216.csv,multiple_runs_largerun_db_highthreat_20260410_030216.csv,170,932.0,1200.0,297.0,0.0,371.0,180.0,18.0,34.0,32.0,965.0,201.0,3.648068669527897,31.86695278969957,80.41666666666667,2.037872954566788,vulnerable
multiple_runs_largerun_db_highthreat_20260410_030216.csv,multiple_runs_largerun_db_highthreat_20260410_030216.csv,171,908.0,1207.0,315.0,0.0,383.0,177.0,0.0,0.0,33.0,1049.0,158.0,0.0,34.691629955947135,86.90969345484673,2.037872954566788,resilient
multiple_runs_largerun_db_highthreat_20260410_030216.csv,multiple_runs_largerun_db_highthreat_20260410_030216.csv,172,1189.0,1186.0,20.0,0.0,103.0,468.0,261.0,313.0,24.0,728.0,145.0,26.324642556770396,1.682085786375105,61.38279932546374,2.037872954566788,vulnerable
multiple_runs_largerun_db_highthreat_20260410_030216.csv,multiple_runs_largerun_db_highthreat_20260410_030216.csv,173,1173.0,1199.0,107.0,0.0,67.0,473.0,296.0,193.0,37.0,757.0,249.0,16.453537936913897,9.121909633418584,63.13594662218516,2.037872954566788,vulnerable
multiple_runs_largerun_db_highthreat_20260410_030216.csv,multiple_runs_largerun_db_highthreat_20260410_030216.csv,174,1055.0,1203.0,284.0,0.0,247.0,317.0,135.0,34.0,38.0,820.0,349.0,3.2227488151658767,26.919431279620852,68.16292601828762,2.037872954566788,vulnerable
multiple_runs_largerun_db_highthreat_20260410_030216.csv,multiple_runs_largerun_db_highthreat_20260410_030216.csv,175,1275.0,1192.0,75.0,0.0,2.0,541.0,378.0,245.0,34.0,739.0,208.0,19.215686274509807,5.88235294117647,61.99664429530202,2.037872954566788,vulnerable
multiple_runs_largerun_db_highthreat_20260410_030216.csv,multiple_runs_largerun_db_highthreat_20260410_030216.csv,176,968.0,1187.0,47.0,0.0,2.0,278.0,388.0,220.0,33.0,724.0,243.0,22.727272727272727,4.855371900826446,60.99410278011794,2.037872954566788,vulnerable
multiple_runs_largerun_db_highthreat_20260410_030216.csv,multiple_runs_largerun_db_highthreat_20260410_030216.csv,177,1171.0,1192.0,54.0,0.0,2.0,441.0,386.0,268.0,20.0,758.0,166.0,22.886421861656704,4.611443210930828,63.59060402684564,2.037872954566788,vulnerable
multiple_runs_largerun_db_highthreat_20260410_030216.csv,multiple_runs_largerun_db_highthreat_20260410_030216.csv,178,1194.0,1193.0,111.0,0.0,96.0,519.0,297.0,144.0,27.0,857.0,192.0,12.060301507537687,9.296482412060302,71.83570829840737,2.037872954566788,vulnerable
multiple_runs_largerun_db_highthreat_20260410_030216.csv,multiple_runs_largerun_db_highthreat_20260410_030216.csv,179,1050.0,1197.0,328.0,0.0,324.0,318.0,49.0,0.0,31.0,1077.0,120.0,0.0,31.238095238095237,89.97493734335839,2.037872954566788,resilient
multiple_runs_largerun_db_highthreat_20260410_030216.csv,multiple_runs_largerun_db_highthreat_20260410_030216.csv,180,924.0,1199.0,293.0,0.0,341.0,202.0,65.0,0.0,23.0,928.0,271.0,0.0,31.70995670995671,77.3978315262719,2.037872954566788,resilient
multiple_runs_largerun_db_highthreat_20260410_030216.csv,multiple_runs_largerun_db_highthreat_20260410_030216.csv,181,1089.0,1193.0,66.0,0.0,50.0,407.0,314.0,224.0,28.0,751.0,218.0,20.56932966023875,6.0606060606060606,62.95054484492874,2.037872954566788,vulnerable
multiple_runs_largerun_db_highthreat_20260410_030216.csv,multiple_runs_largerun_db_highthreat_20260410_030216.csv,182,1186.0,1187.0,96.0,0.0,66.0,493.0,325.0,166.0,40.0,791.0,230.0,13.99662731871838,8.094435075885329,66.6385846672283,2.037872954566788,vulnerable
multiple_runs_largerun_db_highthreat_20260410_030216.csv,multiple_runs_largerun_db_highthreat_20260410_030216.csv,183,1051.0,1219.0,43.0,0.0,10.0,325.0,398.0,247.0,28.0,762.0,210.0,23.50142721217888,4.0913415794481445,62.510254306808854,2.037872954566788,vulnerable
multiple_runs_largerun_db_highthreat_20260410_030216.csv,multiple_runs_largerun_db_highthreat_20260410_030216.csv,184,1029.0,1223.0,212.0,0.0,278.0,297.0,125.0,84.0,33.0,940.0,199.0,8.16326530612245,20.602526724975704,76.86017988552739,2.037872954566788,vulnerable
multiple_runs_largerun_db_highthreat_20260410_030216.csv,multiple_runs_largerun_db_highthreat_20260410_030216.csv,185,1098.0,1206.0,191.0,1.0,223.0,372.0,179.0,98.0,34.0,865.0,243.0,8.925318761384334,17.395264116575593,71.72470978441127,2.037872954566788,vulnerable
multiple_runs_largerun_db_highthreat_20260410_030216.csv,multiple_runs_largerun_db_highthreat_20260410_030216.csv,186,1415.0,1191.0,32.0,0.0,18.0,662.0,379.0,282.0,42.0,741.0,168.0,19.929328621908127,2.2614840989399294,62.21662468513854,2.037872954566788,vulnerable
multiple_runs_largerun_db_highthreat_20260410_030216.csv,multiple_runs_largerun_db_highthreat_20260410_030216.csv,187,1027.0,1209.0,65.0,0.0,18.0,282.0,366.0,262.0,34.0,689.0,258.0,25.511197663096397,6.329113924050633,56.98924731182796,2.037872954566788,vulnerable
multiple_runs_largerun_db_highthreat_20260410_030216.csv,multiple_runs_largerun_db_highthreat_20260410_030216.csv,188,989.0,1192.0,34.0,0.0,7.0,254.0,379.0,281.0,34.0,720.0,191.0,28.412537917087967,3.4378159757330633,60.40268456375839,2.037872954566788,vulnerable
multiple_runs_largerun_db_highthreat_20260410_030216.csv,multiple_runs_largerun_db_highthreat_20260410_030216.csv,189,975.0,1209.0,325.0,0.0,340.0,222.0,57.0,0.0,31.0,1046.0,163.0,0.0,33.33333333333333,86.51778329197684,2.037872954566788,resilient
multiple_runs_largerun_db_highthreat_20260410_030216.csv,multiple_runs_largerun_db_highthreat_20260410_030216.csv,190,1158.0,1197.0,47.0,0.0,0.0,426.0,399.0,254.0,32.0,765.0,178.0,21.934369602763386,4.058721934369603,63.90977443609023,2.037872954566788,vulnerable
multiple_runs_largerun_db_highthreat_20260410_030216.csv,multiple_runs_largerun_db_highthreat_20260410_030216.csv,191,1071.0,1201.0,44.0,0.0,0.0,332.0,403.0,265.0,27.0,701.0,235.0,24.743230625583568,4.1083099906629315,58.368026644462944,2.037872954566788,vulnerable
multiple_runs_largerun_db_highthreat_20260410_030216.csv,multiple_runs_largerun_db_highthreat_20260410_030216.csv,192,1023.0,1195.0,319.0,0.0,341.0,273.0,52.0,0.0,38.0,1037.0,158.0,0.0,31.182795698924732,86.77824267782427,2.037872954566788,resilient
multiple_runs_largerun_db_highthreat_20260410_030216.csv,multiple_runs_largerun_db_highthreat_20260410_030216.csv,193,995.0,1205.0,308.0,0.0,362.0,253.0,39.0,0.0,33.0,1045.0,160.0,0.0,30.954773869346734,86.72199170124482,2.037872954566788,resilient
multiple_runs_largerun_db_highthreat_20260410_030216.csv,multiple_runs_largerun_db_highthreat_20260410_030216.csv,194,966.0,1208.0,83.0,0.0,7.0,226.0,386.0,236.0,28.0,735.0,237.0,24.43064182194617,8.592132505175984,60.84437086092716,2.037872954566788,vulnerable
multiple_runs_largerun_db_highthreat_20260410_030216.csv,multiple_runs_largerun_db_highthreat_20260410_030216.csv,195,1098.0,1205.0,147.0,0.0,105.0,417.0,279.0,116.0,34.0,830.0,259.0,10.564663023679417,13.387978142076504,68.87966804979253,2.037872954566788,vulnerable
multiple_runs_largerun_db_highthreat_20260410_030216.csv,multiple_runs_largerun_db_highthreat_20260410_030216.csv,196,1272.0,1192.0,62.0,0.0,62.0,563.0,338.0,214.0,33.0,777.0,201.0,16.82389937106918,4.8742138364779874,65.18456375838926,2.037872954566788,vulnerable
multiple_runs_largerun_db_highthreat_20260410_030216.csv,multiple_runs_largerun_db_highthreat_20260410_030216.csv,197,1186.0,1205.0,159.0,0.0,57.0,477.0,315.0,145.0,33.0,808.0,252.0,12.225969645868465,13.406408094435077,67.05394190871368,2.037872954566788,vulnerable
multiple_runs_largerun_db_highthreat_20260410_030216.csv,multiple_runs_largerun_db_highthreat_20260410_030216.csv,198,1286.0,1214.0,61.0,0.0,51.0,588.0,320.0,233.0,33.0,796.0,185.0,18.118195956454123,4.743390357698289,65.56836902800659,2.037872954566788,vulnerable
multiple_runs_largerun_db_highthreat_20260410_030216.csv,multiple_runs_largerun_db_highthreat_20260410_030216.csv,199,1033.0,1200.0,54.0,0.0,14.0,325.0,378.0,232.0,30.0,711.0,257.0,22.45885769603098,5.227492739593417,59.25,2.037872954566788,vulnerable
multiple_runs_largerun_db_highthreat_20260410_030216.csv,multiple_runs_largerun_db_highthreat_20260410_030216.csv,200,964.0,1192.0,296.0,0.0,366.0,234.0,32.0,6.0,30.0,974.0,212.0,0.6224066390041494,30.70539419087137,81.71140939597315,2.037872954566788,resilient
multiple_runs_largerun_db_highthreat_20260410_030216.csv,multiple_runs_largerun_db_highthreat_20260410_030216.csv,201,1285.0,1188.0,48.0,0.0,20.0,530.0,396.0,260.0,31.0,803.0,125.0,20.233463035019454,3.735408560311284,67.5925925925926,2.037872954566788,vulnerable
multiple_runs_largerun_db_highthreat_20260410_030216.csv,multiple_runs_largerun_db_highthreat_20260410_030216.csv,202,1208.0,1213.0,129.0,0.0,42.0,464.0,366.0,178.0,29.0,814.0,221.0,14.735099337748345,10.678807947019868,67.10634789777411,2.037872954566788,vulnerable
multiple_runs_largerun_db_highthreat_20260410_030216.csv,multiple_runs_largerun_db_highthreat_20260410_030216.csv,203,994.0,1212.0,59.0,0.0,14.0,270.0,411.0,206.0,34.0,741.0,265.0,20.72434607645875,5.935613682092555,61.13861386138614,2.037872954566788,vulnerable
multiple_runs_largerun_db_highthreat_20260410_030216.csv,multiple_runs_largerun_db_highthreat_20260410_030216.csv,204,949.0,1209.0,49.0,0.0,2.0,198.0,395.0,277.0,28.0,662.0,270.0,29.1886195995785,5.163329820864067,54.755996691480554,2.037872954566788,vulnerable
multiple_runs_largerun_db_highthreat_20260410_030216.csv,multiple_runs_largerun_db_highthreat_20260410_030216.csv,205,823.0,1200.0,281.0,0.0,363.0,117.0,17.0,5.0,40.0,916.0,279.0,0.6075334143377886,34.143377885783714,76.33333333333333,2.037872954566788,resilient
multiple_runs_largerun_db_highthreat_20260410_030216.csv,multiple_runs_largerun_db_highthreat_20260410_030216.csv,206,1318.0,1203.0,47.0,0.0,0.0,559.0,423.0,258.0,31.0,757.0,188.0,19.575113808801213,3.566009104704097,62.92601828761429,2.037872954566788,vulnerable
multiple_runs_largerun_db_highthreat_20260410_030216.csv,multiple_runs_largerun_db_highthreat_20260410_030216.csv,207,958.0,1205.0,32.0,0.0,9.0,238.0,380.0,263.0,36.0,686.0,256.0,27.45302713987474,3.3402922755741122,56.92946058091286,2.037872954566788,vulnerable
multiple_runs_largerun_db_highthreat_20260410_030216.csv,multiple_runs_largerun_db_highthreat_20260410_030216.csv,208,1003.0,1197.0,87.0,0.0,21.0,283.0,354.0,226.0,32.0,758.0,213.0,22.532402791625124,8.673978065802594,63.324979114452795,2.037872954566788,vulnerable
multiple_runs_largerun_db_highthreat_20260410_030216.csv,multiple_runs_largerun_db_highthreat_20260410_030216.csv,209,973.0,1193.0,325.0,0.0,321.0,219.0,77.0,0.0,31.0,953.0,240.0,0.0,33.401849948612536,79.88264878457669,2.037872954566788,resilient
multiple_runs_largerun_db_highthreat_20260410_030216.csv,multiple_runs_largerun_db_highthreat_20260410_030216.csv,210,970.0,1194.0,53.0,0.0,2.0,281.0,360.0,259.0,15.0,661.0,274.0,26.701030927835053,5.463917525773196,55.36013400335008,2.037872954566788,vulnerable
multiple_runs_largerun_db_highthreat_20260410_030216.csv,multiple_runs_largerun_db_highthreat_20260410_030216.csv,211,952.0,1211.0,306.0,0.0,365.0,223.0,20.0,0.0,38.0,1023.0,188.0,0.0,32.142857142857146,84.47563996696945,2.037872954566788,resilient
multiple_runs_largerun_db_highthreat_20260410_030216.csv,multiple_runs_largerun_db_highthreat_20260410_030216.csv,212,1114.0,1202.0,190.0,0.0,166.0,420.0,261.0,40.0,37.0,900.0,262.0,3.5906642728904847,17.0556552962298,74.87520798668885,2.037872954566788,vulnerable
multiple_runs_largerun_db_highthreat_20260410_030216.csv,multiple_runs_largerun_db_highthreat_20260410_030216.csv,213,964.0,1190.0,320.0,0.0,342.0,211.0,45.0,6.0,40.0,1022.0,162.0,0.6224066390041494,33.19502074688796,85.88235294117646,2.037872954566788,resilient
multiple_runs_largerun_db_highthreat_20260410_030216.csv,multiple_runs_largerun_db_highthreat_20260410_030216.csv,214,806.0,1199.0,29.0,0.0,1.0,94.0,384.0,270.0,28.0,625.0,304.0,33.49875930521092,3.598014888337469,52.12677231025855,2.037872954566788,vulnerable
multiple_runs_largerun_db_highthreat_20260410_030216.csv,multiple_runs_largerun_db_highthreat_20260410_030216.csv,215,1386.0,1192.0,63.0,0.0,12.0,606.0,391.0,295.0,19.0,697.0,200.0,21.284271284271284,4.545454545454546,58.4731543624161,2.037872954566788,vulnerable
multiple_runs_largerun_db_highthreat_20260410_030216.csv,multiple_runs_largerun_db_highthreat_20260410_030216.csv,216,994.0,1202.0,66.0,0.0,1.0,266.0,372.0,254.0,35.0,708.0,240.0,25.553319919517104,6.639839034205232,58.9018302828619,2.037872954566788,vulnerable
multiple_runs_largerun_db_highthreat_20260410_030216.csv,multiple_runs_largerun_db_highthreat_20260410_030216.csv,217,1275.0,1209.0,52.0,0.0,25.0,544.0,369.0,265.0,20.0,728.0,216.0,20.784313725490197,4.07843137254902,60.215053763440864,2.037872954566788,vulnerable
multiple_runs_largerun_db_highthreat_20260410_030216.csv,multiple_runs_largerun_db_highthreat_20260410_030216.csv,218,976.0,1198.0,56.0,0.0,2.0,218.0,387.0,289.0,24.0,716.0,193.0,29.610655737704917,5.737704918032787,59.766277128547586,2.037872954566788,vulnerable
multiple_runs_largerun_db_highthreat_20260410_030216.csv,multiple_runs_largerun_db_highthreat_20260410_030216.csv,219,1082.0,1178.0,42.0,0.0,0.0,402.0,365.0,240.0,33.0,743.0,195.0,22.181146025878004,3.8817005545286505,63.07300509337861,2.037872954566788,vulnerable
multiple_runs_largerun_db_highthreat_20260410_030216.csv,multiple_runs_largerun_db_highthreat_20260410_030216.csv,220,991.0,1208.0,291.0,0.0,325.0,259.0,82.0,5.0,29.0,1056.0,147.0,0.5045408678102926,29.36427850655903,87.41721854304636,2.037872954566788,resilient
multiple_runs_largerun_db_highthreat_20260410_030216.csv,multiple_runs_largerun_db_highthreat_20260410_030216.csv,221,943.0,1213.0,266.0,0.0,283.0,239.0,112.0,1.0,42.0,1000.0,212.0,0.10604453870625664,28.207847295864262,82.44023083264634,2.037872954566788,resilient
multiple_runs_largerun_db_highthreat_20260410_030216.csv,multiple_runs_largerun_db_highthreat_20260410_030216.csv,222,912.0,1200.0,40.0,0.0,19.0,191.0,363.0,269.0,30.0,742.0,189.0,29.49561403508772,4.385964912280701,61.83333333333333,2.037872954566788,vulnerable
multiple_runs_largerun_db_highthreat_20260410_030216.csv,multiple_runs_largerun_db_highthreat_20260410_030216.csv,223,982.0,1191.0,297.0,0.0,355.0,274.0,26.0,0.0,30.0,1003.0,188.0,0.0,30.24439918533605,84.21494542401344,2.037872954566788,resilient
multiple_runs_largerun_db_highthreat_20260410_030216.csv,multiple_runs_largerun_db_highthreat_20260410_030216.csv,224,1326.0,1206.0,40.0,0.0,1.0,620.0,390.0,251.0,24.0,752.0,203.0,18.929110105580694,3.0165912518853695,62.35489220563848,2.037872954566788,vulnerable
multiple_runs_largerun_db_highthreat_20260410_030216.csv,multiple_runs_largerun_db_highthreat_20260410_030216.csv,225,1069.0,1196.0,75.0,0.0,0.0,346.0,376.0,247.0,25.0,717.0,232.0,23.10570626753976,7.015902712815715,59.94983277591973,2.037872954566788,vulnerable
multiple_runs_largerun_db_highthreat_20260410_030216.csv,multiple_runs_largerun_db_highthreat_20260410_030216.csv,226,1023.0,1202.0,61.0,0.0,5.0,301.0,400.0,225.0,31.0,720.0,257.0,21.994134897360702,5.962854349951124,59.900166389351085,2.037872954566788,vulnerable
multiple_runs_largerun_db_highthreat_20260410_030216.csv,multiple_runs_largerun_db_highthreat_20260410_030216.csv,227,1201.0,1202.0,79.0,0.0,43.0,503.0,343.0,210.0,23.0,757.0,235.0,17.485428809325562,6.577851790174854,62.978369384359404,2.037872954566788,vulnerable
multiple_runs_largerun_db_highthreat_20260410_030216.csv,multiple_runs_largerun_db_highthreat_20260410_030216.csv,228,1128.0,1196.0,84.0,0.0,10.0,379.0,386.0,237.0,32.0,617.0,342.0,21.01063829787234,7.446808510638298,51.58862876254181,2.037872954566788,vulnerable
multiple_runs_largerun_db_highthreat_20260410_030216.csv,multiple_runs_largerun_db_highthreat_20260410_030216.csv,229,950.0,1207.0,39.0,0.0,0.0,228.0,397.0,246.0,40.0,716.0,245.0,25.894736842105264,4.105263157894737,59.32062966031483,2.037872954566788,vulnerable
multiple_runs_largerun_db_highthreat_20260410_030216.csv,multiple_runs_largerun_db_highthreat_20260410_030216.csv,230,1000.0,1193.0,62.0,0.0,19.0,280.0,367.0,235.0,37.0,755.0,203.0,23.5,6.2,63.285834031852474,2.037872954566788,vulnerable
multiple_runs_largerun_db_highthreat_20260410_030216.csv,multiple_runs_largerun_db_highthreat_20260410_030216.csv,231,1398.0,1207.0,44.0,0.0,2.0,664.0,392.0,271.0,25.0,756.0,180.0,19.38483547925608,3.1473533619456364,62.63463131731566,2.037872954566788,vulnerable
multiple_runs_largerun_db_highthreat_20260410_030216.csv,multiple_runs_largerun_db_highthreat_20260410_030216.csv,232,987.0,1199.0,314.0,0.0,305.0,206.0,104.0,11.0,47.0,974.0,214.0,1.1144883485309016,31.813576494427558,81.23436196830693,2.037872954566788,resilient
multiple_runs_largerun_db_highthreat_20260410_030216.csv,multiple_runs_largerun_db_highthreat_20260410_030216.csv,233,965.0,1199.0,48.0,0.0,0.0,217.0,412.0,251.0,37.0,684.0,264.0,26.01036269430052,4.974093264248705,57.04753961634695,2.037872954566788,vulnerable
multiple_runs_largerun_db_highthreat_20260410_030216.csv,multiple_runs_largerun_db_highthreat_20260410_030216.csv,234,1207.0,1214.0,173.0,0.0,131.0,466.0,286.0,108.0,43.0,843.0,263.0,8.947804473902236,14.333057166528585,69.43986820428336,2.037872954566788,vulnerable
multiple_runs_largerun_db_highthreat_20260410_030216.csv,multiple_runs_largerun_db_highthreat_20260410_030216.csv,235,1086.0,1206.0,187.0,0.0,174.0,379.0,213.0,96.0,37.0,824.0,286.0,8.83977900552486,17.21915285451197,68.32504145936981,2.037872954566788,vulnerable
multiple_runs_largerun_db_highthreat_20260410_030216.csv,multiple_runs_largerun_db_highthreat_20260410_030216.csv,236,1162.0,1190.0,140.0,0.0,119.0,450.0,266.0,157.0,30.0,746.0,287.0,13.511187607573149,12.048192771084338,62.6890756302521,2.037872954566788,vulnerable
multiple_runs_largerun_db_highthreat_20260410_030216.csv,multiple_runs_largerun_db_highthreat_20260410_030216.csv,237,1169.0,1204.0,204.0,0.0,180.0,448.0,246.0,51.0,40.0,819.0,334.0,4.362703165098375,17.4508126603935,68.02325581395348,2.037872954566788,vulnerable
multiple_runs_largerun_db_highthreat_20260410_030216.csv,multiple_runs_largerun_db_highthreat_20260410_030216.csv,238,938.0,1192.0,316.0,0.0,325.0,199.0,67.0,0.0,31.0,1042.0,150.0,0.0,33.688699360341154,87.41610738255034,2.037872954566788,resilient
multiple_runs_largerun_db_highthreat_20260410_030216.csv,multiple_runs_largerun_db_highthreat_20260410_030216.csv,239,991.0,1204.0,50.0,0.0,3.0,274.0,386.0,254.0,24.0,671.0,279.0,25.630676084762865,5.045408678102927,55.730897009966775,2.037872954566788,vulnerable
multiple_runs_largerun_db_highthreat_20260410_030216.csv,multiple_runs_largerun_db_highthreat_20260410_030216.csv,240,928.0,1177.0,42.0,0.0,7.0,207.0,376.0,270.0,26.0,690.0,217.0,29.094827586206897,4.525862068965517,58.62361937128292,2.037872954566788,vulnerable
multiple_runs_largerun_db_highthreat_20260410_030216.csv,multiple_runs_largerun_db_highthreat_20260410_030216.csv,241,956.0,1188.0,366.0,0.0,299.0,222.0,52.0,0.0,17.0,970.0,218.0,0.0,38.28451882845189,81.64983164983165,2.037872954566788,resilient
multiple_runs_largerun_db_highthreat_20260410_030216.csv,multiple_runs_largerun_db_highthreat_20260410_030216.csv,242,1105.0,1204.0,59.0,0.0,22.0,378.0,395.0,223.0,28.0,756.0,225.0,20.18099547511312,5.339366515837104,62.7906976744186,2.037872954566788,vulnerable
multiple_runs_largerun_db_highthreat_20260410_030216.csv,multiple_runs_largerun_db_highthreat_20260410_030216.csv,243,1272.0,1210.0,75.0,0.0,91.0,565.0,335.0,170.0,36.0,770.0,270.0,13.364779874213836,5.89622641509434,63.63636363636363,2.037872954566788,vulnerable
multiple_runs_largerun_db_highthreat_20260410_030216.csv,multiple_runs_largerun_db_highthreat_20260410_030216.csv,244,1191.0,1221.0,184.0,0.0,147.0,462.0,261.0,109.0,28.0,842.0,270.0,9.151973131821999,15.449202350965574,68.95986895986897,2.037872954566788,vulnerable
multiple_runs_largerun_db_highthreat_20260410_030216.csv,multiple_runs_largerun_db_highthreat_20260410_030216.csv,245,944.0,1183.0,300.0,0.0,380.0,213.0,17.0,6.0,28.0,957.0,220.0,0.6355932203389831,31.779661016949152,80.89602704987321,2.037872954566788,resilient
multiple_runs_largerun_db_highthreat_20260410_030216.csv,multiple_runs_largerun_db_highthreat_20260410_030216.csv,246,1000.0,1208.0,59.0,0.0,0.0,267.0,398.0,255.0,21.0,664.0,289.0,25.5,5.8999999999999995,54.966887417218544,2.037872954566788,vulnerable
multiple_runs_largerun_db_highthreat_20260410_030216.csv,multiple_runs_largerun_db_highthreat_20260410_030216.csv,247,941.0,1190.0,46.0,0.0,2.0,211.0,394.0,260.0,28.0,733.0,197.0,27.630180658873538,4.888416578108395,61.596638655462186,2.037872954566788,vulnerable
multiple_runs_largerun_db_highthreat_20260410_030216.csv,multiple_runs_largerun_db_highthreat_20260410_030216.csv,248,942.0,1182.0,38.0,0.0,24.0,240.0,369.0,215.0,56.0,711.0,256.0,22.823779193205944,4.033970276008493,60.15228426395939,2.037872954566788,vulnerable
multiple_runs_largerun_db_highthreat_20260410_030216.csv,multiple_runs_largerun_db_highthreat_20260410_030216.csv,249,908.0,1198.0,297.0,0.0,356.0,195.0,19.0,0.0,41.0,985.0,213.0,0.0,32.709251101321584,82.220367278798,2.037872954566788,resilient
multiple_runs_largerun_db_highthreat_20260410_030216.csv,multiple_runs_largerun_db_highthreat_20260410_030216.csv,250,997.0,1178.0,54.0,0.0,0.0,246.0,389.0,281.0,27.0,669.0,228.0,28.184553660982946,5.416248746238716,56.79117147707979,2.037872954566788,vulnerable
multiple_runs_largerun_db_highthreat_20260410_030216.csv,multiple_runs_largerun_db_highthreat_20260410_030216.csv,251,1023.0,1203.0,298.0,0.0,333.0,290.0,63.0,4.0,35.0,1020.0,179.0,0.39100684261974583,29.130009775171068,84.78802992518703,2.037872954566788,resilient
multiple_runs_largerun_db_highthreat_20260410_030216.csv,multiple_runs_largerun_db_highthreat_20260410_030216.csv,252,948.0,1199.0,35.0,0.0,1.0,230.0,407.0,237.0,38.0,714.0,248.0,25.0,3.691983122362869,59.549624687239366,2.037872954566788,vulnerable
multiple_runs_largerun_db_highthreat_20260410_030216.csv,multiple_runs_largerun_db_highthreat_20260410_030216.csv,253,1227.0,1192.0,103.0,0.0,46.0,493.0,355.0,194.0,36.0,801.0,197.0,15.810920945395274,8.394458027709861,67.19798657718121,2.037872954566788,vulnerable
multiple_runs_largerun_db_highthreat_20260410_030216.csv,multiple_runs_largerun_db_highthreat_20260410_030216.csv,254,1305.0,1187.0,63.0,0.0,44.0,591.0,363.0,217.0,27.0,779.0,191.0,16.628352490421456,4.827586206896552,65.62763268744735,2.037872954566788,vulnerable
multiple_runs_largerun_db_highthreat_20260410_030216.csv,multiple_runs_largerun_db_highthreat_20260410_030216.csv,255,1208.0,1186.0,157.0,0.0,159.0,468.0,242.0,147.0,35.0,823.0,216.0,12.168874172185431,12.996688741721854,69.3929173693086,2.037872954566788,vulnerable
multiple_runs_largerun_db_highthreat_20260410_030216.csv,multiple_runs_largerun_db_highthreat_20260410_030216.csv,256,1242.0,1207.0,50.0,0.0,15.0,515.0,414.0,218.0,30.0,741.0,248.0,17.55233494363929,4.025764895330113,61.39188069594035,2.037872954566788,vulnerable
multiple_runs_largerun_db_highthreat_20260410_030216.csv,multiple_runs_largerun_db_highthreat_20260410_030216.csv,257,1022.0,1202.0,267.0,0.0,308.0,325.0,90.0,0.0,32.0,1078.0,124.0,0.0,26.125244618395303,89.6838602329451,2.037872954566788,resilient
multiple_runs_largerun_db_highthreat_20260410_030216.csv,multiple_runs_largerun_db_highthreat_20260410_030216.csv,258,1004.0,1221.0,54.0,0.0,69.0,253.0,345.0,248.0,35.0,766.0,207.0,24.701195219123505,5.378486055776892,62.73546273546273,2.037872954566788,vulnerable
multiple_runs_largerun_db_highthreat_20260410_030216.csv,multiple_runs_largerun_db_highthreat_20260410_030216.csv,259,1043.0,1219.0,47.0,0.0,2.0,313.0,395.0,256.0,30.0,713.0,250.0,24.544582933844676,4.506232023010546,58.490566037735846,2.037872954566788,vulnerable
multiple_runs_largerun_db_highthreat_20260410_030216.csv,multiple_runs_largerun_db_highthreat_20260410_030216.csv,260,1054.0,1206.0,152.0,0.0,325.0,362.0,75.0,101.0,39.0,914.0,191.0,9.582542694497153,14.421252371916509,75.787728026534,2.037872954566788,vulnerable
multiple_runs_largerun_db_highthreat_20260410_030216.csv,multiple_runs_largerun_db_highthreat_20260410_030216.csv,261,963.0,1202.0,43.0,0.0,16.0,205.0,418.0,257.0,24.0,733.0,212.0,26.687435098650052,4.46521287642783,60.981697171381036,2.037872954566788,vulnerable
multiple_runs_largerun_db_highthreat_20260410_030216.csv,multiple_runs_largerun_db_highthreat_20260410_030216.csv,262,938.0,1171.0,290.0,0.0,338.0,231.0,48.0,2.0,29.0,991.0,178.0,0.21321961620469082,30.916844349680172,84.62852263023058,2.037872954566788,resilient
multiple_runs_largerun_db_highthreat_20260410_030216.csv,multiple_runs_largerun_db_highthreat_20260410_030216.csv,263,1119.0,1208.0,178.0,0.0,149.0,409.0,258.0,88.0,37.0,827.0,293.0,7.864164432529044,15.907059874888294,68.46026490066225,2.037872954566788,vulnerable
multiple_runs_largerun_db_highthreat_20260410_030216.csv,multiple_runs_largerun_db_highthreat_20260410_030216.csv,264,1119.0,1193.0,120.0,0.0,105.0,416.0,311.0,141.0,26.0,762.0,290.0,12.600536193029491,10.723860589812332,63.872590108968986,2.037872954566788,vulnerable
multiple_runs_largerun_db_highthreat_20260410_030216.csv,multiple_runs_largerun_db_highthreat_20260410_030216.csv,265,947.0,1217.0,36.0,0.0,0.0,199.0,407.0,268.0,37.0,698.0,251.0,28.299894403379096,3.8014783526927136,57.354149548069024,2.037872954566788,vulnerable
multiple_runs_largerun_db_highthreat_20260410_030216.csv,multiple_runs_largerun_db_highthreat_20260410_030216.csv,266,1317.0,1205.0,134.0,0.0,114.0,583.0,297.0,163.0,26.0,771.0,271.0,12.37661351556568,10.174639331814731,63.98340248962655,2.037872954566788,vulnerable
multiple_runs_largerun_db_highthreat_20260410_030216.csv,multiple_runs_largerun_db_highthreat_20260410_030216.csv,267,1237.0,1193.0,80.0,0.0,57.0,530.0,321.0,217.0,32.0,759.0,217.0,17.54244139046079,6.4672594987873895,63.6211232187762,2.037872954566788,vulnerable
multiple_runs_largerun_db_highthreat_20260410_030216.csv,multiple_runs_largerun_db_highthreat_20260410_030216.csv,268,926.0,1187.0,310.0,0.0,328.0,183.0,70.0,4.0,31.0,1003.0,180.0,0.4319654427645789,33.477321814254864,84.49873631002527,2.037872954566788,resilient
multiple_runs_largerun_db_highthreat_20260410_030216.csv,multiple_runs_largerun_db_highthreat_20260410_030216.csv,269,944.0,1204.0,307.0,0.0,393.0,215.0,2.0,0.0,27.0,1001.0,203.0,0.0,32.521186440677965,83.13953488372093,2.037872954566788,resilient
multiple_runs_largerun_db_highthreat_20260410_030216.csv,multiple_runs_largerun_db_highthreat_20260410_030216.csv,270,1305.0,1201.0,34.0,0.0,6.0,592.0,384.0,260.0,29.0,780.0,161.0,19.923371647509576,2.6053639846743293,64.9458784346378,2.037872954566788,vulnerable
multiple_runs_largerun_db_highthreat_20260410_030216.csv,multiple_runs_largerun_db_highthreat_20260410_030216.csv,271,1023.0,1201.0,317.0,0.0,383.0,250.0,37.0,11.0,25.0,983.0,207.0,1.0752688172043012,30.98729227761486,81.84845961698585,2.037872954566788,resilient
multiple_runs_largerun_db_highthreat_20260410_030216.csv,multiple_runs_largerun_db_highthreat_20260410_030216.csv,272,751.0,1201.0,41.0,0.0,298.0,91.0,102.0,189.0,30.0,781.0,231.0,25.166444740346204,5.459387483355526,65.02914238134888,2.037872954566788,vulnerable
multiple_runs_largerun_db_highthreat_20260410_030216.csv,multiple_runs_largerun_db_highthreat_20260410_030216.csv,273,1168.0,1203.0,163.0,0.0,119.0,444.0,280.0,128.0,34.0,792.0,283.0,10.95890410958904,13.955479452054794,65.83541147132169,2.037872954566788,vulnerable
multiple_runs_largerun_db_highthreat_20260410_030216.csv,multiple_runs_largerun_db_highthreat_20260410_030216.csv,274,1248.0,1210.0,157.0,0.0,183.0,500.0,212.0,159.0,37.0,754.0,297.0,12.740384615384615,12.580128205128204,62.314049586776854,2.037872954566788,vulnerable
multiple_runs_largerun_db_highthreat_20260410_030216.csv,multiple_runs_largerun_db_highthreat_20260410_030216.csv,275,942.0,1202.0,46.0,0.0,7.0,238.0,393.0,229.0,29.0,730.0,243.0,24.309978768577494,4.8832271762208075,60.732113144758735,2.037872954566788,vulnerable
multiple_runs_largerun_db_highthreat_20260410_030216.csv,multiple_runs_largerun_db_highthreat_20260410_030216.csv,276,989.0,1206.0,304.0,0.0,315.0,268.0,63.0,0.0,39.0,1066.0,140.0,0.0,30.738119312436808,88.39137645107795,2.037872954566788,resilient
multiple_runs_largerun_db_highthreat_20260410_030216.csv,multiple_runs_largerun_db_highthreat_20260410_030216.csv,277,1384.0,1199.0,40.0,0.0,3.0,650.0,402.0,253.0,36.0,792.0,154.0,18.28034682080925,2.8901734104046244,66.05504587155964,2.037872954566788,vulnerable
multiple_runs_largerun_db_highthreat_20260410_030216.csv,multiple_runs_largerun_db_highthreat_20260410_030216.csv,278,946.0,1194.0,320.0,0.0,352.0,228.0,2.0,2.0,42.0,873.0,319.0,0.21141649048625794,33.82663847780127,73.11557788944724,2.037872954566788,resilient
multiple_runs_largerun_db_highthreat_20260410_030216.csv,multiple_runs_largerun_db_highthreat_20260410_030216.csv,279,1167.0,1201.0,65.0,0.0,63.0,462.0,322.0,215.0,40.0,763.0,223.0,18.42330762639246,5.569837189374464,63.53039134054954,2.037872954566788,vulnerable
multiple_runs_largerun_db_highthreat_20260410_030216.csv,multiple_runs_largerun_db_highthreat_20260410_030216.csv,280,1300.0,1198.0,31.0,0.0,6.0,572.0,391.0,270.0,30.0,643.0,285.0,20.76923076923077,2.3846153846153846,53.67278797996661,2.037872954566788,vulnerable
multiple_runs_largerun_db_highthreat_20260410_030216.csv,multiple_runs_largerun_db_highthreat_20260410_030216.csv,281,1136.0,1203.0,204.0,0.0,190.0,399.0,206.0,99.0,38.0,726.0,378.0,8.714788732394366,17.95774647887324,60.349127182044896,2.037872954566788,vulnerable
multiple_runs_largerun_db_highthreat_20260410_030216.csv,multiple_runs_largerun_db_highthreat_20260410_030216.csv,282,1145.0,1200.0,174.0,0.0,110.0,444.0,267.0,119.0,31.0,831.0,250.0,10.393013100436681,15.196506550218341,69.25,2.037872954566788,vulnerable
multiple_runs_largerun_db_highthreat_20260410_030216.csv,multiple_runs_largerun_db_highthreat_20260410_030216.csv,283,1256.0,1200.0,36.0,0.0,49.0,539.0,334.0,272.0,26.0,694.0,234.0,21.656050955414013,2.8662420382165608,57.833333333333336,2.037872954566788,vulnerable
multiple_runs_largerun_db_highthreat_20260410_030216.csv,multiple_runs_largerun_db_highthreat_20260410_030216.csv,284,1030.0,1202.0,68.0,0.0,0.0,304.0,401.0,223.0,34.0,734.0,245.0,21.650485436893206,6.601941747572816,61.064891846921796,2.037872954566788,vulnerable
multiple_runs_largerun_db_highthreat_20260410_030216.csv,multiple_runs_largerun_db_highthreat_20260410_030216.csv,285,998.0,1200.0,315.0,0.0,397.0,239.0,12.0,1.0,34.0,960.0,239.0,0.1002004008016032,31.563126252505008,80.0,2.037872954566788,resilient
multiple_runs_largerun_db_highthreat_20260410_030216.csv,multiple_runs_largerun_db_highthreat_20260410_030216.csv,286,1425.0,1197.0,27.0,0.0,0.0,692.0,378.0,301.0,27.0,763.0,133.0,21.12280701754386,1.8947368421052633,63.74269005847953,2.037872954566788,vulnerable
multiple_runs_largerun_db_highthreat_20260410_030216.csv,multiple_runs_largerun_db_highthreat_20260410_030216.csv,287,1169.0,1197.0,145.0,0.0,120.0,463.0,252.0,145.0,44.0,776.0,276.0,12.403763900769889,12.403763900769889,64.82873851294903,2.037872954566788,vulnerable
multiple_runs_largerun_db_highthreat_20260410_030216.csv,multiple_runs_largerun_db_highthreat_20260410_030216.csv,288,1148.0,1183.0,76.0,0.0,21.0,436.0,373.0,224.0,18.0,631.0,328.0,19.51219512195122,6.620209059233449,53.33896872358411,2.037872954566788,vulnerable
multiple_runs_largerun_db_highthreat_20260410_030216.csv,multiple_runs_largerun_db_highthreat_20260410_030216.csv,289,942.0,1199.0,46.0,0.0,0.0,220.0,409.0,237.0,30.0,699.0,263.0,25.159235668789808,4.8832271762208075,58.29858215179316,2.037872954566788,vulnerable
multiple_runs_largerun_db_highthreat_20260410_030216.csv,multiple_runs_largerun_db_highthreat_20260410_030216.csv,290,1233.0,1184.0,56.0,0.0,10.0,530.0,350.0,265.0,22.0,671.0,248.0,21.49229521492295,4.5417680454176805,56.672297297297305,2.037872954566788,vulnerable
multiple_runs_largerun_db_highthreat_20260410_030216.csv,multiple_runs_largerun_db_highthreat_20260410_030216.csv,291,1383.0,1180.0,60.0,0.0,10.0,636.0,373.0,279.0,25.0,721.0,180.0,20.17353579175705,4.3383947939262475,61.101694915254235,2.037872954566788,vulnerable
multiple_runs_largerun_db_highthreat_20260410_030216.csv,multiple_runs_largerun_db_highthreat_20260410_030216.csv,292,897.0,1177.0,32.0,0.0,0.0,184.0,352.0,308.0,21.0,611.0,258.0,34.33667781493868,3.5674470457079153,51.91163976210705,2.037872954566788,vulnerable
multiple_runs_largerun_db_highthreat_20260410_030216.csv,multiple_runs_largerun_db_highthreat_20260410_030216.csv,293,958.0,1193.0,67.0,0.0,14.0,249.0,386.0,222.0,20.0,707.0,264.0,23.173277661795407,6.993736951983298,59.262363788767814,2.037872954566788,vulnerable
multiple_runs_largerun_db_highthreat_20260410_030216.csv,multiple_runs_largerun_db_highthreat_20260410_030216.csv,294,1398.0,1186.0,62.0,0.0,13.0,624.0,397.0,266.0,36.0,747.0,173.0,19.027181688125893,4.434907010014307,62.98482293423272,2.037872954566788,vulnerable
multiple_runs_largerun_db_highthreat_20260410_030216.csv,multiple_runs_largerun_db_highthreat_20260410_030216.csv,295,1274.0,1197.0,68.0,0.0,56.0,566.0,353.0,197.0,34.0,789.0,211.0,15.463108320251179,5.337519623233909,65.91478696741855,2.037872954566788,vulnerable
multiple_runs_largerun_db_highthreat_20260410_030216.csv,multiple_runs_largerun_db_highthreat_20260410_030216.csv,296,1234.0,1202.0,72.0,0.0,79.0,502.0,322.0,228.0,31.0,767.0,207.0,18.47649918962723,5.834683954619125,63.81031613976705,2.037872954566788,vulnerable
multiple_runs_largerun_db_highthreat_20260410_030216.csv,multiple_runs_largerun_db_highthreat_20260410_030216.csv,297,1033.0,1207.0,59.0,0.0,1.0,320.0,418.0,209.0,26.0,828.0,170.0,20.232333010648595,5.711519845111327,68.59983429991715,2.037872954566788,vulnerable
multiple_runs_largerun_db_highthreat_20260410_030216.csv,multiple_runs_largerun_db_highthreat_20260410_030216.csv,298,1264.0,1209.0,76.0,0.0,63.0,517.0,352.0,223.0,33.0,798.0,188.0,17.64240506329114,6.012658227848101,66.00496277915633,2.037872954566788,vulnerable
multiple_runs_largerun_db_highthreat_20260410_030216.csv,multiple_runs_largerun_db_highthreat_20260410_030216.csv,299,1061.0,1219.0,315.0,0.0,292.0,327.0,90.0,0.0,37.0,1105.0,114.0,0.0,29.688972667295005,90.64807219031994,2.037872954566788,resilient
multiple_runs_largerun_db_highthreat_20260410_030216.csv,multiple_runs_largerun_db_highthreat_20260410_030216.csv,300,916.0,1199.0,44.0,0.0,18.0,179.0,387.0,252.0,36.0,689.0,258.0,27.510917030567683,4.8034934497816595,57.46455379482902,2.037872954566788,vulnerable
multiple_runs_largerun_db_highthreat_20260410_030216.csv,multiple_runs_largerun_db_highthreat_20260410_030216.csv,301,1251.0,1188.0,93.0,0.0,44.0,535.0,358.0,195.0,26.0,783.0,210.0,15.587529976019185,7.434052757793765,65.9090909090909,2.037872954566788,vulnerable
multiple_runs_largerun_db_highthreat_20260410_030216.csv,multiple_runs_largerun_db_highthreat_20260410_030216.csv,302,1058.0,1213.0,169.0,0.0,188.0,340.0,200.0,121.0,40.0,719.0,373.0,11.436672967863894,15.973534971644613,59.274525968672705,2.037872954566788,vulnerable
multiple_runs_largerun_db_highthreat_20260410_030216.csv,multiple_runs_largerun_db_highthreat_20260410_030216.csv,303,875.0,1194.0,297.0,0.0,386.0,139.0,6.0,12.0,35.0,966.0,216.0,1.3714285714285714,33.94285714285714,80.90452261306532,2.037872954566788,resilient
multiple_runs_largerun_db_highthreat_20260410_030216.csv,multiple_runs_largerun_db_highthreat_20260410_030216.csv,304,957.0,1218.0,287.0,0.0,362.0,235.0,35.0,0.0,38.0,991.0,227.0,0.0,29.989550679205852,81.36288998357963,2.037872954566788,resilient
multiple_runs_largerun_db_highthreat_20260410_030216.csv,multiple_runs_largerun_db_highthreat_20260410_030216.csv,305,1163.0,1210.0,172.0,0.0,159.0,428.0,253.0,113.0,38.0,811.0,286.0,9.716251074806536,14.789337919174548,67.02479338842974,2.037872954566788,vulnerable
multiple_runs_largerun_db_highthreat_20260410_030216.csv,multiple_runs_largerun_db_highthreat_20260410_030216.csv,306,1365.0,1185.0,41.0,0.0,19.0,601.0,383.0,292.0,29.0,745.0,148.0,21.39194139194139,3.0036630036630036,62.869198312236286,2.037872954566788,vulnerable
multiple_runs_largerun_db_highthreat_20260410_030216.csv,multiple_runs_largerun_db_highthreat_20260410_030216.csv,307,1178.0,1189.0,154.0,0.0,40.0,473.0,353.0,134.0,24.0,791.0,264.0,11.37521222410866,13.073005093378608,66.52649285113542,2.037872954566788,vulnerable
multiple_runs_largerun_db_highthreat_20260410_030216.csv,multiple_runs_largerun_db_highthreat_20260410_030216.csv,308,934.0,1195.0,280.0,0.0,348.0,224.0,27.0,16.0,39.0,960.0,219.0,1.7130620985010707,29.978586723768736,80.3347280334728,2.037872954566788,resilient
multiple_runs_largerun_db_highthreat_20260410_030216.csv,multiple_runs_largerun_db_highthreat_20260410_030216.csv,309,1103.0,1221.0,43.0,0.0,3.0,412.0,385.0,233.0,27.0,751.0,237.0,21.12420670897552,3.8984587488667275,61.50696150696151,2.037872954566788,vulnerable
multiple_runs_largerun_db_highthreat_20260410_030216.csv,multiple_runs_largerun_db_highthreat_20260410_030216.csv,310,1024.0,1199.0,307.0,0.0,316.0,265.0,103.0,5.0,28.0,914.0,280.0,0.48828125,29.98046875,76.2301918265221,2.037872954566788,resilient
multiple_runs_largerun_db_highthreat_20260410_030216.csv,multiple_runs_largerun_db_highthreat_20260410_030216.csv,311,993.0,1196.0,345.0,0.0,380.0,229.0,0.0,2.0,37.0,945.0,249.0,0.2014098690835851,34.74320241691843,79.0133779264214,2.037872954566788,resilient
multiple_runs_largerun_db_highthreat_20260410_030216.csv,multiple_runs_largerun_db_highthreat_20260410_030216.csv,312,967.0,1181.0,293.0,0.0,311.0,262.0,63.0,0.0,38.0,930.0,251.0,0.0,30.299896587383664,78.74682472480949,2.037872954566788,resilient
multiple_runs_largerun_db_highthreat_20260410_030216.csv,multiple_runs_largerun_db_highthreat_20260410_030216.csv,313,1014.0,1197.0,299.0,0.0,327.0,298.0,59.0,0.0,31.0,1069.0,128.0,0.0,29.48717948717949,89.30659983291562,2.037872954566788,resilient
multiple_runs_largerun_db_highthreat_20260410_030216.csv,multiple_runs_largerun_db_highthreat_20260410_030216.csv,314,952.0,1188.0,42.0,0.0,3.0,233.0,411.0,237.0,26.0,697.0,254.0,24.89495798319328,4.411764705882353,58.670033670033675,2.037872954566788,vulnerable
multiple_runs_largerun_db_highthreat_20260410_030216.csv,multiple_runs_largerun_db_highthreat_20260410_030216.csv,315,965.0,1204.0,46.0,0.0,16.0,231.0,393.0,251.0,28.0,702.0,251.0,26.01036269430052,4.766839378238342,58.30564784053156,2.037872954566788,vulnerable
multiple_runs_largerun_db_highthreat_20260410_030216.csv,multiple_runs_largerun_db_highthreat_20260410_030216.csv,316,914.0,1199.0,275.0,0.0,317.0,195.0,73.0,17.0,37.0,986.0,196.0,1.8599562363238513,30.087527352297595,82.23519599666389,2.037872954566788,resilient
multiple_runs_largerun_db_highthreat_20260410_030216.csv,multiple_runs_largerun_db_highthreat_20260410_030216.csv,317,1259.0,1194.0,128.0,0.0,63.0,552.0,321.0,166.0,29.0,802.0,226.0,13.18506751389992,10.16679904686259,67.16917922948073,2.037872954566788,vulnerable
multiple_runs_largerun_db_highthreat_20260410_030216.csv,multiple_runs_largerun_db_highthreat_20260410_030216.csv,318,1009.0,1202.0,309.0,0.0,379.0,253.0,32.0,4.0,32.0,1084.0,114.0,0.39643211100099107,30.62438057482656,90.18302828618968,2.037872954566788,resilient
multiple_runs_largerun_db_highthreat_20260410_030216.csv,multiple_runs_largerun_db_highthreat_20260410_030216.csv,319,904.0,1190.0,297.0,0.0,302.0,173.0,93.0,12.0,27.0,943.0,235.0,1.3274336283185841,32.85398230088495,79.24369747899159,2.037872954566788,resilient
multiple_runs_largerun_db_highthreat_20260410_030216.csv,multiple_runs_largerun_db_highthreat_20260410_030216.csv,320,1029.0,1213.0,63.0,0.0,7.0,303.0,388.0,246.0,22.0,746.0,221.0,23.9067055393586,6.122448979591836,61.50041220115416,2.037872954566788,vulnerable
multiple_runs_largerun_db_highthreat_20260410_030216.csv,multiple_runs_largerun_db_highthreat_20260410_030216.csv,321,905.0,1197.0,312.0,0.0,374.0,177.0,11.0,0.0,31.0,1074.0,123.0,0.0,34.47513812154696,89.72431077694235,2.037872954566788,resilient
multiple_runs_largerun_db_highthreat_20260410_030216.csv,multiple_runs_largerun_db_highthreat_20260410_030216.csv,322,900.0,1210.0,311.0,0.0,338.0,174.0,32.0,7.0,38.0,981.0,222.0,0.7777777777777778,34.55555555555556,81.07438016528926,2.037872954566788,resilient
multiple_runs_largerun_db_highthreat_20260410_030216.csv,multiple_runs_largerun_db_highthreat_20260410_030216.csv,323,998.0,1192.0,299.0,0.0,396.0,227.0,45.0,0.0,31.0,1015.0,177.0,0.0,29.959919839679362,85.1510067114094,2.037872954566788,resilient
multiple_runs_largerun_db_highthreat_20260410_030216.csv,multiple_runs_largerun_db_highthreat_20260410_030216.csv,324,933.0,1210.0,88.0,0.0,0.0,253.0,373.0,183.0,36.0,813.0,214.0,19.614147909967848,9.431939978563774,67.1900826446281,2.037872954566788,vulnerable
multiple_runs_largerun_db_highthreat_20260410_030216.csv,multiple_runs_largerun_db_highthreat_20260410_030216.csv,325,1193.0,1219.0,32.0,0.0,46.0,467.0,355.0,255.0,38.0,704.0,260.0,21.374685666387258,2.682313495389774,57.75225594749796,2.037872954566788,vulnerable
multiple_runs_largerun_db_highthreat_20260410_030216.csv,multiple_runs_largerun_db_highthreat_20260410_030216.csv,326,914.0,1204.0,330.0,0.0,359.0,157.0,30.0,4.0,34.0,987.0,213.0,0.437636761487965,36.10503282275711,81.97674418604652,2.037872954566788,resilient
multiple_runs_largerun_db_highthreat_20260410_030216.csv,multiple_runs_largerun_db_highthreat_20260410_030216.csv,327,1191.0,1191.0,182.0,0.0,150.0,472.0,236.0,119.0,32.0,804.0,268.0,9.991603694374476,15.28127623845508,67.50629722921914,2.037872954566788,vulnerable
multiple_runs_largerun_db_highthreat_20260410_030216.csv,multiple_runs_largerun_db_highthreat_20260410_030216.csv,328,951.0,1207.0,44.0,0.0,1.0,220.0,376.0,289.0,21.0,693.0,225.0,30.38906414300736,4.6267087276550996,57.41507870753936,2.037872954566788,vulnerable
multiple_runs_largerun_db_highthreat_20260410_030216.csv,multiple_runs_largerun_db_highthreat_20260410_030216.csv,329,913.0,1212.0,281.0,0.0,373.0,160.0,31.0,22.0,46.0,944.0,246.0,2.4096385542168677,30.7776560788609,77.88778877887789,2.037872954566788,vulnerable
multiple_runs_largerun_db_highthreat_20260410_030216.csv,multiple_runs_largerun_db_highthreat_20260410_030216.csv,330,922.0,1188.0,240.0,0.0,366.0,213.0,36.0,25.0,42.0,847.0,316.0,2.711496746203905,26.030368763557483,71.29629629629629,2.037872954566788,vulnerable
multiple_runs_largerun_db_highthreat_20260410_030216.csv,multiple_runs_largerun_db_highthreat_20260410_030216.csv,331,945.0,1182.0,326.0,0.0,344.0,190.0,53.0,4.0,28.0,974.0,204.0,0.4232804232804233,34.4973544973545,82.40270727580372,2.037872954566788,resilient
multiple_runs_largerun_db_highthreat_20260410_030216.csv,multiple_runs_largerun_db_highthreat_20260410_030216.csv,332,977.0,1194.0,332.0,0.0,296.0,243.0,74.0,0.0,32.0,1037.0,157.0,0.0,33.98157625383828,86.85092127303182,2.037872954566788,resilient
multiple_runs_largerun_db_highthreat_20260410_030216.csv,multiple_runs_largerun_db_highthreat_20260410_030216.csv,333,957.0,1215.0,336.0,0.0,360.0,184.0,23.0,12.0,42.0,956.0,247.0,1.2539184952978055,35.10971786833856,78.68312757201646,2.037872954566788,resilient
multiple_runs_largerun_db_highthreat_20260410_030216.csv,multiple_runs_largerun_db_highthreat_20260410_030216.csv,334,1024.0,1201.0,46.0,0.0,1.0,311.0,375.0,251.0,40.0,704.0,246.0,24.51171875,4.4921875,58.61781848459617,2.037872954566788,vulnerable
multiple_runs_largerun_db_highthreat_20260410_030216.csv,multiple_runs_largerun_db_highthreat_20260410_030216.csv,335,793.0,1200.0,287.0,0.0,344.0,79.0,33.0,15.0,35.0,938.0,247.0,1.8915510718789406,36.19167717528373,78.16666666666666,2.037872954566788,resilient
multiple_runs_largerun_db_highthreat_20260410_030216.csv,multiple_runs_largerun_db_highthreat_20260410_030216.csv,336,1276.0,1182.0,43.0,0.0,21.0,580.0,374.0,244.0,14.0,715.0,223.0,19.122257053291534,3.369905956112853,60.49069373942471,2.037872954566788,vulnerable
multiple_runs_largerun_db_highthreat_20260410_030216.csv,multiple_runs_largerun_db_highthreat_20260410_030216.csv,337,1156.0,1201.0,154.0,0.0,123.0,447.0,268.0,123.0,41.0,814.0,264.0,10.640138408304498,13.321799307958477,67.77685262281432,2.037872954566788,vulnerable
multiple_runs_largerun_db_highthreat_20260410_030216.csv,multiple_runs_largerun_db_highthreat_20260410_030216.csv,338,1145.0,1203.0,175.0,0.0,193.0,431.0,212.0,92.0,42.0,842.0,269.0,8.034934497816595,15.283842794759824,69.99168744804655,2.037872954566788,vulnerable
multiple_runs_largerun_db_highthreat_20260410_030216.csv,multiple_runs_largerun_db_highthreat_20260410_030216.csv,339,958.0,1203.0,42.0,0.0,1.0,208.0,409.0,272.0,26.0,680.0,251.0,28.39248434237996,4.3841336116910234,56.525353283458024,2.037872954566788,vulnerable
multiple_runs_largerun_db_highthreat_20260410_030216.csv,multiple_runs_largerun_db_highthreat_20260410_030216.csv,340,1146.0,1202.0,115.0,0.0,22.0,410.0,383.0,180.0,36.0,791.0,231.0,15.706806282722512,10.034904013961606,65.80698835274542,2.037872954566788,vulnerable
multiple_runs_largerun_db_highthreat_20260410_030216.csv,multiple_runs_largerun_db_highthreat_20260410_030216.csv,341,992.0,1206.0,55.0,0.0,14.0,245.0,413.0,227.0,38.0,762.0,217.0,22.883064516129032,5.544354838709677,63.18407960199005,2.037872954566788,vulnerable
multiple_runs_largerun_db_highthreat_20260410_030216.csv,multiple_runs_largerun_db_highthreat_20260410_030216.csv,342,1164.0,1210.0,73.0,0.0,9.0,422.0,365.0,271.0,24.0,721.0,218.0,23.281786941580755,6.2714776632302405,59.586776859504134,2.037872954566788,vulnerable
multiple_runs_largerun_db_highthreat_20260410_030216.csv,multiple_runs_largerun_db_highthreat_20260410_030216.csv,343,1017.0,1199.0,319.0,0.0,373.0,256.0,35.0,3.0,31.0,1062.0,134.0,0.2949852507374631,31.366764995083578,88.57381150959132,2.037872954566788,resilient
multiple_runs_largerun_db_highthreat_20260410_030216.csv,multiple_runs_largerun_db_highthreat_20260410_030216.csv,344,1182.0,1194.0,63.0,0.0,70.0,506.0,308.0,203.0,32.0,760.0,231.0,17.174280879864636,5.32994923857868,63.65159128978225,2.037872954566788,vulnerable
multiple_runs_largerun_db_highthreat_20260410_030216.csv,multiple_runs_largerun_db_highthreat_20260410_030216.csv,345,915.0,1212.0,309.0,0.0,335.0,179.0,57.0,1.0,34.0,1023.0,188.0,0.1092896174863388,33.77049180327869,84.4059405940594,2.037872954566788,resilient
multiple_runs_largerun_db_highthreat_20260410_030216.csv,multiple_runs_largerun_db_highthreat_20260410_030216.csv,346,966.0,1197.0,293.0,0.0,329.0,246.0,53.0,8.0,37.0,973.0,216.0,0.8281573498964804,30.33126293995859,81.28654970760235,2.037872954566788,resilient
multiple_runs_largerun_db_highthreat_20260410_030216.csv,multiple_runs_largerun_db_highthreat_20260410_030216.csv,347,1400.0,1227.0,64.0,0.0,8.0,646.0,412.0,241.0,29.0,737.0,249.0,17.214285714285715,4.571428571428571,60.06519967400163,2.037872954566788,vulnerable
multiple_runs_largerun_db_highthreat_20260410_030216.csv,multiple_runs_largerun_db_highthreat_20260410_030216.csv,348,920.0,1202.0,319.0,0.0,362.0,162.0,26.0,17.0,34.0,1034.0,151.0,1.8478260869565217,34.67391304347826,86.02329450915141,2.037872954566788,resilient
multiple_runs_largerun_db_highthreat_20260410_030216.csv,multiple_runs_largerun_db_highthreat_20260410_030216.csv,349,1132.0,1196.0,153.0,0.0,172.0,404.0,240.0,133.0,30.0,804.0,259.0,11.749116607773852,13.51590106007067,67.22408026755853,2.037872954566788,vulnerable
multiple_runs_largerun_db_highthreat_20260410_030216.csv,multiple_runs_largerun_db_highthreat_20260410_030216.csv,350,986.0,1189.0,57.0,0.0,7.0,251.0,370.0,276.0,25.0,712.0,201.0,27.99188640973631,5.780933062880324,59.882253994953736,2.037872954566788,vulnerable
multiple_runs_largerun_db_highthreat_20260410_030216.csv,multiple_runs_largerun_db_highthreat_20260410_030216.csv,351,1003.0,1191.0,306.0,0.0,394.0,254.0,20.0,0.0,29.0,1065.0,126.0,0.0,30.508474576271187,89.4206549118388,2.037872954566788,resilient
multiple_runs_largerun_db_highthreat_20260410_030216.csv,multiple_runs_largerun_db_highthreat_20260410_030216.csv,352,950.0,1196.0,294.0,0.0,385.0,232.0,9.0,0.0,30.0,1042.0,154.0,0.0,30.94736842105263,87.123745819398,2.037872954566788,resilient
multiple_runs_largerun_db_highthreat_20260410_030216.csv,multiple_runs_largerun_db_highthreat_20260410_030216.csv,353,1309.0,1211.0,83.0,0.0,31.0,569.0,363.0,238.0,25.0,810.0,163.0,18.181818181818183,6.3407181054239885,66.88687035507844,2.037872954566788,vulnerable
multiple_runs_largerun_db_highthreat_20260410_030216.csv,multiple_runs_largerun_db_highthreat_20260410_030216.csv,354,780.0,1200.0,296.0,0.0,357.0,44.0,32.0,10.0,41.0,914.0,276.0,1.282051282051282,37.94871794871795,76.16666666666667,2.037872954566788,resilient
multiple_runs_largerun_db_highthreat_20260410_030216.csv,multiple_runs_largerun_db_highthreat_20260410_030216.csv,355,1056.0,1191.0,295.0,0.0,344.0,314.0,41.0,34.0,28.0,1038.0,119.0,3.2196969696969697,27.935606060606062,87.1536523929471,2.037872954566788,vulnerable
multiple_runs_largerun_db_highthreat_20260410_030216.csv,multiple_runs_largerun_db_highthreat_20260410_030216.csv,356,1199.0,1208.0,115.0,0.0,115.0,456.0,284.0,190.0,39.0,776.0,242.0,15.846538782318598,9.591326105087573,64.23841059602648,2.037872954566788,vulnerable
multiple_runs_largerun_db_highthreat_20260410_030216.csv,multiple_runs_largerun_db_highthreat_20260410_030216.csv,357,1150.0,1199.0,135.0,0.0,184.0,466.0,205.0,126.0,34.0,799.0,274.0,10.956521739130434,11.73913043478261,66.63886572143453,2.037872954566788,vulnerable
multiple_runs_largerun_db_highthreat_20260410_030216.csv,multiple_runs_largerun_db_highthreat_20260410_030216.csv,358,987.0,1205.0,51.0,0.0,0.0,237.0,421.0,250.0,28.0,716.0,239.0,25.329280648429588,5.167173252279635,59.41908713692946,2.037872954566788,vulnerable
multiple_runs_largerun_db_highthreat_20260410_030216.csv,multiple_runs_largerun_db_highthreat_20260410_030216.csv,359,998.0,1207.0,286.0,0.0,302.0,262.0,102.0,12.0,34.0,1031.0,164.0,1.2024048096192386,28.65731462925852,85.41839270919635,2.037872954566788,resilient
multiple_runs_largerun_db_highthreat_20260410_030216.csv,multiple_runs_largerun_db_highthreat_20260410_030216.csv,360,1428.0,1213.0,29.0,0.0,5.0,694.0,388.0,287.0,25.0,751.0,175.0,20.098039215686274,2.030812324929972,61.91261335531739,2.037872954566788,vulnerable
multiple_runs_largerun_db_highthreat_20260410_030216.csv,multiple_runs_largerun_db_highthreat_20260410_030216.csv,361,999.0,1199.0,52.0,0.0,14.0,225.0,383.0,291.0,34.0,703.0,205.0,29.129129129129126,5.205205205205205,58.63219349457881,2.037872954566788,vulnerable
multiple_runs_largerun_db_highthreat_20260410_030216.csv,multiple_runs_largerun_db_highthreat_20260410_030216.csv,362,1433.0,1211.0,51.0,0.0,6.0,688.0,383.0,279.0,26.0,757.0,175.0,19.469644103279833,3.558967201674808,62.510322047894306,2.037872954566788,vulnerable
multiple_runs_largerun_db_highthreat_20260410_030216.csv,multiple_runs_largerun_db_highthreat_20260410_030216.csv,363,905.0,1206.0,43.0,0.0,4.0,188.0,376.0,275.0,19.0,676.0,255.0,30.386740331491712,4.751381215469613,56.053067993366504,2.037872954566788,vulnerable
multiple_runs_largerun_db_highthreat_20260410_030216.csv,multiple_runs_largerun_db_highthreat_20260410_030216.csv,364,1169.0,1196.0,48.0,0.0,49.0,460.0,333.0,238.0,41.0,754.0,204.0,20.35928143712575,4.1060735671514115,63.04347826086957,2.037872954566788,vulnerable
multiple_runs_largerun_db_highthreat_20260410_030216.csv,multiple_runs_largerun_db_highthreat_20260410_030216.csv,365,1206.0,1193.0,32.0,0.0,12.0,449.0,388.0,288.0,37.0,749.0,156.0,23.88059701492537,2.6533996683250414,62.78290025146689,2.037872954566788,vulnerable
multiple_runs_largerun_db_highthreat_20260410_030216.csv,multiple_runs_largerun_db_highthreat_20260410_030216.csv,366,937.0,1207.0,301.0,0.0,409.0,196.0,1.0,9.0,21.0,1048.0,150.0,0.96051227321238,32.123799359658484,86.8268434134217,2.037872954566788,resilient
multiple_runs_largerun_db_highthreat_20260410_030216.csv,multiple_runs_largerun_db_highthreat_20260410_030216.csv,367,1041.0,1203.0,316.0,0.0,379.0,287.0,19.0,1.0,39.0,1004.0,198.0,0.09606147934678194,30.35542747358309,83.45802161263508,2.037872954566788,resilient
multiple_runs_largerun_db_highthreat_20260410_030216.csv,multiple_runs_largerun_db_highthreat_20260410_030216.csv,368,910.0,1213.0,312.0,0.0,425.0,126.0,10.0,3.0,34.0,1046.0,164.0,0.32967032967032966,34.285714285714285,86.23248145094806,2.037872954566788,resilient
multiple_runs_largerun_db_highthreat_20260410_030216.csv,multiple_runs_largerun_db_highthreat_20260410_030216.csv,369,1231.0,1208.0,121.0,0.0,40.0,476.0,336.0,227.0,31.0,775.0,206.0,18.44029244516653,9.82940698619009,64.15562913907284,2.037872954566788,vulnerable
multiple_runs_largerun_db_highthreat_20260410_030216.csv,multiple_runs_largerun_db_highthreat_20260410_030216.csv,370,962.0,1201.0,46.0,0.0,0.0,222.0,398.0,268.0,28.0,657.0,276.0,27.85862785862786,4.781704781704782,54.70441298917569,2.037872954566788,vulnerable
multiple_runs_largerun_db_highthreat_20260410_030216.csv,multiple_runs_largerun_db_highthreat_20260410_030216.csv,371,1146.0,1195.0,200.0,0.0,109.0,406.0,285.0,121.0,25.0,791.0,283.0,10.55846422338569,17.452006980802793,66.19246861924685,2.037872954566788,vulnerable
multiple_runs_largerun_db_highthreat_20260410_030216.csv,multiple_runs_largerun_db_highthreat_20260410_030216.csv,372,1085.0,1183.0,45.0,0.0,4.0,365.0,368.0,271.0,32.0,741.0,171.0,24.976958525345623,4.147465437788019,62.637362637362635,2.037872954566788,vulnerable
multiple_runs_largerun_db_highthreat_20260410_030216.csv,multiple_runs_largerun_db_highthreat_20260410_030216.csv,373,863.0,1208.0,304.0,0.0,375.0,102.0,21.0,19.0,42.0,966.0,223.0,2.20162224797219,35.22595596755504,79.96688741721854,2.037872954566788,vulnerable
multiple_runs_largerun_db_highthreat_20260410_030216.csv,multiple_runs_largerun_db_highthreat_20260410_030216.csv,374,1120.0,1197.0,82.0,1.0,25.0,406.0,365.0,216.0,25.0,747.0,234.0,19.28571428571429,7.321428571428572,62.40601503759399,2.037872954566788,vulnerable
multiple_runs_largerun_db_highthreat_20260410_030216.csv,multiple_runs_largerun_db_highthreat_20260410_030216.csv,375,1166.0,1195.0,123.0,0.0,81.0,445.0,319.0,171.0,27.0,722.0,302.0,14.665523156089193,10.548885077186965,60.41841004184101,2.037872954566788,vulnerable
multiple_runs_largerun_db_highthreat_20260410_030216.csv,multiple_runs_largerun_db_highthreat_20260410_030216.csv,376,1092.0,1210.0,65.0,0.0,1.0,355.0,398.0,260.0,13.0,738.0,212.0,23.809523809523807,5.952380952380952,60.99173553719008,2.037872954566788,vulnerable
multiple_runs_largerun_db_highthreat_20260410_030216.csv,multiple_runs_largerun_db_highthreat_20260410_030216.csv,377,1035.0,1186.0,44.0,0.0,14.0,320.0,355.0,270.0,32.0,727.0,189.0,26.08695652173913,4.251207729468599,61.29848229342328,2.037872954566788,vulnerable
multiple_runs_largerun_db_highthreat_20260410_030216.csv,multiple_runs_largerun_db_highthreat_20260410_030216.csv,378,911.0,1196.0,26.0,0.0,12.0,195.0,364.0,286.0,28.0,679.0,231.0,31.394072447859493,2.8540065861690453,56.77257525083612,2.037872954566788,vulnerable
multiple_runs_largerun_db_highthreat_20260410_030216.csv,multiple_runs_largerun_db_highthreat_20260410_030216.csv,379,961.0,1201.0,50.0,0.0,3.0,251.0,374.0,259.0,24.0,715.0,227.0,26.95109261186264,5.202913631633715,59.533721898417994,2.037872954566788,vulnerable
multiple_runs_largerun_db_highthreat_20260410_030216.csv,multiple_runs_largerun_db_highthreat_20260410_030216.csv,380,972.0,1208.0,52.0,0.0,7.0,281.0,374.0,236.0,22.0,670.0,302.0,24.279835390946502,5.349794238683128,55.4635761589404,2.037872954566788,vulnerable
multiple_runs_largerun_db_highthreat_20260410_030216.csv,multiple_runs_largerun_db_highthreat_20260410_030216.csv,381,751.0,1175.0,156.0,0.0,300.0,196.0,61.0,2.0,36.0,878.0,295.0,0.2663115845539281,20.77230359520639,74.72340425531915,2.037872954566788,resilient
multiple_runs_largerun_db_highthreat_20260410_030216.csv,multiple_runs_largerun_db_highthreat_20260410_030216.csv,382,968.0,1197.0,53.0,0.0,10.0,256.0,365.0,260.0,24.0,730.0,207.0,26.859504132231404,5.475206611570248,60.985797827903085,2.037872954566788,vulnerable
multiple_runs_largerun_db_highthreat_20260410_030216.csv,multiple_runs_largerun_db_highthreat_20260410_030216.csv,383,947.0,1198.0,258.0,0.0,377.0,208.0,46.0,20.0,38.0,973.0,205.0,2.1119324181626187,27.243928194297784,81.21869782971619,2.037872954566788,vulnerable
multiple_runs_largerun_db_highthreat_20260410_030216.csv,multiple_runs_largerun_db_highthreat_20260410_030216.csv,384,977.0,1191.0,59.0,0.0,16.0,260.0,388.0,228.0,26.0,656.0,307.0,23.3367451381781,6.038894575230297,55.07976490344249,2.037872954566788,vulnerable
multiple_runs_largerun_db_highthreat_20260410_030216.csv,multiple_runs_largerun_db_highthreat_20260410_030216.csv,385,945.0,1206.0,41.0,0.0,11.0,238.0,387.0,238.0,30.0,758.0,210.0,25.185185185185183,4.338624338624339,62.852404643449425,2.037872954566788,vulnerable
multiple_runs_largerun_db_highthreat_20260410_030216.csv,multiple_runs_largerun_db_highthreat_20260410_030216.csv,386,914.0,1204.0,37.0,1.0,10.0,196.0,376.0,264.0,30.0,715.0,225.0,28.88402625820569,4.048140043763676,59.38538205980066,2.037872954566788,vulnerable
multiple_runs_largerun_db_highthreat_20260410_030216.csv,multiple_runs_largerun_db_highthreat_20260410_030216.csv,387,1004.0,1216.0,60.0,0.0,12.0,267.0,412.0,223.0,30.0,694.0,299.0,22.211155378486055,5.9760956175298805,57.07236842105263,2.037872954566788,vulnerable
multiple_runs_largerun_db_highthreat_20260410_030216.csv,multiple_runs_largerun_db_highthreat_20260410_030216.csv,388,945.0,1207.0,301.0,0.0,305.0,186.0,114.0,0.0,39.0,960.0,247.0,0.0,31.851851851851855,79.53603976801989,2.037872954566788,resilient
multiple_runs_largerun_db_highthreat_20260410_030216.csv,multiple_runs_largerun_db_highthreat_20260410_030216.csv,389,972.0,1189.0,56.0,0.0,7.0,222.0,402.0,250.0,35.0,622.0,317.0,25.720164609053498,5.761316872427984,52.31286795626578,2.037872954566788,vulnerable
multiple_runs_largerun_db_highthreat_20260410_030216.csv,multiple_runs_largerun_db_highthreat_20260410_030216.csv,390,956.0,1214.0,54.0,0.0,6.0,251.0,373.0,244.0,28.0,708.0,262.0,25.523012552301257,5.648535564853557,58.319604612850085,2.037872954566788,vulnerable
multiple_runs_largerun_db_highthreat_20260410_030216.csv,multiple_runs_largerun_db_highthreat_20260410_030216.csv,391,939.0,1204.0,72.0,0.0,18.0,235.0,365.0,228.0,21.0,782.0,194.0,24.281150159744406,7.667731629392971,64.95016611295681,2.037872954566788,vulnerable
multiple_runs_largerun_db_highthreat_20260410_030216.csv,multiple_runs_largerun_db_highthreat_20260410_030216.csv,392,935.0,1192.0,314.0,0.0,368.0,211.0,12.0,3.0,27.0,952.0,237.0,0.32085561497326204,33.582887700534755,79.86577181208054,2.037872954566788,resilient
multiple_runs_largerun_db_highthreat_20260410_030216.csv,multiple_runs_largerun_db_highthreat_20260410_030216.csv,393,915.0,1196.0,304.0,0.0,340.0,224.0,11.0,0.0,36.0,975.0,221.0,0.0,33.224043715846996,81.52173913043478,2.037872954566788,resilient
multiple_runs_largerun_db_highthreat_20260410_030216.csv,multiple_runs_largerun_db_highthreat_20260410_030216.csv,394,948.0,1208.0,295.0,0.0,305.0,229.0,62.0,16.0,41.0,936.0,256.0,1.6877637130801686,31.118143459915608,77.48344370860927,2.037872954566788,resilient
multiple_runs_largerun_db_highthreat_20260410_030216.csv,multiple_runs_largerun_db_highthreat_20260410_030216.csv,395,950.0,1188.0,70.0,0.0,32.0,220.0,370.0,231.0,27.0,697.0,260.0,24.31578947368421,7.368421052631578,58.670033670033675,2.037872954566788,vulnerable
multiple_runs_largerun_db_highthreat_20260410_030216.csv,multiple_runs_largerun_db_highthreat_20260410_030216.csv,396,984.0,1203.0,328.0,0.0,353.0,252.0,21.0,0.0,30.0,965.0,238.0,0.0,33.33333333333333,80.2161263507897,2.037872954566788,resilient
multiple_runs_largerun_db_highthreat_20260410_030216.csv,multiple_runs_largerun_db_highthreat_20260410_030216.csv,397,1049.0,1200.0,58.0,0.0,2.0,353.0,396.0,208.0,32.0,765.0,227.0,19.82840800762631,5.529075309818875,63.74999999999999,2.037872954566788,vulnerable
multiple_runs_largerun_db_highthreat_20260410_030216.csv,multiple_runs_largerun_db_highthreat_20260410_030216.csv,398,1007.0,1208.0,81.0,0.0,2.0,269.0,412.0,217.0,26.0,753.0,238.0,21.549155908639523,8.04369414101291,62.33443708609272,2.037872954566788,vulnerable
multiple_runs_largerun_db_highthreat_20260410_030216.csv,multiple_runs_largerun_db_highthreat_20260410_030216.csv,399,1207.0,1201.0,66.0,0.0,60.0,510.0,335.0,203.0,33.0,724.0,274.0,16.818558409279206,5.468102734051367,60.283097418817654,2.037872954566788,vulnerable
multiple_runs_largerun_db_highthreat_20260410_030216.csv,multiple_runs_largerun_db_highthreat_20260410_030216.csv,400,1198.0,1194.0,61.0,0.0,48.0,495.0,348.0,216.0,30.0,736.0,242.0,18.030050083472453,5.091819699499165,61.64154103852596,2.037872954566788,vulnerable
multiple_runs_largerun_db_highthreat_20260410_030216.csv,multiple_runs_largerun_db_highthreat_20260410_030216.csv,401,906.0,1202.0,302.0,0.0,378.0,140.0,47.0,5.0,34.0,966.0,231.0,0.5518763796909493,33.33333333333333,80.36605657237936,2.037872954566788,resilient
multiple_runs_largerun_db_highthreat_20260410_030216.csv,multiple_runs_largerun_db_highthreat_20260410_030216.csv,402,1181.0,1209.0,62.0,0.0,35.0,462.0,387.0,204.0,31.0,724.0,281.0,17.27349703640982,5.249788314987299,59.88420181968569,2.037872954566788,vulnerable
multiple_runs_largerun_db_highthreat_20260410_030216.csv,multiple_runs_largerun_db_highthreat_20260410_030216.csv,403,1001.0,1197.0,88.0,0.0,1.0,280.0,402.0,195.0,35.0,747.0,255.0,19.480519480519483,8.791208791208792,62.40601503759399,2.037872954566788,vulnerable
multiple_runs_largerun_db_highthreat_20260410_030216.csv,multiple_runs_largerun_db_highthreat_20260410_030216.csv,404,942.0,1184.0,320.0,0.0,321.0,211.0,54.0,6.0,30.0,1003.0,175.0,0.6369426751592357,33.97027600849257,84.71283783783784,2.037872954566788,resilient
multiple_runs_largerun_db_highthreat_20260410_030216.csv,multiple_runs_largerun_db_highthreat_20260410_030216.csv,405,992.0,1199.0,54.0,0.0,9.0,225.0,426.0,256.0,22.0,701.0,242.0,25.806451612903224,5.443548387096774,58.465387823185985,2.037872954566788,vulnerable
multiple_runs_largerun_db_highthreat_20260410_030216.csv,multiple_runs_largerun_db_highthreat_20260410_030216.csv,406,838.0,1197.0,297.0,0.0,338.0,121.0,36.0,2.0,44.0,900.0,295.0,0.23866348448687352,35.44152744630071,75.18796992481202,2.037872954566788,resilient
multiple_runs_largerun_db_highthreat_20260410_030216.csv,multiple_runs_largerun_db_highthreat_20260410_030216.csv,407,1182.0,1192.0,227.0,0.0,75.0,457.0,315.0,79.0,29.0,822.0,291.0,6.683587140439933,19.204737732656515,68.95973154362416,2.037872954566788,vulnerable
multiple_runs_largerun_db_highthreat_20260410_030216.csv,multiple_runs_largerun_db_highthreat_20260410_030216.csv,408,897.0,1200.0,265.0,0.0,323.0,173.0,74.0,14.0,48.0,947.0,239.0,1.560758082497213,29.54292084726867,78.91666666666667,2.037872954566788,resilient
multiple_runs_largerun_db_highthreat_20260410_030216.csv,multiple_runs_largerun_db_highthreat_20260410_030216.csv,409,980.0,1193.0,286.0,0.0,292.0,260.0,107.0,2.0,33.0,1013.0,178.0,0.20408163265306123,29.183673469387756,84.91198658843253,2.037872954566788,resilient
multiple_runs_largerun_db_highthreat_20260410_030216.csv,multiple_runs_largerun_db_highthreat_20260410_030216.csv,410,1061.0,1198.0,256.0,0.0,216.0,348.0,155.0,57.0,29.0,836.0,305.0,5.372290292177191,24.12818096135721,69.78297161936561,2.037872954566788,vulnerable
multiple_runs_largerun_db_highthreat_20260410_030216.csv,multiple_runs_largerun_db_highthreat_20260410_030216.csv,411,992.0,1203.0,50.0,0.0,23.0,301.0,356.0,227.0,35.0,762.0,214.0,22.883064516129032,5.040322580645161,63.34164588528678,2.037872954566788,vulnerable
multiple_runs_largerun_db_highthreat_20260410_030216.csv,multiple_runs_largerun_db_highthreat_20260410_030216.csv,412,887.0,1201.0,319.0,0.0,380.0,113.0,22.0,4.0,49.0,966.0,231.0,0.4509582863585118,35.963923337091316,80.43297252289759,2.037872954566788,resilient
multiple_runs_largerun_db_highthreat_20260410_030216.csv,multiple_runs_largerun_db_highthreat_20260410_030216.csv,413,956.0,1188.0,49.0,0.0,13.0,190.0,396.0,284.0,24.0,669.0,235.0,29.707112970711297,5.125523012552302,56.313131313131315,2.037872954566788,vulnerable
multiple_runs_largerun_db_highthreat_20260410_030216.csv,multiple_runs_largerun_db_highthreat_20260410_030216.csv,414,952.0,1198.0,304.0,0.0,406.0,196.0,10.0,9.0,27.0,994.0,195.0,0.9453781512605042,31.932773109243694,82.97161936560936,2.037872954566788,resilient
multiple_runs_largerun_db_highthreat_20260410_030216.csv,multiple_runs_largerun_db_highthreat_20260410_030216.csv,415,920.0,1198.0,34.0,0.0,5.0,146.0,394.0,309.0,32.0,635.0,254.0,33.58695652173913,3.6956521739130435,53.00500834724541,2.037872954566788,vulnerable
multiple_runs_largerun_db_highthreat_20260410_030216.csv,multiple_runs_largerun_db_highthreat_20260410_030216.csv,416,991.0,1197.0,37.0,0.0,0.0,268.0,404.0,254.0,28.0,684.0,259.0,25.630676084762865,3.733602421796166,57.14285714285714,2.037872954566788,vulnerable
multiple_runs_largerun_db_highthreat_20260410_030216.csv,multiple_runs_largerun_db_highthreat_20260410_030216.csv,417,1040.0,1204.0,339.0,0.0,344.0,280.0,52.0,3.0,22.0,1054.0,147.0,0.2884615384615385,32.59615384615385,87.54152823920266,2.037872954566788,resilient
multiple_runs_largerun_db_highthreat_20260410_030216.csv,multiple_runs_largerun_db_highthreat_20260410_030216.csv,418,938.0,1197.0,302.0,0.0,360.0,214.0,21.0,0.0,41.0,929.0,268.0,0.0,32.19616204690831,77.61069340016708,2.037872954566788,resilient
multiple_runs_largerun_db_highthreat_20260410_030216.csv,multiple_runs_largerun_db_highthreat_20260410_030216.csv,419,1404.0,1205.0,46.0,0.0,13.0,672.0,363.0,282.0,28.0,734.0,189.0,20.085470085470085,3.276353276353276,60.912863070539416,2.037872954566788,vulnerable
multiple_runs_largerun_db_highthreat_20260410_030216.csv,multiple_runs_largerun_db_highthreat_20260410_030216.csv,420,969.0,1186.0,48.0,0.0,10.0,275.0,381.0,223.0,32.0,727.0,236.0,23.01341589267286,4.953560371517028,61.29848229342328,2.037872954566788,vulnerable
multiple_runs_largerun_db_highthreat_20260410_030216.csv,multiple_runs_largerun_db_highthreat_20260410_030216.csv,421,1225.0,1195.0,107.0,0.0,79.0,531.0,330.0,146.0,32.0,838.0,211.0,11.918367346938776,8.73469387755102,70.1255230125523,2.037872954566788,vulnerable
multiple_runs_largerun_db_highthreat_20260410_030216.csv,multiple_runs_largerun_db_highthreat_20260410_030216.csv,422,1289.0,1190.0,138.0,0.0,41.0,567.0,367.0,144.0,32.0,822.0,224.0,11.171450737005431,10.705973622963539,69.07563025210084,2.037872954566788,vulnerable
multiple_runs_largerun_db_highthreat_20260410_030216.csv,multiple_runs_largerun_db_highthreat_20260410_030216.csv,423,1048.0,1188.0,285.0,0.0,354.0,345.0,30.0,0.0,34.0,1040.0,148.0,0.0,27.19465648854962,87.54208754208754,2.037872954566788,resilient
multiple_runs_largerun_db_highthreat_20260410_030216.csv,multiple_runs_largerun_db_highthreat_20260410_030216.csv,424,1213.0,1192.0,72.0,0.0,52.0,478.0,339.0,246.0,26.0,736.0,210.0,20.280296784831,5.935696619950536,61.74496644295302,2.037872954566788,vulnerable
multiple_runs_largerun_db_highthreat_20260410_030216.csv,multiple_runs_largerun_db_highthreat_20260410_030216.csv,425,947.0,1210.0,67.0,0.0,19.0,260.0,365.0,210.0,26.0,768.0,232.0,22.1752903907075,7.074973600844774,63.47107438016529,2.037872954566788,vulnerable
multiple_runs_largerun_db_highthreat_20260410_030216.csv,multiple_runs_largerun_db_highthreat_20260410_030216.csv,426,1047.0,1202.0,73.0,0.0,10.0,322.0,397.0,218.0,27.0,719.0,265.0,20.821394460362942,6.972301814708691,59.81697171381032,2.037872954566788,vulnerable
multiple_runs_largerun_db_highthreat_20260410_030216.csv,multiple_runs_largerun_db_highthreat_20260410_030216.csv,427,1188.0,1198.0,48.0,0.0,7.0,473.0,375.0,257.0,28.0,769.0,172.0,21.632996632996633,4.040404040404041,64.19031719532555,2.037872954566788,vulnerable
multiple_runs_largerun_db_highthreat_20260410_030216.csv,multiple_runs_largerun_db_highthreat_20260410_030216.csv,428,1036.0,1191.0,36.0,0.0,1.0,289.0,417.0,263.0,30.0,710.0,218.0,25.386100386100384,3.474903474903475,59.61376994122586,2.037872954566788,vulnerable
multiple_runs_largerun_db_highthreat_20260410_030216.csv,multiple_runs_largerun_db_highthreat_20260410_030216.csv,429,1227.0,1195.0,143.0,0.0,113.0,508.0,294.0,133.0,36.0,812.0,250.0,10.839445802770985,11.65444172779136,67.94979079497908,2.037872954566788,vulnerable
multiple_runs_largerun_db_highthreat_20260410_030216.csv,multiple_runs_largerun_db_highthreat_20260410_030216.csv,430,1013.0,1200.0,56.0,0.0,12.0,297.0,378.0,240.0,30.0,719.0,241.0,23.692003948667324,5.528134254689043,59.916666666666664,2.037872954566788,vulnerable
multiple_runs_largerun_db_highthreat_20260410_030216.csv,multiple_runs_largerun_db_highthreat_20260410_030216.csv,431,1343.0,1191.0,49.0,0.0,29.0,640.0,380.0,220.0,25.0,751.0,220.0,16.381236038719287,3.648548026805659,63.05625524769102,2.037872954566788,vulnerable
multiple_runs_largerun_db_highthreat_20260410_030216.csv,multiple_runs_largerun_db_highthreat_20260410_030216.csv,432,1174.0,1203.0,49.0,0.0,10.0,429.0,395.0,261.0,30.0,754.0,188.0,22.23168654173765,4.173764906303236,62.676641729010804,2.037872954566788,vulnerable
multiple_runs_largerun_db_highthreat_20260410_030216.csv,multiple_runs_largerun_db_highthreat_20260410_030216.csv,433,939.0,1196.0,53.0,0.0,0.0,215.0,382.0,259.0,30.0,737.0,200.0,27.582534611288605,5.644302449414271,61.62207357859531,2.037872954566788,vulnerable
multiple_runs_largerun_db_highthreat_20260410_030216.csv,multiple_runs_largerun_db_highthreat_20260410_030216.csv,434,1047.0,1189.0,36.0,0.0,4.0,314.0,417.0,243.0,33.0,749.0,197.0,23.20916905444126,3.4383954154727796,62.99411269974768,2.037872954566788,vulnerable
multiple_runs_largerun_db_highthreat_20260410_030216.csv,multiple_runs_largerun_db_highthreat_20260410_030216.csv,435,1224.0,1208.0,126.0,0.0,90.0,489.0,320.0,161.0,38.0,798.0,249.0,13.153594771241831,10.294117647058822,66.05960264900662,2.037872954566788,vulnerable
multiple_runs_largerun_db_highthreat_20260410_030216.csv,multiple_runs_largerun_db_highthreat_20260410_030216.csv,436,925.0,1177.0,289.0,0.0,311.0,194.0,82.0,17.0,32.0,817.0,343.0,1.8378378378378377,31.243243243243242,69.41376380628716,2.037872954566788,resilient
multiple_runs_largerun_db_highthreat_20260410_030216.csv,multiple_runs_largerun_db_highthreat_20260410_030216.csv,437,1304.0,1195.0,46.0,0.0,103.0,574.0,291.0,258.0,32.0,786.0,151.0,19.78527607361963,3.52760736196319,65.77405857740585,2.037872954566788,vulnerable
multiple_runs_largerun_db_highthreat_20260410_030216.csv,multiple_runs_largerun_db_highthreat_20260410_030216.csv,438,1140.0,1193.0,133.0,0.0,67.0,456.0,314.0,138.0,32.0,751.0,304.0,12.105263157894736,11.666666666666666,62.95054484492874,2.037872954566788,vulnerable
multiple_runs_largerun_db_highthreat_20260410_030216.csv,multiple_runs_largerun_db_highthreat_20260410_030216.csv,439,924.0,1194.0,150.0,0.0,317.0,176.0,99.0,157.0,25.0,742.0,295.0,16.99134199134199,16.233766233766232,62.14405360134003,2.037872954566788,vulnerable
multiple_runs_largerun_db_highthreat_20260410_030216.csv,multiple_runs_largerun_db_highthreat_20260410_030216.csv,440,1116.0,1208.0,55.0,0.0,0.0,388.0,434.0,210.0,29.0,752.0,246.0,18.817204301075268,4.92831541218638,62.251655629139066,2.037872954566788,vulnerable
multiple_runs_largerun_db_highthreat_20260410_030216.csv,multiple_runs_largerun_db_highthreat_20260410_030216.csv,441,1007.0,1195.0,44.0,0.0,0.0,279.0,401.0,252.0,31.0,712.0,231.0,25.02482621648461,4.369414101290963,59.581589958159,2.037872954566788,vulnerable
multiple_runs_largerun_db_highthreat_20260410_030216.csv,multiple_runs_largerun_db_highthreat_20260410_030216.csv,442,1199.0,1200.0,50.0,0.0,5.0,480.0,403.0,242.0,19.0,720.0,238.0,20.18348623853211,4.170141784820683,60.0,2.037872954566788,vulnerable
multiple_runs_largerun_db_highthreat_20260410_030216.csv,multiple_runs_largerun_db_highthreat_20260410_030216.csv,443,980.0,1210.0,49.0,0.0,9.0,231.0,405.0,265.0,21.0,693.0,252.0,27.040816326530614,5.0,57.27272727272727,2.037872954566788,vulnerable
multiple_runs_largerun_db_highthreat_20260410_030216.csv,multiple_runs_largerun_db_highthreat_20260410_030216.csv,444,957.0,1190.0,306.0,0.0,284.0,240.0,98.0,0.0,29.0,1066.0,124.0,0.0,31.974921630094045,89.57983193277312,2.037872954566788,resilient
multiple_runs_largerun_db_highthreat_20260410_030216.csv,multiple_runs_largerun_db_highthreat_20260410_030216.csv,445,1141.0,1203.0,28.0,0.0,26.0,397.0,390.0,259.0,41.0,757.0,187.0,22.699386503067483,2.4539877300613497,62.92601828761429,2.037872954566788,vulnerable
multiple_runs_largerun_db_highthreat_20260410_030216.csv,multiple_runs_largerun_db_highthreat_20260410_030216.csv,446,925.0,1228.0,43.0,0.0,0.0,197.0,390.0,278.0,17.0,707.0,243.0,30.054054054054053,4.648648648648648,57.57328990228013,2.037872954566788,vulnerable
multiple_runs_largerun_db_highthreat_20260410_030216.csv,multiple_runs_largerun_db_highthreat_20260410_030216.csv,447,927.0,1183.0,57.0,0.0,7.0,216.0,390.0,228.0,29.0,690.0,265.0,24.59546925566343,6.148867313915858,58.32628909551987,2.037872954566788,vulnerable
multiple_runs_largerun_db_highthreat_20260410_030216.csv,multiple_runs_largerun_db_highthreat_20260410_030216.csv,448,996.0,1201.0,71.0,0.0,2.0,336.0,360.0,200.0,27.0,724.0,277.0,20.080321285140563,7.128514056224899,60.283097418817654,2.037872954566788,vulnerable
multiple_runs_largerun_db_highthreat_20260410_030216.csv,multiple_runs_largerun_db_highthreat_20260410_030216.csv,449,1074.0,1203.0,63.0,0.0,20.0,344.0,363.0,262.0,22.0,725.0,216.0,24.39478584729981,5.865921787709497,60.26600166251039,2.037872954566788,vulnerable
multiple_runs_largerun_db_highthreat_20260410_030216.csv,multiple_runs_largerun_db_highthreat_20260410_030216.csv,450,1128.0,1205.0,200.0,0.0,236.0,404.0,164.0,99.0,25.0,788.0,318.0,8.77659574468085,17.73049645390071,65.39419087136929,2.037872954566788,vulnerable
multiple_runs_largerun_db_highthreat_20260410_030216.csv,multiple_runs_largerun_db_highthreat_20260410_030216.csv,451,984.0,1193.0,39.0,0.0,35.0,286.0,351.0,246.0,27.0,765.0,182.0,25.0,3.9634146341463414,64.12405699916177,2.037872954566788,vulnerable
multiple_runs_largerun_db_highthreat_20260410_030216.csv,multiple_runs_largerun_db_highthreat_20260410_030216.csv,452,1179.0,1200.0,59.0,0.0,33.0,436.0,365.0,255.0,31.0,709.0,236.0,21.62849872773537,5.004240882103478,59.08333333333333,2.037872954566788,vulnerable
multiple_runs_largerun_db_highthreat_20260410_030216.csv,multiple_runs_largerun_db_highthreat_20260410_030216.csv,453,1150.0,1201.0,57.0,0.0,17.0,425.0,389.0,238.0,24.0,757.0,206.0,20.695652173913043,4.956521739130435,63.030807660283095,2.037872954566788,vulnerable
multiple_runs_largerun_db_highthreat_20260410_030216.csv,multiple_runs_largerun_db_highthreat_20260410_030216.csv,454,799.0,1209.0,187.0,0.0,390.0,134.0,20.0,33.0,35.0,997.0,179.0,4.130162703379224,23.404255319148938,82.46484698097602,2.037872954566788,vulnerable
multiple_runs_largerun_db_highthreat_20260410_030216.csv,multiple_runs_largerun_db_highthreat_20260410_030216.csv,455,965.0,1204.0,280.0,0.0,335.0,224.0,93.0,0.0,33.0,1084.0,120.0,0.0,29.015544041450774,90.03322259136213,2.037872954566788,resilient
multiple_runs_largerun_db_highthreat_20260410_030216.csv,multiple_runs_largerun_db_highthreat_20260410_030216.csv,456,1412.0,1214.0,49.0,0.0,53.0,662.0,365.0,246.0,37.0,771.0,197.0,17.422096317280452,3.4702549575070822,63.50906095551895,2.037872954566788,vulnerable
multiple_runs_largerun_db_highthreat_20260410_030216.csv,multiple_runs_largerun_db_highthreat_20260410_030216.csv,457,1114.0,1206.0,142.0,0.0,52.0,433.0,307.0,150.0,30.0,779.0,277.0,13.464991023339318,12.746858168761221,64.59369817578772,2.037872954566788,vulnerable
multiple_runs_largerun_db_highthreat_20260410_030216.csv,multiple_runs_largerun_db_highthreat_20260410_030216.csv,458,924.0,1202.0,334.0,0.0,376.0,158.0,14.0,0.0,42.0,1052.0,150.0,0.0,36.14718614718615,87.52079866888519,2.037872954566788,resilient
multiple_runs_largerun_db_highthreat_20260410_030216.csv,multiple_runs_largerun_db_highthreat_20260410_030216.csv,459,1106.0,1201.0,163.0,0.0,118.0,403.0,280.0,117.0,25.0,754.0,330.0,10.57866184448463,14.737793851717903,62.781015820149875,2.037872954566788,vulnerable
multiple_runs_largerun_db_highthreat_20260410_030216.csv,multiple_runs_largerun_db_highthreat_20260410_030216.csv,460,829.0,1191.0,30.0,0.0,0.0,74.0,410.0,287.0,28.0,622.0,282.0,34.62002412545235,3.618817852834741,52.22502099076406,2.037872954566788,vulnerable
multiple_runs_largerun_db_highthreat_20260410_030216.csv,multiple_runs_largerun_db_highthreat_20260410_030216.csv,461,1075.0,1194.0,61.0,0.0,1.0,325.0,425.0,246.0,17.0,741.0,207.0,22.88372093023256,5.674418604651163,62.06030150753769,2.037872954566788,vulnerable
multiple_runs_largerun_db_highthreat_20260410_030216.csv,multiple_runs_largerun_db_highthreat_20260410_030216.csv,462,969.0,1209.0,39.0,0.0,3.0,229.0,388.0,267.0,43.0,695.0,247.0,27.55417956656347,4.024767801857585,57.48552522746071,2.037872954566788,vulnerable
multiple_runs_largerun_db_highthreat_20260410_030216.csv,multiple_runs_largerun_db_highthreat_20260410_030216.csv,463,777.0,1204.0,203.0,0.0,382.0,117.0,4.0,35.0,36.0,915.0,254.0,4.504504504504505,26.126126126126124,75.99667774086379,2.037872954566788,vulnerable
multiple_runs_largerun_db_highthreat_20260410_030216.csv,multiple_runs_largerun_db_highthreat_20260410_030216.csv,464,1061.0,1216.0,318.0,0.0,329.0,309.0,67.0,0.0,38.0,1114.0,102.0,0.0,29.971724787935912,91.61184210526315,2.037872954566788,resilient
multiple_runs_largerun_db_highthreat_20260410_030216.csv,multiple_runs_largerun_db_highthreat_20260410_030216.csv,465,1328.0,1205.0,53.0,0.0,2.0,596.0,376.0,277.0,24.0,673.0,255.0,20.85843373493976,3.990963855421686,55.850622406639005,2.037872954566788,vulnerable
multiple_runs_largerun_db_highthreat_20260410_030216.csv,multiple_runs_largerun_db_highthreat_20260410_030216.csv,466,984.0,1199.0,67.0,0.0,2.0,244.0,388.0,254.0,29.0,698.0,247.0,25.8130081300813,6.808943089430894,58.215179316096744,2.037872954566788,vulnerable
multiple_runs_largerun_db_highthreat_20260410_030216.csv,multiple_runs_largerun_db_highthreat_20260410_030216.csv,467,1083.0,1198.0,52.0,0.0,14.0,346.0,373.0,268.0,30.0,705.0,225.0,24.7460757156048,4.801477377654663,58.848080133555925,2.037872954566788,vulnerable
multiple_runs_largerun_db_highthreat_20260410_030216.csv,multiple_runs_largerun_db_highthreat_20260410_030216.csv,468,908.0,1211.0,313.0,0.0,395.0,141.0,6.0,19.0,34.0,942.0,250.0,2.092511013215859,34.47136563876652,77.7869529314616,2.037872954566788,vulnerable
multiple_runs_largerun_db_highthreat_20260410_030216.csv,multiple_runs_largerun_db_highthreat_20260410_030216.csv,469,975.0,1221.0,287.0,0.0,276.0,252.0,118.0,2.0,40.0,1006.0,213.0,0.20512820512820512,29.435897435897434,82.3914823914824,2.037872954566788,resilient
multiple_runs_largerun_db_highthreat_20260410_030216.csv,multiple_runs_largerun_db_highthreat_20260410_030216.csv,470,1043.0,1216.0,92.0,0.0,23.0,306.0,371.0,216.0,35.0,739.0,261.0,20.709491850431448,8.820709491850431,60.773026315789465,2.037872954566788,vulnerable
multiple_runs_largerun_db_highthreat_20260410_030216.csv,multiple_runs_largerun_db_highthreat_20260410_030216.csv,471,965.0,1203.0,311.0,0.0,326.0,232.0,66.0,0.0,30.0,1036.0,167.0,0.0,32.2279792746114,86.11803823773899,2.037872954566788,resilient
multiple_runs_largerun_db_highthreat_20260410_030216.csv,multiple_runs_largerun_db_highthreat_20260410_030216.csv,472,1221.0,1183.0,56.0,0.0,3.0,491.0,376.0,258.0,37.0,748.0,177.0,21.13022113022113,4.586404586404586,63.229078613694,2.037872954566788,vulnerable
multiple_runs_largerun_db_highthreat_20260410_030216.csv,multiple_runs_largerun_db_highthreat_20260410_030216.csv,473,1040.0,1207.0,294.0,0.0,351.0,290.0,66.0,8.0,31.0,1064.0,135.0,0.7692307692307693,28.26923076923077,88.15244407622204,2.037872954566788,resilient
multiple_runs_largerun_db_highthreat_20260410_030216.csv,multiple_runs_largerun_db_highthreat_20260410_030216.csv,474,973.0,1209.0,321.0,0.0,337.0,211.0,66.0,6.0,32.0,1034.0,169.0,0.6166495375128468,32.990750256937304,85.52522746071133,2.037872954566788,resilient
multiple_runs_largerun_db_highthreat_20260410_030216.csv,multiple_runs_largerun_db_highthreat_20260410_030216.csv,475,992.0,1190.0,303.0,0.0,380.0,259.0,19.0,0.0,31.0,921.0,269.0,0.0,30.544354838709676,77.39495798319328,2.037872954566788,resilient
multiple_runs_largerun_db_highthreat_20260410_030216.csv,multiple_runs_largerun_db_highthreat_20260410_030216.csv,476,1030.0,1203.0,91.0,0.0,12.0,302.0,393.0,188.0,44.0,789.0,226.0,18.25242718446602,8.83495145631068,65.5860349127182,2.037872954566788,vulnerable
multiple_runs_largerun_db_highthreat_20260410_030216.csv,multiple_runs_largerun_db_highthreat_20260410_030216.csv,477,1228.0,1187.0,76.0,0.0,17.0,481.0,391.0,238.0,25.0,724.0,225.0,19.381107491856678,6.188925081433225,60.99410278011794,2.037872954566788,vulnerable
multiple_runs_largerun_db_highthreat_20260410_030216.csv,multiple_runs_largerun_db_highthreat_20260410_030216.csv,478,961.0,1206.0,313.0,0.0,381.0,209.0,24.0,3.0,31.0,1061.0,142.0,0.31217481789802287,32.57023933402706,87.97678275290217,2.037872954566788,resilient
multiple_runs_largerun_db_highthreat_20260410_030216.csv,multiple_runs_largerun_db_highthreat_20260410_030216.csv,479,1067.0,1197.0,67.0,0.0,3.0,327.0,402.0,246.0,22.0,706.0,245.0,23.055295220243675,6.279287722586692,58.980785296574766,2.037872954566788,vulnerable
multiple_runs_largerun_db_highthreat_20260410_030216.csv,multiple_runs_largerun_db_highthreat_20260410_030216.csv,480,997.0,1203.0,54.0,0.0,10.0,273.0,362.0,265.0,33.0,709.0,229.0,26.57973921765296,5.416248746238716,58.93599334995844,2.037872954566788,vulnerable
multiple_runs_largerun_db_highthreat_20260410_030216.csv,multiple_runs_largerun_db_highthreat_20260410_030216.csv,481,903.0,1212.0,304.0,0.0,326.0,137.0,93.0,4.0,39.0,951.0,257.0,0.4429678848283499,33.665559246954594,78.46534653465346,2.037872954566788,resilient
multiple_runs_largerun_db_highthreat_20260410_030216.csv,multiple_runs_largerun_db_highthreat_20260410_030216.csv,482,1131.0,1207.0,66.0,0.0,13.0,427.0,371.0,219.0,35.0,720.0,268.0,19.363395225464192,5.835543766578249,59.65202982601492,2.037872954566788,vulnerable
multiple_runs_largerun_db_highthreat_20260410_030216.csv,multiple_runs_largerun_db_highthreat_20260410_030216.csv,483,968.0,1191.0,87.0,0.0,16.0,297.0,360.0,176.0,32.0,766.0,249.0,18.181818181818183,8.987603305785125,64.31570109151973,2.037872954566788,vulnerable
multiple_runs_largerun_db_highthreat_20260410_030216.csv,multiple_runs_largerun_db_highthreat_20260410_030216.csv,484,1381.0,1193.0,32.0,0.0,0.0,644.0,411.0,267.0,27.0,722.0,204.0,19.333816075307748,2.3171614771904414,60.51969823973177,2.037872954566788,vulnerable
multiple_runs_largerun_db_highthreat_20260410_030216.csv,multiple_runs_largerun_db_highthreat_20260410_030216.csv,485,993.0,1197.0,293.0,0.0,308.0,289.0,61.0,0.0,42.0,943.0,254.0,0.0,29.506545820745217,78.78028404344194,2.037872954566788,resilient
multiple_runs_largerun_db_highthreat_20260410_030216.csv,multiple_runs_largerun_db_highthreat_20260410_030216.csv,486,1040.0,1191.0,61.0,0.0,5.0,343.0,384.0,214.0,33.0,772.0,205.0,20.576923076923077,5.865384615384615,64.81947942905121,2.037872954566788,vulnerable
multiple_runs_largerun_db_highthreat_20260410_030216.csv,multiple_runs_largerun_db_highthreat_20260410_030216.csv,487,1201.0,1180.0,49.0,0.0,27.0,500.0,348.0,243.0,34.0,772.0,165.0,20.233139050791006,4.0799333888426315,65.42372881355932,2.037872954566788,vulnerable
multiple_runs_largerun_db_highthreat_20260410_030216.csv,multiple_runs_largerun_db_highthreat_20260410_030216.csv,488,1067.0,1195.0,69.0,0.0,27.0,330.0,381.0,224.0,36.0,737.0,234.0,20.99343955014058,6.4667291471415185,61.67364016736402,2.037872954566788,vulnerable
multiple_runs_largerun_db_highthreat_20260410_030216.csv,multiple_runs_largerun_db_highthreat_20260410_030216.csv,489,1248.0,1193.0,74.0,0.0,60.0,526.0,344.0,222.0,22.0,715.0,256.0,17.78846153846154,5.929487179487179,59.932942162615255,2.037872954566788,vulnerable
multiple_runs_largerun_db_highthreat_20260410_030216.csv,multiple_runs_largerun_db_highthreat_20260410_030216.csv,490,1189.0,1203.0,200.0,0.0,165.0,446.0,245.0,104.0,29.0,837.0,262.0,8.746846089150546,16.82085786375105,69.57605985037407,2.037872954566788,vulnerable
multiple_runs_largerun_db_highthreat_20260410_030216.csv,multiple_runs_largerun_db_highthreat_20260410_030216.csv,491,996.0,1201.0,275.0,0.0,344.0,264.0,79.0,1.0,33.0,1032.0,168.0,0.1004016064257028,27.610441767068274,85.92839300582847,2.037872954566788,resilient
multiple_runs_largerun_db_highthreat_20260410_030216.csv,multiple_runs_largerun_db_highthreat_20260410_030216.csv,492,1262.0,1186.0,110.0,0.0,95.0,510.0,268.0,250.0,29.0,693.0,243.0,19.809825673534075,8.716323296354993,58.43170320404722,2.037872954566788,vulnerable
multiple_runs_largerun_db_highthreat_20260410_030216.csv,multiple_runs_largerun_db_highthreat_20260410_030216.csv,493,911.0,1193.0,38.0,0.0,7.0,195.0,384.0,262.0,25.0,698.0,233.0,28.7596048298573,4.171240395170143,58.507963118189444,2.037872954566788,vulnerable
multiple_runs_largerun_db_highthreat_20260410_030216.csv,multiple_runs_largerun_db_highthreat_20260410_030216.csv,494,1020.0,1209.0,44.0,0.0,0.0,267.0,408.0,272.0,29.0,750.0,187.0,26.666666666666668,4.313725490196078,62.03473945409429,2.037872954566788,vulnerable
multiple_runs_largerun_db_highthreat_20260410_030216.csv,multiple_runs_largerun_db_highthreat_20260410_030216.csv,495,1240.0,1195.0,43.0,0.0,20.0,540.0,374.0,235.0,28.0,798.0,162.0,18.951612903225808,3.467741935483871,66.77824267782427,2.037872954566788,vulnerable
multiple_runs_largerun_db_highthreat_20260410_030216.csv,multiple_runs_largerun_db_highthreat_20260410_030216.csv,496,1113.0,1219.0,71.0,0.0,26.0,386.0,378.0,220.0,32.0,791.0,208.0,19.766397124887693,6.379155435759209,64.88925348646431,2.037872954566788,vulnerable
multiple_runs_largerun_db_highthreat_20260410_030216.csv,multiple_runs_largerun_db_highthreat_20260410_030216.csv,497,1293.0,1191.0,45.0,0.0,13.0,589.0,351.0,269.0,26.0,703.0,219.0,20.804331013147717,3.480278422273782,59.026028547439125,2.037872954566788,vulnerable
multiple_runs_largerun_db_highthreat_20260410_030216.csv,multiple_runs_largerun_db_highthreat_20260410_030216.csv,498,909.0,1202.0,315.0,0.0,385.0,148.0,23.0,11.0,27.0,938.0,253.0,1.21012101210121,34.65346534653465,78.03660565723793,2.037872954566788,resilient
multiple_runs_largerun_db_highthreat_20260410_030216.csv,multiple_runs_largerun_db_highthreat_20260410_030216.csv,499,1025.0,1192.0,49.0,0.0,17.0,288.0,366.0,281.0,24.0,724.0,187.0,27.414634146341466,4.780487804878049,60.738255033557046,2.037872954566788,vulnerable
multiple_runs_largerun_db_highthreat_20260410_030216.csv,multiple_runs_largerun_db_highthreat_20260410_030216.csv,500,965.0,1210.0,317.0,0.0,298.0,234.0,73.0,8.0,35.0,994.0,208.0,0.8290155440414507,32.84974093264248,82.14876033057851,2.037872954566788,resilient
multiple_runs_largerun_db_highthreat_20260410_030216.csv,multiple_runs_largerun_db_highthreat_20260410_030216.csv,501,1371.0,1193.0,40.0,0.0,0.0,638.0,386.0,287.0,20.0,723.0,183.0,20.933625091174328,2.917578409919767,60.603520536462696,2.037872954566788,vulnerable
multiple_runs_largerun_db_highthreat_20260410_030216.csv,multiple_runs_largerun_db_highthreat_20260410_030216.csv,502,1080.0,1193.0,39.0,0.0,12.0,335.0,390.0,268.0,36.0,703.0,222.0,24.814814814814813,3.6111111111111107,58.92707460184409,2.037872954566788,vulnerable
multiple_runs_largerun_db_highthreat_20260410_030216.csv,multiple_runs_largerun_db_highthreat_20260410_030216.csv,503,1077.0,1199.0,245.0,0.0,238.0,384.0,151.0,29.0,30.0,825.0,345.0,2.692664809656453,22.748375116063137,68.80733944954129,2.037872954566788,vulnerable
multiple_runs_largerun_db_highthreat_20260410_030216.csv,multiple_runs_largerun_db_highthreat_20260410_030216.csv,504,935.0,1209.0,39.0,0.0,0.0,203.0,394.0,276.0,23.0,681.0,252.0,29.518716577540104,4.171122994652406,56.32754342431762,2.037872954566788,vulnerable
multiple_runs_largerun_db_highthreat_20260410_030216.csv,multiple_runs_largerun_db_highthreat_20260410_030216.csv,505,1038.0,1208.0,291.0,0.0,381.0,287.0,37.0,0.0,42.0,1004.0,204.0,0.0,28.034682080924856,83.11258278145695,2.037872954566788,resilient
multiple_runs_largerun_db_highthreat_20260410_030216.csv,multiple_runs_largerun_db_highthreat_20260410_030216.csv,506,1131.0,1189.0,183.0,0.0,94.0,449.0,296.0,74.0,35.0,849.0,266.0,6.542882404951371,16.180371352785148,71.4045416316232,2.037872954566788,vulnerable
multiple_runs_largerun_db_highthreat_20260410_030216.csv,multiple_runs_largerun_db_highthreat_20260410_030216.csv,507,925.0,1200.0,331.0,0.0,331.0,183.0,49.0,7.0,24.0,992.0,201.0,0.7567567567567568,35.78378378378378,82.66666666666667,2.037872954566788,resilient
multiple_runs_largerun_db_highthreat_20260410_030216.csv,multiple_runs_largerun_db_highthreat_20260410_030216.csv,508,1176.0,1209.0,53.0,0.0,0.0,423.0,402.0,258.0,40.0,743.0,208.0,21.93877551020408,4.506802721088436,61.45574855252275,2.037872954566788,vulnerable
multiple_runs_largerun_db_highthreat_20260410_030216.csv,multiple_runs_largerun_db_highthreat_20260410_030216.csv,509,1024.0,1187.0,44.0,1.0,6.0,326.0,358.0,258.0,31.0,727.0,202.0,25.1953125,4.296875,61.246840775063184,2.037872954566788,vulnerable
multiple_runs_largerun_db_highthreat_20260410_030216.csv,multiple_runs_largerun_db_highthreat_20260410_030216.csv,510,1141.0,1214.0,64.0,0.0,0.0,406.0,378.0,263.0,30.0,715.0,236.0,23.049956178790534,5.6091148115688,58.89621087314663,2.037872954566788,vulnerable
multiple_runs_largerun_db_highthreat_20260410_030216.csv,multiple_runs_largerun_db_highthreat_20260410_030216.csv,511,1048.0,1213.0,313.0,0.0,381.0,313.0,8.0,0.0,33.0,977.0,236.0,0.0,29.866412213740457,80.54410552349547,2.037872954566788,resilient
multiple_runs_largerun_db_highthreat_20260410_030216.csv,multiple_runs_largerun_db_highthreat_20260410_030216.csv,512,1299.0,1198.0,70.0,0.0,41.0,556.0,367.0,243.0,22.0,776.0,179.0,18.706697459584294,5.388760585065435,64.77462437395658,2.037872954566788,vulnerable
multiple_runs_largerun_db_highthreat_20260410_030216.csv,multiple_runs_largerun_db_highthreat_20260410_030216.csv,513,977.0,1198.0,315.0,0.0,360.0,221.0,44.0,2.0,35.0,1042.0,154.0,0.2047082906857728,32.24155578300921,86.97829716193655,2.037872954566788,resilient
multiple_runs_largerun_db_highthreat_20260410_030216.csv,multiple_runs_largerun_db_highthreat_20260410_030216.csv,514,484.0,1202.0,24.0,0.0,1.0,123.0,313.0,0.0,23.0,834.0,368.0,0.0,4.958677685950414,69.38435940099833,2.037872954566788,resilient
multiple_runs_largerun_db_highthreat_20260410_030216.csv,multiple_runs_largerun_db_highthreat_20260410_030216.csv,515,880.0,1195.0,299.0,0.0,358.0,153.0,26.0,3.0,41.0,1040.0,152.0,0.3409090909090909,33.97727272727273,87.02928870292888,2.037872954566788,resilient
multiple_runs_largerun_db_highthreat_20260410_030216.csv,multiple_runs_largerun_db_highthreat_20260410_030216.csv,516,920.0,1192.0,302.0,0.0,380.0,159.0,22.0,19.0,38.0,922.0,251.0,2.0652173913043477,32.826086956521735,77.3489932885906,2.037872954566788,vulnerable
multiple_runs_largerun_db_highthreat_20260410_030216.csv,multiple_runs_largerun_db_highthreat_20260410_030216.csv,517,963.0,1217.0,27.0,0.0,0.0,215.0,400.0,292.0,29.0,720.0,205.0,30.32191069574247,2.803738317757009,59.16187345932621,2.037872954566788,vulnerable
multiple_runs_largerun_db_highthreat_20260410_030216.csv,multiple_runs_largerun_db_highthreat_20260410_030216.csv,518,960.0,1197.0,298.0,0.0,376.0,216.0,21.0,16.0,33.0,942.0,239.0,1.6666666666666667,31.041666666666668,78.69674185463658,2.037872954566788,resilient
multiple_runs_largerun_db_highthreat_20260410_030216.csv,multiple_runs_largerun_db_highthreat_20260410_030216.csv,519,1001.0,1194.0,311.0,0.0,316.0,246.0,89.0,10.0,29.0,1056.0,128.0,0.999000999000999,31.06893106893107,88.44221105527639,2.037872954566788,resilient
multiple_runs_largerun_db_highthreat_20260410_030216.csv,multiple_runs_largerun_db_highthreat_20260410_030216.csv,520,946.0,1197.0,298.0,0.0,296.0,216.0,97.0,0.0,39.0,971.0,226.0,0.0,31.501057082452434,81.11946532999164,2.037872954566788,resilient
multiple_runs_largerun_db_highthreat_20260410_030216.csv,multiple_runs_largerun_db_highthreat_20260410_030216.csv,521,1164.0,1185.0,54.0,0.0,10.0,459.0,380.0,226.0,35.0,734.0,225.0,19.41580756013746,4.639175257731959,61.94092827004219,2.037872954566788,vulnerable
multiple_runs_largerun_db_highthreat_20260410_030216.csv,multiple_runs_largerun_db_highthreat_20260410_030216.csv,522,896.0,1216.0,49.0,0.0,7.0,166.0,360.0,288.0,26.0,684.0,244.0,32.142857142857146,5.46875,56.25,2.037872954566788,vulnerable
multiple_runs_largerun_db_highthreat_20260410_030216.csv,multiple_runs_largerun_db_highthreat_20260410_030216.csv,523,1122.0,1196.0,246.0,0.0,223.0,422.0,186.0,19.0,26.0,981.0,196.0,1.6934046345811051,21.92513368983957,82.02341137123746,2.037872954566788,resilient
multiple_runs_largerun_db_highthreat_20260410_030216.csv,multiple_runs_largerun_db_highthreat_20260410_030216.csv,524,1221.0,1195.0,173.0,0.0,116.0,513.0,285.0,93.0,41.0,860.0,242.0,7.616707616707617,14.16871416871417,71.96652719665272,2.037872954566788,vulnerable
multiple_runs_largerun_db_highthreat_20260410_030216.csv,multiple_runs_largerun_db_highthreat_20260410_030216.csv,525,1007.0,1186.0,71.0,0.0,6.0,271.0,398.0,236.0,25.0,707.0,243.0,23.435948361469713,7.0506454816285995,59.61214165261383,2.037872954566788,vulnerable
multiple_runs_largerun_db_highthreat_20260410_030216.csv,multiple_runs_largerun_db_highthreat_20260410_030216.csv,526,954.0,1205.0,48.0,0.0,1.0,226.0,407.0,238.0,34.0,704.0,263.0,24.947589098532493,5.031446540880504,58.42323651452283,2.037872954566788,vulnerable
multiple_runs_largerun_db_highthreat_20260410_030216.csv,multiple_runs_largerun_db_highthreat_20260410_030216.csv,527,1115.0,1205.0,115.0,0.0,48.0,396.0,343.0,193.0,20.0,732.0,280.0,17.309417040358742,10.31390134529148,60.74688796680498,2.037872954566788,vulnerable
multiple_runs_largerun_db_highthreat_20260410_030216.csv,multiple_runs_largerun_db_highthreat_20260410_030216.csv,528,1002.0,1201.0,63.0,0.0,0.0,275.0,415.0,229.0,20.0,694.0,278.0,22.85429141716567,6.287425149700598,57.78517901748543,2.037872954566788,vulnerable
multiple_runs_largerun_db_highthreat_20260410_030216.csv,multiple_runs_largerun_db_highthreat_20260410_030216.csv,529,1063.0,1199.0,48.0,0.0,8.0,300.0,402.0,268.0,37.0,722.0,209.0,25.211665098777047,4.51552210724365,60.216847372810676,2.037872954566788,vulnerable
multiple_runs_largerun_db_highthreat_20260410_030216.csv,multiple_runs_largerun_db_highthreat_20260410_030216.csv,530,1243.0,1203.0,106.0,0.0,91.0,536.0,304.0,177.0,29.0,750.0,276.0,14.239742558326629,8.527755430410297,62.34413965087282,2.037872954566788,vulnerable
multiple_runs_largerun_db_highthreat_20260410_030216.csv,multiple_runs_largerun_db_highthreat_20260410_030216.csv,531,917.0,1200.0,299.0,0.0,367.0,161.0,31.0,24.0,35.0,1005.0,171.0,2.6172300981461287,32.60632497273719,83.75,2.037872954566788,vulnerable
multiple_runs_largerun_db_highthreat_20260410_030216.csv,multiple_runs_largerun_db_highthreat_20260410_030216.csv,532,1149.0,1200.0,271.0,2.0,249.0,386.0,160.0,37.0,44.0,821.0,342.0,3.2201914708442123,23.585726718885986,68.41666666666667,2.037872954566788,vulnerable
multiple_runs_largerun_db_highthreat_20260410_030216.csv,multiple_runs_largerun_db_highthreat_20260410_030216.csv,533,877.0,1199.0,304.0,0.0,328.0,169.0,48.0,0.0,28.0,1004.0,195.0,0.0,34.6636259977195,83.73644703919933,2.037872954566788,resilient
multiple_runs_largerun_db_highthreat_20260410_030216.csv,multiple_runs_largerun_db_highthreat_20260410_030216.csv,534,1174.0,1208.0,207.0,0.0,150.0,485.0,243.0,71.0,18.0,767.0,370.0,6.047700170357751,17.632027257240203,63.493377483443716,2.037872954566788,vulnerable
multiple_runs_largerun_db_highthreat_20260410_030216.csv,multiple_runs_largerun_db_highthreat_20260410_030216.csv,535,863.0,1193.0,292.0,0.0,363.0,140.0,2.0,26.0,40.0,885.0,282.0,3.0127462340672073,33.83545770567787,74.18273260687343,2.037872954566788,vulnerable
multiple_runs_largerun_db_highthreat_20260410_030216.csv,multiple_runs_largerun_db_highthreat_20260410_030216.csv,536,1257.0,1206.0,41.0,0.0,6.0,526.0,399.0,260.0,25.0,695.0,251.0,20.684168655529035,3.261734287987271,57.62852404643449,2.037872954566788,vulnerable
multiple_runs_largerun_db_highthreat_20260410_030216.csv,multiple_runs_largerun_db_highthreat_20260410_030216.csv,537,926.0,1196.0,313.0,0.0,374.0,185.0,18.0,4.0,32.0,1013.0,179.0,0.4319654427645789,33.80129589632829,84.6989966555184,2.037872954566788,resilient
multiple_runs_largerun_db_highthreat_20260410_030216.csv,multiple_runs_largerun_db_highthreat_20260410_030216.csv,538,908.0,1208.0,307.0,0.0,340.0,154.0,54.0,9.0,44.0,923.0,276.0,0.9911894273127754,33.81057268722467,76.40728476821192,2.037872954566788,resilient
multiple_runs_largerun_db_highthreat_20260410_030216.csv,multiple_runs_largerun_db_highthreat_20260410_030216.csv,539,974.0,1198.0,53.0,0.0,26.0,248.0,353.0,258.0,36.0,719.0,221.0,26.488706365503077,5.441478439425051,60.01669449081803,2.037872954566788,vulnerable
multiple_runs_largerun_db_highthreat_20260410_030216.csv,multiple_runs_largerun_db_highthreat_20260410_030216.csv,540,1130.0,1207.0,82.0,0.0,127.0,413.0,266.0,205.0,37.0,772.0,230.0,18.141592920353983,7.256637168141593,63.96023198011599,2.037872954566788,vulnerable
multiple_runs_largerun_db_highthreat_20260410_030216.csv,multiple_runs_largerun_db_highthreat_20260410_030216.csv,541,960.0,1207.0,287.0,0.0,380.0,221.0,31.0,7.0,34.0,947.0,253.0,0.7291666666666666,29.895833333333332,78.45898922949462,2.037872954566788,resilient
multiple_runs_largerun_db_highthreat_20260410_030216.csv,multiple_runs_largerun_db_highthreat_20260410_030216.csv,542,969.0,1185.0,49.0,0.0,13.0,223.0,389.0,268.0,27.0,695.0,222.0,27.657378740970074,5.056759545923633,58.64978902953587,2.037872954566788,vulnerable
multiple_runs_largerun_db_highthreat_20260410_030216.csv,multiple_runs_largerun_db_highthreat_20260410_030216.csv,543,931.0,1209.0,282.0,0.0,414.0,188.0,13.0,1.0,33.0,1027.0,181.0,0.10741138560687433,30.290010741138563,84.94623655913979,2.037872954566788,resilient
multiple_runs_largerun_db_highthreat_20260410_030216.csv,multiple_runs_largerun_db_highthreat_20260410_030216.csv,544,1091.0,1202.0,216.0,0.0,132.0,371.0,254.0,76.0,42.0,814.0,312.0,6.966086159486709,19.798350137488544,67.72046589018302,2.037872954566788,vulnerable
multiple_runs_largerun_db_highthreat_20260410_030216.csv,multiple_runs_largerun_db_highthreat_20260410_030216.csv,545,1078.0,1220.0,54.0,0.0,22.0,349.0,357.0,260.0,36.0,781.0,179.0,24.118738404452692,5.009276437847866,64.01639344262296,2.037872954566788,vulnerable
multiple_runs_largerun_db_highthreat_20260410_030216.csv,multiple_runs_largerun_db_highthreat_20260410_030216.csv,546,1017.0,1202.0,315.0,0.0,320.0,264.0,90.0,1.0,27.0,1057.0,144.0,0.09832841691248771,30.973451327433626,87.93677204658901,2.037872954566788,resilient
multiple_runs_largerun_db_highthreat_20260410_030216.csv,multiple_runs_largerun_db_highthreat_20260410_030216.csv,547,985.0,1194.0,64.0,0.0,11.0,244.0,386.0,251.0,29.0,720.0,223.0,25.482233502538072,6.49746192893401,60.30150753768844,2.037872954566788,vulnerable
multiple_runs_largerun_db_highthreat_20260410_030216.csv,multiple_runs_largerun_db_highthreat_20260410_030216.csv,548,1199.0,1188.0,189.0,0.0,129.0,478.0,269.0,99.0,35.0,745.0,344.0,8.256880733944955,15.763135946622187,62.7104377104377,2.037872954566788,vulnerable
multiple_runs_largerun_db_highthreat_20260410_030216.csv,multiple_runs_largerun_db_highthreat_20260410_030216.csv,549,956.0,1211.0,49.0,0.0,4.0,186.0,408.0,273.0,36.0,636.0,302.0,28.556485355648537,5.125523012552302,52.51857968620974,2.037872954566788,vulnerable
multiple_runs_largerun_db_highthreat_20260410_030216.csv,multiple_runs_largerun_db_highthreat_20260410_030216.csv,550,787.0,1179.0,289.0,0.0,351.0,73.0,39.0,5.0,30.0,914.0,260.0,0.6353240152477764,36.72172808132147,77.52332485156913,2.037872954566788,resilient
multiple_runs_largerun_db_highthreat_20260410_030216.csv,multiple_runs_largerun_db_highthreat_20260410_030216.csv,551,987.0,1205.0,44.0,0.0,1.0,259.0,386.0,264.0,33.0,682.0,259.0,26.74772036474164,4.4579533941236065,56.59751037344398,2.037872954566788,vulnerable
multiple_runs_largerun_db_highthreat_20260410_030216.csv,multiple_runs_largerun_db_highthreat_20260410_030216.csv,552,1055.0,1191.0,246.0,0.0,219.0,367.0,163.0,28.0,32.0,820.0,343.0,2.654028436018957,23.317535545023695,68.84970612930312,2.037872954566788,vulnerable
multiple_runs_largerun_db_highthreat_20260410_030216.csv,multiple_runs_largerun_db_highthreat_20260410_030216.csv,553,992.0,1205.0,37.0,0.0,19.0,266.0,361.0,284.0,25.0,715.0,206.0,28.62903225806452,3.7298387096774195,59.33609958506224,2.037872954566788,vulnerable
multiple_runs_largerun_db_highthreat_20260410_030216.csv,multiple_runs_largerun_db_highthreat_20260410_030216.csv,554,1267.0,1200.0,51.0,0.0,42.0,560.0,337.0,244.0,33.0,773.0,183.0,19.258089976322022,4.025256511444357,64.41666666666667,2.037872954566788,vulnerable
multiple_runs_largerun_db_highthreat_20260410_030216.csv,multiple_runs_largerun_db_highthreat_20260410_030216.csv,555,1009.0,1217.0,302.0,0.0,351.0,252.0,66.0,0.0,38.0,1088.0,129.0,0.0,29.930624380574827,89.4001643385374,2.037872954566788,resilient
multiple_runs_largerun_db_highthreat_20260410_030216.csv,multiple_runs_largerun_db_highthreat_20260410_030216.csv,556,962.0,1216.0,310.0,0.0,389.0,205.0,22.0,3.0,33.0,1064.0,149.0,0.31185031185031187,32.224532224532226,87.5,2.037872954566788,resilient
multiple_runs_largerun_db_highthreat_20260410_030216.csv,multiple_runs_largerun_db_highthreat_20260410_030216.csv,557,1134.0,1203.0,127.0,0.0,52.0,444.0,343.0,136.0,32.0,761.0,306.0,11.992945326278658,11.199294532627865,63.25852036575229,2.037872954566788,vulnerable
multiple_runs_largerun_db_highthreat_20260410_030216.csv,multiple_runs_largerun_db_highthreat_20260410_030216.csv,558,1047.0,1219.0,58.0,0.0,7.0,318.0,404.0,235.0,25.0,763.0,221.0,22.4450811843362,5.5396370582617,62.59228876127973,2.037872954566788,vulnerable
multiple_runs_largerun_db_highthreat_20260410_030216.csv,multiple_runs_largerun_db_highthreat_20260410_030216.csv,559,1091.0,1212.0,53.0,0.0,0.0,360.0,388.0,252.0,38.0,732.0,228.0,23.0980751604033,4.857928505957837,60.396039603960396,2.037872954566788,vulnerable
multiple_runs_largerun_db_highthreat_20260410_030216.csv,multiple_runs_largerun_db_highthreat_20260410_030216.csv,560,942.0,1209.0,293.0,0.0,389.0,178.0,38.0,0.0,44.0,1047.0,162.0,0.0,31.104033970276006,86.60049627791562,2.037872954566788,resilient
multiple_runs_largerun_db_highthreat_20260410_030216.csv,multiple_runs_largerun_db_highthreat_20260410_030216.csv,561,995.0,1224.0,308.0,0.0,305.0,249.0,100.0,0.0,33.0,1068.0,156.0,0.0,30.954773869346734,87.25490196078431,2.037872954566788,resilient
multiple_runs_largerun_db_highthreat_20260410_030216.csv,multiple_runs_largerun_db_highthreat_20260410_030216.csv,562,985.0,1210.0,42.0,0.0,10.0,261.0,395.0,239.0,38.0,731.0,240.0,24.263959390862944,4.263959390862944,60.413223140495866,2.037872954566788,vulnerable
multiple_runs_largerun_db_highthreat_20260410_030216.csv,multiple_runs_largerun_db_highthreat_20260410_030216.csv,563,896.0,1202.0,309.0,0.0,359.0,159.0,30.0,0.0,39.0,938.0,264.0,0.0,34.486607142857146,78.03660565723793,2.037872954566788,resilient
multiple_runs_largerun_db_highthreat_20260410_030216.csv,multiple_runs_largerun_db_highthreat_20260410_030216.csv,564,1113.0,1199.0,38.0,0.0,4.0,361.0,395.0,292.0,23.0,665.0,242.0,26.23539982030548,3.4141958670260557,55.4628857381151,2.037872954566788,vulnerable
multiple_runs_largerun_db_highthreat_20260410_030216.csv,multiple_runs_largerun_db_highthreat_20260410_030216.csv,565,1017.0,1201.0,60.0,0.0,6.0,288.0,376.0,269.0,18.0,683.0,249.0,26.45034414945919,5.899705014749262,56.86927560366362,2.037872954566788,vulnerable
multiple_runs_largerun_db_highthreat_20260410_030216.csv,multiple_runs_largerun_db_highthreat_20260410_030216.csv,566,997.0,1189.0,43.0,0.0,15.0,264.0,377.0,266.0,32.0,701.0,222.0,26.68004012036108,4.312938816449348,58.957106812447435,2.037872954566788,vulnerable
multiple_runs_largerun_db_highthreat_20260410_030216.csv,multiple_runs_largerun_db_highthreat_20260410_030216.csv,567,898.0,1199.0,304.0,0.0,376.0,174.0,1.0,3.0,40.0,955.0,241.0,0.33407572383073497,33.85300668151447,79.64970809007507,2.037872954566788,resilient
multiple_runs_largerun_db_highthreat_20260410_030216.csv,multiple_runs_largerun_db_highthreat_20260410_030216.csv,568,1170.0,1195.0,182.0,0.0,91.0,464.0,301.0,101.0,31.0,862.0,232.0,8.632478632478632,15.555555555555555,72.13389121338912,2.037872954566788,vulnerable
multiple_runs_largerun_db_highthreat_20260410_030216.csv,multiple_runs_largerun_db_highthreat_20260410_030216.csv,569,1322.0,1184.0,43.0,0.0,16.0,603.0,352.0,285.0,23.0,729.0,170.0,21.55824508320726,3.252647503782148,61.570945945945944,2.037872954566788,vulnerable
multiple_runs_largerun_db_highthreat_20260410_030216.csv,multiple_runs_largerun_db_highthreat_20260410_030216.csv,570,976.0,1203.0,82.0,0.0,2.0,256.0,403.0,195.0,38.0,781.0,227.0,19.979508196721312,8.401639344262295,64.92103075644224,2.037872954566788,vulnerable
multiple_runs_largerun_db_highthreat_20260410_030216.csv,multiple_runs_largerun_db_highthreat_20260410_030216.csv,571,972.0,1203.0,53.0,0.0,3.0,235.0,395.0,258.0,28.0,732.0,213.0,26.543209876543212,5.4526748971193415,60.84788029925187,2.037872954566788,vulnerable
multiple_runs_largerun_db_highthreat_20260410_030216.csv,multiple_runs_largerun_db_highthreat_20260410_030216.csv,572,1001.0,1222.0,190.0,0.0,263.0,239.0,162.0,112.0,35.0,939.0,171.0,11.188811188811188,18.981018981018984,76.84124386252046,2.037872954566788,vulnerable
multiple_runs_largerun_db_highthreat_20260410_030216.csv,multiple_runs_largerun_db_highthreat_20260410_030216.csv,573,978.0,1222.0,36.0,0.0,13.0,278.0,378.0,234.0,39.0,721.0,267.0,23.92638036809816,3.6809815950920246,59.00163666121113,2.037872954566788,vulnerable
multiple_runs_largerun_db_highthreat_20260410_030216.csv,multiple_runs_largerun_db_highthreat_20260410_030216.csv,574,956.0,1192.0,44.0,0.0,6.0,243.0,383.0,261.0,19.0,668.0,263.0,27.30125523012552,4.602510460251046,56.04026845637584,2.037872954566788,vulnerable
multiple_runs_largerun_db_highthreat_20260410_030216.csv,multiple_runs_largerun_db_highthreat_20260410_030216.csv,575,1148.0,1211.0,59.0,1.0,29.0,448.0,352.0,240.0,19.0,779.0,192.0,20.905923344947734,5.139372822299651,64.3270024772915,2.037872954566788,vulnerable
multiple_runs_largerun_db_highthreat_20260410_030216.csv,multiple_runs_largerun_db_highthreat_20260410_030216.csv,576,981.0,1211.0,315.0,0.0,391.0,218.0,20.0,0.0,37.0,1049.0,162.0,0.0,32.11009174311927,86.6226259289843,2.037872954566788,resilient
multiple_runs_largerun_db_highthreat_20260410_030216.csv,multiple_runs_largerun_db_highthreat_20260410_030216.csv,577,1179.0,1207.0,157.0,0.0,94.0,440.0,291.0,152.0,45.0,732.0,323.0,12.892281594571669,13.316369804919423,60.646230323115155,2.037872954566788,vulnerable
multiple_runs_largerun_db_highthreat_20260410_030216.csv,multiple_runs_largerun_db_highthreat_20260410_030216.csv,578,1061.0,1202.0,36.0,0.0,10.0,339.0,373.0,269.0,34.0,738.0,195.0,25.35344015080113,3.3930254476908575,61.39767054908486,2.037872954566788,vulnerable
multiple_runs_largerun_db_highthreat_20260410_030216.csv,multiple_runs_largerun_db_highthreat_20260410_030216.csv,579,891.0,1205.0,309.0,0.0,390.0,140.0,6.0,2.0,44.0,863.0,340.0,0.22446689113355783,34.68013468013468,71.61825726141079,2.037872954566788,resilient
multiple_runs_largerun_db_highthreat_20260410_030216.csv,multiple_runs_largerun_db_highthreat_20260410_030216.csv,580,1185.0,1202.0,71.0,0.0,104.0,464.0,294.0,204.0,48.0,752.0,246.0,17.21518987341772,5.9915611814346,62.562396006655575,2.037872954566788,vulnerable
multiple_runs_largerun_db_highthreat_20260410_030216.csv,multiple_runs_largerun_db_highthreat_20260410_030216.csv,581,926.0,1196.0,292.0,0.0,339.0,216.0,45.0,7.0,27.0,1011.0,178.0,0.755939524838013,31.533477321814257,84.53177257525084,2.037872954566788,resilient
multiple_runs_largerun_db_highthreat_20260410_030216.csv,multiple_runs_largerun_db_highthreat_20260410_030216.csv,582,954.0,1193.0,53.0,0.0,2.0,216.0,405.0,246.0,32.0,725.0,222.0,25.78616352201258,5.555555555555555,60.77116512992456,2.037872954566788,vulnerable
multiple_runs_largerun_db_highthreat_20260410_030216.csv,multiple_runs_largerun_db_highthreat_20260410_030216.csv,583,969.0,1208.0,301.0,0.0,317.0,243.0,64.0,0.0,44.0,1088.0,120.0,0.0,31.06295149638803,90.06622516556291,2.037872954566788,resilient
multiple_runs_largerun_db_highthreat_20260410_030216.csv,multiple_runs_largerun_db_highthreat_20260410_030216.csv,584,947.0,1198.0,308.0,0.0,371.0,206.0,18.0,10.0,34.0,905.0,283.0,1.0559662090813093,32.52375923970433,75.54257095158597,2.037872954566788,resilient
multiple_runs_largerun_db_highthreat_20260410_030216.csv,multiple_runs_largerun_db_highthreat_20260410_030216.csv,585,1171.0,1206.0,138.0,0.0,7.0,458.0,433.0,85.0,50.0,852.0,269.0,7.2587532023911185,11.784799316823227,70.64676616915423,2.037872954566788,vulnerable
multiple_runs_largerun_db_highthreat_20260410_030216.csv,multiple_runs_largerun_db_highthreat_20260410_030216.csv,586,987.0,1220.0,61.0,0.0,25.0,236.0,378.0,259.0,28.0,717.0,244.0,26.24113475177305,6.180344478216818,58.77049180327869,2.037872954566788,vulnerable
multiple_runs_largerun_db_highthreat_20260410_030216.csv,multiple_runs_largerun_db_highthreat_20260410_030216.csv,587,1235.0,1210.0,118.0,0.0,131.0,495.0,235.0,220.0,36.0,714.0,276.0,17.813765182186234,9.554655870445345,59.008264462809926,2.037872954566788,vulnerable
multiple_runs_largerun_db_highthreat_20260410_030216.csv,multiple_runs_largerun_db_highthreat_20260410_030216.csv,588,1035.0,1198.0,340.0,0.0,406.0,250.0,1.0,0.0,38.0,989.0,209.0,0.0,32.850241545893724,82.5542570951586,2.037872954566788,resilient
multiple_runs_largerun_db_highthreat_20260410_030216.csv,multiple_runs_largerun_db_highthreat_20260410_030216.csv,589,752.0,1189.0,111.0,0.0,297.0,152.0,91.0,65.0,36.0,824.0,300.0,8.643617021276597,14.760638297872342,69.30193439865432,2.037872954566788,vulnerable
multiple_runs_largerun_db_highthreat_20260410_030216.csv,multiple_runs_largerun_db_highthreat_20260410_030216.csv,590,1126.0,1206.0,52.0,0.0,12.0,422.0,382.0,234.0,24.0,736.0,236.0,20.781527531083483,4.618117229129663,61.02819237147595,2.037872954566788,vulnerable
multiple_runs_largerun_db_highthreat_20260410_030216.csv,multiple_runs_largerun_db_highthreat_20260410_030216.csv,591,987.0,1201.0,40.0,0.0,23.0,269.0,365.0,263.0,27.0,667.0,271.0,26.646403242147926,4.052684903748734,55.53705245628643,2.037872954566788,vulnerable
multiple_runs_largerun_db_highthreat_20260410_030216.csv,multiple_runs_largerun_db_highthreat_20260410_030216.csv,592,997.0,1196.0,52.0,0.0,0.0,272.0,366.0,272.0,35.0,676.0,248.0,27.28184553660983,5.2156469408224675,56.52173913043478,2.037872954566788,vulnerable
multiple_runs_largerun_db_highthreat_20260410_030216.csv,multiple_runs_largerun_db_highthreat_20260410_030216.csv,593,781.0,1189.0,288.0,0.0,374.0,65.0,19.0,0.0,35.0,998.0,191.0,0.0,36.875800256081945,83.93608074011775,2.037872954566788,resilient
multiple_runs_largerun_db_highthreat_20260410_030216.csv,multiple_runs_largerun_db_highthreat_20260410_030216.csv,594,904.0,1195.0,302.0,0.0,309.0,205.0,49.0,10.0,29.0,1021.0,164.0,1.1061946902654867,33.4070796460177,85.43933054393305,2.037872954566788,resilient
multiple_runs_largerun_db_highthreat_20260410_030216.csv,multiple_runs_largerun_db_highthreat_20260410_030216.csv,595,1150.0,1200.0,82.0,0.0,97.0,424.0,309.0,200.0,38.0,769.0,231.0,17.391304347826086,7.130434782608695,64.08333333333334,2.037872954566788,vulnerable
multiple_runs_largerun_db_highthreat_20260410_030216.csv,multiple_runs_largerun_db_highthreat_20260410_030216.csv,596,1071.0,1179.0,78.0,0.0,25.0,376.0,359.0,220.0,13.0,681.0,278.0,20.541549953314657,7.282913165266107,57.76081424936387,2.037872954566788,vulnerable
multiple_runs_largerun_db_highthreat_20260410_030216.csv,multiple_runs_largerun_db_highthreat_20260410_030216.csv,597,1023.0,1212.0,346.0,0.0,399.0,243.0,8.0,0.0,27.0,1087.0,125.0,0.0,33.822091886608014,89.68646864686468,2.037872954566788,resilient
multiple_runs_largerun_db_highthreat_20260410_030216.csv,multiple_runs_largerun_db_highthreat_20260410_030216.csv,598,1026.0,1219.0,53.0,0.0,3.0,295.0,384.0,261.0,30.0,739.0,219.0,25.438596491228072,5.16569200779727,60.62346185397867,2.037872954566788,vulnerable
multiple_runs_largerun_db_highthreat_20260410_030216.csv,multiple_runs_largerun_db_highthreat_20260410_030216.csv,599,933.0,1210.0,36.0,0.0,10.0,225.0,396.0,234.0,32.0,707.0,269.0,25.080385852090032,3.858520900321544,58.429752066115704,2.037872954566788,vulnerable
multiple_runs_largerun_db_highthreat_20260410_030216.csv,multiple_runs_largerun_db_highthreat_20260410_030216.csv,600,1081.0,1195.0,313.0,0.0,332.0,336.0,70.0,0.0,30.0,1061.0,134.0,0.0,28.95467160037003,88.7866108786611,2.037872954566788,resilient
multiple_runs_largerun_db_highthreat_20260410_030216.csv,multiple_runs_largerun_db_highthreat_20260410_030216.csv,601,1000.0,1210.0,86.0,0.0,15.0,287.0,386.0,192.0,34.0,803.0,215.0,19.2,8.6,66.36363636363637,2.037872954566788,vulnerable
multiple_runs_largerun_db_highthreat_20260410_030216.csv,multiple_runs_largerun_db_highthreat_20260410_030216.csv,602,899.0,1212.0,305.0,0.0,396.0,158.0,5.0,1.0,34.0,947.0,264.0,0.11123470522803114,33.9265850945495,78.13531353135313,2.037872954566788,resilient
multiple_runs_largerun_db_highthreat_20260410_030216.csv,multiple_runs_largerun_db_highthreat_20260410_030216.csv,603,958.0,1199.0,42.0,0.0,1.0,218.0,381.0,287.0,29.0,670.0,242.0,29.958246346555324,4.3841336116910234,55.87989991659717,2.037872954566788,vulnerable
multiple_runs_largerun_db_highthreat_20260410_030216.csv,multiple_runs_largerun_db_highthreat_20260410_030216.csv,604,1168.0,1223.0,80.0,0.0,49.0,419.0,364.0,218.0,38.0,701.0,304.0,18.664383561643834,6.8493150684931505,57.31807031888798,2.037872954566788,vulnerable
multiple_runs_largerun_db_highthreat_20260410_030216.csv,multiple_runs_largerun_db_highthreat_20260410_030216.csv,605,965.0,1210.0,59.0,0.0,11.0,222.0,395.0,246.0,32.0,679.0,285.0,25.492227979274613,6.113989637305699,56.11570247933885,2.037872954566788,vulnerable
multiple_runs_largerun_db_highthreat_20260410_030216.csv,multiple_runs_largerun_db_highthreat_20260410_030216.csv,606,981.0,1213.0,66.0,0.0,0.0,240.0,390.0,251.0,34.0,716.0,246.0,25.58613659531091,6.727828746177369,59.027205276174776,2.037872954566788,vulnerable
multiple_runs_largerun_db_highthreat_20260410_030216.csv,multiple_runs_largerun_db_highthreat_20260410_030216.csv,607,1248.0,1198.0,88.0,0.0,56.0,534.0,320.0,213.0,37.0,785.0,200.0,17.067307692307693,7.051282051282051,65.52587646076795,2.037872954566788,vulnerable
multiple_runs_largerun_db_highthreat_20260410_030216.csv,multiple_runs_largerun_db_highthreat_20260410_030216.csv,608,957.0,1182.0,302.0,0.0,293.0,228.0,111.0,3.0,20.0,1040.0,139.0,0.3134796238244514,31.55694879832811,87.9864636209814,2.037872954566788,resilient
multiple_runs_largerun_db_highthreat_20260410_030216.csv,multiple_runs_largerun_db_highthreat_20260410_030216.csv,609,1195.0,1208.0,179.0,0.0,143.0,470.0,242.0,124.0,37.0,786.0,298.0,10.376569037656903,14.979079497907948,65.06622516556291,2.037872954566788,vulnerable
multiple_runs_largerun_db_highthreat_20260410_030216.csv,multiple_runs_largerun_db_highthreat_20260410_030216.csv,610,1020.0,1198.0,275.0,0.0,312.0,295.0,100.0,5.0,33.0,1051.0,142.0,0.49019607843137253,26.96078431372549,87.72954924874792,2.037872954566788,resilient
multiple_runs_largerun_db_highthreat_20260410_030216.csv,multiple_runs_largerun_db_highthreat_20260410_030216.csv,611,1129.0,1199.0,67.0,0.0,36.0,422.0,348.0,223.0,33.0,752.0,224.0,19.75199291408326,5.9344552701505755,62.71893244370309,2.037872954566788,vulnerable
multiple_runs_largerun_db_highthreat_20260410_030216.csv,multiple_runs_largerun_db_highthreat_20260410_030216.csv,612,1023.0,1209.0,61.0,0.0,19.0,285.0,396.0,235.0,27.0,748.0,226.0,22.971652003910066,5.962854349951124,61.869313482216704,2.037872954566788,vulnerable
multiple_runs_largerun_db_highthreat_20260410_030216.csv,multiple_runs_largerun_db_highthreat_20260410_030216.csv,613,956.0,1189.0,56.0,0.0,19.0,238.0,392.0,229.0,22.0,770.0,190.0,23.95397489539749,5.857740585774058,64.76030277544155,2.037872954566788,vulnerable
multiple_runs_largerun_db_highthreat_20260410_030216.csv,multiple_runs_largerun_db_highthreat_20260410_030216.csv,614,900.0,1191.0,42.0,0.0,25.0,193.0,352.0,273.0,15.0,624.0,294.0,30.333333333333336,4.666666666666667,52.39294710327456,2.037872954566788,vulnerable
multiple_runs_largerun_db_highthreat_20260410_030216.csv,multiple_runs_largerun_db_highthreat_20260410_030216.csv,615,1232.0,1204.0,183.0,0.0,131.0,486.0,307.0,83.0,42.0,802.0,319.0,6.737012987012987,14.853896103896103,66.61129568106313,2.037872954566788,vulnerable
multiple_runs_largerun_db_highthreat_20260410_030216.csv,multiple_runs_largerun_db_highthreat_20260410_030216.csv,616,1221.0,1210.0,192.0,0.0,74.0,446.0,306.0,169.0,34.0,740.0,301.0,13.841113841113842,15.724815724815725,61.15702479338842,2.037872954566788,vulnerable
multiple_runs_largerun_db_highthreat_20260410_030216.csv,multiple_runs_largerun_db_highthreat_20260410_030216.csv,617,971.0,1223.0,51.0,0.0,0.0,252.0,382.0,252.0,34.0,702.0,269.0,25.952626158599383,5.25231719876416,57.39983646770237,2.037872954566788,vulnerable
multiple_runs_largerun_db_highthreat_20260410_030216.csv,multiple_runs_largerun_db_highthreat_20260410_030216.csv,618,1064.0,1194.0,298.0,0.0,362.0,329.0,47.0,1.0,27.0,1073.0,120.0,0.09398496240601503,28.007518796992482,89.86599664991624,2.037872954566788,resilient
multiple_runs_largerun_db_highthreat_20260410_030216.csv,multiple_runs_largerun_db_highthreat_20260410_030216.csv,619,952.0,1199.0,40.0,0.0,2.0,218.0,390.0,268.0,34.0,707.0,224.0,28.15126050420168,4.201680672268908,58.965804837364466,2.037872954566788,vulnerable
multiple_runs_largerun_db_highthreat_20260410_030216.csv,multiple_runs_largerun_db_highthreat_20260410_030216.csv,620,512.0,1201.0,35.0,0.0,12.0,135.0,300.0,0.0,30.0,787.0,414.0,0.0,6.8359375,65.52872606161532,2.037872954566788,resilient
multiple_runs_largerun_db_highthreat_20260410_030216.csv,multiple_runs_largerun_db_highthreat_20260410_030216.csv,621,1028.0,1209.0,294.0,0.0,356.0,261.0,80.0,0.0,37.0,1091.0,118.0,0.0,28.599221789883266,90.2398676592225,2.037872954566788,resilient
multiple_runs_largerun_db_highthreat_20260410_030216.csv,multiple_runs_largerun_db_highthreat_20260410_030216.csv,622,853.0,1201.0,295.0,0.0,342.0,124.0,53.0,8.0,31.0,1010.0,183.0,0.9378663540445485,34.58382180539273,84.09658617818485,2.037872954566788,resilient
multiple_runs_largerun_db_highthreat_20260410_030216.csv,multiple_runs_largerun_db_highthreat_20260410_030216.csv,623,904.0,1207.0,303.0,0.0,288.0,178.0,80.0,23.0,32.0,882.0,302.0,2.5442477876106198,33.517699115044245,73.07373653686827,2.037872954566788,vulnerable
multiple_runs_largerun_db_highthreat_20260410_030216.csv,multiple_runs_largerun_db_highthreat_20260410_030216.csv,624,950.0,1190.0,324.0,0.0,359.0,208.0,19.0,0.0,40.0,1059.0,131.0,0.0,34.10526315789474,88.99159663865545,2.037872954566788,resilient
multiple_runs_largerun_db_highthreat_20260410_030216.csv,multiple_runs_largerun_db_highthreat_20260410_030216.csv,625,1138.0,1207.0,54.0,0.0,46.0,439.0,359.0,211.0,29.0,793.0,203.0,18.54130052724077,4.745166959578207,65.70008285004143,2.037872954566788,vulnerable
multiple_runs_largerun_db_highthreat_20260410_030216.csv,multiple_runs_largerun_db_highthreat_20260410_030216.csv,626,1092.0,1205.0,56.0,0.0,6.0,358.0,380.0,261.0,31.0,733.0,211.0,23.9010989010989,5.128205128205128,60.829875518672196,2.037872954566788,vulnerable
multiple_runs_largerun_db_highthreat_20260410_030216.csv,multiple_runs_largerun_db_highthreat_20260410_030216.csv,627,911.0,1202.0,42.0,0.0,0.0,216.0,368.0,257.0,28.0,700.0,245.0,28.210757409440173,4.610318331503842,58.23627287853578,2.037872954566788,vulnerable
multiple_runs_largerun_db_highthreat_20260410_030216.csv,multiple_runs_largerun_db_highthreat_20260410_030216.csv,628,1214.0,1199.0,78.0,0.0,50.0,524.0,340.0,206.0,16.0,749.0,244.0,16.96869851729819,6.425041186161449,62.46872393661385,2.037872954566788,vulnerable
multiple_runs_largerun_db_highthreat_20260410_030216.csv,multiple_runs_largerun_db_highthreat_20260410_030216.csv,629,1436.0,1200.0,69.0,0.0,26.0,704.0,368.0,245.0,24.0,822.0,133.0,17.061281337047355,4.805013927576602,68.5,2.037872954566788,vulnerable
multiple_runs_largerun_db_highthreat_20260410_030216.csv,multiple_runs_largerun_db_highthreat_20260410_030216.csv,630,1156.0,1200.0,79.0,0.0,28.0,461.0,360.0,197.0,31.0,726.0,277.0,17.041522491349482,6.833910034602077,60.5,2.037872954566788,vulnerable
multiple_runs_largerun_db_highthreat_20260410_030216.csv,multiple_runs_largerun_db_highthreat_20260410_030216.csv,631,1026.0,1210.0,346.0,0.0,339.0,233.0,66.0,7.0,35.0,1033.0,170.0,0.682261208576998,33.72319688109162,85.37190082644628,2.037872954566788,resilient
multiple_runs_largerun_db_highthreat_20260410_030216.csv,multiple_runs_largerun_db_highthreat_20260410_030216.csv,632,911.0,1196.0,57.0,0.0,0.0,207.0,355.0,267.0,25.0,687.0,242.0,29.308452250274424,6.256860592755214,57.441471571906355,2.037872954566788,vulnerable
multiple_runs_largerun_db_highthreat_20260410_030216.csv,multiple_runs_largerun_db_highthreat_20260410_030216.csv,633,905.0,1193.0,48.0,0.0,10.0,175.0,366.0,280.0,26.0,700.0,213.0,30.939226519337016,5.303867403314917,58.6756077116513,2.037872954566788,vulnerable
multiple_runs_largerun_db_highthreat_20260410_030216.csv,multiple_runs_largerun_db_highthreat_20260410_030216.csv,634,1233.0,1193.0,31.0,0.0,55.0,500.0,356.0,253.0,38.0,802.0,138.0,20.519059205190594,2.51419302514193,67.2254819782062,2.037872954566788,vulnerable
multiple_runs_largerun_db_highthreat_20260410_030216.csv,multiple_runs_largerun_db_highthreat_20260410_030216.csv,635,969.0,1203.0,305.0,0.0,394.0,238.0,4.0,0.0,28.0,865.0,338.0,0.0,31.475748194014447,71.90357439733998,2.037872954566788,resilient
multiple_runs_largerun_db_highthreat_20260410_030216.csv,multiple_runs_largerun_db_highthreat_20260410_030216.csv,636,909.0,1193.0,284.0,0.0,323.0,195.0,71.0,3.0,33.0,1007.0,183.0,0.33003300330033003,31.24312431243124,84.40905280804694,2.037872954566788,resilient
multiple_runs_largerun_db_highthreat_20260410_030216.csv,multiple_runs_largerun_db_highthreat_20260410_030216.csv,637,1391.0,1208.0,63.0,0.0,19.0,640.0,391.0,252.0,26.0,713.0,243.0,18.11646297627606,4.529115744069015,59.02317880794702,2.037872954566788,vulnerable
multiple_runs_largerun_db_highthreat_20260410_030216.csv,multiple_runs_largerun_db_highthreat_20260410_030216.csv,638,1008.0,1218.0,44.0,0.0,9.0,305.0,395.0,224.0,31.0,717.0,277.0,22.22222222222222,4.365079365079365,58.86699507389162,2.037872954566788,vulnerable
multiple_runs_largerun_db_highthreat_20260410_030216.csv,multiple_runs_largerun_db_highthreat_20260410_030216.csv,639,1020.0,1212.0,291.0,0.0,343.0,267.0,76.0,15.0,28.0,1057.0,140.0,1.4705882352941175,28.52941176470588,87.21122112211222,2.037872954566788,resilient
multiple_runs_largerun_db_highthreat_20260410_030216.csv,multiple_runs_largerun_db_highthreat_20260410_030216.csv,640,1078.0,1198.0,224.0,0.0,243.0,371.0,165.0,46.0,29.0,808.0,344.0,4.267161410018553,20.77922077922078,67.4457429048414,2.037872954566788,vulnerable
multiple_runs_largerun_db_highthreat_20260410_030216.csv,multiple_runs_largerun_db_highthreat_20260410_030216.csv,641,963.0,1205.0,66.0,0.0,11.0,255.0,386.0,216.0,29.0,754.0,235.0,22.429906542056074,6.853582554517133,62.572614107883815,2.037872954566788,vulnerable
multiple_runs_largerun_db_highthreat_20260410_030216.csv,multiple_runs_largerun_db_highthreat_20260410_030216.csv,642,974.0,1200.0,41.0,0.0,7.0,261.0,373.0,259.0,33.0,719.0,222.0,26.591375770020537,4.209445585215605,59.916666666666664,2.037872954566788,vulnerable
multiple_runs_largerun_db_highthreat_20260410_030216.csv,multiple_runs_largerun_db_highthreat_20260410_030216.csv,643,1028.0,1213.0,319.0,0.0,390.0,276.0,12.0,0.0,31.0,965.0,248.0,0.0,31.03112840466926,79.5548227535037,2.037872954566788,resilient
multiple_runs_largerun_db_highthreat_20260410_030216.csv,multiple_runs_largerun_db_highthreat_20260410_030216.csv,644,980.0,1204.0,78.0,0.0,16.0,244.0,387.0,232.0,23.0,647.0,325.0,23.6734693877551,7.959183673469387,53.737541528239205,2.037872954566788,vulnerable
multiple_runs_largerun_db_highthreat_20260410_030216.csv,multiple_runs_largerun_db_highthreat_20260410_030216.csv,645,1241.0,1215.0,82.0,0.0,29.0,519.0,368.0,207.0,36.0,757.0,251.0,16.680096696212733,6.60757453666398,62.30452674897119,2.037872954566788,vulnerable
multiple_runs_largerun_db_highthreat_20260410_030216.csv,multiple_runs_largerun_db_highthreat_20260410_030216.csv,646,1062.0,1195.0,198.0,0.0,233.0,372.0,145.0,82.0,32.0,800.0,313.0,7.721280602636535,18.64406779661017,66.94560669456067,2.037872954566788,vulnerable
multiple_runs_largerun_db_highthreat_20260410_030216.csv,multiple_runs_largerun_db_highthreat_20260410_030216.csv,647,1239.0,1187.0,56.0,0.0,119.0,522.0,270.0,247.0,25.0,775.0,165.0,19.93543179983858,4.519774011299435,65.29064869418703,2.037872954566788,vulnerable
multiple_runs_largerun_db_highthreat_20260410_030216.csv,multiple_runs_largerun_db_highthreat_20260410_030216.csv,648,900.0,1177.0,307.0,0.0,371.0,148.0,32.0,5.0,37.0,1007.0,165.0,0.5555555555555556,34.11111111111111,85.55649957519117,2.037872954566788,resilient
multiple_runs_largerun_db_highthreat_20260410_030216.csv,multiple_runs_largerun_db_highthreat_20260410_030216.csv,649,987.0,1205.0,295.0,0.0,375.0,259.0,27.0,0.0,31.0,1028.0,177.0,0.0,29.88855116514691,85.31120331950207,2.037872954566788,resilient
multiple_runs_largerun_db_highthreat_20260410_030216.csv,multiple_runs_largerun_db_highthreat_20260410_030216.csv,650,979.0,1198.0,265.0,0.0,378.0,246.0,48.0,0.0,42.0,1018.0,180.0,0.0,27.068437180796735,84.97495826377296,2.037872954566788,resilient
multiple_runs_largerun_db_highthreat_20260410_030216.csv,multiple_runs_largerun_db_highthreat_20260410_030216.csv,651,999.0,1196.0,59.0,0.0,5.0,261.0,375.0,261.0,38.0,687.0,248.0,26.126126126126124,5.905905905905906,57.441471571906355,2.037872954566788,vulnerable
multiple_runs_largerun_db_highthreat_20260410_030216.csv,multiple_runs_largerun_db_highthreat_20260410_030216.csv,652,1022.0,1196.0,62.0,0.0,13.0,244.0,433.0,237.0,33.0,710.0,249.0,23.18982387475538,6.066536203522505,59.36454849498328,2.037872954566788,vulnerable
multiple_runs_largerun_db_highthreat_20260410_030216.csv,multiple_runs_largerun_db_highthreat_20260410_030216.csv,653,1079.0,1215.0,322.0,0.0,304.0,342.0,83.0,2.0,26.0,1044.0,169.0,0.18535681186283595,29.842446709916587,85.92592592592592,2.037872954566788,resilient
multiple_runs_largerun_db_highthreat_20260410_030216.csv,multiple_runs_largerun_db_highthreat_20260410_030216.csv,654,963.0,1216.0,23.0,0.0,2.0,262.0,369.0,280.0,27.0,718.0,218.0,29.075804776739357,2.3883696780893042,59.04605263157895,2.037872954566788,vulnerable
multiple_runs_largerun_db_highthreat_20260410_030216.csv,multiple_runs_largerun_db_highthreat_20260410_030216.csv,655,1232.0,1214.0,30.0,0.0,16.0,531.0,394.0,229.0,32.0,781.0,204.0,18.58766233766234,2.4350649350649354,64.332784184514,2.037872954566788,vulnerable
multiple_runs_largerun_db_highthreat_20260410_030216.csv,multiple_runs_largerun_db_highthreat_20260410_030216.csv,656,896.0,1203.0,299.0,0.0,328.0,144.0,69.0,15.0,41.0,920.0,268.0,1.6741071428571428,33.370535714285715,76.47547797173732,2.037872954566788,resilient
multiple_runs_largerun_db_highthreat_20260410_030216.csv,multiple_runs_largerun_db_highthreat_20260410_030216.csv,657,1005.0,1184.0,67.0,0.0,5.0,260.0,383.0,268.0,22.0,706.0,210.0,26.666666666666668,6.666666666666667,59.62837837837838,2.037872954566788,vulnerable
multiple_runs_largerun_db_highthreat_20260410_030216.csv,multiple_runs_largerun_db_highthreat_20260410_030216.csv,658,954.0,1210.0,312.0,0.0,340.0,213.0,57.0,4.0,28.0,974.0,232.0,0.41928721174004197,32.70440251572327,80.49586776859505,2.037872954566788,resilient
multiple_runs_largerun_db_highthreat_20260410_030216.csv,multiple_runs_largerun_db_highthreat_20260410_030216.csv,659,1146.0,1197.0,82.0,0.0,18.0,419.0,358.0,250.0,19.0,679.0,268.0,21.81500872600349,7.155322862129145,56.72514619883041,2.037872954566788,vulnerable
multiple_runs_largerun_db_highthreat_20260410_030216.csv,multiple_runs_largerun_db_highthreat_20260410_030216.csv,660,999.0,1202.0,292.0,0.0,285.0,287.0,106.0,0.0,29.0,1085.0,117.0,0.0,29.22922922922923,90.26622296173045,2.037872954566788,resilient
multiple_runs_largerun_db_highthreat_20260410_030216.csv,multiple_runs_largerun_db_highthreat_20260410_030216.csv,661,910.0,1206.0,336.0,0.0,312.0,137.0,82.0,1.0,42.0,943.0,262.0,0.10989010989010989,36.92307692307693,78.19237147595356,2.037872954566788,resilient
multiple_runs_largerun_db_highthreat_20260410_030216.csv,multiple_runs_largerun_db_highthreat_20260410_030216.csv,662,1063.0,1201.0,31.0,0.0,2.0,349.0,396.0,260.0,25.0,718.0,223.0,24.459078080903105,2.916274694261524,59.78351373855121,2.037872954566788,vulnerable
multiple_runs_largerun_db_highthreat_20260410_030216.csv,multiple_runs_largerun_db_highthreat_20260410_030216.csv,663,1180.0,1196.0,49.0,0.0,4.0,452.0,397.0,245.0,33.0,736.0,215.0,20.76271186440678,4.1525423728813555,61.53846153846154,2.037872954566788,vulnerable
multiple_runs_largerun_db_highthreat_20260410_030216.csv,multiple_runs_largerun_db_highthreat_20260410_030216.csv,664,1188.0,1206.0,35.0,0.0,0.0,449.0,400.0,262.0,42.0,736.0,208.0,22.053872053872052,2.9461279461279464,61.02819237147595,2.037872954566788,vulnerable
multiple_runs_largerun_db_highthreat_20260410_030216.csv,multiple_runs_largerun_db_highthreat_20260410_030216.csv,665,1067.0,1209.0,342.0,0.0,334.0,300.0,57.0,0.0,34.0,1060.0,149.0,0.0,32.052483598875355,87.67576509511993,2.037872954566788,resilient
multiple_runs_largerun_db_highthreat_20260410_030216.csv,multiple_runs_largerun_db_highthreat_20260410_030216.csv,666,996.0,1200.0,60.0,0.0,11.0,258.0,370.0,274.0,23.0,701.0,225.0,27.510040160642568,6.024096385542169,58.416666666666664,2.037872954566788,vulnerable
multiple_runs_largerun_db_highthreat_20260410_030216.csv,multiple_runs_largerun_db_highthreat_20260410_030216.csv,667,1112.0,1205.0,194.0,0.0,167.0,387.0,236.0,100.0,28.0,802.0,303.0,8.992805755395683,17.446043165467625,66.55601659751036,2.037872954566788,vulnerable
multiple_runs_largerun_db_highthreat_20260410_030216.csv,multiple_runs_largerun_db_highthreat_20260410_030216.csv,668,1068.0,1184.0,41.0,0.0,9.0,353.0,379.0,251.0,35.0,741.0,192.0,23.50187265917603,3.838951310861423,62.58445945945946,2.037872954566788,vulnerable
multiple_runs_largerun_db_highthreat_20260410_030216.csv,multiple_runs_largerun_db_highthreat_20260410_030216.csv,669,1032.0,1209.0,284.0,0.0,274.0,290.0,118.0,28.0,38.0,956.0,225.0,2.7131782945736433,27.51937984496124,79.07361455748553,2.037872954566788,vulnerable
multiple_runs_largerun_db_highthreat_20260410_030216.csv,multiple_runs_largerun_db_highthreat_20260410_030216.csv,670,1116.0,1195.0,54.0,0.0,19.0,390.0,417.0,210.0,26.0,763.0,222.0,18.817204301075268,4.838709677419355,63.84937238493724,2.037872954566788,vulnerable
multiple_runs_largerun_db_highthreat_20260410_030216.csv,multiple_runs_largerun_db_highthreat_20260410_030216.csv,671,421.0,603.0,139.0,0.0,187.0,59.0,2.0,0.0,34.0,516.0,87.0,0.0,33.0166270783848,85.57213930348259,2.037872954566788,resilient
multiple_runs_largerun_db_highthreat_20260410_030216.csv,multiple_runs_largerun_db_highthreat_20260410_030216.csv,672,1028.0,1210.0,52.0,0.0,0.0,294.0,401.0,247.0,34.0,715.0,248.0,24.027237354085603,5.058365758754864,59.09090909090909,2.037872954566788,vulnerable
multiple_runs_largerun_db_highthreat_20260410_030216.csv,multiple_runs_largerun_db_highthreat_20260410_030216.csv,673,1052.0,1196.0,44.0,0.0,11.0,322.0,357.0,292.0,26.0,718.0,186.0,27.756653992395435,4.182509505703422,60.03344481605352,2.037872954566788,vulnerable
multiple_runs_largerun_db_highthreat_20260410_030216.csv,multiple_runs_largerun_db_highthreat_20260410_030216.csv,674,1297.0,1197.0,69.0,0.0,40.0,563.0,366.0,230.0,29.0,816.0,151.0,17.733230531996917,5.319969159599075,68.1704260651629,2.037872954566788,vulnerable
multiple_runs_largerun_db_highthreat_20260410_030216.csv,multiple_runs_largerun_db_highthreat_20260410_030216.csv,675,1281.0,1195.0,57.0,0.0,10.0,512.0,399.0,273.0,30.0,678.0,244.0,21.311475409836063,4.449648711943794,56.73640167364017,2.037872954566788,vulnerable
multiple_runs_largerun_db_highthreat_20260410_030216.csv,multiple_runs_largerun_db_highthreat_20260410_030216.csv,676,1228.0,1194.0,45.0,0.0,0.0,504.0,391.0,253.0,35.0,781.0,160.0,20.602605863192185,3.664495114006515,65.41038525963148,2.037872954566788,vulnerable
multiple_runs_largerun_db_highthreat_20260410_030216.csv,multiple_runs_largerun_db_highthreat_20260410_030216.csv,677,1185.0,1217.0,222.0,0.0,185.0,432.0,238.0,77.0,31.0,802.0,338.0,6.4978902953586495,18.734177215189874,65.89975349219392,2.037872954566788,vulnerable
multiple_runs_largerun_db_highthreat_20260410_030216.csv,multiple_runs_largerun_db_highthreat_20260410_030216.csv,678,946.0,1211.0,63.0,0.0,7.0,192.0,397.0,261.0,26.0,713.0,237.0,27.58985200845666,6.659619450317125,58.876961189099916,2.037872954566788,vulnerable
multiple_runs_largerun_db_highthreat_20260410_030216.csv,multiple_runs_largerun_db_highthreat_20260410_030216.csv,679,936.0,1199.0,28.0,0.0,0.0,170.0,422.0,290.0,26.0,660.0,249.0,30.982905982905983,2.9914529914529915,55.04587155963303,2.037872954566788,vulnerable
multiple_runs_largerun_db_highthreat_20260410_030216.csv,multiple_runs_largerun_db_highthreat_20260410_030216.csv,680,1051.0,1201.0,141.0,0.0,189.0,342.0,196.0,151.0,32.0,789.0,261.0,14.367269267364415,13.415794481446241,65.69525395503747,2.037872954566788,vulnerable
multiple_runs_largerun_db_highthreat_20260410_030216.csv,multiple_runs_largerun_db_highthreat_20260410_030216.csv,681,959.0,1208.0,319.0,0.0,348.0,221.0,25.0,5.0,41.0,999.0,204.0,0.5213764337851928,33.263816475495304,82.69867549668875,2.037872954566788,resilient
multiple_runs_largerun_db_highthreat_20260410_030216.csv,multiple_runs_largerun_db_highthreat_20260410_030216.csv,682,979.0,1175.0,289.0,0.0,333.0,283.0,36.0,6.0,32.0,884.0,285.0,0.6128702757916241,29.519918283963225,75.2340425531915,2.037872954566788,resilient
multiple_runs_largerun_db_highthreat_20260410_030216.csv,multiple_runs_largerun_db_highthreat_20260410_030216.csv,683,1187.0,1199.0,51.0,0.0,6.0,450.0,410.0,251.0,19.0,743.0,205.0,21.145745577085087,4.296545914069082,61.96830692243537,2.037872954566788,vulnerable
multiple_runs_largerun_db_highthreat_20260410_030216.csv,multiple_runs_largerun_db_highthreat_20260410_030216.csv,684,1006.0,1190.0,40.0,0.0,17.0,239.0,403.0,272.0,35.0,688.0,230.0,27.037773359840955,3.9761431411530817,57.815126050420176,2.037872954566788,vulnerable
multiple_runs_largerun_db_highthreat_20260410_030216.csv,multiple_runs_largerun_db_highthreat_20260410_030216.csv,685,983.0,1199.0,62.0,0.0,10.0,247.0,383.0,246.0,35.0,679.0,274.0,25.025432349949135,6.3072227873855535,56.63052543786489,2.037872954566788,vulnerable
multiple_runs_largerun_db_highthreat_20260410_030216.csv,multiple_runs_largerun_db_highthreat_20260410_030216.csv,686,1258.0,1193.0,43.0,0.0,12.0,542.0,366.0,258.0,37.0,774.0,161.0,20.5087440381558,3.418124006359301,64.87845766974016,2.037872954566788,vulnerable
multiple_runs_largerun_db_highthreat_20260410_030216.csv,multiple_runs_largerun_db_highthreat_20260410_030216.csv,687,926.0,1187.0,310.0,0.0,389.0,180.0,5.0,1.0,41.0,809.0,377.0,0.10799136069114472,33.477321814254864,68.15501263689974,2.037872954566788,resilient
multiple_runs_largerun_db_highthreat_20260410_030216.csv,multiple_runs_largerun_db_highthreat_20260410_030216.csv,688,909.0,1190.0,298.0,0.0,353.0,138.0,79.0,8.0,33.0,870.0,312.0,0.88008800880088,32.78327832783278,73.10924369747899,2.037872954566788,resilient
multiple_runs_largerun_db_highthreat_20260410_030216.csv,multiple_runs_largerun_db_highthreat_20260410_030216.csv,689,982.0,1203.0,40.0,0.0,10.0,230.0,401.0,268.0,33.0,691.0,244.0,27.29124236252546,4.0733197556008145,57.439733998337495,2.037872954566788,vulnerable
multiple_runs_largerun_db_highthreat_20260410_030216.csv,multiple_runs_largerun_db_highthreat_20260410_030216.csv,690,1191.0,1212.0,168.0,0.0,160.0,470.0,242.0,107.0,44.0,827.0,278.0,8.984047019311504,14.105793450881613,68.23432343234323,2.037872954566788,vulnerable
multiple_runs_largerun_db_highthreat_20260410_030216.csv,multiple_runs_largerun_db_highthreat_20260410_030216.csv,691,1010.0,1197.0,290.0,0.0,367.0,274.0,31.0,16.0,32.0,991.0,190.0,1.5841584158415842,28.71287128712871,82.79030910609858,2.037872954566788,resilient
multiple_runs_largerun_db_highthreat_20260410_030216.csv,multiple_runs_largerun_db_highthreat_20260410_030216.csv,692,1024.0,1194.0,67.0,0.0,9.0,272.0,421.0,219.0,36.0,755.0,220.0,21.38671875,6.54296875,63.23283082077052,2.037872954566788,vulnerable
multiple_runs_largerun_db_highthreat_20260410_030216.csv,multiple_runs_largerun_db_highthreat_20260410_030216.csv,693,926.0,1194.0,331.0,0.0,380.0,156.0,22.0,7.0,30.0,970.0,217.0,0.755939524838013,35.745140388768895,81.23953098827471,2.037872954566788,resilient
multiple_runs_largerun_db_highthreat_20260410_030216.csv,multiple_runs_largerun_db_highthreat_20260410_030216.csv,694,1059.0,1205.0,303.0,0.0,318.0,336.0,70.0,0.0,32.0,987.0,218.0,0.0,28.611898016997166,81.90871369294605,2.037872954566788,resilient
multiple_runs_largerun_db_highthreat_20260410_030216.csv,multiple_runs_largerun_db_highthreat_20260410_030216.csv,695,884.0,1185.0,278.0,0.0,351.0,198.0,20.0,6.0,31.0,998.0,181.0,0.6787330316742082,31.447963800904976,84.21940928270043,2.037872954566788,resilient
multiple_runs_largerun_db_highthreat_20260410_030216.csv,multiple_runs_largerun_db_highthreat_20260410_030216.csv,696,1407.0,1192.0,39.0,0.0,6.0,673.0,368.0,298.0,23.0,757.0,137.0,21.179815209665957,2.771855010660981,63.506711409395976,2.037872954566788,vulnerable
multiple_runs_largerun_db_highthreat_20260410_030216.csv,multiple_runs_largerun_db_highthreat_20260410_030216.csv,697,941.0,1204.0,37.0,0.0,3.0,214.0,386.0,263.0,38.0,709.0,232.0,27.948990435706694,3.9319872476089266,58.88704318936877,2.037872954566788,vulnerable
multiple_runs_largerun_db_highthreat_20260410_030216.csv,multiple_runs_largerun_db_highthreat_20260410_030216.csv,698,994.0,1206.0,45.0,0.0,8.0,246.0,392.0,266.0,37.0,696.0,244.0,26.76056338028169,4.527162977867203,57.711442786069654,2.037872954566788,vulnerable
multiple_runs_largerun_db_highthreat_20260410_030216.csv,multiple_runs_largerun_db_highthreat_20260410_030216.csv,699,975.0,1197.0,53.0,0.0,8.0,224.0,397.0,256.0,37.0,698.0,243.0,26.256410256410255,5.435897435897436,58.31244778613199,2.037872954566788,vulnerable
multiple_runs_largerun_db_highthreat_20260410_030216.csv,multiple_runs_largerun_db_highthreat_20260410_030216.csv,700,1100.0,1203.0,50.0,0.0,6.0,358.0,401.0,253.0,32.0,731.0,219.0,23.0,4.545454545454546,60.76475477971738,2.037872954566788,vulnerable
multiple_runs_largerun_db_highthreat_20260410_030216.csv,multiple_runs_largerun_db_highthreat_20260410_030216.csv,701,1010.0,1192.0,304.0,0.0,391.0,278.0,8.0,0.0,29.0,982.0,210.0,0.0,30.099009900990097,82.38255033557047,2.037872954566788,resilient
multiple_runs_largerun_db_highthreat_20260410_030216.csv,multiple_runs_largerun_db_highthreat_20260410_030216.csv,702,1303.0,1198.0,49.0,0.0,8.0,571.0,392.0,255.0,28.0,742.0,201.0,19.570222563315426,3.760552570990023,61.93656093489148,2.037872954566788,vulnerable
multiple_runs_largerun_db_highthreat_20260410_030216.csv,multiple_runs_largerun_db_highthreat_20260410_030216.csv,703,1044.0,1210.0,305.0,0.0,374.0,291.0,31.0,4.0,39.0,979.0,227.0,0.38314176245210724,29.214559386973182,80.9090909090909,2.037872954566788,resilient
multiple_runs_largerun_db_highthreat_20260410_030216.csv,multiple_runs_largerun_db_highthreat_20260410_030216.csv,704,1042.0,1197.0,302.0,0.0,390.0,295.0,24.0,2.0,29.0,1038.0,157.0,0.19193857965451055,28.982725527831093,86.71679197994987,2.037872954566788,resilient
multiple_runs_largerun_db_highthreat_20260410_030216.csv,multiple_runs_largerun_db_highthreat_20260410_030216.csv,705,988.0,1196.0,74.0,0.0,3.0,239.0,378.0,266.0,28.0,697.0,233.0,26.923076923076923,7.489878542510121,58.27759197324415,2.037872954566788,vulnerable
multiple_runs_largerun_db_highthreat_20260410_030216.csv,multiple_runs_largerun_db_highthreat_20260410_030216.csv,706,959.0,1228.0,42.0,0.0,1.0,195.0,410.0,267.0,44.0,706.0,255.0,27.841501564129302,4.37956204379562,57.49185667752443,2.037872954566788,vulnerable
multiple_runs_largerun_db_highthreat_20260410_030216.csv,multiple_runs_largerun_db_highthreat_20260410_030216.csv,707,913.0,1186.0,39.0,0.0,1.0,169.0,364.0,309.0,31.0,691.0,186.0,33.84446878422782,4.271631982475356,58.26306913996627,2.037872954566788,vulnerable
multiple_runs_largerun_db_highthreat_20260410_030216.csv,multiple_runs_largerun_db_highthreat_20260410_030216.csv,708,1127.0,1193.0,169.0,0.0,139.0,420.0,239.0,115.0,45.0,744.0,334.0,10.204081632653061,14.995563442768411,62.36378876781223,2.037872954566788,vulnerable
multiple_runs_largerun_db_highthreat_20260410_030216.csv,multiple_runs_largerun_db_highthreat_20260410_030216.csv,709,1007.0,1230.0,283.0,0.0,347.0,272.0,55.0,12.0,38.0,926.0,292.0,1.1916583912611718,28.10327706057597,75.28455284552845,2.037872954566788,resilient
multiple_runs_largerun_db_highthreat_20260410_030216.csv,multiple_runs_largerun_db_highthreat_20260410_030216.csv,710,944.0,1208.0,299.0,0.0,388.0,192.0,15.0,21.0,29.0,963.0,224.0,2.2245762711864407,31.673728813559322,79.71854304635761,2.037872954566788,vulnerable
multiple_runs_largerun_db_highthreat_20260410_030216.csv,multiple_runs_largerun_db_highthreat_20260410_030216.csv,711,1054.0,1215.0,59.0,0.0,10.0,355.0,371.0,233.0,26.0,773.0,209.0,22.106261859582542,5.597722960151803,63.62139917695473,2.037872954566788,vulnerable
multiple_runs_largerun_db_highthreat_20260410_030216.csv,multiple_runs_largerun_db_highthreat_20260410_030216.csv,712,1004.0,1204.0,33.0,0.0,14.0,244.0,417.0,268.0,28.0,698.0,238.0,26.693227091633464,3.286852589641434,57.9734219269103,2.037872954566788,vulnerable
multiple_runs_largerun_db_highthreat_20260410_030216.csv,multiple_runs_largerun_db_highthreat_20260410_030216.csv,713,1154.0,1207.0,186.0,0.0,142.0,444.0,247.0,103.0,32.0,807.0,297.0,8.925476603119584,16.11785095320624,66.85998342999171,2.037872954566788,vulnerable
multiple_runs_largerun_db_highthreat_20260410_030216.csv,multiple_runs_largerun_db_highthreat_20260410_030216.csv,714,974.0,1194.0,47.0,0.0,0.0,252.0,406.0,245.0,24.0,719.0,230.0,25.154004106776178,4.825462012320329,60.2177554438861,2.037872954566788,vulnerable
multiple_runs_largerun_db_highthreat_20260410_030216.csv,multiple_runs_largerun_db_highthreat_20260410_030216.csv,715,1158.0,1204.0,48.0,0.0,6.0,455.0,396.0,217.0,36.0,755.0,232.0,18.739205526770295,4.145077720207254,62.707641196013284,2.037872954566788,vulnerable
multiple_runs_largerun_db_highthreat_20260410_030216.csv,multiple_runs_largerun_db_highthreat_20260410_030216.csv,716,935.0,1192.0,313.0,0.0,356.0,224.0,5.0,6.0,31.0,1039.0,147.0,0.6417112299465241,33.475935828877006,87.16442953020133,2.037872954566788,resilient
multiple_runs_largerun_db_highthreat_20260410_030216.csv,multiple_runs_largerun_db_highthreat_20260410_030216.csv,717,1179.0,1184.0,207.0,0.0,179.0,458.0,215.0,92.0,28.0,768.0,324.0,7.803223070398643,17.557251908396946,64.86486486486487,2.037872954566788,vulnerable
multiple_runs_largerun_db_highthreat_20260410_030216.csv,multiple_runs_largerun_db_highthreat_20260410_030216.csv,718,1004.0,1205.0,304.0,0.0,384.0,254.0,14.0,5.0,43.0,946.0,254.0,0.49800796812749004,30.278884462151396,78.50622406639005,2.037872954566788,resilient
multiple_runs_largerun_db_highthreat_20260410_030216.csv,multiple_runs_largerun_db_highthreat_20260410_030216.csv,719,806.0,1183.0,309.0,1.0,350.0,77.0,44.0,1.0,24.0,878.0,304.0,0.12406947890818859,38.33746898263028,74.21808960270498,2.037872954566788,resilient
multiple_runs_largerun_db_highthreat_20260410_030216.csv,multiple_runs_largerun_db_highthreat_20260410_030216.csv,720,1248.0,1197.0,35.0,0.0,7.0,519.0,390.0,267.0,30.0,757.0,173.0,21.394230769230766,2.8044871794871797,63.241436925647456,2.037872954566788,vulnerable
multiple_runs_largerun_db_highthreat_20260410_030216.csv,multiple_runs_largerun_db_highthreat_20260410_030216.csv,721,1350.0,1199.0,60.0,0.0,34.0,614.0,369.0,241.0,32.0,731.0,227.0,17.85185185185185,4.444444444444445,60.9674728940784,2.037872954566788,vulnerable
multiple_runs_largerun_db_highthreat_20260410_030216.csv,multiple_runs_largerun_db_highthreat_20260410_030216.csv,722,1447.0,1208.0,52.0,0.0,3.0,681.0,405.0,280.0,26.0,749.0,179.0,19.350380096751902,3.59364201796821,62.003311258278146,2.037872954566788,vulnerable
multiple_runs_largerun_db_highthreat_20260410_030216.csv,multiple_runs_largerun_db_highthreat_20260410_030216.csv,723,993.0,1208.0,302.0,0.0,350.0,272.0,35.0,0.0,34.0,909.0,299.0,0.0,30.412890231621347,75.24834437086093,2.037872954566788,resilient
multiple_runs_largerun_db_highthreat_20260410_030216.csv,multiple_runs_largerun_db_highthreat_20260410_030216.csv,724,894.0,1201.0,298.0,0.0,387.0,167.0,1.0,6.0,35.0,937.0,258.0,0.6711409395973155,33.33333333333333,78.01831806827644,2.037872954566788,resilient
multiple_runs_largerun_db_highthreat_20260410_030216.csv,multiple_runs_largerun_db_highthreat_20260410_030216.csv,725,908.0,1214.0,306.0,0.0,397.0,152.0,10.0,2.0,41.0,974.0,238.0,0.22026431718061676,33.70044052863436,80.23064250411862,2.037872954566788,resilient
multiple_runs_largerun_db_highthreat_20260410_030216.csv,multiple_runs_largerun_db_highthreat_20260410_030216.csv,726,1104.0,1201.0,168.0,0.0,223.0,351.0,191.0,131.0,40.0,717.0,353.0,11.865942028985508,15.217391304347828,59.70024979184013,2.037872954566788,vulnerable
multiple_runs_largerun_db_highthreat_20260410_030216.csv,multiple_runs_largerun_db_highthreat_20260410_030216.csv,727,950.0,1182.0,61.0,0.0,27.0,203.0,362.0,270.0,27.0,687.0,225.0,28.421052631578945,6.421052631578947,58.121827411167516,2.037872954566788,vulnerable
multiple_runs_largerun_db_highthreat_20260410_030216.csv,multiple_runs_largerun_db_highthreat_20260410_030216.csv,728,1004.0,1211.0,93.0,0.0,9.0,284.0,380.0,212.0,26.0,802.0,197.0,21.115537848605577,9.262948207171315,66.2262592898431,2.037872954566788,vulnerable
multiple_runs_largerun_db_highthreat_20260410_030216.csv,multiple_runs_largerun_db_highthreat_20260410_030216.csv,729,960.0,1189.0,303.0,0.0,367.0,215.0,35.0,8.0,32.0,968.0,213.0,0.8333333333333334,31.5625,81.41295206055509,2.037872954566788,resilient
multiple_runs_largerun_db_highthreat_20260410_030216.csv,multiple_runs_largerun_db_highthreat_20260410_030216.csv,730,938.0,1180.0,317.0,0.0,343.0,205.0,38.0,11.0,24.0,977.0,192.0,1.1727078891257996,33.7953091684435,82.79661016949153,2.037872954566788,resilient
multiple_runs_largerun_db_highthreat_20260410_030216.csv,multiple_runs_largerun_db_highthreat_20260410_030216.csv,731,1042.0,1198.0,292.0,0.0,300.0,331.0,94.0,3.0,22.0,924.0,271.0,0.28790786948176583,28.023032629558543,77.12854757929884,2.037872954566788,resilient
multiple_runs_largerun_db_highthreat_20260410_030216.csv,multiple_runs_largerun_db_highthreat_20260410_030216.csv,732,927.0,1203.0,314.0,0.0,360.0,172.0,38.0,4.0,39.0,1023.0,176.0,0.4314994606256742,33.87270765911543,85.03740648379052,2.037872954566788,resilient
multiple_runs_largerun_db_highthreat_20260410_030216.csv,multiple_runs_largerun_db_highthreat_20260410_030216.csv,733,945.0,1179.0,273.0,0.0,392.0,203.0,24.0,5.0,48.0,1038.0,136.0,0.5291005291005291,28.888888888888886,88.04071246819338,2.037872954566788,resilient
multiple_runs_largerun_db_highthreat_20260410_030216.csv,multiple_runs_largerun_db_highthreat_20260410_030216.csv,734,1007.0,1209.0,305.0,0.0,327.0,260.0,82.0,0.0,33.0,1030.0,179.0,0.0,30.28798411122145,85.19437551695617,2.037872954566788,resilient
multiple_runs_largerun_db_highthreat_20260410_030216.csv,multiple_runs_largerun_db_highthreat_20260410_030216.csv,735,991.0,1202.0,44.0,0.0,8.0,268.0,372.0,263.0,36.0,691.0,248.0,26.538849646821394,4.439959636730576,57.48752079866889,2.037872954566788,vulnerable
multiple_runs_largerun_db_highthreat_20260410_030216.csv,multiple_runs_largerun_db_highthreat_20260410_030216.csv,736,1021.0,1197.0,61.0,0.0,12.0,308.0,392.0,221.0,27.0,773.0,203.0,21.645445641527914,5.974534769833497,64.578111946533,2.037872954566788,vulnerable
multiple_runs_largerun_db_highthreat_20260410_030216.csv,multiple_runs_largerun_db_highthreat_20260410_030216.csv,737,1017.0,1209.0,50.0,0.0,13.0,270.0,419.0,234.0,31.0,685.0,290.0,23.008849557522122,4.916420845624385,56.65839536807279,2.037872954566788,vulnerable
multiple_runs_largerun_db_highthreat_20260410_030216.csv,multiple_runs_largerun_db_highthreat_20260410_030216.csv,738,1009.0,1201.0,299.0,0.0,349.0,267.0,44.0,10.0,40.0,995.0,196.0,0.9910802775024776,29.633300297324084,82.84762697751873,2.037872954566788,resilient
multiple_runs_largerun_db_highthreat_20260410_030216.csv,multiple_runs_largerun_db_highthreat_20260410_030216.csv,739,949.0,1210.0,57.0,1.0,18.0,207.0,405.0,230.0,31.0,718.0,262.0,24.236037934668072,6.006322444678609,59.33884297520661,2.037872954566788,vulnerable
multiple_runs_largerun_db_highthreat_20260410_030216.csv,multiple_runs_largerun_db_highthreat_20260410_030216.csv,740,1289.0,1210.0,160.0,0.0,96.0,551.0,348.0,102.0,32.0,831.0,277.0,7.91311093871218,12.412723041117145,68.67768595041322,2.037872954566788,vulnerable
multiple_runs_largerun_db_highthreat_20260410_030216.csv,multiple_runs_largerun_db_highthreat_20260410_030216.csv,741,939.0,1212.0,48.0,0.0,1.0,259.0,367.0,238.0,26.0,651.0,323.0,25.34611288604899,5.111821086261981,53.71287128712871,2.037872954566788,vulnerable
multiple_runs_largerun_db_highthreat_20260410_030216.csv,multiple_runs_largerun_db_highthreat_20260410_030216.csv,742,1251.0,1205.0,120.0,0.0,126.0,528.0,267.0,173.0,37.0,785.0,247.0,13.828936850519586,9.59232613908873,65.14522821576763,2.037872954566788,vulnerable
multiple_runs_largerun_db_highthreat_20260410_030216.csv,multiple_runs_largerun_db_highthreat_20260410_030216.csv,743,877.0,1207.0,60.0,0.0,23.0,153.0,355.0,269.0,17.0,753.0,185.0,30.672748004561,6.841505131128849,62.386081193040596,2.037872954566788,vulnerable
multiple_runs_largerun_db_highthreat_20260410_030216.csv,multiple_runs_largerun_db_highthreat_20260410_030216.csv,744,1085.0,1191.0,215.0,0.0,200.0,370.0,190.0,61.0,49.0,813.0,317.0,5.622119815668203,19.81566820276498,68.26196473551637,2.037872954566788,vulnerable
multiple_runs_largerun_db_highthreat_20260410_030216.csv,multiple_runs_largerun_db_highthreat_20260410_030216.csv,745,981.0,1205.0,324.0,0.0,361.0,231.0,28.0,0.0,37.0,982.0,223.0,0.0,33.02752293577982,81.49377593360995,2.037872954566788,resilient
multiple_runs_largerun_db_highthreat_20260410_030216.csv,multiple_runs_largerun_db_highthreat_20260410_030216.csv,746,939.0,1197.0,36.0,0.0,22.0,216.0,396.0,249.0,20.0,696.0,252.0,26.517571884984026,3.8338658146964857,58.1453634085213,2.037872954566788,vulnerable
multiple_runs_largerun_db_highthreat_20260410_030216.csv,multiple_runs_largerun_db_highthreat_20260410_030216.csv,747,1176.0,1209.0,102.0,1.0,50.0,475.0,357.0,158.0,33.0,776.0,275.0,13.435374149659864,8.673469387755102,64.18527708850289,2.037872954566788,vulnerable
multiple_runs_largerun_db_highthreat_20260410_030216.csv,multiple_runs_largerun_db_highthreat_20260410_030216.csv,748,889.0,1200.0,315.0,0.0,390.0,120.0,11.0,8.0,45.0,965.0,227.0,0.8998875140607425,35.43307086614173,80.41666666666667,2.037872954566788,resilient
multiple_runs_largerun_db_highthreat_20260410_030216.csv,multiple_runs_largerun_db_highthreat_20260410_030216.csv,749,891.0,1213.0,314.0,0.0,384.0,128.0,10.0,8.0,47.0,973.0,232.0,0.8978675645342313,35.24130190796858,80.21434460016488,2.037872954566788,resilient
multiple_runs_largerun_db_highthreat_20260410_030216.csv,multiple_runs_largerun_db_highthreat_20260410_030216.csv,750,1353.0,1201.0,38.0,0.0,10.0,645.0,391.0,252.0,17.0,743.0,206.0,18.625277161862527,2.8085735402808574,61.86511240632806,2.037872954566788,vulnerable
multiple_runs_largerun_db_highthreat_20260410_030216.csv,multiple_runs_largerun_db_highthreat_20260410_030216.csv,751,920.0,1201.0,39.0,0.0,12.0,208.0,361.0,268.0,32.0,703.0,230.0,29.130434782608695,4.239130434782608,58.5345545378851,2.037872954566788,vulnerable
multiple_runs_largerun_db_highthreat_20260410_030216.csv,multiple_runs_largerun_db_highthreat_20260410_030216.csv,752,1051.0,1188.0,80.0,0.0,20.0,309.0,381.0,240.0,21.0,663.0,285.0,22.835394862036157,7.611798287345385,55.80808080808081,2.037872954566788,vulnerable
multiple_runs_largerun_db_highthreat_20260410_030216.csv,multiple_runs_largerun_db_highthreat_20260410_030216.csv,753,982.0,1189.0,299.0,0.0,283.0,268.0,90.0,9.0,33.0,991.0,189.0,0.9164969450101833,30.448065173116092,83.34735071488646,2.037872954566788,resilient
multiple_runs_largerun_db_highthreat_20260410_030216.csv,multiple_runs_largerun_db_highthreat_20260410_030216.csv,754,1059.0,1212.0,83.0,0.0,0.0,341.0,399.0,204.0,32.0,725.0,283.0,19.263456090651555,7.837582625118037,59.818481848184824,2.037872954566788,vulnerable
multiple_runs_largerun_db_highthreat_20260410_030216.csv,multiple_runs_largerun_db_highthreat_20260410_030216.csv,755,1182.0,1225.0,179.0,0.0,222.0,426.0,196.0,117.0,42.0,791.0,317.0,9.898477157360407,15.143824027072759,64.57142857142857,2.037872954566788,vulnerable
multiple_runs_largerun_db_highthreat_20260410_030216.csv,multiple_runs_largerun_db_highthreat_20260410_030216.csv,756,860.0,1185.0,30.0,0.0,12.0,135.0,370.0,281.0,32.0,598.0,306.0,32.67441860465116,3.488372093023256,50.46413502109704,2.037872954566788,vulnerable
multiple_runs_largerun_db_highthreat_20260410_030216.csv,multiple_runs_largerun_db_highthreat_20260410_030216.csv,757,1055.0,1207.0,37.0,0.0,17.0,315.0,395.0,264.0,27.0,733.0,210.0,25.023696682464454,3.5071090047393367,60.72908036454018,2.037872954566788,vulnerable
multiple_runs_largerun_db_highthreat_20260410_030216.csv,multiple_runs_largerun_db_highthreat_20260410_030216.csv,758,922.0,1192.0,303.0,0.0,347.0,191.0,44.0,0.0,37.0,994.0,198.0,0.0,32.86334056399132,83.38926174496645,2.037872954566788,resilient
multiple_runs_largerun_db_highthreat_20260410_030216.csv,multiple_runs_largerun_db_highthreat_20260410_030216.csv,759,1188.0,1195.0,34.0,0.0,10.0,465.0,400.0,250.0,29.0,758.0,187.0,21.043771043771045,2.861952861952862,63.43096234309623,2.037872954566788,vulnerable
multiple_runs_largerun_db_highthreat_20260410_030216.csv,multiple_runs_largerun_db_highthreat_20260410_030216.csv,760,1135.0,1182.0,235.0,0.0,83.0,402.0,300.0,90.0,25.0,802.0,290.0,7.929515418502203,20.704845814977972,67.85109983079526,2.037872954566788,vulnerable
multiple_runs_largerun_db_highthreat_20260410_030216.csv,multiple_runs_largerun_db_highthreat_20260410_030216.csv,761,980.0,1211.0,306.0,0.0,379.0,243.0,14.0,8.0,30.0,915.0,288.0,0.8163265306122449,31.22448979591837,75.55739058629231,2.037872954566788,resilient
multiple_runs_largerun_db_highthreat_20260410_030216.csv,multiple_runs_largerun_db_highthreat_20260410_030216.csv,762,890.0,1195.0,43.0,0.0,15.0,195.0,371.0,243.0,23.0,685.0,267.0,27.303370786516858,4.831460674157303,57.32217573221757,2.037872954566788,vulnerable
multiple_runs_largerun_db_highthreat_20260410_030216.csv,multiple_runs_largerun_db_highthreat_20260410_030216.csv,763,1020.0,1212.0,42.0,0.0,5.0,283.0,426.0,240.0,24.0,716.0,256.0,23.52941176470588,4.117647058823529,59.07590759075908,2.037872954566788,vulnerable
multiple_runs_largerun_db_highthreat_20260410_030216.csv,multiple_runs_largerun_db_highthreat_20260410_030216.csv,764,799.0,1182.0,302.0,0.0,350.0,67.0,22.0,21.0,37.0,855.0,306.0,2.6282853566958697,37.79724655819774,72.33502538071066,2.037872954566788,vulnerable
multiple_runs_largerun_db_highthreat_20260410_030216.csv,multiple_runs_largerun_db_highthreat_20260410_030216.csv,765,994.0,1199.0,288.0,0.0,262.0,284.0,114.0,1.0,45.0,1025.0,173.0,0.1006036217303823,28.973843058350102,85.48790658882403,2.037872954566788,resilient
multiple_runs_largerun_db_highthreat_20260410_030216.csv,multiple_runs_largerun_db_highthreat_20260410_030216.csv,766,995.0,1218.0,42.0,0.0,3.0,235.0,425.0,264.0,26.0,668.0,286.0,26.532663316582916,4.221105527638191,54.8440065681445,2.037872954566788,vulnerable
multiple_runs_largerun_db_highthreat_20260410_030216.csv,multiple_runs_largerun_db_highthreat_20260410_030216.csv,767,1046.0,1201.0,42.0,0.0,10.0,332.0,414.0,232.0,16.0,766.0,203.0,22.179732313575524,4.015296367112811,63.78018318068276,2.037872954566788,vulnerable
multiple_runs_largerun_db_highthreat_20260410_030216.csv,multiple_runs_largerun_db_highthreat_20260410_030216.csv,768,1005.0,1194.0,338.0,0.0,343.0,271.0,11.0,11.0,31.0,989.0,194.0,1.0945273631840797,33.6318407960199,82.83082077051927,2.037872954566788,resilient
multiple_runs_largerun_db_highthreat_20260410_030216.csv,multiple_runs_largerun_db_highthreat_20260410_030216.csv,769,967.0,1206.0,310.0,0.0,339.0,239.0,38.0,5.0,36.0,1088.0,113.0,0.5170630816959669,32.057911065149945,90.21558872305141,2.037872954566788,resilient
multiple_runs_largerun_db_highthreat_20260410_030216.csv,multiple_runs_largerun_db_highthreat_20260410_030216.csv,770,916.0,1193.0,49.0,0.0,14.0,180.0,372.0,279.0,22.0,707.0,207.0,30.458515283842797,5.349344978165939,59.262363788767814,2.037872954566788,vulnerable
multiple_runs_largerun_db_highthreat_20260410_030216.csv,multiple_runs_largerun_db_highthreat_20260410_030216.csv,771,1362.0,1203.0,55.0,0.0,70.0,628.0,350.0,236.0,23.0,792.0,175.0,17.327459618208515,4.038179148311307,65.83541147132169,2.037872954566788,vulnerable
multiple_runs_largerun_db_highthreat_20260410_030216.csv,multiple_runs_largerun_db_highthreat_20260410_030216.csv,772,1290.0,1191.0,43.0,0.0,18.0,554.0,370.0,281.0,24.0,707.0,203.0,21.782945736434108,3.3333333333333335,59.36188077246012,2.037872954566788,vulnerable
multiple_runs_largerun_db_highthreat_20260410_030216.csv,multiple_runs_largerun_db_highthreat_20260410_030216.csv,773,1098.0,1189.0,24.0,0.0,25.0,390.0,372.0,255.0,32.0,740.0,194.0,23.224043715846996,2.185792349726776,62.23717409587889,2.037872954566788,vulnerable
multiple_runs_largerun_db_highthreat_20260410_030216.csv,multiple_runs_largerun_db_highthreat_20260410_030216.csv,774,1342.0,1210.0,54.0,0.0,39.0,659.0,352.0,196.0,42.0,816.0,198.0,14.605067064083457,4.023845007451564,67.43801652892562,2.037872954566788,vulnerable
multiple_runs_largerun_db_highthreat_20260410_030216.csv,multiple_runs_largerun_db_highthreat_20260410_030216.csv,775,1217.0,1206.0,148.0,0.0,171.0,490.0,233.0,130.0,45.0,793.0,283.0,10.682004930156122,12.161051766639277,65.75456053067992,2.037872954566788,vulnerable
multiple_runs_largerun_db_highthreat_20260410_030216.csv,multiple_runs_largerun_db_highthreat_20260410_030216.csv,776,1308.0,1216.0,102.0,0.0,121.0,575.0,268.0,193.0,49.0,783.0,240.0,14.755351681957189,7.79816513761468,64.39144736842105,2.037872954566788,vulnerable
multiple_runs_largerun_db_highthreat_20260410_030216.csv,multiple_runs_largerun_db_highthreat_20260410_030216.csv,777,1219.0,1212.0,90.0,0.0,112.0,511.0,285.0,189.0,32.0,784.0,239.0,15.504511894995899,7.383100902378999,64.68646864686468,2.037872954566788,vulnerable
multiple_runs_largerun_db_highthreat_20260410_030216.csv,multiple_runs_largerun_db_highthreat_20260410_030216.csv,778,946.0,1205.0,317.0,0.0,376.0,196.0,35.0,0.0,22.0,1033.0,172.0,0.0,33.50951374207188,85.72614107883817,2.037872954566788,resilient
multiple_runs_largerun_db_highthreat_20260410_030216.csv,multiple_runs_largerun_db_highthreat_20260410_030216.csv,779,940.0,1199.0,33.0,0.0,13.0,196.0,390.0,273.0,35.0,699.0,227.0,29.04255319148936,3.5106382978723407,58.29858215179316,2.037872954566788,vulnerable
multiple_runs_largerun_db_highthreat_20260410_030216.csv,multiple_runs_largerun_db_highthreat_20260410_030216.csv,780,975.0,1196.0,50.0,0.0,10.0,227.0,416.0,240.0,32.0,693.0,263.0,24.615384615384617,5.128205128205128,57.94314381270903,2.037872954566788,vulnerable
multiple_runs_largerun_db_highthreat_20260410_030216.csv,multiple_runs_largerun_db_highthreat_20260410_030216.csv,781,969.0,1207.0,310.0,0.0,359.0,241.0,26.0,0.0,33.0,1045.0,162.0,0.0,31.991744066047474,86.57829328914664,2.037872954566788,resilient
multiple_runs_largerun_db_highthreat_20260410_030216.csv,multiple_runs_largerun_db_highthreat_20260410_030216.csv,782,863.0,1198.0,246.0,0.0,373.0,202.0,11.0,6.0,25.0,961.0,231.0,0.6952491309385863,28.50521436848204,80.21702838063439,2.037872954566788,resilient
multiple_runs_largerun_db_highthreat_20260410_030216.csv,multiple_runs_largerun_db_highthreat_20260410_030216.csv,783,1083.0,1201.0,40.0,0.0,22.0,317.0,372.0,299.0,33.0,709.0,193.0,27.60849492151431,3.6934441366574333,59.03413821815155,2.037872954566788,vulnerable
multiple_runs_largerun_db_highthreat_20260410_030216.csv,multiple_runs_largerun_db_highthreat_20260410_030216.csv,784,1392.0,1201.0,41.0,0.0,16.0,673.0,348.0,285.0,29.0,771.0,145.0,20.474137931034484,2.9454022988505746,64.19650291423812,2.037872954566788,vulnerable
multiple_runs_largerun_db_highthreat_20260410_030216.csv,multiple_runs_largerun_db_highthreat_20260410_030216.csv,785,1116.0,1189.0,181.0,0.0,128.0,379.0,278.0,114.0,36.0,770.0,305.0,10.21505376344086,16.218637992831543,64.76030277544155,2.037872954566788,vulnerable
multiple_runs_largerun_db_highthreat_20260410_030216.csv,multiple_runs_largerun_db_highthreat_20260410_030216.csv,786,894.0,1172.0,31.0,0.0,10.0,158.0,377.0,295.0,23.0,636.0,241.0,32.997762863534675,3.467561521252797,54.26621160409556,2.037872954566788,vulnerable
multiple_runs_largerun_db_highthreat_20260410_030216.csv,multiple_runs_largerun_db_highthreat_20260410_030216.csv,787,1064.0,1197.0,30.0,0.0,19.0,372.0,347.0,259.0,37.0,736.0,202.0,24.342105263157894,2.819548872180451,61.48705096073517,2.037872954566788,vulnerable
multiple_runs_largerun_db_highthreat_20260410_030216.csv,multiple_runs_largerun_db_highthreat_20260410_030216.csv,788,997.0,1197.0,65.0,0.0,15.0,260.0,369.0,269.0,19.0,667.0,261.0,26.980942828485453,6.519558676028084,55.72263993316625,2.037872954566788,vulnerable
multiple_runs_largerun_db_highthreat_20260410_030216.csv,multiple_runs_largerun_db_highthreat_20260410_030216.csv,789,1122.0,1197.0,192.0,0.0,147.0,397.0,273.0,74.0,39.0,860.0,263.0,6.59536541889483,17.11229946524064,71.84628237259815,2.037872954566788,vulnerable
multiple_runs_largerun_db_highthreat_20260410_030216.csv,multiple_runs_largerun_db_highthreat_20260410_030216.csv,790,1056.0,1207.0,63.0,0.0,48.0,336.0,360.0,220.0,29.0,742.0,245.0,20.833333333333336,5.965909090909091,61.47473073736537,2.037872954566788,vulnerable
multiple_runs_largerun_db_highthreat_20260410_030216.csv,multiple_runs_largerun_db_highthreat_20260410_030216.csv,791,1122.0,1198.0,69.0,0.0,2.0,402.0,385.0,244.0,20.0,684.0,270.0,21.74688057040998,6.149732620320856,57.095158597662774,2.037872954566788,vulnerable
multiple_runs_largerun_db_highthreat_20260410_030216.csv,multiple_runs_largerun_db_highthreat_20260410_030216.csv,792,1025.0,1194.0,54.0,0.0,11.0,321.0,372.0,240.0,27.0,688.0,266.0,23.414634146341466,5.2682926829268295,57.6214405360134,2.037872954566788,vulnerable
multiple_runs_largerun_db_highthreat_20260410_030216.csv,multiple_runs_largerun_db_highthreat_20260410_030216.csv,793,1041.0,1221.0,35.0,0.0,0.0,280.0,435.0,270.0,21.0,724.0,227.0,25.936599423631122,3.3621517771373677,59.2956592956593,2.037872954566788,vulnerable
multiple_runs_largerun_db_highthreat_20260410_030216.csv,multiple_runs_largerun_db_highthreat_20260410_030216.csv,794,975.0,1202.0,41.0,0.0,5.0,230.0,425.0,250.0,24.0,686.0,266.0,25.64102564102564,4.205128205128205,57.07154742096506,2.037872954566788,vulnerable
multiple_runs_largerun_db_highthreat_20260410_030216.csv,multiple_runs_largerun_db_highthreat_20260410_030216.csv,795,1015.0,1199.0,60.0,0.0,0.0,322.0,390.0,215.0,28.0,733.0,251.0,21.182266009852217,5.911330049261084,61.13427856547122,2.037872954566788,vulnerable
multiple_runs_largerun_db_highthreat_20260410_030216.csv,multiple_runs_largerun_db_highthreat_20260410_030216.csv,796,995.0,1196.0,58.0,0.0,6.0,273.0,399.0,230.0,29.0,693.0,273.0,23.115577889447238,5.8291457286432165,57.94314381270903,2.037872954566788,vulnerable
multiple_runs_largerun_db_highthreat_20260410_030216.csv,multiple_runs_largerun_db_highthreat_20260410_030216.csv,797,1012.0,1213.0,308.0,0.0,400.0,274.0,4.0,0.0,26.0,1004.0,209.0,0.0,30.434782608695656,82.76999175597692,2.037872954566788,resilient
multiple_runs_largerun_db_highthreat_20260410_030216.csv,multiple_runs_largerun_db_highthreat_20260410_030216.csv,798,1226.0,1198.0,191.0,0.0,55.0,503.0,333.0,113.0,31.0,807.0,278.0,9.216965742251224,15.579119086460032,67.36227045075125,2.037872954566788,vulnerable
multiple_runs_largerun_db_highthreat_20260410_030216.csv,multiple_runs_largerun_db_highthreat_20260410_030216.csv,799,1088.0,1195.0,148.0,0.0,84.0,393.0,274.0,156.0,33.0,763.0,276.0,14.338235294117647,13.602941176470587,63.84937238493724,2.037872954566788,vulnerable
multiple_runs_largerun_db_highthreat_20260410_030216.csv,multiple_runs_largerun_db_highthreat_20260410_030216.csv,800,1218.0,1199.0,254.0,0.0,168.0,477.0,235.0,46.0,38.0,899.0,254.0,3.776683087027915,20.853858784893266,74.9791492910759,2.037872954566788,vulnerable
multiple_runs_largerun_db_highthreat_20260410_030216.csv,multiple_runs_largerun_db_highthreat_20260410_030216.csv,801,1098.0,1175.0,24.0,0.0,2.0,390.0,394.0,241.0,47.0,713.0,221.0,21.948998178506375,2.185792349726776,60.68085106382979,2.037872954566788,vulnerable
multiple_runs_largerun_db_highthreat_20260410_030216.csv,multiple_runs_largerun_db_highthreat_20260410_030216.csv,802,871.0,1198.0,31.0,0.0,5.0,139.0,399.0,268.0,29.0,646.0,284.0,30.76923076923077,3.5591274397244548,53.923205342237054,2.037872954566788,vulnerable
multiple_runs_largerun_db_highthreat_20260410_030216.csv,multiple_runs_largerun_db_highthreat_20260410_030216.csv,803,979.0,1208.0,311.0,0.0,319.0,240.0,74.0,5.0,30.0,959.0,244.0,0.5107252298263534,31.76710929519918,79.38741721854305,2.037872954566788,resilient
multiple_runs_largerun_db_highthreat_20260410_030216.csv,multiple_runs_largerun_db_highthreat_20260410_030216.csv,804,1062.0,1201.0,177.0,0.0,141.0,314.0,257.0,137.0,36.0,767.0,297.0,12.900188323917137,16.666666666666664,63.86344712739383,2.037872954566788,vulnerable
multiple_runs_largerun_db_highthreat_20260410_030216.csv,multiple_runs_largerun_db_highthreat_20260410_030216.csv,805,1047.0,1191.0,267.0,0.0,297.0,341.0,95.0,14.0,33.0,993.0,184.0,1.3371537726838587,25.501432664756447,83.37531486146096,2.037872954566788,resilient
multiple_runs_largerun_db_highthreat_20260410_030216.csv,multiple_runs_largerun_db_highthreat_20260410_030216.csv,806,1116.0,1201.0,48.0,0.0,2.0,403.0,415.0,220.0,28.0,731.0,250.0,19.71326164874552,4.301075268817205,60.865945045795165,2.037872954566788,vulnerable
multiple_runs_largerun_db_highthreat_20260410_030216.csv,multiple_runs_largerun_db_highthreat_20260410_030216.csv,807,1123.0,1196.0,164.0,0.0,118.0,435.0,286.0,88.0,32.0,845.0,263.0,7.836153161175423,14.603739982190561,70.65217391304348,2.037872954566788,vulnerable
multiple_runs_largerun_db_highthreat_20260410_030216.csv,multiple_runs_largerun_db_highthreat_20260410_030216.csv,808,951.0,1195.0,50.0,0.0,14.0,226.0,391.0,229.0,41.0,720.0,246.0,24.079915878023133,5.257623554153523,60.25104602510461,2.037872954566788,vulnerable
multiple_runs_largerun_db_highthreat_20260410_030216.csv,multiple_runs_largerun_db_highthreat_20260410_030216.csv,809,873.0,1200.0,291.0,0.0,375.0,135.0,19.0,18.0,35.0,985.0,197.0,2.0618556701030926,33.33333333333333,82.08333333333333,2.037872954566788,vulnerable
multiple_runs_largerun_db_highthreat_20260410_030216.csv,multiple_runs_largerun_db_highthreat_20260410_030216.csv,810,1305.0,1188.0,44.0,0.0,38.0,587.0,337.0,267.0,32.0,714.0,207.0,20.45977011494253,3.3716475095785436,60.1010101010101,2.037872954566788,vulnerable
multiple_runs_largerun_db_highthreat_20260410_030216.csv,multiple_runs_largerun_db_highthreat_20260410_030216.csv,811,957.0,1197.0,277.0,0.0,284.0,250.0,118.0,7.0,21.0,1062.0,128.0,0.7314524555903866,28.94461859979101,88.7218045112782,2.037872954566788,resilient
multiple_runs_largerun_db_highthreat_20260410_030216.csv,multiple_runs_largerun_db_highthreat_20260410_030216.csv,812,1060.0,1223.0,64.0,0.0,2.0,340.0,387.0,238.0,29.0,698.0,287.0,22.452830188679247,6.037735849056604,57.072771872444804,2.037872954566788,vulnerable
multiple_runs_largerun_db_highthreat_20260410_030216.csv,multiple_runs_largerun_db_highthreat_20260410_030216.csv,813,1026.0,1204.0,44.0,0.0,12.0,295.0,410.0,246.0,19.0,737.0,221.0,23.976608187134502,4.28849902534113,61.21262458471761,2.037872954566788,vulnerable
multiple_runs_largerun_db_highthreat_20260410_030216.csv,multiple_runs_largerun_db_highthreat_20260410_030216.csv,814,982.0,1191.0,320.0,0.0,368.0,262.0,1.0,0.0,31.0,870.0,321.0,0.0,32.586558044806516,73.04785894206549,2.037872954566788,resilient
multiple_runs_largerun_db_highthreat_20260410_030216.csv,multiple_runs_largerun_db_highthreat_20260410_030216.csv,815,1078.0,1208.0,239.0,0.0,111.0,369.0,278.0,50.0,31.0,847.0,311.0,4.638218923933209,22.17068645640074,70.1158940397351,2.037872954566788,vulnerable
multiple_runs_largerun_db_highthreat_20260410_030216.csv,multiple_runs_largerun_db_highthreat_20260410_030216.csv,816,959.0,1207.0,316.0,0.0,392.0,205.0,15.0,3.0,28.0,1000.0,204.0,0.31282586027111575,32.95099061522419,82.85004142502072,2.037872954566788,resilient
multiple_runs_largerun_db_highthreat_20260410_030216.csv,multiple_runs_largerun_db_highthreat_20260410_030216.csv,817,985.0,1193.0,56.0,0.0,6.0,262.0,374.0,257.0,30.0,737.0,199.0,26.091370558375637,5.685279187817259,61.77703269069572,2.037872954566788,vulnerable
multiple_runs_largerun_db_highthreat_20260410_030216.csv,multiple_runs_largerun_db_highthreat_20260410_030216.csv,818,973.0,1220.0,65.0,0.0,8.0,278.0,370.0,228.0,24.0,762.0,230.0,23.43268242548818,6.680369989722508,62.459016393442624,2.037872954566788,vulnerable
multiple_runs_largerun_db_highthreat_20260410_030216.csv,multiple_runs_largerun_db_highthreat_20260410_030216.csv,819,918.0,1210.0,302.0,0.0,327.0,184.0,42.0,11.0,52.0,1019.0,180.0,1.1982570806100217,32.89760348583878,84.21487603305785,2.037872954566788,resilient
multiple_runs_largerun_db_highthreat_20260410_030216.csv,multiple_runs_largerun_db_highthreat_20260410_030216.csv,820,1016.0,1222.0,40.0,0.0,11.0,281.0,382.0,267.0,35.0,754.0,201.0,26.279527559055115,3.937007874015748,61.702127659574465,2.037872954566788,vulnerable
multiple_runs_largerun_db_highthreat_20260410_030216.csv,multiple_runs_largerun_db_highthreat_20260410_030216.csv,821,899.0,1190.0,36.0,0.0,8.0,206.0,386.0,233.0,30.0,736.0,221.0,25.917686318131256,4.004449388209121,61.84873949579832,2.037872954566788,vulnerable
multiple_runs_largerun_db_highthreat_20260410_030216.csv,multiple_runs_largerun_db_highthreat_20260410_030216.csv,822,1011.0,1199.0,46.0,0.0,0.0,310.0,410.0,229.0,16.0,722.0,248.0,22.65084075173096,4.549950544015826,60.216847372810676,2.037872954566788,vulnerable
multiple_runs_largerun_db_highthreat_20260410_030216.csv,multiple_runs_largerun_db_highthreat_20260410_030216.csv,823,862.0,1182.0,319.0,0.0,311.0,130.0,62.0,0.0,40.0,1012.0,170.0,0.0,37.00696055684455,85.6175972927242,2.037872954566788,resilient
multiple_runs_largerun_db_highthreat_20260410_030216.csv,multiple_runs_largerun_db_highthreat_20260410_030216.csv,824,984.0,1198.0,52.0,0.0,12.0,234.0,404.0,251.0,31.0,743.0,204.0,25.508130081300813,5.284552845528456,62.02003338898163,2.037872954566788,vulnerable
multiple_runs_largerun_db_highthreat_20260410_030216.csv,multiple_runs_largerun_db_highthreat_20260410_030216.csv,825,1084.0,1212.0,352.0,0.0,357.0,310.0,40.0,1.0,24.0,1011.0,200.0,0.09225092250922509,32.47232472324723,83.41584158415841,2.037872954566788,resilient
multiple_runs_largerun_db_highthreat_20260410_030216.csv,multiple_runs_largerun_db_highthreat_20260410_030216.csv,826,990.0,1198.0,302.0,0.0,332.0,246.0,61.0,12.0,37.0,1044.0,142.0,1.2121212121212122,30.50505050505051,87.14524207011685,2.037872954566788,resilient
multiple_runs_largerun_db_highthreat_20260410_030216.csv,multiple_runs_largerun_db_highthreat_20260410_030216.csv,827,954.0,1186.0,65.0,0.0,13.0,254.0,358.0,243.0,21.0,712.0,231.0,25.471698113207548,6.813417190775681,60.03372681281619,2.037872954566788,vulnerable
multiple_runs_largerun_db_highthreat_20260410_030216.csv,multiple_runs_largerun_db_highthreat_20260410_030216.csv,828,909.0,1178.0,298.0,0.0,306.0,209.0,64.0,0.0,32.0,1015.0,163.0,0.0,32.78327832783278,86.1629881154499,2.037872954566788,resilient
multiple_runs_largerun_db_highthreat_20260410_030216.csv,multiple_runs_largerun_db_highthreat_20260410_030216.csv,829,1028.0,1196.0,313.0,0.0,361.0,280.0,31.0,17.0,26.0,1020.0,159.0,1.6536964980544748,30.44747081712062,85.28428093645485,2.037872954566788,resilient
multiple_runs_largerun_db_highthreat_20260410_030216.csv,multiple_runs_largerun_db_highthreat_20260410_030216.csv,830,1004.0,1207.0,298.0,0.0,376.0,250.0,39.0,5.0,36.0,1000.0,202.0,0.49800796812749004,29.681274900398407,82.85004142502072,2.037872954566788,resilient
multiple_runs_largerun_db_highthreat_20260410_030216.csv,multiple_runs_largerun_db_highthreat_20260410_030216.csv,831,1176.0,1184.0,85.0,0.0,21.0,508.0,389.0,145.0,28.0,814.0,225.0,12.329931972789115,7.227891156462585,68.75,2.037872954566788,vulnerable
multiple_runs_largerun_db_highthreat_20260410_030216.csv,multiple_runs_largerun_db_highthreat_20260410_030216.csv,832,1056.0,1230.0,325.0,0.0,361.0,258.0,69.0,0.0,43.0,1085.0,145.0,0.0,30.77651515151515,88.21138211382113,2.037872954566788,resilient
multiple_runs_largerun_db_highthreat_20260410_030216.csv,multiple_runs_largerun_db_highthreat_20260410_030216.csv,833,1069.0,1207.0,68.0,0.0,27.0,339.0,386.0,227.0,22.0,741.0,239.0,21.234798877455567,6.361085126286249,61.39188069594035,2.037872954566788,vulnerable
multiple_runs_largerun_db_highthreat_20260410_030216.csv,multiple_runs_largerun_db_highthreat_20260410_030216.csv,834,964.0,1205.0,57.0,0.0,3.0,242.0,387.0,241.0,34.0,718.0,246.0,25.0,5.9128630705394185,59.5850622406639,2.037872954566788,vulnerable
multiple_runs_largerun_db_highthreat_20260410_030216.csv,multiple_runs_largerun_db_highthreat_20260410_030216.csv,835,912.0,1223.0,41.0,0.0,0.0,198.0,384.0,268.0,21.0,709.0,246.0,29.385964912280706,4.495614035087719,57.97219950940311,2.037872954566788,vulnerable
multiple_runs_largerun_db_highthreat_20260410_030216.csv,multiple_runs_largerun_db_highthreat_20260410_030216.csv,836,873.0,1202.0,327.0,0.0,359.0,140.0,3.0,7.0,37.0,782.0,413.0,0.8018327605956471,37.45704467353952,65.05823627287853,2.037872954566788,resilient
multiple_runs_largerun_db_highthreat_20260410_030216.csv,multiple_runs_largerun_db_highthreat_20260410_030216.csv,837,1052.0,1221.0,50.0,0.0,15.0,337.0,382.0,242.0,26.0,715.0,264.0,23.00380228136882,4.752851711026616,58.55855855855856,2.037872954566788,vulnerable
multiple_runs_largerun_db_highthreat_20260410_030216.csv,multiple_runs_largerun_db_highthreat_20260410_030216.csv,838,977.0,1201.0,297.0,0.0,333.0,250.0,57.0,0.0,40.0,1017.0,184.0,0.0,30.39918116683726,84.67943380516236,2.037872954566788,resilient
multiple_runs_largerun_db_highthreat_20260410_030216.csv,multiple_runs_largerun_db_highthreat_20260410_030216.csv,839,1196.0,1203.0,26.0,0.0,136.0,498.0,231.0,269.0,36.0,721.0,213.0,22.49163879598662,2.1739130434782608,59.933499584372406,2.037872954566788,vulnerable
multiple_runs_largerun_db_highthreat_20260410_030216.csv,multiple_runs_largerun_db_highthreat_20260410_030216.csv,840,983.0,1182.0,226.0,0.0,209.0,256.0,149.0,106.0,37.0,749.0,327.0,10.783316378433367,22.99084435401831,63.367174280879865,2.037872954566788,vulnerable
multiple_runs_largerun_db_highthreat_20260410_030216.csv,multiple_runs_largerun_db_highthreat_20260410_030216.csv,841,952.0,1201.0,28.0,0.0,0.0,285.0,396.0,204.0,39.0,704.0,293.0,21.428571428571427,2.941176470588235,58.61781848459617,2.037872954566788,vulnerable
multiple_runs_largerun_db_highthreat_20260410_030216.csv,multiple_runs_largerun_db_highthreat_20260410_030216.csv,842,1114.0,1204.0,150.0,0.0,172.0,397.0,217.0,136.0,42.0,732.0,336.0,12.208258527827647,13.464991023339318,60.797342192691026,2.037872954566788,vulnerable
multiple_runs_largerun_db_highthreat_20260410_030216.csv,multiple_runs_largerun_db_highthreat_20260410_030216.csv,843,937.0,1173.0,41.0,0.0,18.0,203.0,399.0,249.0,27.0,667.0,257.0,26.57417289220918,4.375667022411953,56.86274509803921,2.037872954566788,vulnerable
multiple_runs_largerun_db_highthreat_20260410_030216.csv,multiple_runs_largerun_db_highthreat_20260410_030216.csv,844,1268.0,1206.0,60.0,0.0,31.0,540.0,369.0,243.0,25.0,697.0,266.0,19.16403785488959,4.73186119873817,57.79436152570481,2.037872954566788,vulnerable
multiple_runs_largerun_db_highthreat_20260410_030216.csv,multiple_runs_largerun_db_highthreat_20260410_030216.csv,845,1050.0,1216.0,35.0,0.0,0.0,341.0,399.0,238.0,37.0,739.0,239.0,22.666666666666664,3.3333333333333335,60.773026315789465,2.037872954566788,vulnerable
multiple_runs_largerun_db_highthreat_20260410_030216.csv,multiple_runs_largerun_db_highthreat_20260410_030216.csv,846,1000.0,1197.0,45.0,0.0,17.0,283.0,370.0,254.0,31.0,690.0,253.0,25.4,4.5,57.64411027568922,2.037872954566788,vulnerable
multiple_runs_largerun_db_highthreat_20260410_030216.csv,multiple_runs_largerun_db_highthreat_20260410_030216.csv,847,1038.0,1195.0,31.0,0.0,7.0,329.0,393.0,242.0,36.0,731.0,222.0,23.314065510597302,2.9865125240847785,61.17154811715481,2.037872954566788,vulnerable
multiple_runs_largerun_db_highthreat_20260410_030216.csv,multiple_runs_largerun_db_highthreat_20260410_030216.csv,848,906.0,1201.0,273.0,0.0,375.0,182.0,39.0,1.0,36.0,957.0,243.0,0.11037527593818984,30.132450331125828,79.68359700249792,2.037872954566788,resilient
multiple_runs_largerun_db_highthreat_20260410_030216.csv,multiple_runs_largerun_db_highthreat_20260410_030216.csv,849,1024.0,1202.0,312.0,0.0,388.0,285.0,6.0,0.0,33.0,866.0,336.0,0.0,30.46875,72.04658901830283,2.037872954566788,resilient
multiple_runs_largerun_db_highthreat_20260410_030216.csv,multiple_runs_largerun_db_highthreat_20260410_030216.csv,850,948.0,1193.0,39.0,0.0,2.0,223.0,398.0,261.0,25.0,692.0,240.0,27.531645569620256,4.113924050632911,58.00502933780386,2.037872954566788,vulnerable
multiple_runs_largerun_db_highthreat_20260410_030216.csv,multiple_runs_largerun_db_highthreat_20260410_030216.csv,851,1320.0,1187.0,68.0,0.0,34.0,602.0,370.0,227.0,19.0,700.0,260.0,17.196969696969695,5.151515151515151,58.972198820556024,2.037872954566788,vulnerable
multiple_runs_largerun_db_highthreat_20260410_030216.csv,multiple_runs_largerun_db_highthreat_20260410_030216.csv,852,914.0,1189.0,68.0,0.0,27.0,153.0,380.0,261.0,25.0,725.0,203.0,28.555798687089716,7.439824945295405,60.97560975609756,2.037872954566788,vulnerable
multiple_runs_largerun_db_highthreat_20260410_030216.csv,multiple_runs_largerun_db_highthreat_20260410_030216.csv,853,987.0,1211.0,46.0,0.0,4.0,233.0,409.0,258.0,37.0,692.0,261.0,26.13981762917933,4.660587639311044,57.14285714285714,2.037872954566788,vulnerable
multiple_runs_largerun_db_highthreat_20260410_030216.csv,multiple_runs_largerun_db_highthreat_20260410_030216.csv,854,1056.0,1204.0,62.0,0.0,30.0,329.0,372.0,231.0,32.0,744.0,229.0,21.875,5.871212121212121,61.79401993355482,2.037872954566788,vulnerable
multiple_runs_largerun_db_highthreat_20260410_030216.csv,multiple_runs_largerun_db_highthreat_20260410_030216.csv,855,1222.0,1200.0,111.0,0.0,100.0,481.0,310.0,178.0,42.0,691.0,331.0,14.566284779050736,9.083469721767594,57.58333333333333,2.037872954566788,vulnerable
multiple_runs_largerun_db_highthreat_20260410_030216.csv,multiple_runs_largerun_db_highthreat_20260410_030216.csv,856,917.0,1212.0,322.0,0.0,373.0,183.0,8.0,2.0,29.0,1008.0,202.0,0.21810250817884408,35.11450381679389,83.16831683168317,2.037872954566788,resilient
multiple_runs_largerun_db_highthreat_20260410_030216.csv,multiple_runs_largerun_db_highthreat_20260410_030216.csv,857,1323.0,1194.0,73.0,0.0,57.0,598.0,331.0,226.0,38.0,787.0,181.0,17.08238851095994,5.517762660619804,65.91289782244556,2.037872954566788,vulnerable
multiple_runs_largerun_db_highthreat_20260410_030216.csv,multiple_runs_largerun_db_highthreat_20260410_030216.csv,858,985.0,1211.0,52.0,0.0,2.0,262.0,390.0,236.0,43.0,777.0,198.0,23.95939086294416,5.279187817258883,64.16184971098265,2.037872954566788,vulnerable
multiple_runs_largerun_db_highthreat_20260410_030216.csv,multiple_runs_largerun_db_highthreat_20260410_030216.csv,859,1275.0,1202.0,62.0,1.0,16.0,535.0,388.0,248.0,25.0,766.0,188.0,19.450980392156865,4.862745098039216,63.727121464226286,2.037872954566788,vulnerable
multiple_runs_largerun_db_highthreat_20260410_030216.csv,multiple_runs_largerun_db_highthreat_20260410_030216.csv,860,1140.0,1208.0,88.0,0.0,31.0,419.0,357.0,199.0,46.0,746.0,263.0,17.45614035087719,7.719298245614035,61.75496688741722,2.037872954566788,vulnerable
multiple_runs_largerun_db_highthreat_20260410_030216.csv,multiple_runs_largerun_db_highthreat_20260410_030216.csv,861,1206.0,1197.0,76.0,0.0,29.0,467.0,385.0,213.0,36.0,787.0,197.0,17.66169154228856,6.301824212271974,65.74770258980786,2.037872954566788,vulnerable
multiple_runs_largerun_db_highthreat_20260410_030216.csv,multiple_runs_largerun_db_highthreat_20260410_030216.csv,862,1168.0,1200.0,177.0,0.0,149.0,430.0,265.0,105.0,42.0,837.0,258.0,8.98972602739726,15.154109589041095,69.75,2.037872954566788,vulnerable
multiple_runs_largerun_db_highthreat_20260410_030216.csv,multiple_runs_largerun_db_highthreat_20260410_030216.csv,863,1162.0,1193.0,236.0,0.0,205.0,420.0,209.0,60.0,32.0,839.0,294.0,5.163511187607573,20.309810671256454,70.32690695725063,2.037872954566788,vulnerable
multiple_runs_largerun_db_highthreat_20260410_030216.csv,multiple_runs_largerun_db_highthreat_20260410_030216.csv,864,1386.0,1201.0,44.0,0.0,14.0,641.0,383.0,268.0,36.0,760.0,173.0,19.336219336219337,3.1746031746031744,63.28059950041632,2.037872954566788,vulnerable
multiple_runs_largerun_db_highthreat_20260410_030216.csv,multiple_runs_largerun_db_highthreat_20260410_030216.csv,865,890.0,1200.0,295.0,0.0,349.0,150.0,51.0,15.0,30.0,921.0,264.0,1.6853932584269662,33.146067415730336,76.75,2.037872954566788,resilient
multiple_runs_largerun_db_highthreat_20260410_030216.csv,multiple_runs_largerun_db_highthreat_20260410_030216.csv,866,1118.0,1207.0,204.0,0.0,139.0,404.0,235.0,99.0,37.0,800.0,308.0,8.85509838998211,18.246869409660107,66.28003314001657,2.037872954566788,vulnerable
multiple_runs_largerun_db_highthreat_20260410_030216.csv,multiple_runs_largerun_db_highthreat_20260410_030216.csv,867,1062.0,1218.0,71.0,0.0,25.0,322.0,368.0,242.0,34.0,773.0,203.0,22.78719397363465,6.685499058380414,63.464696223316906,2.037872954566788,vulnerable
multiple_runs_largerun_db_highthreat_20260410_030216.csv,multiple_runs_largerun_db_highthreat_20260410_030216.csv,868,931.0,1198.0,38.0,0.0,13.0,219.0,372.0,264.0,25.0,693.0,241.0,28.356605800214822,4.081632653061225,57.84641068447412,2.037872954566788,vulnerable
multiple_runs_largerun_db_highthreat_20260410_030216.csv,multiple_runs_largerun_db_highthreat_20260410_030216.csv,869,1023.0,1213.0,299.0,0.0,350.0,265.0,65.0,6.0,38.0,1019.0,188.0,0.5865102639296188,29.227761485826004,84.0065952184666,2.037872954566788,resilient
multiple_runs_largerun_db_highthreat_20260410_030216.csv,multiple_runs_largerun_db_highthreat_20260410_030216.csv,870,950.0,1190.0,286.0,0.0,377.0,236.0,24.0,10.0,17.0,1054.0,126.0,1.0526315789473684,30.105263157894736,88.57142857142857,2.037872954566788,resilient
multiple_runs_largerun_db_highthreat_20260410_030216.csv,multiple_runs_largerun_db_highthreat_20260410_030216.csv,871,1034.0,1201.0,300.0,0.0,362.0,287.0,37.0,0.0,48.0,913.0,288.0,0.0,29.013539651837522,76.01998334721067,2.037872954566788,resilient
multiple_runs_largerun_db_highthreat_20260410_030216.csv,multiple_runs_largerun_db_highthreat_20260410_030216.csv,872,1202.0,1197.0,59.0,0.0,28.0,450.0,384.0,261.0,20.0,759.0,177.0,21.713810316139767,4.908485856905158,63.40852130325815,2.037872954566788,vulnerable
multiple_runs_largerun_db_highthreat_20260410_030216.csv,multiple_runs_largerun_db_highthreat_20260410_030216.csv,873,943.0,1198.0,306.0,0.0,331.0,233.0,31.0,1.0,41.0,957.0,240.0,0.10604453870625664,32.44962884411453,79.88313856427379,2.037872954566788,resilient
multiple_runs_largerun_db_highthreat_20260410_030216.csv,multiple_runs_largerun_db_highthreat_20260410_030216.csv,874,950.0,1199.0,299.0,0.0,272.0,237.0,99.0,11.0,32.0,1008.0,180.0,1.1578947368421053,31.473684210526315,84.07005838198499,2.037872954566788,resilient
multiple_runs_largerun_db_highthreat_20260410_030216.csv,multiple_runs_largerun_db_highthreat_20260410_030216.csv,875,881.0,1188.0,300.0,0.0,370.0,159.0,18.0,4.0,30.0,899.0,285.0,0.4540295119182747,34.0522133938706,75.67340067340066,2.037872954566788,resilient
multiple_runs_largerun_db_highthreat_20260410_030216.csv,multiple_runs_largerun_db_highthreat_20260410_030216.csv,876,1058.0,1196.0,58.0,0.0,7.0,321.0,372.0,278.0,22.0,703.0,215.0,26.27599243856333,5.482041587901701,58.77926421404682,2.037872954566788,vulnerable
multiple_runs_largerun_db_highthreat_20260410_030216.csv,multiple_runs_largerun_db_highthreat_20260410_030216.csv,877,1149.0,1209.0,102.0,0.0,87.0,440.0,302.0,192.0,26.0,787.0,230.0,16.710182767624023,8.87728459530026,65.09511993382961,2.037872954566788,vulnerable
multiple_runs_largerun_db_highthreat_20260410_030216.csv,multiple_runs_largerun_db_highthreat_20260410_030216.csv,878,1084.0,1199.0,46.0,0.0,6.0,355.0,388.0,263.0,26.0,741.0,195.0,24.261992619926197,4.243542435424354,61.80150125104254,2.037872954566788,vulnerable
multiple_runs_largerun_db_highthreat_20260410_030216.csv,multiple_runs_largerun_db_highthreat_20260410_030216.csv,879,1103.0,1201.0,39.0,0.0,12.0,386.0,373.0,258.0,35.0,699.0,244.0,23.390752493200363,3.535811423390753,58.2014987510408,2.037872954566788,vulnerable
multiple_runs_largerun_db_highthreat_20260410_030216.csv,multiple_runs_largerun_db_highthreat_20260410_030216.csv,880,945.0,1206.0,47.0,0.0,10.0,209.0,382.0,264.0,33.0,711.0,231.0,27.936507936507937,4.973544973544974,58.95522388059702,2.037872954566788,vulnerable
multiple_runs_largerun_db_highthreat_20260410_030216.csv,multiple_runs_largerun_db_highthreat_20260410_030216.csv,881,1031.0,1193.0,70.0,0.0,8.0,301.0,385.0,228.0,39.0,719.0,246.0,22.114451988360813,6.789524733268672,60.26823134953898,2.037872954566788,vulnerable
multiple_runs_largerun_db_highthreat_20260410_030216.csv,multiple_runs_largerun_db_highthreat_20260410_030216.csv,882,1142.0,1223.0,190.0,0.0,155.0,429.0,273.0,60.0,35.0,859.0,304.0,5.253940455341506,16.637478108581437,70.23712183156174,2.037872954566788,vulnerable
multiple_runs_largerun_db_highthreat_20260410_030216.csv,multiple_runs_largerun_db_highthreat_20260410_030216.csv,883,995.0,1217.0,304.0,0.0,344.0,249.0,49.0,15.0,34.0,1049.0,153.0,1.507537688442211,30.55276381909548,86.19556285949055,2.037872954566788,resilient
multiple_runs_largerun_db_highthreat_20260410_030216.csv,multiple_runs_largerun_db_highthreat_20260410_030216.csv,884,1207.0,1211.0,216.0,0.0,192.0,467.0,222.0,67.0,43.0,868.0,276.0,5.550952775476388,17.895608947804472,71.67630057803468,2.037872954566788,vulnerable
multiple_runs_largerun_db_highthreat_20260410_030216.csv,multiple_runs_largerun_db_highthreat_20260410_030216.csv,885,952.0,1198.0,47.0,0.0,11.0,213.0,378.0,272.0,31.0,661.0,265.0,28.57142857142857,4.936974789915967,55.17529215358932,2.037872954566788,vulnerable
multiple_runs_largerun_db_highthreat_20260410_030216.csv,multiple_runs_largerun_db_highthreat_20260410_030216.csv,886,1160.0,1187.0,112.0,0.0,157.0,418.0,227.0,205.0,41.0,711.0,271.0,17.67241379310345,9.655172413793103,59.8989048020219,2.037872954566788,vulnerable
multiple_runs_largerun_db_highthreat_20260410_030216.csv,multiple_runs_largerun_db_highthreat_20260410_030216.csv,887,1179.0,1205.0,232.0,0.0,174.0,442.0,214.0,78.0,39.0,764.0,363.0,6.615776081424936,19.67769296013571,63.40248962655601,2.037872954566788,vulnerable
multiple_runs_largerun_db_highthreat_20260410_030216.csv,multiple_runs_largerun_db_highthreat_20260410_030216.csv,888,971.0,1194.0,273.0,0.0,326.0,272.0,55.0,0.0,45.0,1015.0,179.0,0.0,28.11534500514933,85.00837520938023,2.037872954566788,resilient
multiple_runs_largerun_db_highthreat_20260410_030216.csv,multiple_runs_largerun_db_highthreat_20260410_030216.csv,889,983.0,1201.0,279.0,0.0,310.0,254.0,100.0,1.0,39.0,1075.0,125.0,0.10172939979654119,28.382502543234995,89.50874271440466,2.037872954566788,resilient
multiple_runs_largerun_db_highthreat_20260410_030216.csv,multiple_runs_largerun_db_highthreat_20260410_030216.csv,890,1022.0,1182.0,57.0,0.0,0.0,282.0,389.0,269.0,25.0,726.0,187.0,26.320939334637966,5.577299412915851,61.42131979695431,2.037872954566788,vulnerable
multiple_runs_largerun_db_highthreat_20260410_030216.csv,multiple_runs_largerun_db_highthreat_20260410_030216.csv,891,1009.0,1200.0,71.0,0.0,6.0,248.0,388.0,272.0,24.0,589.0,339.0,26.957383548067394,7.036669970267592,49.083333333333336,2.037872954566788,vulnerable
multiple_runs_largerun_db_highthreat_20260410_030216.csv,multiple_runs_largerun_db_highthreat_20260410_030216.csv,892,951.0,1201.0,301.0,0.0,364.0,232.0,18.0,0.0,36.0,1072.0,129.0,0.0,31.650893796004205,89.25895087427143,2.037872954566788,resilient
multiple_runs_largerun_db_highthreat_20260410_030216.csv,multiple_runs_largerun_db_highthreat_20260410_030216.csv,893,1292.0,1217.0,116.0,0.0,58.0,571.0,355.0,157.0,35.0,832.0,228.0,12.15170278637771,8.978328173374612,68.36483155299918,2.037872954566788,vulnerable
multiple_runs_largerun_db_highthreat_20260410_030216.csv,multiple_runs_largerun_db_highthreat_20260410_030216.csv,894,865.0,1196.0,47.0,0.0,1.0,154.0,395.0,242.0,26.0,689.0,265.0,27.976878612716767,5.433526011560693,57.608695652173914,2.037872954566788,vulnerable
multiple_runs_largerun_db_highthreat_20260410_030216.csv,multiple_runs_largerun_db_highthreat_20260410_030216.csv,895,987.0,1221.0,310.0,0.0,369.0,262.0,10.0,0.0,36.0,1003.0,218.0,0.0,31.40830800405269,82.14578214578214,2.037872954566788,resilient
multiple_runs_largerun_db_highthreat_20260410_030216.csv,multiple_runs_largerun_db_highthreat_20260410_030216.csv,896,976.0,1185.0,40.0,0.0,9.0,265.0,370.0,262.0,30.0,708.0,215.0,26.84426229508197,4.098360655737705,59.74683544303797,2.037872954566788,vulnerable
multiple_runs_largerun_db_highthreat_20260410_030216.csv,multiple_runs_largerun_db_highthreat_20260410_030216.csv,897,1113.0,1213.0,85.0,0.0,14.0,379.0,394.0,213.0,28.0,784.0,216.0,19.137466307277627,7.637017070979335,64.63314097279472,2.037872954566788,vulnerable
multiple_runs_largerun_db_highthreat_20260410_030216.csv,multiple_runs_largerun_db_highthreat_20260410_030216.csv,898,942.0,1196.0,251.0,0.0,271.0,280.0,97.0,4.0,39.0,1024.0,168.0,0.42462845010615713,26.64543524416136,85.61872909698997,2.037872954566788,resilient
multiple_runs_largerun_db_highthreat_20260410_030216.csv,multiple_runs_largerun_db_highthreat_20260410_030216.csv,899,1052.0,1211.0,72.0,0.0,69.0,313.0,315.0,256.0,27.0,762.0,193.0,24.334600760456272,6.844106463878327,62.923203963666396,2.037872954566788,vulnerable
multiple_runs_largerun_db_highthreat_20260410_030216.csv,multiple_runs_largerun_db_highthreat_20260410_030216.csv,900,983.0,1207.0,302.0,1.0,383.0,260.0,9.0,0.0,28.0,959.0,248.0,0.0,30.722278738555442,79.45318972659486,2.037872954566788,resilient
multiple_runs_largerun_db_highthreat_20260410_030216.csv,multiple_runs_largerun_db_highthreat_20260410_030216.csv,901,964.0,1197.0,300.0,0.0,394.0,211.0,19.0,0.0,40.0,967.0,230.0,0.0,31.12033195020747,80.78529657477026,2.037872954566788,resilient
multiple_runs_largerun_db_highthreat_20260410_030216.csv,multiple_runs_largerun_db_highthreat_20260410_030216.csv,902,961.0,1187.0,304.0,0.0,368.0,200.0,40.0,4.0,45.0,1009.0,174.0,0.41623309053069724,31.633714880332985,85.00421229991575,2.037872954566788,resilient
multiple_runs_largerun_db_highthreat_20260410_030216.csv,multiple_runs_largerun_db_highthreat_20260410_030216.csv,903,1188.0,1208.0,112.0,0.0,79.0,486.0,318.0,161.0,32.0,745.0,302.0,13.552188552188552,9.427609427609427,61.67218543046358,2.037872954566788,vulnerable
multiple_runs_largerun_db_highthreat_20260410_030216.csv,multiple_runs_largerun_db_highthreat_20260410_030216.csv,904,1117.0,1196.0,63.0,0.0,1.0,402.0,401.0,223.0,27.0,772.0,201.0,19.964189794091318,5.640107430617726,64.54849498327759,2.037872954566788,vulnerable
multiple_runs_largerun_db_highthreat_20260410_030216.csv,multiple_runs_largerun_db_highthreat_20260410_030216.csv,905,1184.0,1200.0,40.0,0.0,16.0,445.0,368.0,294.0,21.0,712.0,194.0,24.83108108108108,3.3783783783783785,59.333333333333336,2.037872954566788,vulnerable
multiple_runs_largerun_db_highthreat_20260410_030216.csv,multiple_runs_largerun_db_highthreat_20260410_030216.csv,906,1001.0,1195.0,302.0,0.0,364.0,256.0,38.0,8.0,33.0,1031.0,156.0,0.7992007992007992,30.16983016983017,86.27615062761507,2.037872954566788,resilient
multiple_runs_largerun_db_highthreat_20260410_030216.csv,multiple_runs_largerun_db_highthreat_20260410_030216.csv,907,1188.0,1196.0,53.0,0.0,45.0,489.0,343.0,226.0,32.0,741.0,229.0,19.023569023569024,4.461279461279461,61.95652173913043,2.037872954566788,vulnerable
multiple_runs_largerun_db_highthreat_20260410_030216.csv,multiple_runs_largerun_db_highthreat_20260410_030216.csv,908,874.0,1206.0,309.0,0.0,320.0,115.0,83.0,6.0,41.0,849.0,351.0,0.6864988558352403,35.35469107551488,70.39800995024875,2.037872954566788,resilient
multiple_runs_largerun_db_highthreat_20260410_030216.csv,multiple_runs_largerun_db_highthreat_20260410_030216.csv,909,882.0,1197.0,322.0,0.0,352.0,125.0,36.0,7.0,40.0,982.0,208.0,0.7936507936507936,36.507936507936506,82.03842940685045,2.037872954566788,resilient
multiple_runs_largerun_db_highthreat_20260410_030216.csv,multiple_runs_largerun_db_highthreat_20260410_030216.csv,910,1199.0,1193.0,153.0,2.0,27.0,465.0,386.0,138.0,28.0,824.0,231.0,11.509591326105086,12.760633861551293,69.06957250628668,2.037872954566788,vulnerable
multiple_runs_largerun_db_highthreat_20260410_030216.csv,multiple_runs_largerun_db_highthreat_20260410_030216.csv,911,1004.0,1200.0,88.0,0.0,2.0,284.0,386.0,219.0,25.0,766.0,215.0,21.812749003984063,8.764940239043826,63.83333333333333,2.037872954566788,vulnerable
multiple_runs_largerun_db_highthreat_20260410_030216.csv,multiple_runs_largerun_db_highthreat_20260410_030216.csv,912,1084.0,1181.0,200.0,0.0,177.0,377.0,224.0,70.0,36.0,802.0,309.0,6.4575645756457565,18.45018450184502,67.90855207451312,2.037872954566788,vulnerable
multiple_runs_largerun_db_highthreat_20260410_030216.csv,multiple_runs_largerun_db_highthreat_20260410_030216.csv,913,950.0,1192.0,48.0,0.0,8.0,243.0,386.0,231.0,34.0,700.0,261.0,24.31578947368421,5.052631578947368,58.7248322147651,2.037872954566788,vulnerable
multiple_runs_largerun_db_highthreat_20260410_030216.csv,multiple_runs_largerun_db_highthreat_20260410_030216.csv,914,935.0,1197.0,49.0,0.0,1.0,178.0,387.0,304.0,16.0,618.0,275.0,32.51336898395722,5.240641711229946,51.62907268170426,2.037872954566788,vulnerable
multiple_runs_largerun_db_highthreat_20260410_030216.csv,multiple_runs_largerun_db_highthreat_20260410_030216.csv,915,985.0,1190.0,41.0,0.0,12.0,255.0,384.0,269.0,24.0,712.0,209.0,27.30964467005076,4.16243654822335,59.831932773109244,2.037872954566788,vulnerable
multiple_runs_largerun_db_highthreat_20260410_030216.csv,multiple_runs_largerun_db_highthreat_20260410_030216.csv,916,813.0,1188.0,294.0,0.0,393.0,59.0,21.0,7.0,39.0,1016.0,165.0,0.8610086100861009,36.162361623616235,85.52188552188552,2.037872954566788,resilient
multiple_runs_largerun_db_highthreat_20260410_030216.csv,multiple_runs_largerun_db_highthreat_20260410_030216.csv,917,1074.0,1208.0,312.0,0.0,374.0,306.0,52.0,0.0,30.0,981.0,227.0,0.0,29.05027932960894,81.20860927152319,2.037872954566788,resilient
multiple_runs_largerun_db_highthreat_20260410_030216.csv,multiple_runs_largerun_db_highthreat_20260410_030216.csv,918,1264.0,1206.0,76.0,0.0,54.0,576.0,342.0,191.0,25.0,775.0,240.0,15.110759493670885,6.012658227848101,64.2620232172471,2.037872954566788,vulnerable
multiple_runs_largerun_db_highthreat_20260410_030216.csv,multiple_runs_largerun_db_highthreat_20260410_030216.csv,919,998.0,1193.0,269.0,0.0,373.0,285.0,36.0,7.0,28.0,941.0,245.0,0.7014028056112225,26.95390781563126,78.87678122380554,2.037872954566788,resilient
multiple_runs_largerun_db_highthreat_20260410_030216.csv,multiple_runs_largerun_db_highthreat_20260410_030216.csv,920,1376.0,1198.0,43.0,0.0,13.0,642.0,371.0,274.0,33.0,727.0,197.0,19.912790697674417,3.125,60.68447412353923,2.037872954566788,vulnerable
multiple_runs_largerun_db_highthreat_20260410_030216.csv,multiple_runs_largerun_db_highthreat_20260410_030216.csv,921,997.0,1195.0,268.0,0.0,294.0,299.0,100.0,0.0,36.0,1045.0,150.0,0.0,26.880641925777333,87.44769874476988,2.037872954566788,resilient
multiple_runs_largerun_db_highthreat_20260410_030216.csv,multiple_runs_largerun_db_highthreat_20260410_030216.csv,922,1178.0,1203.0,68.0,0.0,8.0,475.0,381.0,228.0,18.0,779.0,196.0,19.35483870967742,5.772495755517826,64.75477971737324,2.037872954566788,vulnerable
multiple_runs_largerun_db_highthreat_20260410_030216.csv,multiple_runs_largerun_db_highthreat_20260410_030216.csv,923,951.0,1207.0,321.0,0.0,377.0,186.0,28.0,1.0,38.0,977.0,229.0,0.10515247108307045,33.753943217665615,80.94449047224523,2.037872954566788,resilient
multiple_runs_largerun_db_highthreat_20260410_030216.csv,multiple_runs_largerun_db_highthreat_20260410_030216.csv,924,1027.0,1205.0,63.0,0.0,8.0,298.0,370.0,246.0,42.0,765.0,194.0,23.953261927945473,6.134371957156767,63.48547717842323,2.037872954566788,vulnerable
multiple_runs_largerun_db_highthreat_20260410_030216.csv,multiple_runs_largerun_db_highthreat_20260410_030216.csv,925,1031.0,1194.0,62.0,0.0,5.0,281.0,392.0,247.0,44.0,724.0,223.0,23.95732298739088,6.0135790494665375,60.63651591289783,2.037872954566788,vulnerable
multiple_runs_largerun_db_highthreat_20260410_030216.csv,multiple_runs_largerun_db_highthreat_20260410_030216.csv,926,1054.0,1210.0,51.0,0.0,16.0,341.0,388.0,225.0,33.0,774.0,211.0,21.347248576850095,4.838709677419355,63.96694214876033,2.037872954566788,vulnerable
multiple_runs_largerun_db_highthreat_20260410_030216.csv,multiple_runs_largerun_db_highthreat_20260410_030216.csv,927,1120.0,1204.0,57.0,0.0,22.0,405.0,373.0,232.0,31.0,768.0,204.0,20.714285714285715,5.089285714285714,63.78737541528239,2.037872954566788,vulnerable
multiple_runs_largerun_db_highthreat_20260410_030216.csv,multiple_runs_largerun_db_highthreat_20260410_030216.csv,928,947.0,1202.0,39.0,0.0,19.0,230.0,379.0,255.0,25.0,720.0,227.0,26.927138331573392,4.118268215417107,59.900166389351085,2.037872954566788,vulnerable
multiple_runs_largerun_db_highthreat_20260410_030216.csv,multiple_runs_largerun_db_highthreat_20260410_030216.csv,929,900.0,1198.0,291.0,0.0,310.0,194.0,72.0,0.0,33.0,994.0,204.0,0.0,32.33333333333333,82.97161936560936,2.037872954566788,resilient
multiple_runs_largerun_db_highthreat_20260410_030216.csv,multiple_runs_largerun_db_highthreat_20260410_030216.csv,930,964.0,1203.0,31.0,0.0,10.0,228.0,417.0,257.0,21.0,681.0,265.0,26.6597510373444,3.2157676348547715,56.60847880299252,2.037872954566788,vulnerable
multiple_runs_largerun_db_highthreat_20260410_030216.csv,multiple_runs_largerun_db_highthreat_20260410_030216.csv,931,1218.0,1220.0,95.0,0.0,47.0,498.0,329.0,218.0,31.0,758.0,244.0,17.898193760262725,7.7996715927750415,62.13114754098361,2.037872954566788,vulnerable
multiple_runs_largerun_db_highthreat_20260410_030216.csv,multiple_runs_largerun_db_highthreat_20260410_030216.csv,932,858.0,1192.0,292.0,0.0,362.0,112.0,48.0,11.0,33.0,932.0,249.0,1.282051282051282,34.032634032634036,78.18791946308725,2.037872954566788,resilient
multiple_runs_largerun_db_highthreat_20260410_030216.csv,multiple_runs_largerun_db_highthreat_20260410_030216.csv,933,909.0,1192.0,266.0,0.0,375.0,190.0,24.0,29.0,25.0,928.0,235.0,3.1903190319031904,29.262926292629267,77.85234899328859,2.037872954566788,vulnerable
multiple_runs_largerun_db_highthreat_20260410_030216.csv,multiple_runs_largerun_db_highthreat_20260410_030216.csv,934,1047.0,1198.0,279.0,0.0,313.0,303.0,108.0,7.0,37.0,1032.0,159.0,0.6685768863419294,26.64756446991404,86.14357262103506,2.037872954566788,resilient
multiple_runs_largerun_db_highthreat_20260410_030216.csv,multiple_runs_largerun_db_highthreat_20260410_030216.csv,935,943.0,1201.0,291.0,0.0,306.0,223.0,70.0,18.0,35.0,912.0,271.0,1.9088016967126193,30.858960763520678,75.93671940049958,2.037872954566788,resilient
multiple_runs_largerun_db_highthreat_20260410_030216.csv,multiple_runs_largerun_db_highthreat_20260410_030216.csv,936,809.0,1209.0,314.0,0.0,364.0,59.0,7.0,21.0,44.0,946.0,242.0,2.595797280593325,38.813349814585905,78.24648469809759,2.037872954566788,vulnerable
multiple_runs_largerun_db_highthreat_20260410_030216.csv,multiple_runs_largerun_db_highthreat_20260410_030216.csv,937,1306.0,1220.0,52.0,0.0,5.0,594.0,407.0,218.0,30.0,817.0,185.0,16.69218989280245,3.9816232771822357,66.9672131147541,2.037872954566788,vulnerable
multiple_runs_largerun_db_highthreat_20260410_030216.csv,multiple_runs_largerun_db_highthreat_20260410_030216.csv,938,931.0,1199.0,39.0,0.0,4.0,219.0,372.0,263.0,34.0,706.0,230.0,28.24919441460795,4.189044038668099,58.882402001668055,2.037872954566788,vulnerable
multiple_runs_largerun_db_highthreat_20260410_030216.csv,multiple_runs_largerun_db_highthreat_20260410_030216.csv,939,882.0,1211.0,318.0,0.0,387.0,120.0,27.0,0.0,30.0,1034.0,177.0,0.0,36.054421768707485,85.38398018166804,2.037872954566788,resilient
multiple_runs_largerun_db_highthreat_20260410_030216.csv,multiple_runs_largerun_db_highthreat_20260410_030216.csv,940,897.0,1205.0,293.0,0.0,332.0,151.0,84.0,0.0,37.0,865.0,340.0,0.0,32.6644370122631,71.78423236514523,2.037872954566788,resilient
multiple_runs_largerun_db_highthreat_20260410_030216.csv,multiple_runs_largerun_db_highthreat_20260410_030216.csv,941,1045.0,1210.0,57.0,0.0,12.0,324.0,398.0,227.0,27.0,796.0,187.0,21.72248803827751,5.454545454545454,65.78512396694215,2.037872954566788,vulnerable
multiple_runs_largerun_db_highthreat_20260410_030216.csv,multiple_runs_largerun_db_highthreat_20260410_030216.csv,942,1055.0,1177.0,63.0,0.0,2.0,334.0,406.0,228.0,22.0,718.0,231.0,21.61137440758294,5.971563981042654,61.00254885301615,2.037872954566788,vulnerable
multiple_runs_largerun_db_highthreat_20260410_030216.csv,multiple_runs_largerun_db_highthreat_20260410_030216.csv,943,1140.0,1184.0,202.0,0.0,199.0,426.0,198.0,89.0,26.0,779.0,316.0,7.80701754385965,17.719298245614034,65.79391891891892,2.037872954566788,vulnerable
multiple_runs_largerun_db_highthreat_20260410_030216.csv,multiple_runs_largerun_db_highthreat_20260410_030216.csv,944,925.0,1205.0,326.0,0.0,371.0,174.0,23.0,2.0,29.0,967.0,236.0,0.21621621621621623,35.24324324324324,80.24896265560166,2.037872954566788,resilient
multiple_runs_largerun_db_highthreat_20260410_030216.csv,multiple_runs_largerun_db_highthreat_20260410_030216.csv,945,1145.0,1193.0,215.0,0.0,125.0,406.0,292.0,79.0,28.0,768.0,346.0,6.899563318777292,18.777292576419214,64.37552388935457,2.037872954566788,vulnerable
multiple_runs_largerun_db_highthreat_20260410_030216.csv,multiple_runs_largerun_db_highthreat_20260410_030216.csv,946,808.0,1193.0,324.0,0.0,382.0,64.0,1.0,6.0,31.0,1034.0,153.0,0.7425742574257426,40.099009900990104,86.67225481978205,2.037872954566788,resilient
multiple_runs_largerun_db_highthreat_20260410_030216.csv,multiple_runs_largerun_db_highthreat_20260410_030216.csv,947,982.0,1219.0,284.0,0.0,345.0,241.0,73.0,1.0,38.0,1032.0,186.0,0.10183299389002036,28.920570264765782,84.65955701394586,2.037872954566788,resilient
multiple_runs_largerun_db_highthreat_20260410_030216.csv,multiple_runs_largerun_db_highthreat_20260410_030216.csv,948,948.0,1189.0,325.0,0.0,315.0,189.0,82.0,9.0,28.0,974.0,206.0,0.949367088607595,34.28270042194092,81.91757779646763,2.037872954566788,resilient
multiple_runs_largerun_db_highthreat_20260410_030216.csv,multiple_runs_largerun_db_highthreat_20260410_030216.csv,949,969.0,1197.0,46.0,0.0,0.0,235.0,391.0,270.0,27.0,705.0,222.0,27.86377708978328,4.747162022703819,58.89724310776943,2.037872954566788,vulnerable
multiple_runs_largerun_db_highthreat_20260410_030216.csv,multiple_runs_largerun_db_highthreat_20260410_030216.csv,950,1193.0,1196.0,144.0,0.0,68.0,469.0,313.0,165.0,34.0,787.0,244.0,13.830678960603521,12.070410729253982,65.80267558528428,2.037872954566788,vulnerable
multiple_runs_largerun_db_highthreat_20260410_030216.csv,multiple_runs_largerun_db_highthreat_20260410_030216.csv,951,988.0,1189.0,72.0,0.0,24.0,240.0,387.0,237.0,28.0,743.0,209.0,23.987854251012145,7.28744939271255,62.48948696383515,2.037872954566788,vulnerable
multiple_runs_largerun_db_highthreat_20260410_030216.csv,multiple_runs_largerun_db_highthreat_20260410_030216.csv,952,1061.0,1204.0,121.0,0.0,20.0,356.0,368.0,165.0,31.0,814.0,225.0,15.551366635249764,11.404335532516493,67.60797342192691,2.037872954566788,vulnerable
multiple_runs_largerun_db_highthreat_20260410_030216.csv,multiple_runs_largerun_db_highthreat_20260410_030216.csv,953,923.0,1190.0,302.0,1.0,358.0,205.0,25.0,3.0,29.0,971.0,216.0,0.3250270855904659,32.71939328277356,81.59663865546219,2.037872954566788,resilient
multiple_runs_largerun_db_highthreat_20260410_030216.csv,multiple_runs_largerun_db_highthreat_20260410_030216.csv,954,1001.0,1178.0,266.0,0.0,327.0,254.0,42.0,76.0,36.0,837.0,265.0,7.592407592407592,26.573426573426573,71.05263157894737,2.037872954566788,vulnerable
multiple_runs_largerun_db_highthreat_20260410_030216.csv,multiple_runs_largerun_db_highthreat_20260410_030216.csv,955,1246.0,1216.0,213.0,0.0,185.0,497.0,225.0,87.0,39.0,776.0,353.0,6.982343499197431,17.09470304975923,63.81578947368421,2.037872954566788,vulnerable
multiple_runs_largerun_db_highthreat_20260410_030216.csv,multiple_runs_largerun_db_highthreat_20260410_030216.csv,956,914.0,1205.0,53.0,0.0,9.0,201.0,368.0,251.0,32.0,711.0,243.0,27.461706783369806,5.798687089715536,59.004149377593365,2.037872954566788,vulnerable
multiple_runs_largerun_db_highthreat_20260410_030216.csv,multiple_runs_largerun_db_highthreat_20260410_030216.csv,957,1175.0,1209.0,86.0,0.0,7.0,450.0,391.0,206.0,35.0,761.0,242.0,17.53191489361702,7.319148936170213,62.944582299421,2.037872954566788,vulnerable
multiple_runs_largerun_db_highthreat_20260410_030216.csv,multiple_runs_largerun_db_highthreat_20260410_030216.csv,958,1117.0,1207.0,45.0,0.0,10.0,375.0,409.0,249.0,29.0,749.0,209.0,22.291853178155772,4.028648164726947,62.05468102734052,2.037872954566788,vulnerable
multiple_runs_largerun_db_highthreat_20260410_030216.csv,multiple_runs_largerun_db_highthreat_20260410_030216.csv,959,1158.0,1214.0,113.0,0.0,78.0,430.0,330.0,166.0,41.0,761.0,287.0,14.335060449050086,9.758203799654577,62.68533772652389,2.037872954566788,vulnerable
multiple_runs_largerun_db_highthreat_20260410_030216.csv,multiple_runs_largerun_db_highthreat_20260410_030216.csv,960,1047.0,1207.0,334.0,0.0,372.0,281.0,11.0,0.0,49.0,883.0,324.0,0.0,31.900668576886343,73.15658657829329,2.037872954566788,resilient
multiple_runs_largerun_db_highthreat_20260410_030216.csv,multiple_runs_largerun_db_highthreat_20260410_030216.csv,961,871.0,1211.0,278.0,0.0,386.0,99.0,35.0,33.0,40.0,1011.0,167.0,3.788748564867968,31.917336394948336,83.48472336911644,2.037872954566788,vulnerable
multiple_runs_largerun_db_highthreat_20260410_030216.csv,multiple_runs_largerun_db_highthreat_20260410_030216.csv,962,1166.0,1212.0,203.0,0.0,129.0,429.0,283.0,87.0,35.0,854.0,271.0,7.461406518010291,17.409948542024015,70.46204620462046,2.037872954566788,vulnerable
multiple_runs_largerun_db_highthreat_20260410_030216.csv,multiple_runs_largerun_db_highthreat_20260410_030216.csv,963,1428.0,1207.0,45.0,0.0,12.0,706.0,369.0,266.0,30.0,811.0,130.0,18.627450980392158,3.1512605042016806,67.1913835956918,2.037872954566788,vulnerable
multiple_runs_largerun_db_highthreat_20260410_030216.csv,multiple_runs_largerun_db_highthreat_20260410_030216.csv,964,1061.0,1175.0,217.0,0.0,222.0,344.0,175.0,57.0,46.0,872.0,246.0,5.372290292177191,20.45240339302545,74.21276595744682,2.037872954566788,vulnerable
multiple_runs_largerun_db_highthreat_20260410_030216.csv,multiple_runs_largerun_db_highthreat_20260410_030216.csv,965,954.0,1204.0,63.0,0.0,17.0,228.0,372.0,250.0,24.0,749.0,205.0,26.20545073375262,6.60377358490566,62.2093023255814,2.037872954566788,vulnerable
multiple_runs_largerun_db_highthreat_20260410_030216.csv,multiple_runs_largerun_db_highthreat_20260410_030216.csv,966,1009.0,1209.0,272.0,0.0,314.0,303.0,90.0,0.0,30.0,1034.0,175.0,0.0,26.957383548067394,85.52522746071133,2.037872954566788,resilient
multiple_runs_largerun_db_highthreat_20260410_030216.csv,multiple_runs_largerun_db_highthreat_20260410_030216.csv,967,1201.0,1197.0,95.0,0.0,34.0,503.0,366.0,172.0,31.0,792.0,233.0,14.321398834304746,7.91007493755204,66.16541353383458,2.037872954566788,vulnerable
multiple_runs_largerun_db_highthreat_20260410_030216.csv,multiple_runs_largerun_db_highthreat_20260410_030216.csv,968,1053.0,1186.0,90.0,0.0,3.0,334.0,396.0,203.0,27.0,761.0,222.0,19.278252611585945,8.547008547008547,64.16526138279932,2.037872954566788,vulnerable
multiple_runs_largerun_db_highthreat_20260410_030216.csv,multiple_runs_largerun_db_highthreat_20260410_030216.csv,969,1141.0,1198.0,164.0,0.0,146.0,447.0,246.0,116.0,22.0,835.0,247.0,10.16652059596845,14.37335670464505,69.69949916527545,2.037872954566788,vulnerable
multiple_runs_largerun_db_highthreat_20260410_030216.csv,multiple_runs_largerun_db_highthreat_20260410_030216.csv,970,1023.0,1199.0,36.0,0.0,12.0,293.0,401.0,241.0,40.0,736.0,222.0,23.558162267839688,3.519061583577713,61.38448707256047,2.037872954566788,vulnerable
multiple_runs_largerun_db_highthreat_20260410_030216.csv,multiple_runs_largerun_db_highthreat_20260410_030216.csv,971,1101.0,1193.0,55.0,0.0,2.0,350.0,394.0,270.0,30.0,706.0,217.0,24.52316076294278,4.995458673932789,59.178541492036885,2.037872954566788,vulnerable
multiple_runs_largerun_db_highthreat_20260410_030216.csv,multiple_runs_largerun_db_highthreat_20260410_030216.csv,972,934.0,1199.0,40.0,0.0,0.0,198.0,373.0,293.0,30.0,603.0,303.0,31.370449678800856,4.282655246252676,50.29190992493745,2.037872954566788,vulnerable
multiple_runs_largerun_db_highthreat_20260410_030216.csv,multiple_runs_largerun_db_highthreat_20260410_030216.csv,973,987.0,1201.0,306.0,0.0,343.0,246.0,57.0,0.0,35.0,1092.0,109.0,0.0,31.00303951367781,90.92422980849292,2.037872954566788,resilient
multiple_runs_largerun_db_highthreat_20260410_030216.csv,multiple_runs_largerun_db_highthreat_20260410_030216.csv,974,992.0,1199.0,70.0,0.0,23.0,255.0,362.0,249.0,33.0,751.0,199.0,25.100806451612907,7.056451612903227,62.63552960800667,2.037872954566788,vulnerable
multiple_runs_largerun_db_highthreat_20260410_030216.csv,multiple_runs_largerun_db_highthreat_20260410_030216.csv,975,973.0,1198.0,304.0,0.0,372.0,253.0,18.0,0.0,26.0,991.0,207.0,0.0,31.243576567317575,82.7212020033389,2.037872954566788,resilient
multiple_runs_largerun_db_highthreat_20260410_030216.csv,multiple_runs_largerun_db_highthreat_20260410_030216.csv,976,925.0,1194.0,42.0,0.0,11.0,195.0,367.0,277.0,33.0,696.0,221.0,29.945945945945944,4.54054054054054,58.291457286432156,2.037872954566788,vulnerable
multiple_runs_largerun_db_highthreat_20260410_030216.csv,multiple_runs_largerun_db_highthreat_20260410_030216.csv,977,1037.0,1212.0,48.0,0.0,2.0,312.0,430.0,218.0,27.0,756.0,238.0,21.022179363548698,4.628736740597879,62.37623762376238,2.037872954566788,vulnerable
multiple_runs_largerun_db_highthreat_20260410_030216.csv,multiple_runs_largerun_db_highthreat_20260410_030216.csv,978,976.0,1196.0,63.0,0.0,9.0,251.0,367.0,251.0,35.0,729.0,216.0,25.717213114754102,6.454918032786885,60.953177257525084,2.037872954566788,vulnerable
multiple_runs_largerun_db_highthreat_20260410_030216.csv,multiple_runs_largerun_db_highthreat_20260410_030216.csv,979,962.0,1210.0,325.0,0.0,330.0,210.0,40.0,26.0,31.0,923.0,261.0,2.7027027027027026,33.78378378378378,76.28099173553719,2.037872954566788,vulnerable
multiple_runs_largerun_db_highthreat_20260410_030216.csv,multiple_runs_largerun_db_highthreat_20260410_030216.csv,980,979.0,1194.0,63.0,0.0,21.0,273.0,388.0,211.0,23.0,710.0,273.0,21.552604698672116,6.435137895812053,59.463986599664985,2.037872954566788,vulnerable
multiple_runs_largerun_db_highthreat_20260410_030216.csv,multiple_runs_largerun_db_highthreat_20260410_030216.csv,981,808.0,1205.0,306.0,0.0,385.0,62.0,20.0,0.0,35.0,958.0,247.0,0.0,37.87128712871287,79.50207468879668,2.037872954566788,resilient
multiple_runs_largerun_db_highthreat_20260410_030216.csv,multiple_runs_largerun_db_highthreat_20260410_030216.csv,982,1032.0,1196.0,281.0,0.0,331.0,295.0,82.0,6.0,37.0,1046.0,144.0,0.5813953488372093,27.228682170542633,87.45819397993311,2.037872954566788,resilient
multiple_runs_largerun_db_highthreat_20260410_030216.csv,multiple_runs_largerun_db_highthreat_20260410_030216.csv,983,1097.0,1207.0,56.0,0.0,10.0,389.0,382.0,229.0,31.0,733.0,245.0,20.875113947128533,5.104831358249772,60.72908036454018,2.037872954566788,vulnerable
multiple_runs_largerun_db_highthreat_20260410_030216.csv,multiple_runs_largerun_db_highthreat_20260410_030216.csv,984,1341.0,1189.0,79.0,0.0,50.0,618.0,353.0,220.0,21.0,744.0,225.0,16.405667412378822,5.891126025354213,62.573591253153914,2.037872954566788,vulnerable
multiple_runs_largerun_db_highthreat_20260410_030216.csv,multiple_runs_largerun_db_highthreat_20260410_030216.csv,985,1184.0,1197.0,79.0,0.0,101.0,440.0,295.0,243.0,26.0,673.0,281.0,20.52364864864865,6.672297297297297,56.22389306599833,2.037872954566788,vulnerable
multiple_runs_largerun_db_highthreat_20260410_030216.csv,multiple_runs_largerun_db_highthreat_20260410_030216.csv,986,1167.0,1205.0,88.0,0.0,125.0,504.0,255.0,156.0,39.0,839.0,210.0,13.367609254498714,7.540702656383891,69.6265560165975,2.037872954566788,vulnerable
multiple_runs_largerun_db_highthreat_20260410_030216.csv,multiple_runs_largerun_db_highthreat_20260410_030216.csv,987,981.0,1196.0,274.0,0.0,328.0,262.0,87.0,0.0,30.0,958.0,238.0,0.0,27.93068297655454,80.10033444816054,2.037872954566788,resilient
multiple_runs_largerun_db_highthreat_20260410_030216.csv,multiple_runs_largerun_db_highthreat_20260410_030216.csv,988,939.0,1216.0,53.0,0.0,5.0,198.0,398.0,257.0,28.0,729.0,230.0,27.36954206602769,5.644302449414271,59.95065789473685,2.037872954566788,vulnerable
multiple_runs_largerun_db_highthreat_20260410_030216.csv,multiple_runs_largerun_db_highthreat_20260410_030216.csv,989,1295.0,1200.0,90.0,0.0,82.0,541.0,317.0,229.0,36.0,688.0,283.0,17.683397683397683,6.94980694980695,57.333333333333336,2.037872954566788,vulnerable
multiple_runs_largerun_db_highthreat_20260410_030216.csv,multiple_runs_largerun_db_highthreat_20260410_030216.csv,990,1313.0,1195.0,51.0,0.0,24.0,602.0,360.0,244.0,32.0,749.0,202.0,18.583396801218584,3.884234577303884,62.67782426778242,2.037872954566788,vulnerable
multiple_runs_largerun_db_highthreat_20260410_030216.csv,multiple_runs_largerun_db_highthreat_20260410_030216.csv,991,1040.0,1206.0,61.0,0.0,204.0,317.0,192.0,224.0,42.0,774.0,208.0,21.53846153846154,5.865384615384615,64.17910447761194,2.037872954566788,vulnerable
multiple_runs_largerun_db_highthreat_20260410_030216.csv,multiple_runs_largerun_db_highthreat_20260410_030216.csv,992,1348.0,1186.0,35.0,0.0,14.0,618.0,390.0,270.0,21.0,805.0,111.0,20.02967359050445,2.596439169139466,67.8752107925801,2.037872954566788,vulnerable
multiple_runs_largerun_db_highthreat_20260410_030216.csv,multiple_runs_largerun_db_highthreat_20260410_030216.csv,993,932.0,1192.0,297.0,0.0,386.0,196.0,8.0,12.0,33.0,882.0,298.0,1.2875536480686696,31.86695278969957,73.99328859060402,2.037872954566788,resilient
multiple_runs_largerun_db_highthreat_20260410_030216.csv,multiple_runs_largerun_db_highthreat_20260410_030216.csv,994,1254.0,1193.0,86.0,0.0,45.0,547.0,363.0,194.0,19.0,772.0,227.0,15.47049441786284,6.8580542264752795,64.7108130762783,2.037872954566788,vulnerable
multiple_runs_largerun_db_highthreat_20260410_030216.csv,multiple_runs_largerun_db_highthreat_20260410_030216.csv,995,1047.0,1184.0,44.0,0.0,2.0,296.0,415.0,256.0,34.0,694.0,234.0,24.450811843361986,4.202483285577841,58.61486486486487,2.037872954566788,vulnerable
multiple_runs_largerun_db_highthreat_20260410_030216.csv,multiple_runs_largerun_db_highthreat_20260410_030216.csv,996,1207.0,1199.0,195.0,0.0,179.0,504.0,203.0,78.0,48.0,848.0,273.0,6.4623032311516155,16.15575807787904,70.7256046705588,2.037872954566788,vulnerable
multiple_runs_largerun_db_highthreat_20260410_030216.csv,multiple_runs_largerun_db_highthreat_20260410_030216.csv,997,936.0,1204.0,340.0,0.0,394.0,156.0,14.0,3.0,29.0,1032.0,169.0,0.3205128205128205,36.324786324786324,85.71428571428571,2.037872954566788,resilient
multiple_runs_largerun_db_highthreat_20260410_030216.csv,multiple_runs_largerun_db_highthreat_20260410_030216.csv,998,980.0,1190.0,72.0,0.0,6.0,241.0,380.0,248.0,33.0,707.0,235.0,25.30612244897959,7.346938775510205,59.411764705882355,2.037872954566788,vulnerable
multiple_runs_largerun_db_highthreat_20260410_030216.csv,multiple_runs_largerun_db_highthreat_20260410_030216.csv,999,1162.0,1200.0,190.0,0.0,154.0,446.0,242.0,104.0,26.0,806.0,290.0,8.950086058519794,16.351118760757316,67.16666666666666,2.037872954566788,vulnerable
multiple_runs_largerun_db_highthreat_20260410_030216.csv,multiple_runs_largerun_db_highthreat_20260410_030216.csv,1000,1033.0,1215.0,74.0,0.0,16.0,286.0,384.0,248.0,25.0,733.0,234.0,24.007744433688284,7.163601161665054,60.32921810699589,2.037872954566788,vulnerable
