Parameter,Value
Parameter: Prob_threat,0.33
Parameter: Prob_ally,0.33
Parameter: Prob_prey,0.33
Parameter: tLowerSitL,80
Parameter: tHigherSitL,100
Parameter: tLowerSitDB,80
Parameter: tHigherSitDB,100
Parameter: tLowerSitNB,80
Parameter: tHigherSitNB,100
Parameter: aLowerSitL,80
Parameter: aHigherSitL,100
Parameter: aLowerSitDB,80
Parameter: aHigherSitDB,100
Parameter: aLowerSitNB,80
Parameter: aHigherSitNB,100
Parameter: pLowerSitL,80
Parameter: pHigherSitL,100
Parameter: pLowerSitDB,80
Parameter: pHigherSitDB,100
Parameter: pLowerSitNB,80
Parameter: pHigherSitNB,100
Parameter: societyL,70
Parameter: societyNB,70
Parameter: societyDB,70
Parameter: Risk_Aversion,1.2
Parameter: Risk_Threshold,10.0
Parameter: Reward_Inclination,1.0
Parameter: Reward_Threshold,0.0
Parameter: MainB,DB
Parameter: Training_Episodes,1500
Parameter: Learning_Period,600
Parameter: Learning_Rate,0.001
Parameter: Model_Name,largerun_db_highthreat

Run,fight_count,flee_count,befriend_count,chase_count,cry_count,fight_exploit_count,flee_exploit_count,befriend_exploit_count,chase_exploit_count,cry_exploit_count,threat_count,ally_count,prey_count,boredom_maladaptive,learned_helplessness,apathy,positive_mindset,community_trusting_vulnerability,fearful_withdrawn_relationship,detached_withdrawn_relationship,aggressive_withdrawn_relationship,willingness_to_flee,self_destructive_anger,bully_behavior,protective_behavior,healthy_friendliness,dangerous_trust,over_friendliness,hopefulness,cynical
1,637,167,509,125,62,582,107,450,68,15,517,493,490,219,0,0,0,0,0,0,25,24,112,254,318,372,41,78,1003,219
2,397,86,102,575,73,335,27,53,504,15,546,486,468,248,267,0,0,0,0,0,376,27,10,269,66,9,35,44,686,248
3,429,354,491,145,69,383,289,439,60,7,497,487,516,226,12,0,0,0,0,0,27,54,71,120,261,356,28,83,952,226
4,594,79,131,365,61,532,23,70,300,6,489,448,563,168,270,0,0,0,0,0,342,23,23,464,48,21,33,49,763,168
5,657,86,436,258,63,606,20,379,200,9,479,530,491,150,0,0,19,0,0,0,125,19,62,304,293,305,27,74,1064,150
6,614,250,251,96,71,557,198,185,32,24,504,459,537,263,218,0,0,0,0,0,254,26,56,451,98,109,27,76,733,263
7,712,96,320,235,74,647,28,266,176,24,515,503,482,294,63,0,1,0,0,0,190,28,125,432,211,211,43,55,847,294
8,544,250,510,122,69,492,188,463,68,3,498,524,478,208,5,0,0,0,0,0,30,11,88,168,324,394,43,69,1006,208
9,625,115,501,186,67,559,49,451,124,1,499,501,500,157,6,0,0,0,0,0,23,23,60,257,291,372,38,79,1027,157
10,435,86,95,594,68,369,37,38,526,17,497,456,547,255,222,0,0,0,0,0,361,35,6,303,66,0,38,38,732,255
11,287,78,106,706,71,233,18,50,642,6,456,518,526,233,252,0,0,0,0,0,399,18,12,197,36,8,28,42,716,233
12,755,91,459,134,61,691,29,407,74,0,510,504,486,238,0,0,0,0,0,0,69,28,154,319,317,339,33,68,963,238
13,814,99,185,92,62,759,37,126,46,3,488,496,516,186,248,0,0,0,0,0,340,37,94,630,56,60,34,66,785,186
14,406,86,109,596,63,346,19,45,548,7,504,504,492,222,240,0,5,0,0,0,399,15,22,272,74,9,29,36,743,222
15,813,170,85,102,70,752,112,35,44,1,485,503,512,277,260,0,0,0,1,0,402,42,142,561,49,4,25,31,667,277
16,530,107,125,468,64,482,46,66,413,0,475,504,521,243,206,0,0,0,0,0,376,44,31,408,73,28,27,38,764,243
17,668,79,526,161,66,612,22,478,83,0,499,498,503,357,0,0,0,0,1,0,19,15,275,219,314,382,43,96,838,357
18,661,85,460,238,56,599,21,405,166,2,472,516,512,131,0,0,0,0,0,0,85,21,42,315,283,335,39,70,1062,131
19,541,93,105,428,62,491,28,51,369,0,487,492,521,166,271,0,0,0,0,0,393,19,5,447,40,9,24,42,773,166
20,323,98,120,633,70,257,27,60,580,13,489,480,531,213,256,0,0,0,2,0,368,19,0,229,28,20,28,40,724,213
21,387,87,175,526,63,326,18,113,471,14,492,509,499,192,262,0,0,1,0,0,358,15,6,271,54,41,23,72,750,192
22,661,85,171,323,70,604,25,115,261,4,490,505,505,208,190,0,0,0,0,0,354,21,61,503,99,58,33,57,801,208
23,694,119,497,125,61,631,52,438,57,17,480,520,500,214,4,0,0,0,0,0,30,29,119,295,307,381,31,57,981,214
24,617,82,413,308,74,570,25,346,249,4,501,466,533,175,6,0,16,0,0,0,74,25,59,253,317,286,25,60,1019,175
25,541,293,505,88,67,480,235,436,29,6,528,489,483,154,6,0,0,0,0,0,14,11,45,137,343,367,30,69,1032,154
26,286,86,109,684,59,236,20,48,619,9,494,463,543,216,276,0,0,0,0,0,357,19,0,186,50,6,26,42,716,216
27,485,96,482,368,65,430,29,419,315,0,476,536,488,170,4,0,0,0,0,0,89,18,33,157,273,339,42,80,1023,170
28,419,106,113,562,62,350,45,59,504,1,494,503,503,310,238,0,0,0,0,0,391,31,7,284,65,8,30,51,649,310
29,438,93,121,533,74,371,27,60,477,0,458,527,515,234,241,0,0,0,0,0,392,26,6,329,41,21,26,39,701,234
30,438,114,104,558,62,365,54,38,505,12,469,494,537,293,224,0,0,0,1,0,383,21,7,314,48,11,27,27,681,293
31,296,78,98,698,63,219,33,39,634,14,516,502,482,238,267,0,0,0,1,0,398,32,6,183,36,5,31,34,701,238
32,346,251,105,483,71,287,189,53,426,5,484,516,500,313,244,0,0,0,10,0,388,16,10,228,57,21,32,32,647,313
33,687,110,480,121,70,623,60,423,61,10,519,502,479,205,32,0,0,0,0,0,64,27,105,294,299,338,41,85,972,205
34,519,94,116,419,73,455,30,38,371,0,514,482,504,179,279,0,0,0,0,0,354,30,0,419,36,18,18,20,715,179
35,625,88,296,312,70,561,27,229,250,10,496,506,498,303,109,0,6,0,0,0,227,26,144,375,184,174,30,55,774,303
36,510,85,103,492,64,452,14,39,437,8,470,508,522,225,246,0,0,0,0,0,391,14,8,405,43,10,25,29,725,225
37,566,233,510,118,60,512,162,445,60,6,496,486,518,158,13,0,0,0,0,0,4,9,53,211,295,378,35,67,1027,158
38,678,140,150,181,67,615,87,85,124,4,511,471,518,198,284,0,1,0,0,0,331,43,44,538,34,45,30,40,717,198
39,634,201,373,168,65,563,148,325,91,1,503,501,496,329,59,0,0,0,0,0,155,43,165,330,233,234,40,91,799,329
40,694,311,90,115,67,622,240,39,43,16,458,537,505,246,223,0,0,0,11,0,421,14,52,533,54,7,27,32,714,246
41,312,100,120,634,68,249,44,74,579,1,498,490,512,249,266,0,0,0,1,0,364,23,0,214,35,20,49,54,698,249
42,501,327,494,116,62,450,254,431,65,6,521,467,512,218,0,0,0,0,0,0,15,11,70,112,336,354,37,77,988,218
43,596,88,388,340,74,543,23,327,283,9,510,518,472,162,14,0,24,0,0,0,140,23,71,225,318,271,32,56,1023,162
44,514,95,109,475,59,448,46,60,424,7,490,512,498,225,248,0,0,0,0,0,411,33,5,387,60,10,32,50,760,225
45,798,104,152,166,72,741,48,103,105,11,487,522,491,228,208,0,0,0,0,0,361,28,85,614,81,56,34,47,780,228
46,381,89,110,620,78,328,33,48,561,1,462,540,498,186,222,0,0,0,0,0,425,27,2,277,51,14,26,34,785,186
47,786,90,283,110,68,724,29,220,49,13,493,493,514,249,163,0,0,0,0,0,226,22,152,531,132,161,29,59,786,249
48,664,103,517,150,66,607,50,454,99,0,487,499,514,101,0,0,0,0,0,0,19,19,28,288,316,381,35,73,1109,101
49,342,90,97,645,63,286,23,34,573,7,523,474,503,224,263,0,0,0,0,0,383,21,6,220,63,4,30,30,699,224
50,363,75,98,648,68,309,13,35,580,7,485,506,509,197,248,0,0,0,0,0,401,13,5,250,59,5,29,30,747,197
51,617,77,512,220,74,564,29,465,152,1,488,502,510,338,0,0,4,0,0,0,13,22,247,220,308,393,38,72,873,338
52,401,82,137,563,63,336,23,81,504,1,525,497,478,267,254,0,0,0,0,0,381,18,21,261,68,14,32,67,678,267
53,469,90,102,541,62,404,38,34,487,1,476,510,514,251,236,0,0,0,2,0,407,33,9,344,58,1,33,33,713,251
54,232,81,91,757,63,153,30,35,704,1,495,499,506,296,276,0,0,0,0,0,404,27,0,127,26,0,35,35,627,296
55,622,78,408,322,70,558,20,345,269,11,487,491,522,108,0,0,25,0,0,0,106,20,12,261,297,274,38,71,1095,108
56,660,152,499,124,65,591,87,436,76,12,515,479,506,239,0,0,0,0,0,0,2,20,119,216,330,391,23,45,963,239
57,274,103,131,616,68,212,44,63,567,0,538,482,480,223,308,0,0,0,0,0,374,28,9,182,25,16,25,47,663,223
58,649,103,155,325,63,587,41,94,268,14,500,490,510,207,205,0,0,0,0,0,346,19,59,486,101,51,32,43,797,207
59,355,84,109,611,64,307,16,50,557,4,534,485,481,254,277,0,1,0,0,0,382,16,16,232,68,7,36,43,680,254
60,685,87,93,312,65,628,32,41,243,0,510,492,498,160,258,0,0,0,0,0,397,30,11,564,58,4,35,37,784,160
61,717,94,196,211,69,653,33,141,152,0,503,473,524,173,213,0,1,0,0,0,287,32,44,564,85,88,31,53,806,173
62,399,86,156,523,72,334,32,92,462,14,512,487,501,207,264,0,0,0,0,0,345,32,3,295,39,35,42,57,727,207
63,677,187,477,96,63,619,125,420,30,3,491,495,514,177,0,0,0,0,0,0,51,12,74,257,321,349,41,71,1020,177
64,444,99,125,533,69,380,39,68,467,3,484,484,532,234,230,0,0,0,0,0,372,39,20,322,57,14,35,54,723,234
65,295,97,86,708,64,242,31,29,640,9,473,508,519,252,250,0,0,0,0,0,414,27,0,193,49,1,28,28,699,252
66,573,118,466,267,72,519,59,405,205,0,495,503,502,116,4,0,8,0,2,0,71,22,26,222,296,336,34,69,1072,116
67,694,102,222,329,68,630,34,158,282,12,491,501,508,257,85,0,32,0,0,0,287,24,135,433,197,107,27,51,859,257
68,641,85,475,236,62,571,33,403,178,3,522,493,485,145,1,0,0,0,0,0,35,33,44,240,331,351,26,52,1043,145
69,580,296,454,105,62,512,228,396,45,4,521,484,495,216,3,0,0,0,0,0,53,10,59,183,329,325,35,71,969,216
70,462,129,138,479,66,406,55,83,421,1,491,480,529,277,226,0,1,1,0,0,361,39,14,350,47,20,34,63,689,277
71,528,230,523,147,66,467,174,469,100,0,513,475,512,304,6,0,0,0,0,0,10,21,165,155,304,373,42,96,906,304
72,403,92,104,627,66,358,28,36,572,0,458,538,504,224,208,0,8,0,0,0,430,28,14,274,84,2,25,34,770,224
73,808,111,128,114,65,730,56,65,53,0,521,528,451,174,274,0,0,0,0,0,397,34,83,612,42,16,39,49,730,174
74,861,100,120,130,64,794,56,65,56,5,463,490,547,201,225,0,0,0,0,0,381,24,76,673,64,17,25,48,775,201
75,753,149,208,195,65,333,86,151,133,4,512,522,466,160,130,0,6,0,0,0,195,30,18,283,50,98,40,53,547,160
76,805,100,159,136,73,751,29,108,67,11,493,488,519,177,227,0,0,0,0,0,321,26,72,645,62,64,33,44,789,177
77,356,91,89,664,58,295,31,33,602,1,487,499,514,215,242,0,2,0,0,0,384,31,4,243,52,3,29,30,747,215
78,391,86,95,604,63,333,25,42,529,6,485,515,500,221,261,0,0,0,0,0,400,22,4,277,56,3,32,39,714,221
79,552,271,501,106,63,497,209,442,48,4,518,513,469,228,7,0,0,0,0,0,50,15,77,174,318,365,38,77,972,228
80,584,91,499,257,69,531,48,424,211,0,511,467,522,223,0,0,0,0,0,0,39,48,76,242,286,347,26,77,991,223
81,363,78,99,597,72,301,20,45,545,0,518,477,505,213,291,0,0,0,0,0,382,19,8,260,40,8,26,37,698,213
82,286,84,95,689,60,229,20,36,616,0,516,469,515,203,286,0,0,0,0,0,382,20,0,189,40,1,25,35,698,203
83,383,85,87,625,70,317,33,40,566,0,505,512,483,266,250,0,0,0,4,0,400,21,5,251,66,0,37,40,690,266
84,857,79,85,138,70,801,16,21,80,2,509,492,499,151,271,0,0,0,0,0,408,16,76,675,50,0,19,21,769,151
85,465,352,489,112,75,402,283,424,48,12,476,514,510,218,7,0,0,0,0,0,39,7,73,121,281,357,43,67,951,218
86,573,309,142,210,68,518,251,81,149,0,455,498,547,296,198,0,0,0,0,0,353,19,48,407,82,36,31,45,703,296
87,617,98,214,342,65,565,32,170,279,0,498,515,487,258,164,0,20,0,0,0,326,27,105,423,140,80,37,90,788,258
88,388,84,85,595,78,338,27,28,545,0,505,485,510,197,270,0,0,0,0,0,399,27,3,293,45,2,26,26,741,197
89,691,101,460,183,63,636,47,399,121,0,519,478,503,125,2,0,1,0,0,0,42,16,43,292,342,349,23,50,1078,125
90,750,93,231,185,64,692,29,167,137,0,520,502,478,229,177,0,0,0,0,0,293,29,112,539,150,113,28,54,796,229
91,868,102,80,112,65,804,51,31,51,0,475,513,512,125,273,0,0,0,5,0,414,28,43,735,28,1,24,30,812,125
92,295,80,129,690,65,246,21,58,644,2,463,530,507,240,241,0,0,0,0,0,409,15,8,194,52,14,29,44,731,240
93,660,81,535,157,64,583,34,482,97,4,491,515,494,126,3,0,0,0,0,0,21,21,41,267,305,399,39,83,1074,126
94,290,91,95,704,66,231,27,17,639,8,484,494,522,217,254,0,0,0,0,0,381,18,0,189,42,4,13,13,705,217
95,488,91,129,462,60,425,20,69,410,1,524,470,506,159,270,0,2,0,0,0,356,20,5,350,75,16,29,53,766,159
96,361,91,107,626,63,302,23,53,564,9,471,518,511,212,252,0,0,0,0,0,401,9,6,251,49,9,34,44,739,212
97,166,114,486,451,66,113,55,423,393,7,477,505,518,177,217,0,4,0,0,0,86,49,0,78,35,323,33,100,814,177
98,320,87,94,674,67,251,22,43,612,6,487,497,516,245,258,0,0,0,0,0,399,22,7,200,50,0,28,43,689,245
99,343,99,104,631,69,270,39,38,565,16,499,504,497,258,254,0,0,0,0,0,394,31,9,232,37,5,22,33,670,258
100,478,100,138,476,64,426,40,67,420,3,492,495,513,213,244,0,1,0,0,0,354,40,22,366,52,32,28,35,743,213
101,553,122,448,294,67,498,54,397,224,6,525,465,510,213,16,0,17,0,0,0,70,41,99,195,302,296,38,101,966,213
102,591,99,532,225,53,541,51,463,155,7,482,491,527,169,0,0,0,0,0,0,19,49,57,259,281,389,25,74,1048,169
103,592,270,213,139,65,530,212,142,72,7,545,458,497,208,221,0,0,0,0,0,264,49,56,438,90,99,32,43,755,208
104,534,88,83,493,68,486,28,23,431,0,489,508,503,224,234,0,4,0,0,0,410,28,13,404,82,1,22,22,744,224
105,384,94,107,646,68,316,27,53,584,24,446,508,546,264,201,0,0,0,0,0,399,26,3,262,53,7,33,46,740,264
106,429,100,96,612,69,367,37,51,556,4,470,502,528,239,194,0,3,0,0,0,406,18,15,281,86,7,37,44,776,239
107,546,169,491,218,66,482,111,436,165,8,497,502,501,257,10,0,4,0,0,0,35,25,78,180,290,369,39,67,945,257
108,579,229,544,88,60,524,170,485,34,1,488,511,501,210,0,0,0,0,1,0,14,12,92,194,304,401,42,84,1004,210
109,475,89,114,487,71,409,26,49,442,6,501,485,514,194,264,0,0,0,0,0,376,26,0,378,31,16,32,33,738,194
110,415,92,84,612,62,355,28,32,545,9,491,489,520,226,235,0,5,0,0,0,397,19,8,280,75,0,32,32,743,226
111,429,89,90,589,67,368,21,34,530,12,477,506,517,232,236,0,0,0,3,0,405,18,8,315,49,5,26,29,733,232
112,426,95,100,573,60,366,13,54,513,4,490,489,521,238,246,0,0,0,1,0,394,9,5,302,62,9,24,45,712,238
113,288,82,113,654,79,229,33,54,601,0,520,461,519,226,284,0,0,0,0,0,379,32,2,180,49,1,22,53,691,226
114,656,93,263,293,62,604,28,202,228,1,498,489,513,285,133,0,0,0,0,0,267,27,114,432,164,126,34,76,778,285
115,477,124,106,494,65,417,66,59,445,6,508,479,513,227,234,0,0,0,1,0,378,52,1,366,51,22,34,37,766,227
116,603,229,495,117,55,545,164,427,65,11,494,505,501,226,1,0,0,0,0,0,50,21,66,255,284,355,40,72,986,226
117,416,90,105,546,67,358,30,33,486,6,488,497,515,219,276,0,0,0,0,0,384,30,1,333,25,3,26,30,694,219
118,535,184,453,274,54,476,122,390,217,6,492,488,520,248,0,0,15,0,0,0,71,16,116,171,305,315,30,75,963,248
119,619,85,410,311,66,544,33,341,266,0,459,486,555,174,9,0,9,0,0,0,110,32,42,302,240,273,36,68,1010,174
120,620,202,515,99,64,554,140,454,53,0,504,506,490,172,0,0,0,0,1,0,21,13,81,211,335,377,28,77,1029,172
121,451,80,87,514,66,394,29,26,461,0,513,490,497,206,302,0,0,0,0,0,396,23,2,350,42,2,18,24,704,206
122,312,97,117,655,63,244,30,50,600,12,465,492,543,209,256,0,0,0,0,0,371,11,7,202,36,15,22,35,727,209
123,333,88,94,631,69,265,15,25,582,0,505,470,525,225,285,0,0,0,1,0,366,14,5,227,38,0,22,25,662,225
124,852,94,116,92,66,792,46,61,33,0,506,480,514,244,280,0,0,0,0,0,366,18,135,611,53,13,37,48,688,244
125,297,78,90,699,76,230,21,22,645,11,489,474,537,285,260,0,0,0,0,0,380,21,8,189,40,0,22,22,644,285
126,659,92,434,240,70,607,24,378,178,3,496,470,534,215,5,0,10,0,0,0,84,24,101,283,292,298,40,80,975,215
127,699,104,417,220,60,633,52,344,159,11,463,518,519,138,0,0,13,0,0,0,125,34,43,372,261,300,20,44,1061,138
128,703,79,244,331,67,633,29,180,266,5,508,490,502,331,76,0,32,0,0,0,248,29,174,396,223,135,32,45,782,331
129,642,282,137,146,69,591,219,75,83,15,506,477,517,259,224,0,0,0,0,0,337,20,57,487,101,48,25,27,724,259
130,767,93,339,203,60,709,36,284,124,9,493,492,515,320,38,0,4,0,0,0,176,19,216,432,262,213,38,71,842,320
131,314,83,106,667,70,253,21,41,605,0,501,480,519,244,260,0,0,0,0,0,375,21,1,210,43,6,31,35,676,244
132,337,98,104,647,63,273,38,43,587,0,510,514,476,238,251,0,0,0,0,0,381,33,1,211,61,13,26,30,703,238
133,712,95,262,221,66,649,39,181,158,19,505,481,514,255,144,0,0,0,0,0,241,32,108,501,147,138,23,43,791,255
134,695,90,248,300,65,623,34,199,240,2,479,507,514,268,102,0,15,0,0,0,262,32,115,448,175,146,32,53,830,268
135,577,225,494,139,63,520,175,431,67,1,483,481,536,249,2,0,0,0,0,0,26,12,123,194,323,358,33,73,945,249
136,642,84,505,221,48,588,15,436,176,0,504,496,500,113,0,0,7,0,0,0,8,15,35,250,336,380,29,56,1102,113
137,470,77,131,509,68,401,27,68,452,0,507,491,502,241,245,0,0,0,0,0,350,26,25,331,70,32,24,36,707,241
138,773,115,119,191,73,719,62,55,133,13,481,492,527,217,229,0,1,0,0,0,387,42,67,604,60,10,24,45,765,217
139,392,81,122,592,75,340,29,57,530,0,492,486,522,236,238,0,1,0,0,0,376,29,10,267,71,15,25,42,720,236
140,346,101,136,591,73,298,47,81,534,0,514,485,501,259,253,0,0,0,0,0,345,47,1,250,47,41,33,40,701,259
141,719,110,302,191,64,654,43,230,130,12,497,488,515,301,114,0,5,0,0,0,222,39,168,437,177,162,22,68,768,301
142,401,87,95,621,65,354,22,27,566,5,485,477,538,230,231,0,0,0,0,0,380,22,12,278,67,0,25,27,744,230
143,668,189,157,250,73,608,118,105,197,3,515,479,506,239,163,0,3,0,0,0,325,62,68,474,134,48,22,57,792,239
144,353,88,83,599,64,287,32,33,555,0,528,466,506,176,313,0,0,0,0,0,378,25,3,250,37,0,31,33,731,176
145,588,93,150,378,59,532,31,90,316,1,462,512,526,173,232,0,0,0,0,0,377,27,32,463,52,37,28,53,797,173
146,473,78,89,538,70,409,21,33,474,0,470,504,526,195,252,0,0,0,0,0,407,21,2,364,45,2,28,31,742,195
147,572,204,493,151,61,503,148,434,89,8,492,501,507,279,19,0,0,0,0,0,19,14,120,192,301,369,31,65,903,279
148,603,80,538,213,66,543,17,474,151,7,478,501,521,257,0,0,1,0,0,0,0,14,132,183,317,394,25,80,935,257
149,312,71,102,675,63,243,23,29,628,8,486,496,518,242,277,0,0,0,0,0,389,23,2,208,35,8,21,21,689,242
150,728,76,501,126,69,679,18,438,79,0,525,460,515,198,0,0,0,0,0,0,3,18,122,268,347,374,26,64,1016,198
151,595,80,455,292,77,537,16,389,240,18,536,494,470,201,1,0,0,0,1,0,79,16,77,209,328,307,36,82,999,201
152,436,76,108,565,65,376,25,57,501,5,497,489,514,217,250,0,0,0,0,0,389,25,4,319,57,12,31,45,747,217
153,493,365,487,94,57,440,304,421,40,3,483,489,528,245,4,0,0,0,0,0,36,10,64,131,303,357,37,64,963,245
154,376,82,122,601,64,311,29,52,546,19,507,453,540,267,255,0,1,0,0,0,351,29,11,251,52,10,28,42,690,267
155,646,110,248,306,76,584,46,192,251,0,506,497,497,282,114,0,13,0,0,0,254,45,124,426,158,135,47,57,791,282
156,620,310,144,165,74,550,258,83,112,0,485,492,523,235,187,0,0,0,0,0,347,53,62,455,95,36,28,47,768,235
157,588,82,471,292,67,537,30,411,231,0,497,500,503,135,0,0,32,0,0,0,81,30,52,225,305,322,41,89,1074,135
158,463,104,109,500,62,389,38,54,434,24,511,481,508,293,262,0,0,0,0,0,385,18,5,351,37,11,38,43,646,293
159,545,251,524,109,68,497,189,466,46,0,513,494,493,236,3,0,0,0,0,0,4,11,96,137,353,386,33,80,962,236
160,651,101,183,295,67,597,35,122,239,6,510,508,482,243,203,0,0,0,0,0,313,35,72,490,104,78,32,44,756,243
161,643,78,439,267,65,593,21,370,208,2,506,489,505,202,8,0,15,0,0,0,89,21,83,281,299,295,32,75,992,202
162,397,78,85,585,69,342,22,29,518,3,506,499,495,223,286,0,0,0,0,0,400,21,4,298,44,0,29,29,691,223
163,642,176,263,242,70,585,113,210,177,6,465,504,531,251,107,0,1,0,0,0,269,55,90,460,122,139,45,71,840,251
164,433,88,101,593,67,380,23,41,535,7,476,541,483,244,218,0,0,0,0,0,429,23,4,326,54,2,30,39,742,244
165,420,95,87,600,68,368,33,27,533,4,457,497,546,230,230,0,0,0,0,0,395,25,5,306,62,0,27,27,735,230
166,373,99,95,618,67,305,37,39,545,19,509,484,507,297,248,0,1,0,2,0,377,25,5,247,56,0,31,39,648,297
167,659,85,544,148,64,600,37,481,91,7,507,497,496,396,0,0,0,0,0,0,16,33,272,229,297,371,41,110,820,396
168,592,141,534,169,63,539,75,459,108,15,513,495,492,290,1,0,0,0,1,0,12,15,154,189,308,388,40,71,906,290
169,624,153,129,316,71,564,95,78,256,10,471,496,533,219,207,0,0,0,4,0,380,42,25,509,51,20,24,58,784,219
170,542,263,485,117,59,482,203,430,51,0,510,490,500,201,34,0,0,0,1,0,18,25,87,180,297,371,32,59,965,201
171,542,294,508,95,61,492,230,450,35,0,463,485,552,158,0,0,0,0,1,0,0,9,28,177,315,383,33,67,1049,158
172,598,195,225,103,66,523,139,169,41,1,528,467,505,145,313,0,0,0,3,0,261,26,37,468,20,103,24,66,728,145
173,656,116,202,267,66,590,44,143,215,14,499,472,529,249,193,0,0,0,0,0,296,16,71,473,107,67,37,76,757,249
174,663,235,405,100,63,613,155,351,38,12,518,470,512,349,34,0,0,0,0,0,135,16,219,317,284,247,38,104,820,349
175,691,91,93,313,67,631,31,36,246,3,505,485,510,208,245,0,0,0,4,0,378,23,31,541,75,2,34,34,739,208
176,389,113,98,607,73,326,44,35,548,14,470,500,530,243,220,0,1,0,3,0,388,23,3,278,47,2,33,33,724,243
177,566,84,83,435,64,502,34,22,361,5,509,492,499,166,268,0,0,0,0,0,386,34,12,441,54,2,20,20,758,166
178,691,143,203,253,66,630,86,142,190,1,472,503,525,192,144,0,20,0,1,0,297,53,76,519,111,96,27,46,857,192
179,714,169,453,108,56,657,112,388,40,0,499,481,520,120,0,0,0,0,0,0,49,16,31,318,328,324,31,64,1077,120
180,563,114,493,263,67,503,54,416,213,13,501,505,494,271,0,0,8,0,1,0,65,30,173,202,293,341,23,75,928,271
181,547,99,171,387,72,475,37,108,334,15,495,465,540,218,224,0,1,0,0,0,314,37,28,407,66,50,28,58,751,218
182,649,99,181,332,73,589,34,120,265,13,492,476,532,230,166,0,0,0,0,0,325,33,63,493,96,66,40,54,791,230
183,428,76,116,568,65,368,35,66,503,0,474,508,518,210,247,0,0,0,0,0,398,35,4,325,43,10,28,56,762,210
184,576,254,413,108,65,529,204,344,62,0,485,492,523,199,84,0,0,0,0,0,125,30,44,297,212,278,33,66,940,199
185,622,94,352,259,75,564,58,292,191,3,499,513,488,243,98,0,10,1,1,0,179,51,137,372,191,223,34,69,865,243
186,839,90,116,107,66,781,23,64,40,1,519,492,489,168,282,0,0,0,0,0,379,22,87,662,32,18,42,46,741,168
187,411,424,123,215,65,356,367,68,156,0,501,504,495,258,262,0,0,0,26,0,366,35,20,282,65,18,34,50,689,258
188,354,83,101,616,65,288,32,51,540,0,506,497,497,191,281,0,0,0,0,0,379,31,1,254,34,7,34,44,720,191
189,618,248,458,113,63,555,188,401,62,3,486,505,509,163,0,0,0,0,0,0,57,10,43,222,325,340,31,61,1046,163
190,529,85,97,477,58,477,17,33,413,3,476,508,516,178,254,0,0,0,0,0,399,15,9,426,47,0,32,33,765,178
191,446,86,82,558,63,378,19,27,505,7,497,486,517,235,265,0,0,0,0,0,403,19,8,332,44,0,27,27,701,235
192,653,152,479,154,62,598,85,424,88,0,510,486,504,158,0,0,0,0,0,0,52,17,47,273,319,341,38,83,1037,158
193,627,215,497,103,58,570,145,440,46,4,488,486,526,160,0,0,0,0,1,0,39,10,76,253,308,362,33,78,1045,160
194,371,75,94,658,66,310,17,40,595,10,505,478,517,237,236,0,0,0,0,0,386,17,12,226,83,7,28,33,735,237
195,625,107,227,357,68,566,48,166,306,3,475,490,535,259,116,0,31,0,0,0,279,26,104,417,147,105,34,61,830,259
196,710,126,169,223,58,629,70,110,162,7,497,509,494,201,214,0,0,0,0,0,338,48,25,563,62,62,33,48,777,201
197,699,92,161,321,82,640,34,101,265,20,507,467,526,252,145,0,17,0,0,0,315,21,106,477,159,57,33,44,808,252
198,719,141,154,190,63,650,90,108,127,6,516,456,528,185,233,0,0,0,0,0,320,54,26,588,61,51,33,57,796,185
199,454,350,103,290,71,382,296,44,231,15,488,492,520,257,232,0,0,0,0,0,378,21,10,325,54,14,30,30,711,257
200,645,167,507,113,62,578,99,448,52,9,487,501,512,212,6,0,0,0,0,0,32,12,118,234,296,366,30,82,974,212
201,642,83,115,335,65,580,20,61,265,2,497,515,488,125,260,0,0,0,1,0,396,20,4,530,48,20,31,41,803,125
202,651,104,139,359,69,594,40,92,306,3,507,506,487,221,178,0,12,0,1,0,366,36,81,464,129,42,29,50,814,221
203,399,85,108,638,64,332,30,49,577,18,461,526,513,265,206,0,0,0,0,0,411,20,6,270,59,14,34,35,741,265
204,306,96,87,675,59,247,38,30,614,3,497,490,513,270,277,0,0,0,1,0,395,14,0,198,49,2,28,28,662,270
205,454,375,492,104,70,400,323,439,33,0,459,469,572,279,5,0,0,0,0,0,17,8,116,117,281,363,40,76,916,279
206,736,94,94,248,70,674,34,40,193,4,496,522,482,188,258,0,0,0,2,0,423,32,68,559,47,0,31,40,757,188
207,348,83,107,635,64,271,27,53,578,13,503,481,516,256,263,0,0,0,0,0,380,27,4,238,32,9,36,44,686,256
208,419,96,125,558,76,379,30,62,490,10,482,479,539,213,226,0,0,0,1,0,354,12,24,283,87,21,32,41,758,213
209,622,266,444,97,71,549,216,385,43,0,500,487,513,240,0,0,0,0,0,0,77,18,119,219,325,321,31,64,953,240
210,395,397,100,280,69,342,336,19,214,24,534,458,508,274,259,0,0,0,6,0,360,54,18,281,53,2,15,17,661,274
211,603,230,493,118,56,544,165,434,63,5,488,480,532,188,0,0,0,0,0,0,20,8,56,223,306,365,38,69,1023,188
212,667,108,301,315,69,611,41,241,254,15,450,524,526,262,40,0,30,0,1,0,261,32,133,420,190,166,37,75,900,262
213,590,124,480,228,72,535,54,425,166,4,535,483,482,162,6,0,7,0,0,0,45,33,66,211,320,342,40,83,1022,162
214,198,124,90,757,61,125,57,34,707,6,520,491,489,304,270,0,0,0,2,0,384,27,2,94,29,1,28,33,625,304
215,858,83,94,109,61,790,24,35,38,10,527,503,470,200,295,0,0,0,0,0,391,13,124,606,63,12,19,23,697,200
216,391,93,93,598,71,341,28,38,537,4,504,460,536,240,254,0,2,0,0,0,372,19,10,266,66,1,35,37,708,240
217,694,86,138,257,60,638,24,69,211,2,506,484,510,216,265,0,0,0,0,0,369,24,54,544,52,25,20,44,728,216
218,331,76,99,643,62,275,20,39,575,0,516,487,497,193,289,0,2,0,0,0,387,20,10,218,56,2,24,37,716,193
219,491,102,97,498,72,445,23,34,428,8,483,467,550,195,240,0,0,0,0,0,365,23,3,402,42,0,33,34,743,195
220,611,102,458,253,71,558,38,402,197,8,481,499,520,147,5,0,8,0,0,0,82,25,33,259,291,325,29,77,1056,147
221,560,76,432,366,65,508,24,370,304,6,463,495,542,212,1,0,31,0,0,0,112,24,113,239,266,283,42,87,1000,212
222,291,87,144,639,70,231,29,92,579,0,502,486,512,189,269,0,0,0,0,0,363,25,2,191,40,19,30,73,742,189
223,642,94,492,208,64,572,44,421,142,12,491,489,520,188,0,0,0,0,0,0,26,44,69,274,297,355,30,66,1003,188
224,792,106,90,196,65,740,32,34,130,19,461,504,535,203,251,0,0,0,0,0,390,18,80,620,40,1,24,33,752,203
225,483,89,94,529,58,426,23,25,461,14,505,471,524,232,247,0,4,0,1,0,376,18,17,346,75,0,25,25,717,232
226,423,91,87,598,76,362,44,36,535,0,495,519,486,257,225,0,0,0,0,0,400,44,4,301,61,5,31,31,720,257
227,646,277,156,145,66,590,214,102,86,0,482,475,543,235,210,0,0,0,1,0,343,27,49,503,79,43,23,59,757,235
228,582,393,108,118,62,511,327,50,70,1,516,493,491,342,237,0,0,0,1,0,386,20,95,379,84,10,32,40,617,342
229,334,86,104,653,77,267,20,53,599,22,476,493,531,245,246,0,0,0,0,0,397,18,0,228,39,0,40,53,716,245
230,400,83,127,589,66,344,25,68,511,10,484,483,533,203,235,0,0,0,0,0,367,19,8,280,62,19,37,49,755,203
231,845,95,106,107,76,790,25,49,44,28,500,478,522,180,271,0,0,0,0,0,392,23,84,664,44,2,25,47,756,180
232,584,79,446,311,69,524,14,391,251,8,516,509,475,214,11,0,0,0,0,0,104,12,105,206,314,305,47,86,974,214
233,332,119,91,646,61,267,57,37,582,5,491,514,495,264,251,0,0,0,0,0,412,27,2,217,48,0,37,37,684,264
234,690,86,250,291,75,640,31,182,233,20,488,521,491,263,108,0,0,0,0,0,286,24,107,466,173,131,43,51,843,263
235,628,98,285,321,72,566,22,236,267,19,500,486,514,286,96,0,14,0,0,0,213,22,147,379,187,174,37,62,824,286
236,652,280,225,116,70,592,209,162,70,0,475,496,529,287,157,0,0,0,0,0,266,28,91,450,140,119,30,43,746,287
237,712,107,344,212,74,658,50,284,147,14,475,529,496,334,51,0,2,0,0,0,246,46,148,448,204,180,40,104,819,334
238,578,86,472,307,57,516,24,394,246,12,507,505,488,150,0,0,32,0,0,0,67,24,62,199,316,325,31,69,1042,150
239,400,115,93,579,59,334,55,27,523,11,507,499,494,279,254,0,6,0,1,0,386,20,32,274,50,3,24,24,671,279
240,307,81,108,677,57,249,17,45,594,2,489,492,519,217,270,0,0,0,0,0,376,15,0,207,42,7,26,38,690,217
241,647,69,420,298,66,590,20,333,241,4,529,458,513,218,0,0,14,0,0,0,52,20,109,222,366,299,17,34,970,218
242,500,83,135,500,59,437,23,73,446,2,466,520,514,225,223,0,0,0,0,0,395,23,19,378,59,22,28,51,756,225
243,720,159,197,186,68,661,97,141,130,11,469,511,520,270,170,0,0,0,0,0,335,50,61,565,75,91,36,50,770,270
244,711,78,264,270,68,653,30,201,220,8,493,505,502,270,109,0,11,0,0,0,261,30,135,462,184,147,28,54,842,270
245,586,197,494,156,61,519,131,428,99,0,500,498,502,220,6,0,0,0,0,0,17,25,96,213,300,380,28,48,957,220
246,389,111,84,598,63,330,55,21,532,15,510,497,493,289,255,0,0,0,0,0,398,35,10,267,59,0,21,21,664,289
247,315,99,100,662,64,257,22,39,612,0,491,505,504,197,260,0,0,0,0,0,394,22,1,211,46,2,28,37,733,197
248,356,85,146,632,66,278,13,90,572,14,462,507,531,256,215,0,0,0,0,0,369,13,1,240,38,24,56,66,711,256
249,556,264,497,120,63,495,204,446,49,4,467,494,539,213,0,0,0,0,0,0,19,22,103,195,297,356,41,90,985,213
250,356,91,91,613,68,300,15,29,544,9,525,482,493,228,281,0,0,0,0,0,389,15,3,246,54,0,27,29,669,228
251,637,99,465,229,66,589,24,407,174,5,489,503,508,179,4,0,2,0,0,0,63,14,67,290,298,333,35,74,1020,179
252,325,94,93,686,65,265,38,40,614,5,479,500,521,248,237,0,0,0,0,0,407,38,0,230,35,1,38,39,714,248
253,651,87,157,342,69,597,31,96,272,2,511,482,507,197,194,0,3,0,0,0,355,25,64,493,103,46,36,50,801,197
254,732,181,142,167,61,665,119,78,105,3,475,504,521,191,217,0,0,0,1,0,363,18,44,591,63,44,27,34,779,191
255,690,201,291,98,73,625,141,233,40,0,493,526,481,216,147,0,0,0,0,0,242,19,109,468,157,159,35,74,823,216
256,682,325,93,119,63,618,261,48,54,8,466,527,507,248,218,0,0,0,0,0,414,44,56,515,50,15,30,33,741,248
257,650,99,432,261,58,594,29,374,197,8,454,496,550,124,0,0,10,0,0,0,90,29,31,325,267,308,32,66,1078,124
258,360,101,171,562,58,307,40,117,508,1,497,498,505,207,248,0,1,0,0,0,345,40,21,253,54,69,35,48,766,207
259,415,112,107,551,59,367,47,47,498,4,465,488,547,250,256,0,0,0,0,0,395,20,17,313,47,2,30,45,713,250
260,622,117,475,113,72,564,45,408,68,20,475,502,523,191,101,0,0,0,0,0,75,31,90,362,152,325,39,83,914,191
261,309,76,110,682,66,248,27,52,611,7,496,527,477,212,257,0,0,0,0,0,418,27,5,205,43,16,24,36,733,212
262,585,100,475,273,65,524,35,403,205,2,489,498,513,178,2,0,23,0,0,0,48,35,99,231,290,338,29,65,991,178
263,645,93,267,334,73,587,55,205,267,6,489,510,501,293,88,0,0,0,0,0,258,55,119,409,178,149,37,56,827,293
264,612,90,244,350,63,536,26,176,293,21,463,517,520,290,141,0,9,0,0,0,311,25,96,416,120,105,26,71,762,290
265,304,86,97,683,62,235,43,38,631,2,516,497,487,251,268,0,0,0,0,0,407,36,3,199,36,0,37,38,698,251
266,846,95,227,111,58,794,27,168,50,3,477,503,520,271,163,0,0,0,0,0,297,22,181,583,134,114,26,54,771,271
267,682,265,168,109,59,619,201,97,45,14,519,474,507,217,217,0,0,0,3,0,321,34,36,530,80,57,32,40,759,217
268,559,81,485,308,63,493,22,415,249,4,494,496,510,180,4,0,14,0,0,0,70,22,79,183,310,328,31,87,1003,180
269,592,200,517,128,63,528,150,456,69,1,488,508,504,203,0,0,0,0,1,0,2,33,80,215,307,393,27,63,1001,203
270,683,98,101,284,74,630,24,36,235,16,481,488,531,161,260,0,0,0,0,0,384,23,5,592,34,6,29,30,780,161
271,630,176,499,121,63,569,118,442,61,0,486,529,485,207,11,0,0,0,0,0,37,18,110,250,317,383,25,59,983,207
272,187,314,457,291,62,132,252,391,237,0,510,487,503,231,189,0,1,0,1,0,102,122,0,91,41,298,30,93,781,231
273,685,105,226,285,71,625,47,165,231,7,494,494,512,283,128,0,8,0,0,0,280,37,131,444,163,119,34,46,792,283
274,773,82,313,113,60,709,14,257,61,10,522,473,505,297,159,0,0,0,0,0,212,14,181,500,157,183,37,74,754,297
275,342,96,102,669,62,284,36,46,604,3,461,516,523,243,229,0,0,0,0,0,393,19,0,238,46,7,29,39,730,243
276,630,96,449,263,62,575,37,384,210,0,509,477,514,140,0,0,16,0,0,0,63,37,31,268,304,315,39,69,1066,140
277,798,84,92,210,63,738,21,41,146,0,489,509,502,154,253,0,0,0,0,0,402,21,48,650,40,3,36,38,792,154
278,720,104,482,126,66,653,50,424,65,0,520,467,513,319,2,0,0,0,0,0,2,36,220,228,320,352,42,72,873,319
279,594,160,190,268,73,538,109,126,208,5,498,477,525,223,215,0,0,0,0,0,322,36,51,462,65,63,40,63,763,223
280,870,83,104,112,61,795,41,53,39,0,482,505,513,285,270,0,0,0,0,0,391,29,192,572,31,6,30,47,643,285
281,696,79,337,220,69,640,18,273,161,12,497,490,513,378,99,0,0,0,0,0,206,18,184,399,204,190,38,83,726,378
282,669,114,212,318,68,619,56,156,248,2,475,474,551,250,119,0,16,0,0,0,267,36,120,444,174,110,31,46,831,250
283,774,90,161,136,67,714,21,102,82,9,481,489,530,234,272,0,0,0,0,0,334,19,139,539,36,49,26,53,694,234
284,426,89,92,594,76,372,37,35,535,0,502,486,512,245,223,0,0,0,0,0,401,37,0,304,68,0,34,35,734,245
285,646,118,542,127,66,601,54,471,66,7,484,511,505,239,1,0,0,0,1,0,12,17,158,239,315,397,34,74,960,239
286,845,80,95,119,60,776,22,42,53,3,512,481,507,133,301,0,0,0,0,0,378,22,63,692,27,0,27,42,763,133
287,674,174,242,196,69,616,124,181,131,0,506,481,513,276,145,0,0,0,2,0,252,65,95,463,145,120,44,61,776,276
288,602,265,173,162,74,545,210,105,88,11,496,492,512,328,224,0,0,0,0,0,373,30,54,436,76,21,18,84,631,328
289,330,109,90,670,64,268,46,30,613,5,487,510,503,263,237,0,0,0,0,0,409,32,3,220,46,0,30,30,699,263
290,689,246,117,108,75,627,197,51,44,0,507,465,528,248,265,0,0,0,1,0,350,25,57,530,56,10,22,41,671,248
291,824,96,114,118,69,764,32,47,50,8,530,498,472,180,279,0,0,0,0,0,373,27,70,636,60,10,25,37,721,180
292,286,85,89,667,65,216,19,21,609,4,532,465,503,258,308,0,0,0,0,0,352,19,1,184,32,0,21,21,611,258
293,392,83,116,621,66,329,16,55,562,9,474,516,510,264,222,0,0,0,1,0,386,15,18,249,67,14,20,41,707,264
294,822,87,121,136,68,769,18,63,68,2,497,516,487,173,266,0,0,0,0,0,397,14,92,624,62,13,36,50,747,173
295,740,92,168,236,67,665,31,113,182,9,463,504,533,211,197,0,0,0,0,0,353,29,64,566,68,56,34,57,789,211
296,640,209,251,106,66,579,150,195,45,5,483,494,523,207,228,0,0,0,1,0,322,27,32,502,72,79,31,116,767,207
297,438,91,99,597,66,379,36,37,546,0,446,519,535,170,209,0,0,0,0,0,418,20,1,320,59,1,26,36,828,170
298,657,92,158,307,63,594,24,105,255,8,492,510,498,188,223,0,4,0,0,0,352,20,42,517,76,63,33,42,798,188
299,710,74,429,225,62,654,19,375,171,0,489,481,530,114,0,0,10,0,0,0,90,19,33,327,315,292,37,83,1105,114
300,300,71,123,685,69,225,22,67,627,6,481,496,523,258,252,0,0,0,0,0,387,19,4,179,44,18,36,49,689,258
301,701,277,157,102,68,633,216,90,51,3,474,510,516,210,195,0,0,0,0,0,358,28,47,535,93,44,26,46,783,210
302,584,113,321,289,72,517,54,270,237,14,513,481,506,373,121,0,0,0,0,0,200,50,129,340,169,188,40,82,719,373
303,497,310,522,95,64,436,247,462,35,2,480,493,527,216,12,0,0,0,0,0,6,11,72,139,297,386,35,76,966,216
304,613,83,501,243,60,551,38,446,182,1,479,502,519,227,0,0,3,0,4,0,35,26,93,235,287,362,38,84,991,227
305,660,252,295,105,75,605,193,243,47,9,502,507,491,286,113,0,0,0,2,0,253,32,123,428,172,159,38,84,811,286
306,802,77,108,152,69,727,10,61,95,0,500,512,488,148,292,0,0,0,0,0,383,10,85,601,41,19,29,42,745,148
307,682,90,151,368,75,627,38,86,297,7,479,490,531,264,134,0,20,0,1,0,353,34,107,473,154,40,24,46,791,264
308,559,122,507,230,66,505,65,435,169,5,509,466,525,219,16,0,6,0,0,0,27,42,92,224,280,348,39,87,960,219
309,523,115,98,468,63,462,73,32,410,11,472,489,539,237,233,0,0,0,0,0,385,48,7,412,43,3,27,29,751,237
310,649,231,435,116,64,576,176,374,61,7,484,523,493,280,5,0,0,0,0,0,103,15,132,265,307,316,28,58,914,280
311,669,103,540,115,71,619,38,473,64,0,540,470,490,249,2,0,0,0,0,0,0,22,173,229,345,380,37,93,945,249
312,633,89,445,260,73,571,26,380,197,7,508,477,515,251,0,0,15,0,0,0,63,25,158,262,293,311,38,69,930,251
313,661,118,460,200,61,602,52,399,140,4,485,492,523,128,0,0,0,0,0,0,59,17,21,298,299,327,31,72,1069,128
314,346,83,110,657,67,275,30,40,590,16,480,525,495,254,237,0,0,0,0,0,411,30,0,233,42,3,26,37,697,254
315,342,80,136,625,66,278,19,79,574,3,481,504,515,251,251,0,0,0,0,0,393,19,4,231,46,16,28,63,702,251
316,539,324,447,109,64,470,254,394,54,10,485,488,527,196,17,0,0,0,0,0,73,12,62,195,275,317,37,77,986,196
317,767,92,176,229,70,702,36,116,162,12,504,491,505,226,166,0,0,0,3,0,321,36,90,552,128,63,29,53,802,226
318,615,204,523,87,67,563,151,449,35,0,474,509,517,114,4,0,0,0,0,0,32,11,26,253,309,379,32,70,1084,114
319,533,91,438,362,64,470,27,371,309,1,500,492,508,235,12,0,0,0,0,0,93,27,91,173,297,302,27,69,943,235
320,430,79,84,597,64,368,24,30,535,10,495,490,515,221,246,0,0,0,0,0,388,24,9,303,63,7,22,23,746,221
321,543,258,519,123,57,491,200,443,63,0,482,492,526,123,0,0,0,0,0,0,11,15,6,177,312,374,31,69,1074,123
322,543,274,472,135,69,489,217,417,70,10,479,467,554,222,7,0,0,0,0,0,32,12,54,174,311,338,38,79,981,222
323,607,178,525,133,57,543,124,458,63,4,470,539,491,177,0,0,0,0,0,0,45,14,62,227,299,396,31,62,1015,177
324,391,112,97,638,79,341,59,44,583,0,495,469,536,214,183,0,14,0,0,0,373,46,19,253,88,0,36,44,813,214
325,572,78,149,380,66,500,32,87,332,13,504,491,505,260,255,0,0,0,0,0,355,31,1,467,32,46,38,41,704,260
326,554,286,498,95,63,495,222,440,32,11,509,482,509,213,4,0,0,0,0,0,30,8,91,157,330,359,34,81,987,213
327,726,90,269,219,77,668,17,201,163,23,487,498,515,268,119,0,4,0,0,0,236,17,116,472,182,150,32,51,804,268
328,320,88,84,655,64,265,35,29,589,0,531,476,493,225,289,0,0,0,0,0,376,34,6,220,44,1,21,28,693,225
329,520,155,519,221,63,457,93,462,174,4,502,492,506,246,22,0,3,0,0,0,31,15,60,160,281,373,46,89,944,246
330,551,120,496,240,68,490,52,441,175,5,479,496,525,316,25,0,8,0,0,0,36,19,195,213,240,366,42,75,847,316
331,585,267,478,102,64,525,203,407,43,0,502,503,495,204,4,0,0,0,0,0,53,16,71,190,326,344,28,63,974,204
332,637,115,427,256,65,577,46,359,198,14,556,461,483,157,0,0,17,0,0,0,74,40,45,243,332,296,32,63,1037,157
333,577,253,470,133,55,524,185,427,67,0,524,478,498,247,12,0,0,0,1,0,23,12,108,184,336,360,42,67,956,247
334,416,108,101,562,62,357,59,41,487,6,526,470,504,246,251,0,0,0,0,0,375,59,1,311,46,1,40,40,704,246
335,428,411,484,95,67,368,344,424,45,4,471,484,545,247,15,0,0,0,0,0,33,8,83,79,287,344,35,80,938,247
336,788,136,128,138,66,723,76,55,82,2,492,491,517,223,244,0,0,0,0,0,374,30,104,580,43,21,14,34,715,223
337,664,92,230,322,69,611,36,179,252,0,478,484,538,264,123,0,0,0,0,0,268,31,111,447,154,123,41,56,814,264
338,661,87,295,296,69,606,27,239,227,12,494,507,499,269,92,0,11,0,0,0,212,27,126,431,175,193,42,46,842,269
339,313,97,103,658,57,250,22,41,605,13,504,497,499,251,272,0,0,0,1,0,409,10,6,208,42,1,26,40,680,251
340,594,103,136,416,71,531,40,75,361,15,502,509,489,231,180,0,2,0,0,0,383,21,70,410,115,22,36,53,791,231
341,354,81,124,640,74,300,24,65,590,0,458,531,511,217,227,0,0,0,0,0,413,24,1,245,55,14,38,51,762,217
342,601,88,98,375,67,535,37,46,312,9,540,459,501,218,271,0,0,0,1,0,365,29,57,422,73,9,24,37,721,218
343,646,142,493,150,66,586,83,434,88,5,491,514,495,134,3,0,0,0,0,0,35,13,39,256,319,373,31,61,1062,134
344,649,278,197,108,65,579,216,142,42,12,491,483,526,231,203,0,0,0,1,0,308,41,31,506,63,70,32,72,760,231
345,551,109,466,313,60,490,51,409,259,2,497,485,518,188,1,0,10,0,0,0,57,29,61,179,309,335,34,74,1023,188
346,646,120,472,187,67,577,45,414,133,20,489,484,527,216,8,0,0,0,0,0,53,20,88,246,293,329,37,85,973,216
347,872,99,114,109,65,819,46,51,59,11,494,510,496,249,241,0,0,0,0,0,412,19,110,646,64,8,29,43,737,249
348,532,286,487,109,69,482,226,422,55,0,505,496,499,151,17,0,0,0,0,0,26,8,37,162,319,362,34,60,1034,151
349,608,225,315,145,74,557,157,256,83,10,500,502,498,259,133,0,0,0,0,0,240,36,104,404,153,172,30,84,804,259
350,359,104,90,601,70,308,32,32,536,5,521,472,507,201,276,0,0,0,0,0,370,22,1,251,57,7,25,25,712,201
351,634,170,520,111,65,574,113,456,48,0,483,520,497,126,0,0,0,0,0,0,20,15,37,254,306,394,29,62,1065,126
352,603,165,533,125,74,543,110,475,68,0,478,483,539,154,0,0,0,0,0,0,9,11,60,232,294,385,30,90,1042,154
353,717,83,117,274,71,653,30,64,226,0,503,493,504,163,238,0,0,0,0,0,363,30,31,569,83,31,25,33,810,163
354,398,406,508,110,68,341,359,443,40,7,473,500,527,276,10,0,0,0,1,0,32,11,77,44,296,357,41,86,914,276
355,668,145,476,118,59,610,75,410,58,4,509,504,487,119,34,0,0,0,0,0,41,17,49,314,295,344,28,66,1038,119
356,627,99,223,300,61,572,35,162,238,11,518,497,485,242,190,0,1,0,0,0,284,23,68,456,115,115,39,47,776,242
357,710,91,336,176,61,637,33,273,113,17,477,496,527,274,126,0,0,0,0,0,205,33,141,466,135,184,34,89,799,274
358,348,85,102,639,76,288,35,35,575,22,490,531,479,239,250,0,0,0,1,0,421,23,3,237,51,0,28,35,716,239
359,603,92,436,288,69,549,24,374,236,12,505,481,514,164,12,0,20,0,0,0,102,23,58,262,286,302,34,72,1031,164
360,857,79,93,114,70,801,21,42,54,8,484,492,524,175,287,0,0,0,0,0,388,18,78,694,29,5,25,37,751,175
361,327,80,107,627,68,277,22,49,560,0,532,489,479,205,291,0,1,0,0,0,383,21,17,225,52,14,34,35,703,205
362,861,110,97,96,57,811,48,34,34,5,500,491,509,175,279,0,0,0,5,0,383,18,79,688,51,6,26,28,757,175
363,299,77,109,673,67,232,27,36,624,12,489,471,540,255,275,0,0,0,0,0,376,27,1,188,43,4,19,32,676,255
364,585,93,162,355,67,516,40,110,292,0,475,495,530,204,238,0,0,0,0,0,333,39,21,460,48,49,41,61,754,204
365,545,84,112,407,64,482,18,55,347,3,508,510,482,156,288,0,0,0,0,0,388,18,1,449,32,12,37,43,749,156
366,556,256,514,101,64,505,181,461,45,6,490,508,502,150,9,0,0,0,0,0,1,24,21,196,301,409,21,52,1048,150
367,675,102,520,142,60,616,49,452,81,4,513,497,490,198,1,0,0,0,3,0,19,22,107,287,316,379,39,73,1004,198
368,496,305,543,81,72,439,245,491,25,10,499,522,479,164,3,0,0,0,0,0,10,8,56,126,312,425,34,66,1046,164
369,667,90,143,306,67,611,27,77,255,11,540,471,489,206,227,0,12,0,3,0,336,22,81,476,121,40,31,37,775,206
370,322,96,88,663,63,270,38,28,590,7,520,496,484,276,268,0,0,0,0,0,398,37,4,222,46,0,28,28,657,276
371,682,89,222,316,70,608,33,168,259,6,534,492,474,283,121,0,27,0,0,0,285,33,149,406,200,109,25,59,791,283
372,477,102,106,475,69,410,36,43,418,5,520,486,494,171,271,0,0,0,0,0,368,36,3,365,45,4,32,39,741,171
373,455,301,507,143,75,408,239,452,90,0,512,488,500,223,19,0,0,0,0,0,21,10,80,102,304,375,42,77,966,223
374,546,79,133,447,79,488,27,66,373,27,510,491,499,234,216,0,3,1,0,0,365,27,39,406,82,25,25,41,747,234
375,635,340,187,97,70,574,286,126,32,6,484,506,510,302,171,0,0,0,0,0,319,29,81,445,123,81,27,45,722,302
376,478,94,89,515,64,426,31,23,454,16,497,489,514,212,260,0,0,0,0,0,398,29,8,355,65,1,13,22,738,212
377,428,96,116,519,71,366,29,54,463,4,500,466,534,189,270,0,0,0,0,0,355,28,5,320,44,14,32,40,727,189
378,286,115,95,651,67,221,57,43,585,4,497,472,531,231,286,0,0,0,3,0,364,31,0,195,26,12,28,31,679,231
379,358,83,96,640,64,301,16,27,592,6,487,475,538,227,259,0,0,0,0,0,374,16,3,251,50,3,24,24,715,227
380,394,93,112,599,66,336,34,46,542,14,489,470,541,302,236,0,1,0,0,0,374,34,9,281,52,7,22,39,670,302
381,428,340,462,196,72,357,275,405,136,0,503,475,522,295,2,0,0,0,0,0,61,174,48,196,156,300,36,105,878,295
382,376,92,111,597,64,311,26,45,542,13,507,474,519,207,260,0,1,0,0,0,365,25,12,256,53,10,24,35,730,207
383,568,233,512,99,68,511,168,449,45,5,481,520,499,205,20,0,0,0,0,0,46,26,86,208,258,377,38,72,973,205
384,381,126,124,574,67,321,58,60,521,3,472,515,513,307,228,0,2,0,1,0,388,18,3,260,59,16,26,44,656,307
385,339,104,129,622,68,279,34,72,578,5,469,504,527,210,238,0,0,0,1,0,387,20,2,238,41,11,30,61,758,210
386,285,84,111,687,69,233,20,46,637,4,492,477,531,225,264,0,0,1,0,0,376,14,1,196,37,10,30,36,715,225
387,376,91,107,635,68,327,44,48,566,8,482,525,493,299,223,0,0,0,0,0,412,44,0,267,60,12,30,36,694,299
388,543,83,449,369,56,489,29,384,302,3,498,513,489,247,0,0,28,0,0,0,114,29,153,186,301,305,39,79,960,247
389,358,103,112,603,74,301,43,58,537,0,497,514,489,317,250,0,0,0,0,0,402,21,28,222,56,7,35,51,622,317
390,365,82,89,660,60,305,21,34,606,4,480,482,538,262,244,0,0,0,0,0,373,21,2,251,54,6,28,28,708,262
391,373,81,145,604,69,310,37,80,549,0,494,474,532,194,228,0,3,0,0,0,365,36,12,235,72,18,21,62,782,194
392,621,213,483,112,68,550,157,422,60,0,501,471,528,237,3,0,0,0,2,0,12,20,95,211,314,368,27,54,952,237
393,630,84,480,234,72,576,30,430,160,0,488,455,557,221,0,0,0,0,0,0,11,30,103,224,304,340,36,90,975,221
394,599,289,437,100,59,530,230,373,54,5,494,475,531,256,16,0,0,0,0,0,62,9,91,229,295,305,41,68,936,256
395,347,110,134,618,60,290,32,76,559,0,472,515,513,260,231,0,0,0,0,0,370,23,13,220,70,32,27,44,697,260
396,678,143,473,140,66,621,77,413,92,0,517,479,504,238,0,0,1,0,0,0,21,32,126,252,328,353,30,60,965,238
397,474,91,101,562,64,411,33,35,498,15,453,507,540,227,208,0,0,0,0,0,396,32,4,353,58,2,32,33,765,227
398,398,103,90,622,70,350,42,28,564,7,485,510,505,238,217,0,7,0,0,0,412,28,16,269,81,2,26,26,753,238
399,643,193,220,172,69,581,135,152,112,18,495,484,521,274,203,0,0,0,0,0,335,35,37,510,66,60,33,92,724,274
400,631,249,170,164,70,567,190,103,108,10,488,490,522,242,216,0,0,0,4,0,348,29,36,495,61,48,30,55,736,242
401,494,273,520,132,76,442,215,459,72,9,470,516,514,231,5,0,0,0,0,0,47,9,82,140,302,378,34,81,966,231
402,591,367,160,100,78,532,312,107,43,11,483,527,490,281,204,0,0,0,4,0,387,34,30,462,62,35,31,72,724,281
403,434,97,107,602,65,368,37,45,545,7,499,495,506,255,195,0,7,0,0,0,402,31,20,280,88,1,35,44,747,255
404,591,77,460,289,77,532,18,390,222,16,518,480,502,175,6,0,0,0,0,0,54,18,59,211,320,321,30,69,1003,175
405,329,91,97,668,59,279,24,31,607,2,490,527,483,242,256,0,0,0,0,0,426,24,4,225,54,9,22,22,701,242
406,492,329,468,145,64,425,261,408,95,6,484,481,535,295,2,0,0,0,2,0,36,8,104,121,297,338,44,70,900,295
407,755,86,190,323,67,686,15,127,280,5,499,512,489,291,79,0,37,0,0,0,315,15,153,457,227,75,29,52,822,291
408,488,362,478,96,62,439,301,412,32,2,470,510,520,239,14,0,0,0,1,0,74,10,92,173,265,323,48,89,947,239
409,617,85,422,309,65,549,30,363,239,10,508,494,498,178,2,0,13,0,0,0,107,30,74,260,286,292,33,71,1013,178
410,664,87,350,273,69,606,30,289,213,3,513,472,515,305,57,0,4,0,0,0,155,26,188,348,256,216,29,73,836,305
411,414,99,126,570,64,353,38,73,511,1,469,476,555,214,227,0,0,0,0,0,356,35,5,301,50,23,35,50,762,214
412,493,289,512,131,71,432,230,460,67,8,511,510,479,231,4,0,0,0,0,0,22,9,85,113,319,380,49,80,966,231
413,307,78,104,647,80,239,21,47,597,0,508,505,487,235,284,0,0,0,0,0,396,21,0,190,49,13,24,34,669,235
414,621,154,539,110,67,574,95,476,44,0,475,516,509,195,9,0,0,0,0,0,10,19,115,196,304,406,27,70,994,195
415,253,84,86,712,56,193,14,38,640,4,532,494,474,254,309,0,0,0,0,0,394,14,13,146,34,5,32,33,635,254
416,374,80,89,637,66,315,24,28,564,12,495,489,516,259,254,0,0,0,0,0,404,24,14,268,37,0,28,28,684,259
417,697,89,490,157,64,640,29,417,102,13,503,497,500,147,3,0,0,0,0,0,52,20,56,280,339,344,22,73,1054,147
418,661,64,515,196,64,597,18,449,133,0,501,467,532,268,0,0,3,0,0,0,21,16,174,214,302,360,41,89,929,268
419,843,93,106,109,67,786,43,49,34,11,512,475,513,189,282,0,0,0,6,0,363,26,73,672,46,13,28,36,734,189
420,379,107,123,600,68,324,37,53,537,12,467,502,531,236,223,0,0,0,1,0,381,33,4,275,48,10,32,43,727,236
421,710,84,179,302,79,639,22,126,241,21,467,508,525,211,146,0,0,0,0,0,330,22,61,531,107,79,32,47,838,211
422,764,114,129,273,76,705,58,73,199,11,481,521,498,224,144,0,23,0,0,0,367,35,95,567,138,41,32,32,822,224
423,694,91,484,167,64,631,27,428,94,8,484,488,528,148,0,0,0,0,0,0,30,27,66,345,285,354,34,74,1040,148
424,623,247,139,182,63,550,188,82,122,4,505,492,503,210,246,0,0,0,1,0,339,33,28,478,72,52,26,30,736,210
425,393,74,130,628,65,327,26,64,563,20,459,476,565,232,210,0,0,0,0,0,365,26,10,260,67,19,26,45,768,232
426,460,398,105,260,59,397,336,50,187,14,473,501,526,265,218,0,0,0,3,0,397,33,6,322,73,10,27,40,719,265
427,594,93,98,383,75,527,42,42,324,6,497,485,518,172,257,0,0,0,0,0,375,36,8,473,48,7,28,35,769,172
428,387,79,102,603,66,325,23,47,533,0,473,526,501,218,263,0,0,0,0,0,417,21,5,289,36,1,30,46,710,218
429,711,93,225,265,73,651,35,159,213,4,488,512,500,250,133,0,9,0,0,0,294,35,99,508,143,113,36,46,812,250
430,405,107,99,582,67,353,35,47,520,5,481,494,525,241,240,0,0,0,0,0,378,32,5,297,56,12,30,35,719,241
431,878,89,149,103,61,824,27,85,35,0,449,507,544,220,220,0,0,0,0,0,380,27,149,640,49,29,25,56,751,220
432,538,91,109,437,64,478,36,60,367,1,497,502,501,188,261,0,0,0,0,0,395,36,2,429,49,10,30,50,754,188
433,330,91,88,663,69,268,26,30,613,0,497,467,536,200,259,0,0,0,0,0,382,23,0,215,53,0,30,30,737,200
434,410,92,110,574,71,350,30,46,503,17,489,519,492,197,243,0,0,0,0,0,417,30,4,314,36,4,33,42,749,197
435,679,112,202,276,70,620,43,142,228,14,501,498,501,249,161,0,9,0,0,0,320,24,93,489,126,90,38,52,798,249
436,587,216,426,186,68,517,143,368,132,0,482,504,514,343,17,0,0,0,0,0,82,13,160,194,289,311,32,57,817,343
437,760,110,202,102,68,690,59,146,36,6,505,493,502,151,258,0,0,0,1,0,291,37,83,574,46,103,32,43,786,151
438,658,104,223,313,64,592,48,157,245,13,482,481,537,304,138,0,21,0,0,0,314,32,80,456,133,67,32,90,751,304
439,388,271,495,122,67,336,217,423,61,0,525,511,464,295,157,0,0,0,2,0,99,50,123,176,150,317,25,106,742,295
440,515,81,106,522,66,450,34,37,470,7,463,528,509,246,210,0,1,0,0,0,434,31,11,388,55,0,29,37,752,246
441,386,87,97,610,68,323,27,32,561,0,492,499,509,231,252,0,0,0,0,0,401,27,0,279,44,0,31,32,712,231
442,623,350,114,106,65,572,286,40,47,13,488,514,498,238,242,0,0,0,4,0,403,18,47,480,50,5,19,35,720,238
443,333,96,97,648,61,282,34,38,588,3,494,517,489,252,265,0,0,0,0,0,405,32,7,231,49,9,21,29,693,252
444,602,109,430,288,71,548,37,359,230,16,490,477,533,124,0,0,20,0,0,0,98,14,26,240,306,284,29,75,1066,124
445,485,77,122,489,68,425,15,67,427,10,474,517,509,187,259,0,0,0,0,0,390,15,0,397,28,26,41,41,757,187
446,294,76,93,698,61,240,28,20,646,16,502,486,512,243,278,0,0,0,0,0,390,28,1,197,43,0,17,20,707,243
447,344,98,93,663,74,280,18,36,600,21,486,505,509,265,228,0,2,0,0,0,390,12,13,216,57,7,29,29,690,265
448,471,280,97,385,67,416,208,37,333,7,507,463,530,277,200,0,3,0,12,0,360,70,21,336,71,2,27,35,724,277
449,485,137,137,414,65,424,82,81,352,2,495,488,517,216,262,0,0,0,4,0,363,28,24,344,63,20,22,61,725,216
450,750,87,399,97,68,688,30,330,48,10,487,506,507,318,99,0,0,0,0,0,164,28,245,404,200,236,25,94,788,318
451,407,88,143,551,65,325,37,92,488,5,492,475,533,182,246,0,0,0,0,0,351,37,8,286,39,35,27,57,765,182
452,564,86,140,391,64,513,24,75,326,7,505,490,505,236,255,0,0,0,0,0,365,24,45,436,59,33,31,42,709,236
453,542,175,126,352,67,484,121,59,295,4,493,501,506,206,238,0,0,0,0,0,389,38,7,425,57,17,24,42,757,206
454,383,193,518,303,70,323,130,455,256,12,471,503,526,179,33,0,0,0,0,0,20,78,37,134,187,390,35,65,997,179
455,561,140,467,271,61,504,79,413,207,1,438,519,543,120,0,0,20,0,1,0,93,19,20,224,280,335,33,78,1084,120
456,801,96,193,101,63,746,37,140,39,6,481,529,490,197,246,0,0,0,1,0,365,26,44,662,49,53,37,87,771,197
457,640,96,167,373,74,580,47,102,314,13,501,458,541,277,150,0,15,0,0,0,307,32,87,433,142,52,30,50,779,277
458,548,288,521,87,56,496,220,460,26,0,495,492,513,150,0,0,0,0,0,0,14,10,35,158,334,376,42,84,1052,150
459,645,290,239,138,71,573,252,173,86,0,490,501,509,330,117,0,0,0,0,0,280,55,129,403,163,118,25,55,754,330
460,157,88,83,819,66,104,25,28,746,1,510,495,495,282,287,0,0,0,2,0,410,23,0,74,30,0,28,28,622,282
461,450,101,89,552,62,388,33,27,494,6,472,531,497,207,246,0,0,0,0,0,425,18,6,325,61,1,17,26,741,207
462,346,75,89,657,66,268,25,51,586,12,497,485,518,247,267,0,0,0,0,0,388,22,2,229,39,3,43,48,695,247
463,364,122,526,384,69,321,57,458,312,21,485,471,544,254,35,0,16,0,1,0,4,53,91,117,203,382,36,76,915,254
464,682,67,478,208,65,629,25,418,143,1,502,486,512,102,0,0,9,0,0,0,67,22,39,309,318,329,38,89,1114,102
465,843,81,112,117,70,783,22,50,61,12,528,480,492,255,277,0,0,0,0,0,376,20,153,596,53,2,24,48,673,255
466,365,97,101,617,66,314,40,31,560,0,504,485,511,247,254,0,1,0,0,0,388,24,13,244,67,2,29,29,698,247
467,495,77,114,489,57,429,16,52,424,9,492,487,521,225,268,0,0,0,0,0,373,12,34,346,52,14,30,38,705,225
468,519,242,541,116,63,459,194,476,60,3,508,495,497,250,19,0,0,0,0,0,6,11,115,141,313,395,34,81,942,250
469,608,86,418,320,66,543,34,365,264,13,509,488,503,213,2,0,25,0,1,0,118,33,101,252,287,276,40,89,1006,213
470,452,98,159,503,72,402,43,102,447,6,502,483,515,261,216,0,7,0,0,0,371,32,46,306,92,23,35,79,739,261
471,607,91,482,262,58,543,28,419,204,9,490,509,501,167,0,0,0,0,0,0,66,28,39,232,311,326,30,93,1036,167
472,616,88,113,357,68,547,26,47,305,0,527,484,489,177,258,0,0,0,0,0,376,26,1,491,56,3,37,44,748,177
473,648,82,466,235,61,585,18,397,189,10,494,515,491,135,8,0,14,0,0,0,66,18,47,290,294,351,31,46,1064,135
474,590,117,469,251,67,540,49,419,190,5,501,507,492,169,6,0,22,0,0,0,66,19,78,211,321,337,32,82,1034,169
475,685,96,512,135,72,631,29,454,74,2,499,501,500,269,0,0,0,0,0,0,19,21,178,259,303,380,31,74,921,269
476,441,94,115,596,66,393,24,57,532,9,473,506,521,226,188,0,5,0,0,0,393,24,8,302,91,12,44,45,789,226
477,628,95,114,360,65,560,42,50,289,8,503,504,493,225,238,0,9,0,0,0,391,22,42,481,76,17,25,33,724,225
478,590,214,508,117,68,525,157,447,59,15,479,510,511,142,3,0,0,0,1,0,24,14,28,209,313,381,31,66,1061,142
479,477,91,106,510,70,411,33,39,447,21,511,529,460,245,246,0,3,0,0,0,402,25,38,327,67,3,22,36,706,245
480,390,84,120,578,63,327,21,59,523,8,509,476,515,229,265,0,0,0,0,0,362,21,4,273,54,10,33,49,709,229
481,496,88,453,388,71,441,36,388,338,5,490,526,484,257,4,0,0,0,0,0,93,36,112,137,304,326,39,62,951,257
482,561,356,105,194,65,497,300,56,125,10,474,486,540,268,219,0,0,0,3,0,371,27,13,427,66,13,35,43,720,268
483,459,91,115,591,68,387,33,61,519,15,473,490,537,249,176,0,16,0,0,0,360,33,50,297,87,16,32,45,766,249
484,830,98,86,154,65,766,35,27,94,4,504,511,485,204,267,0,0,0,0,0,411,35,90,644,32,0,27,27,722,204
485,656,94,461,229,60,597,35,403,160,2,511,471,518,254,0,0,3,0,0,0,61,28,139,289,293,308,42,95,943,254
486,468,81,105,554,78,405,21,41,480,30,473,491,536,205,214,0,0,0,0,0,384,21,3,343,61,5,33,36,772,205
487,611,115,139,318,74,552,51,88,246,0,503,460,537,165,243,0,1,0,0,0,348,34,11,500,49,27,34,61,772,165
488,461,86,125,528,76,399,27,69,459,17,494,509,497,234,224,0,0,0,0,0,381,27,22,330,69,27,36,42,737,234
489,684,222,202,107,63,620,165,143,37,6,487,510,503,256,222,0,0,0,1,0,344,26,57,526,74,60,22,83,715,256
490,685,90,273,277,71,646,21,212,207,13,497,511,492,262,104,0,13,0,0,0,245,21,136,446,200,165,29,47,837,262
491,594,248,466,114,77,539,191,413,57,0,455,518,527,168,1,0,0,0,0,0,79,19,45,264,275,344,33,69,1032,168
492,750,71,204,160,65,704,16,135,75,6,528,466,506,243,250,0,0,0,0,0,268,16,149,510,110,95,29,40,693,243
493,307,87,121,657,66,239,34,58,592,8,485,500,515,233,262,0,0,0,0,0,384,32,7,195,38,7,25,51,698,233
494,365,95,84,623,61,311,31,29,564,2,491,501,508,187,272,0,0,0,0,0,408,17,5,267,44,0,29,29,750,187
495,637,106,130,318,74,590,48,71,250,1,471,496,533,162,235,0,0,0,0,0,374,40,15,540,43,20,28,51,798,162
496,502,84,123,505,66,459,23,70,441,6,484,508,508,208,220,0,1,0,0,0,378,23,9,386,71,26,32,44,791,208
497,777,143,124,119,68,711,88,69,51,3,504,465,531,219,269,0,0,0,0,0,351,24,79,589,45,13,26,56,703,219
498,535,238,530,118,68,482,181,456,54,18,503,510,487,253,11,0,0,0,1,0,23,15,104,148,315,385,27,71,938,253
499,408,78,109,564,60,340,11,49,506,5,510,475,515,187,281,0,0,0,0,0,366,11,16,288,49,17,24,32,724,187
500,612,99,423,291,67,556,39,368,239,0,511,458,531,208,8,0,19,0,0,0,73,26,87,234,317,298,35,70,994,208
501,800,92,98,158,65,746,36,36,88,0,508,490,502,183,287,0,2,0,0,0,386,28,68,638,40,0,20,36,723,183
502,443,98,107,513,71,374,45,49,457,0,520,497,483,222,268,0,0,0,0,0,390,32,2,335,39,12,36,37,703,222
503,712,168,387,137,67,658,100,324,78,10,507,493,500,345,29,0,0,0,0,0,151,60,188,384,245,238,30,86,825,345
504,313,100,85,665,61,242,56,24,607,4,507,488,505,252,276,0,0,0,2,0,394,40,1,203,39,0,23,24,681,252
505,660,153,507,115,65,600,94,453,61,0,474,505,521,204,0,0,0,0,0,0,37,10,97,287,291,381,42,72,1004,204
506,693,107,196,361,69,633,39,137,298,8,457,501,542,266,74,0,34,0,0,0,296,32,127,449,183,94,35,43,849,266
507,567,167,454,237,68,517,108,390,174,4,524,478,498,201,7,0,3,0,1,0,49,21,45,183,331,331,24,59,992,201
508,535,85,101,451,70,476,33,52,390,0,499,505,496,208,258,0,0,0,0,0,402,33,8,423,53,0,40,52,743,208
509,441,109,123,500,69,372,64,53,439,1,488,485,527,202,258,0,0,1,0,0,358,27,6,326,44,6,31,47,727,202
510,516,81,97,480,63,470,30,43,404,4,520,478,502,236,263,0,4,0,0,0,378,29,19,406,64,0,30,43,715,236
511,728,87,512,119,54,666,35,448,63,1,494,482,524,236,0,0,0,0,0,0,8,27,146,313,313,381,33,67,977,236
512,715,87,151,245,59,652,24,82,196,1,501,502,497,179,243,0,2,0,1,0,367,21,57,556,70,41,22,41,776,179
513,592,91,492,264,59,537,40,422,197,0,513,502,485,154,2,0,0,0,3,0,44,27,40,221,315,360,35,62,1042,154
514,205,683,83,466,63,148,625,24,392,13,511,467,522,368,0,0,0,0,65,0,313,306,1,123,24,1,23,23,834,368
515,513,295,504,116,69,453,231,437,60,11,493,495,512,152,3,0,0,0,0,0,26,10,38,153,299,358,41,79,1040,152
516,555,224,519,113,70,489,174,462,48,0,505,490,505,251,19,0,0,0,0,0,22,13,114,159,302,380,38,82,922,251
517,309,71,106,661,61,246,17,51,599,12,504,499,497,205,292,0,0,0,0,0,400,17,6,215,27,0,29,51,720,205
518,588,184,503,141,68,528,120,445,79,9,494,496,510,239,16,0,0,0,0,0,21,10,117,216,298,376,33,69,942,239
519,612,109,432,274,63,557,53,365,204,5,489,527,484,128,10,0,10,0,0,0,89,19,36,246,311,316,29,49,1056,128
520,591,92,442,311,64,515,38,389,241,14,517,483,500,226,0,0,17,0,0,0,97,38,121,216,298,296,39,93,971,226
521,592,127,106,376,73,525,55,56,306,17,508,476,516,225,226,0,0,0,0,0,380,48,18,459,54,10,35,46,734,225
522,273,106,106,665,62,215,49,43,614,7,510,475,515,244,288,0,0,0,0,0,360,35,2,166,49,7,26,36,684,244
523,730,100,359,227,65,671,31,297,173,5,458,515,527,196,19,0,6,0,0,0,186,29,90,422,246,223,26,74,981,196
524,740,103,230,266,68,686,38,166,203,9,477,504,519,242,93,0,18,0,0,0,285,38,109,513,173,116,41,50,860,242
525,398,92,100,607,67,342,20,37,547,4,484,515,501,243,236,0,0,0,0,0,398,18,8,271,71,6,25,31,707,243
526,343,93,99,662,65,274,30,46,603,14,475,510,515,263,238,0,2,0,0,0,407,14,2,226,48,1,34,45,704,263
527,567,264,170,239,67,514,206,100,179,13,514,497,489,280,193,0,0,0,1,0,343,43,63,396,115,48,20,52,732,280
528,394,81,89,647,60,339,26,23,584,0,490,509,501,278,229,0,1,0,0,0,415,26,5,275,63,0,20,23,694,278
529,405,79,110,566,72,348,27,55,501,0,515,500,485,209,268,0,0,0,0,0,402,24,1,300,48,8,37,47,722,209
530,749,98,299,105,72,675,44,241,55,11,495,500,505,276,177,0,1,0,0,0,304,29,93,536,106,91,29,150,750,276
531,504,275,514,121,62,460,211,449,55,1,501,495,504,171,24,0,0,0,1,0,31,16,52,161,299,367,35,82,1005,171
532,717,202,365,110,69,659,138,313,43,10,494,522,484,342,37,0,0,2,0,0,160,15,217,386,271,249,44,64,821,342
533,543,326,460,111,60,476,263,405,50,5,485,469,546,195,0,0,0,0,0,0,48,11,49,169,304,328,28,77,1004,195
534,808,117,261,172,71,759,59,196,112,11,468,490,542,370,71,0,0,0,0,0,243,33,204,485,207,150,18,46,767,370
535,504,288,491,126,65,439,222,437,69,0,501,468,531,282,26,0,0,0,0,0,2,16,142,140,292,363,40,74,885,282
536,723,79,113,262,63,654,23,50,207,12,483,498,519,251,260,0,0,0,0,0,399,19,89,526,41,6,25,44,695,251
537,581,234,513,100,68,518,160,453,51,10,503,487,510,179,4,0,0,0,0,0,18,13,53,185,313,374,32,79,1013,179
538,518,319,473,120,61,461,260,416,60,2,492,497,511,276,9,0,0,0,0,0,54,9,116,154,307,340,44,76,923,276
539,359,99,147,568,69,301,36,90,513,0,519,469,512,221,258,0,0,0,0,0,353,28,13,248,53,26,36,64,719,221
540,562,204,257,198,74,499,139,200,152,12,491,504,505,230,205,0,0,0,0,0,266,42,41,413,82,127,37,73,772,230
541,589,203,499,141,61,531,138,444,87,0,466,518,516,253,7,0,0,0,0,0,31,11,119,221,287,380,34,64,947,253
542,327,86,117,642,60,272,15,56,574,0,498,500,502,222,268,0,0,0,0,0,389,13,1,223,49,13,27,43,695,222
543,547,250,537,97,68,487,189,484,46,2,465,505,530,181,1,0,0,0,1,0,13,9,58,188,282,414,33,70,1027,181
544,659,83,266,348,68,590,22,209,288,17,497,484,519,312,76,0,27,0,0,0,254,22,168,371,216,132,42,77,814,312
545,466,77,132,501,64,403,24,75,456,2,504,483,513,179,260,0,0,0,0,0,357,24,4,349,54,22,36,53,781,179
546,647,71,453,264,64,580,17,383,212,9,507,493,500,144,1,0,16,0,0,0,90,17,64,264,315,320,27,63,1057,144
547,363,86,110,621,69,308,26,48,553,8,489,503,508,223,251,0,0,0,0,0,386,21,0,244,64,11,29,37,720,223
548,752,91,254,229,75,694,27,191,173,4,492,493,515,344,99,0,0,0,0,0,269,24,170,478,189,129,35,62,745,344
549,297,104,101,661,64,237,45,43,594,19,523,501,476,302,273,0,2,0,0,0,408,23,2,186,49,4,36,39,636,302
550,420,283,497,218,77,362,208,427,169,8,499,491,510,260,5,0,0,0,0,0,39,29,87,73,289,351,30,76,914,260
551,374,85,98,613,66,303,30,37,555,16,512,484,504,259,264,0,0,0,0,0,386,30,3,259,44,1,33,36,682,259
552,683,271,359,94,65,615,224,281,29,14,471,507,522,343,28,0,0,0,0,0,163,39,156,367,246,219,32,62,820,343
553,373,77,125,578,63,312,31,62,506,10,513,473,514,206,284,0,0,0,0,0,361,23,10,266,37,19,25,43,715,206
554,693,80,163,255,65,624,28,104,199,1,474,463,563,183,244,0,0,0,0,0,337,28,31,560,51,42,33,62,773,183
555,607,88,493,250,62,554,28,438,193,4,486,499,515,129,0,0,4,0,0,0,66,28,28,252,302,351,38,87,1088,129
556,573,267,502,95,60,515,211,451,27,9,478,508,514,149,3,0,0,0,0,0,22,11,30,205,310,389,33,62,1064,149
557,635,227,168,264,70,575,179,99,199,15,480,499,521,306,136,0,18,0,0,0,343,45,96,444,127,52,32,47,761,306
558,434,97,95,575,64,376,46,34,516,12,483,515,502,221,235,0,0,0,0,0,404,28,3,318,58,7,25,27,763,221
559,476,93,86,529,64,414,37,38,463,8,518,475,507,228,252,0,0,0,0,0,388,37,2,360,53,0,38,38,732,228
560,542,269,533,99,57,472,214,473,40,10,471,528,501,162,0,0,0,0,0,0,38,12,40,178,293,389,44,84,1047,162
561,612,71,426,330,61,557,32,366,264,5,494,504,502,156,0,0,24,0,0,0,100,32,65,249,308,305,33,61,1068,156
562,362,81,122,632,64,304,15,66,583,3,472,502,526,240,239,0,0,0,0,0,395,15,3,261,42,10,38,56,731,240
563,538,273,497,126,66,484,218,443,57,0,474,492,534,264,0,0,0,0,0,0,30,13,114,159,309,359,39,84,938,264
564,515,116,89,426,62,451,59,29,368,0,496,502,502,242,292,0,0,0,12,0,395,10,52,361,38,4,23,25,665,242
565,400,107,97,560,67,348,51,27,501,5,504,473,523,249,269,0,0,0,0,0,376,22,3,288,60,6,18,21,683,249
566,368,116,128,554,68,307,50,62,502,2,510,496,494,222,266,0,0,0,0,0,377,36,4,264,43,15,32,47,701,222
567,546,259,509,114,69,485,199,449,53,10,505,475,520,241,3,0,0,0,1,0,1,9,112,174,304,376,40,73,955,241
568,706,88,232,293,80,646,31,173,230,14,483,498,519,232,101,0,23,0,0,0,301,29,103,464,182,91,31,82,862,232
569,752,156,116,125,66,690,95,50,51,13,544,455,501,170,285,0,0,0,0,0,352,44,55,603,43,16,23,34,729,170
570,401,77,118,642,67,338,27,58,579,6,472,517,511,227,195,0,10,0,0,0,403,24,13,256,82,2,38,56,781,227
571,360,87,85,651,59,290,27,36,590,2,512,486,502,213,258,0,0,0,0,0,395,27,3,235,53,3,28,33,732,213
572,492,108,387,342,59,430,56,335,279,10,475,525,500,171,112,0,7,0,1,0,162,29,40,239,190,263,35,72,939,171
573,381,82,113,625,65,315,29,58,566,20,491,491,518,267,234,0,0,0,0,0,378,29,1,278,36,13,39,45,721,267
574,344,84,95,650,66,287,26,26,583,9,485,498,517,263,261,0,0,0,0,0,383,26,6,243,44,6,19,20,668,263
575,561,108,125,398,68,507,55,58,338,13,509,469,522,192,240,0,0,1,0,0,352,45,9,448,59,29,19,29,779,192
576,591,84,532,228,65,533,23,471,173,11,495,504,501,162,0,0,9,0,0,0,20,23,68,218,315,391,37,80,1049,162
577,667,85,201,322,73,612,30,139,274,0,511,497,492,323,152,0,1,0,0,0,291,28,108,440,157,94,45,45,732,323
578,445,81,110,527,68,375,26,49,476,7,504,485,511,195,269,0,0,0,0,0,373,26,3,339,36,10,34,39,738,195
579,507,234,532,159,66,457,179,470,84,13,497,486,517,340,2,0,0,0,0,0,6,13,177,140,309,390,44,80,863,340
580,614,93,236,277,76,546,27,187,224,14,476,500,524,246,204,0,0,0,0,0,294,26,49,464,71,104,48,83,752,246
581,569,88,477,296,63,509,28,403,245,4,495,484,521,178,7,0,12,0,0,0,45,24,78,216,292,339,27,64,1011,178
582,329,84,99,677,65,271,24,43,606,3,478,520,502,222,246,0,0,0,0,0,405,23,2,216,53,2,32,41,725,222
583,604,95,460,275,66,549,35,397,222,5,498,482,520,120,0,0,25,0,0,0,64,19,39,243,301,317,44,80,1088,120
584,588,201,516,125,60,530,130,451,68,9,510,506,484,283,10,0,0,0,0,0,18,24,160,206,308,371,34,80,905,283
585,653,88,110,491,73,596,15,57,436,17,453,529,518,269,85,0,20,0,0,0,433,15,74,458,138,7,50,50,852,269
586,351,83,123,617,67,297,18,66,568,12,498,498,504,244,259,0,0,0,0,0,378,18,3,236,61,25,28,41,717,244
587,756,88,275,94,67,691,29,216,39,15,536,463,501,276,220,0,0,0,0,0,235,20,156,495,118,131,36,85,714,276
588,698,89,546,117,50,635,29,487,47,0,509,509,482,209,0,0,0,0,0,0,1,22,156,250,340,406,38,81,989,209
589,336,468,436,119,76,263,411,379,52,19,516,489,495,300,65,0,0,0,0,0,91,148,84,152,111,297,36,82,824,300
590,540,104,112,443,67,474,39,45,392,22,501,473,526,236,234,0,0,0,0,0,382,38,7,422,52,12,24,33,736,236
591,382,97,129,569,60,309,44,70,513,2,480,493,527,271,263,0,0,0,0,0,365,29,2,269,40,23,27,47,667,271
592,387,82,84,606,69,326,37,35,525,1,525,464,511,248,272,0,1,0,2,0,366,31,10,272,52,0,35,35,676,248
593,415,392,503,114,76,356,329,447,57,0,489,484,527,191,0,0,0,0,0,0,19,15,23,65,288,374,35,73,998,191
594,574,270,458,116,72,514,207,401,56,7,495,465,540,164,10,0,0,0,0,0,49,16,35,205,302,309,29,92,1021,164
595,569,231,214,212,74,506,172,152,152,18,508,502,490,231,200,0,2,0,0,0,309,48,44,424,82,97,38,55,769,231
596,530,318,136,227,69,463,254,56,171,15,498,495,507,278,220,0,0,0,0,0,359,33,44,376,78,25,13,31,681,278
597,633,76,528,187,76,592,18,468,134,0,521,501,478,125,0,0,0,0,0,0,8,18,50,243,346,399,27,69,1087,125
598,417,92,101,561,68,349,23,54,514,18,510,489,501,219,261,0,0,0,0,0,384,16,3,295,53,3,30,51,739,219
599,324,122,102,646,72,261,51,46,592,26,485,498,517,269,234,0,0,0,0,0,396,32,0,225,36,10,32,36,707,269
600,705,92,472,156,75,659,23,405,108,0,495,504,501,134,0,0,0,0,0,0,70,21,46,336,313,332,30,73,1061,134
601,438,89,147,571,63,374,36,88,512,8,461,516,523,215,192,0,5,0,0,0,386,31,22,287,86,15,34,73,803,215
602,544,224,544,121,66,487,167,482,68,7,477,500,523,264,1,0,0,0,2,0,5,19,121,158,305,396,34,86,947,264
603,326,82,83,658,64,260,12,30,607,3,513,475,512,242,287,0,0,0,0,0,381,12,4,218,42,1,29,29,670,242
604,596,103,153,365,65,516,59,114,312,4,501,494,505,304,218,0,0,0,0,0,364,37,63,419,80,49,38,65,701,304
605,336,94,115,645,64,281,25,58,598,2,495,498,507,285,246,0,0,0,0,0,395,20,2,222,59,11,32,47,679,285
606,372,82,95,634,66,307,31,47,569,8,510,481,509,246,251,0,0,0,0,0,390,18,2,240,66,0,34,47,716,246
607,683,87,162,283,72,623,29,107,226,0,492,475,533,200,213,0,1,0,0,0,320,28,50,534,88,56,37,51,785,200
608,589,86,415,340,67,531,29,347,272,0,495,501,504,139,3,0,27,0,0,0,111,27,42,228,302,293,20,54,1040,139
609,702,135,271,204,64,649,70,210,148,7,527,476,497,298,124,0,0,0,0,0,242,37,140,470,179,143,37,67,786,298
610,623,86,453,262,71,571,34,382,206,0,478,522,500,142,5,0,7,0,0,0,100,34,25,295,275,312,33,70,1051,142
611,544,107,154,396,76,490,41,99,346,0,495,478,527,224,223,0,1,0,0,0,348,41,27,422,67,36,33,63,752,224
612,399,97,115,590,64,347,42,57,526,2,494,512,494,226,235,0,0,0,0,0,396,42,11,285,61,19,27,38,748,226
613,355,95,131,613,77,294,41,70,555,0,469,521,510,190,229,0,0,0,0,0,392,34,2,238,56,19,22,51,770,190
614,299,102,116,648,62,245,35,49,589,0,510,475,515,294,273,0,0,0,0,0,352,31,23,193,42,25,15,24,624,294
615,729,104,250,266,68,674,39,190,205,13,471,534,495,319,83,0,7,0,0,0,307,30,132,486,183,131,42,59,802,319
616,703,85,180,301,62,646,27,121,247,0,549,467,484,301,169,0,15,0,0,0,306,21,153,446,192,74,34,47,740,301
617,360,102,89,635,62,304,40,35,574,18,512,472,516,269,252,0,0,0,0,0,382,23,2,252,51,0,34,35,702,269
618,700,101,488,151,59,638,43,424,87,1,470,518,512,120,1,0,0,0,0,0,47,15,40,329,298,362,27,62,1073,120
619,335,97,100,638,62,258,40,50,583,0,488,502,510,224,268,0,0,0,2,0,390,34,1,218,40,2,34,48,707,224
620,241,692,101,405,61,170,630,55,336,10,527,464,509,414,0,0,0,0,73,0,300,325,1,135,35,12,30,43,787,414
621,622,98,493,224,63,557,46,430,167,9,490,528,482,118,0,0,9,0,0,0,80,20,24,261,294,356,37,74,1091,118
622,464,363,484,111,70,419,306,414,54,0,480,497,523,183,8,0,0,0,0,0,53,7,52,124,295,342,31,72,1010,183
623,547,307,420,134,69,486,244,360,86,8,496,466,538,302,23,0,0,0,0,0,80,12,108,178,303,288,32,72,882,302
624,595,198,493,151,63,535,151,441,63,0,509,486,505,131,0,0,0,0,0,0,19,20,19,208,324,359,40,82,1059,131
625,557,98,160,413,61,496,37,107,345,11,471,493,536,203,211,0,0,0,0,0,359,36,17,439,54,46,29,61,793,203
626,481,83,103,504,68,414,29,48,453,0,522,478,500,211,261,0,0,0,0,0,380,29,13,358,56,6,31,42,733,211
627,320,87,86,684,66,259,23,33,616,14,498,468,534,245,257,0,2,0,0,0,368,23,3,216,42,0,28,33,700,245
628,665,280,183,103,63,606,212,116,51,8,469,497,534,244,206,0,0,0,5,0,340,19,39,524,78,50,16,66,749,244
629,866,90,125,104,70,812,29,55,51,8,504,493,503,133,245,0,0,0,0,0,368,26,67,704,69,26,24,29,822,133
630,617,340,145,128,73,557,290,87,67,2,454,507,539,277,197,0,0,0,5,0,360,22,52,461,79,28,31,59,726,277
631,635,249,462,88,59,582,177,412,29,3,513,514,473,170,7,0,0,0,0,0,66,17,61,233,346,339,35,73,1033,170
632,328,99,85,654,67,264,45,27,593,0,512,455,533,242,267,0,0,0,7,0,355,21,3,207,57,0,25,27,687,242
633,280,102,97,674,67,223,45,48,597,0,495,482,523,213,280,0,0,0,0,0,366,19,0,175,48,10,26,38,700,213
634,601,90,159,322,75,541,33,103,263,0,492,522,486,138,253,0,0,0,0,0,356,30,18,500,31,55,38,48,802,138
635,663,93,519,162,63,599,46,448,109,1,497,492,511,338,0,0,0,0,0,0,4,23,229,238,305,394,28,54,865,338
636,541,148,444,296,68,479,91,388,228,4,463,501,536,183,3,0,0,0,1,0,71,20,55,195,284,323,33,65,1007,183
637,856,83,128,114,67,798,26,78,53,1,478,509,513,243,252,0,0,0,0,0,391,18,115,640,63,19,26,59,713,243
638,415,89,117,585,70,354,31,57,538,14,467,493,540,277,224,0,0,0,0,0,395,31,6,305,44,9,31,48,717,277
639,604,104,469,238,70,559,43,409,185,1,475,513,512,140,15,0,7,0,1,0,76,19,48,267,291,343,28,66,1057,140
640,688,176,394,126,70,626,113,337,63,13,477,508,515,344,46,0,0,0,0,0,165,21,199,371,224,243,29,94,808,344
641,370,114,99,636,65,321,53,43,570,2,497,487,516,235,216,0,0,0,0,0,386,41,3,255,66,11,29,32,754,235
642,359,97,100,626,59,303,29,40,569,0,496,477,527,222,259,0,0,0,0,0,373,27,1,261,41,7,33,33,719,222
643,727,87,507,118,61,657,27,463,64,2,489,494,517,248,0,0,0,0,0,0,12,15,166,276,319,390,31,73,965,248
644,399,90,139,572,68,344,25,81,519,3,475,509,516,325,232,0,0,0,1,0,387,21,33,244,78,16,23,65,647,325
645,675,113,167,270,68,611,54,107,213,23,496,503,501,251,207,0,3,0,0,0,368,33,49,519,82,29,36,78,757,251
646,644,152,379,175,68,574,91,319,118,11,497,488,515,313,82,0,0,0,0,0,145,35,170,372,198,233,32,86,800,313
647,699,102,245,143,64,636,43,182,78,1,513,490,497,165,247,0,0,0,0,0,270,43,64,522,56,119,25,63,775,165
648,532,105,504,292,62,466,44,437,225,0,511,514,475,165,5,0,12,0,0,0,32,25,59,148,307,371,37,66,1007,165
649,637,206,512,87,58,584,133,446,41,1,476,494,530,177,0,0,0,0,0,0,27,9,73,259,295,375,31,71,1028,177
650,598,217,512,115,58,533,156,450,59,0,468,522,510,180,0,0,0,0,0,0,48,17,50,246,265,378,42,72,1018,180
651,384,79,99,618,59,321,17,47,539,11,497,488,515,248,261,0,0,0,0,0,375,17,10,261,59,5,38,42,687,248
652,363,84,104,644,68,306,23,48,577,5,484,537,479,249,237,0,0,0,0,0,433,23,1,244,62,13,33,35,710,249
653,728,160,424,117,69,670,113,351,77,2,517,478,505,169,2,0,0,0,0,0,83,32,52,342,322,304,26,47,1044,169
654,352,79,84,637,68,285,23,32,587,9,503,469,528,218,280,0,0,0,0,0,369,23,2,262,23,2,27,30,718,218
655,643,84,110,372,62,576,25,62,307,15,462,503,535,204,229,0,0,0,0,0,394,25,26,531,30,16,32,46,781,204
656,511,290,476,140,68,444,222,422,90,10,518,493,489,268,15,0,0,0,1,0,69,9,103,144,299,328,41,94,920,268
657,378,91,91,601,71,327,27,27,527,8,515,486,499,210,268,0,0,0,0,0,383,27,4,260,67,5,22,22,706,210
658,578,265,487,100,66,527,209,423,44,3,478,492,530,232,4,0,0,0,0,0,57,12,82,213,312,340,28,83,974,232
659,560,93,133,402,62,502,31,63,349,2,503,481,516,268,250,0,0,0,0,0,358,27,27,419,82,18,19,45,679,268
660,638,88,429,282,63,581,33,354,227,7,471,496,533,117,0,0,19,0,0,0,106,29,30,287,292,285,29,69,1085,117
661,518,85,438,388,70,473,31,387,314,0,533,490,477,262,1,0,0,0,0,0,82,31,117,137,336,312,42,75,943,262
662,469,88,90,523,70,395,30,32,476,8,473,501,526,223,260,0,0,0,4,0,396,23,17,349,31,2,25,30,718,223
663,612,362,121,92,68,552,309,55,27,8,482,499,519,215,245,0,0,0,0,0,397,23,65,452,49,4,33,51,736,215
664,546,101,92,431,68,484,44,42,364,10,528,488,484,208,262,0,0,0,0,0,400,44,3,449,35,0,42,42,736,208
665,724,111,467,132,66,661,61,403,72,12,510,497,493,149,0,0,0,0,0,0,57,19,46,300,342,334,34,69,1060,149
666,376,83,103,595,69,318,25,49,534,0,501,479,520,225,274,0,0,0,0,0,370,25,10,258,60,11,23,38,701,225
667,638,86,274,336,66,581,22,219,269,14,475,517,508,303,100,0,0,0,0,0,236,19,161,387,194,167,28,52,802,303
668,459,101,96,523,70,394,21,44,465,9,484,487,529,192,251,0,0,0,0,0,379,21,4,353,41,9,35,35,741,192
669,643,254,394,116,65,584,196,340,51,10,496,496,508,225,28,0,0,0,0,0,118,20,65,290,284,274,38,66,956,225
670,515,114,113,486,62,447,61,45,427,5,464,531,505,222,210,0,0,0,0,0,417,24,11,390,54,19,26,26,763,222
671,865,86,316,164,69,212,23,252,116,0,496,467,537,87,0,0,1,0,0,0,2,3,17,59,139,187,34,65,516,87
672,400,73,99,618,63,346,27,38,546,6,490,493,517,248,247,0,0,0,0,0,401,27,7,294,52,0,34,38,715,248
673,425,78,105,530,70,366,26,41,467,4,520,462,518,186,292,0,0,0,0,0,357,26,7,322,44,11,26,30,718,186
674,695,89,144,280,62,632,28,77,226,4,490,511,499,151,230,0,0,0,0,0,366,28,11,563,69,40,29,37,816,151
675,728,80,106,242,71,660,34,45,183,0,530,494,476,244,273,0,0,0,0,0,399,30,95,512,57,10,30,35,678,244
676,612,91,98,380,66,551,30,37,323,0,479,511,510,160,253,0,0,0,1,0,391,28,4,504,45,0,35,37,781,160
677,727,103,303,224,66,667,40,245,177,11,485,532,483,338,77,0,10,0,0,0,238,26,186,432,222,185,31,60,802,338
678,310,102,102,668,57,259,31,42,609,9,497,503,500,237,261,0,0,0,0,0,397,6,4,192,63,7,26,35,713,237
679,265,72,85,721,67,199,18,26,656,10,511,519,470,249,290,0,0,0,0,0,422,18,1,170,28,0,26,26,660,249
680,543,92,332,314,68,488,26,268,264,4,478,491,531,261,151,0,12,0,0,0,196,24,103,342,141,189,32,79,789,261
681,603,92,490,236,74,546,43,430,184,0,530,452,518,204,5,0,2,0,0,0,25,41,59,221,319,348,41,82,999,204
682,695,102,467,161,69,633,35,395,95,11,498,493,509,285,6,0,0,0,0,0,36,21,181,283,289,333,32,62,884,285
683,600,401,97,97,54,538,333,26,49,2,478,518,504,205,251,0,0,0,6,0,410,13,40,450,51,6,19,20,743,205
684,358,82,118,601,69,289,11,54,555,9,529,514,457,230,272,0,0,0,0,0,403,11,23,239,40,17,35,37,688,230
685,386,83,118,602,65,312,18,60,546,17,514,489,497,274,246,0,1,0,0,0,383,18,9,247,62,10,35,50,679,274
686,657,90,113,311,71,596,22,58,251,8,492,467,541,161,258,0,0,0,0,0,366,21,15,542,43,12,37,46,774,161
687,599,168,539,135,58,546,89,478,70,3,500,494,506,377,1,0,0,0,0,0,5,18,254,180,310,389,41,89,809,377
688,499,278,488,162,65,439,219,428,88,8,496,533,471,312,8,0,0,0,0,0,79,15,119,138,298,353,33,75,870,312
689,334,83,119,633,63,271,19,54,591,0,489,505,506,244,268,0,0,0,1,0,401,18,1,230,40,10,33,44,691,244
690,706,106,266,249,66,640,50,221,194,0,482,515,503,278,107,0,7,0,16,0,242,26,140,470,168,160,44,61,827,278
691,640,176,499,105,64,575,119,436,44,7,492,487,521,190,16,0,0,0,0,0,31,37,86,274,290,367,32,69,991,190
692,397,82,105,632,65,339,27,45,564,0,480,528,492,220,219,0,0,0,0,0,421,27,3,272,67,9,36,36,755,220
693,570,233,522,101,67,496,182,458,39,12,506,503,491,217,7,0,0,0,0,0,22,13,82,156,331,380,30,78,970,217
694,721,83,438,193,65,651,31,375,144,4,490,484,526,218,0,0,3,0,0,0,70,23,111,336,303,318,32,57,987,218
695,540,285,488,114,67,478,222,425,49,5,497,476,527,181,6,0,0,0,1,0,20,49,54,198,278,351,31,74,998,181
696,841,93,102,102,64,758,31,39,51,15,536,470,494,137,298,0,0,0,0,0,368,18,49,673,39,6,23,33,757,137
697,321,76,115,658,67,251,20,52,602,16,506,479,515,232,263,0,0,0,0,0,386,20,1,214,37,3,38,49,709,232
698,351,84,107,625,67,293,31,57,559,0,499,496,505,244,266,0,0,0,0,0,392,31,5,246,45,8,37,49,696,244
699,334,78,108,656,68,277,20,51,593,0,495,510,495,243,256,0,0,0,0,0,397,20,1,224,53,8,37,43,698,243
700,462,80,95,546,64,408,22,42,474,4,491,489,520,219,253,0,0,0,0,0,401,19,3,358,50,6,32,36,731,219
701,681,88,518,155,58,612,33,449,98,0,489,495,516,210,0,0,0,0,0,0,8,13,134,278,304,391,29,58,982,210
702,709,262,111,102,61,646,200,49,40,8,479,508,513,201,255,0,0,0,0,0,392,19,30,571,49,8,28,41,742,201
703,677,156,496,109,58,614,99,443,50,0,505,495,500,227,4,0,0,0,0,0,31,18,143,291,305,374,39,69,979,227
704,705,93,514,128,58,640,37,451,64,3,477,520,503,157,2,0,0,0,0,0,24,14,71,295,302,390,29,61,1038,157
705,364,105,98,601,66,315,40,31,539,5,502,479,519,233,266,0,0,0,0,0,378,17,16,239,74,3,28,28,697,233
706,292,89,104,678,70,237,39,47,624,14,528,501,471,255,267,0,0,0,0,0,410,32,1,195,42,1,44,46,706,255
707,268,86,106,669,62,208,17,49,599,4,522,486,492,186,309,0,0,0,0,0,364,16,0,169,39,1,31,48,691,186
708,666,88,263,297,71,594,30,202,252,0,501,485,514,334,115,0,0,0,0,0,239,30,123,420,169,139,45,63,744,334
709,670,171,462,120,65,611,124,412,60,11,486,499,515,292,12,0,0,0,0,0,55,29,152,272,283,347,38,65,926,292
710,570,186,523,146,54,507,134,457,85,4,507,498,495,224,21,0,0,0,0,0,15,23,77,192,299,388,29,69,963,224
711,469,97,94,537,70,418,32,41,486,5,486,474,540,209,233,0,0,0,0,0,371,32,7,355,59,10,26,31,773,209
712,338,87,126,621,60,277,26,54,578,1,495,527,478,238,268,0,0,0,0,0,417,26,0,244,33,14,28,40,698,238
713,699,232,296,93,77,638,173,244,49,0,486,478,536,297,103,0,0,0,0,0,247,26,129,444,186,142,32,102,807,297
714,348,92,95,644,76,299,21,28,584,17,491,510,499,230,245,0,0,0,0,0,406,21,2,252,47,0,24,28,719,230
715,567,93,95,461,67,505,32,42,393,15,474,498,528,232,217,0,0,0,0,0,396,32,6,455,48,6,36,36,755,232
716,603,227,490,114,60,542,160,427,55,2,505,459,536,147,6,0,0,0,0,0,5,19,43,224,313,356,31,71,1039,147
717,757,129,359,95,68,690,71,298,30,3,483,501,516,324,92,0,0,0,0,0,215,22,188,458,207,179,28,119,768,324
718,677,77,533,150,58,617,23,469,87,4,496,516,488,254,5,0,0,0,0,0,14,23,160,254,304,384,43,85,946,254
719,457,155,475,340,72,390,83,422,286,1,486,500,514,304,1,0,5,1,0,0,44,26,100,77,309,350,24,72,878,304
720,607,73,111,379,63,554,21,45,308,2,498,497,505,173,267,0,0,0,0,0,390,21,0,519,35,7,30,38,757,173
721,848,99,130,108,74,786,39,75,43,15,489,490,521,227,241,0,0,0,0,0,369,20,134,614,60,34,32,41,731,227
722,867,98,94,99,62,801,40,37,45,5,508,523,469,179,280,0,0,0,2,0,405,26,71,681,52,3,26,34,749,179
723,664,196,468,111,61,592,143,413,56,4,487,477,536,299,0,0,0,0,0,0,35,17,148,272,302,350,34,63,909,299
724,536,226,517,146,69,477,172,464,82,0,494,483,523,258,6,0,0,0,0,0,1,20,102,167,298,387,35,77,937,258
725,514,286,536,102,60,462,222,488,32,8,491,496,513,238,2,0,0,0,0,0,10,18,124,152,306,397,41,91,974,238
726,606,92,401,199,71,558,22,348,141,1,495,506,499,353,131,0,0,0,0,0,191,18,173,351,168,223,40,125,717,353
727,332,103,121,602,72,276,40,54,542,0,521,486,493,225,270,0,0,0,0,0,362,21,15,203,61,27,27,27,687,225
728,426,76,111,607,68,378,21,46,541,13,486,494,520,197,212,0,3,0,0,0,380,21,18,284,93,9,26,37,802,197
729,611,98,490,227,66,550,18,443,168,2,496,503,501,213,8,0,1,0,0,0,35,18,82,215,303,367,32,76,968,213
730,594,102,466,264,63,547,26,399,193,4,513,472,515,192,11,0,9,0,0,0,38,17,80,205,317,343,24,56,977,192
731,722,164,421,135,55,651,101,353,80,10,471,505,524,271,3,0,0,0,0,0,94,14,138,331,292,300,22,53,924,271
732,538,224,488,181,65,489,166,431,105,8,490,493,517,176,4,0,4,0,0,0,38,13,41,172,314,360,39,71,1023,176
733,547,252,522,105,69,480,185,473,36,0,481,515,504,136,5,0,0,0,0,0,24,11,24,203,273,392,48,81,1038,136
734,625,80,446,284,65,567,21,390,230,1,488,510,502,179,0,0,14,0,0,0,82,21,79,260,305,327,33,63,1030,179
735,380,77,110,610,60,312,22,47,554,4,498,476,526,248,263,0,0,0,0,0,372,22,6,268,44,8,36,39,691,248
736,429,88,117,579,66,373,31,49,523,0,468,505,527,203,221,0,5,0,0,0,392,31,18,308,61,12,27,37,773,203
737,379,87,112,626,62,320,25,54,570,6,465,530,505,290,234,0,0,0,0,0,419,25,2,270,50,13,31,41,685,290
738,691,133,485,116,65,624,87,428,48,4,493,480,527,196,10,0,0,0,0,0,44,17,97,267,299,349,40,79,995,196
739,319,96,127,660,68,264,36,62,610,8,472,524,504,262,230,0,0,1,0,0,405,18,1,207,57,18,31,44,718,262
740,770,94,199,255,80,717,46,131,199,15,470,541,489,277,102,0,9,0,0,0,348,38,110,551,160,96,32,35,831,277
741,383,102,90,621,66,323,46,35,570,0,481,464,555,323,238,0,0,0,0,0,367,46,18,259,48,1,26,34,651,323
742,771,90,248,152,66,711,9,193,104,15,476,497,527,247,173,0,0,0,0,0,267,9,139,528,120,126,37,67,785,247
743,277,73,129,685,67,215,28,56,627,12,524,474,502,185,269,0,0,0,0,0,355,27,2,153,60,23,17,33,753,185
744,644,197,340,186,72,585,121,281,118,25,494,486,520,317,61,0,0,0,0,0,190,17,129,370,215,200,49,81,813,317
745,632,202,493,115,58,576,138,435,48,8,507,476,517,223,0,0,0,0,0,0,28,5,121,231,324,361,37,74,982,223
746,311,83,129,660,68,252,27,64,597,8,486,509,505,252,249,0,0,0,0,0,396,26,1,216,36,22,20,42,696,252
747,657,95,171,356,63,585,34,127,304,1,460,509,531,275,158,0,12,1,0,0,357,28,68,475,102,50,33,77,776,275
748,523,240,541,123,65,474,168,478,64,8,507,501,492,227,8,0,0,0,0,0,11,10,99,120,315,390,45,88,965,227
749,503,316,514,88,71,447,273,454,31,0,502,496,502,232,8,0,0,0,1,0,10,14,75,128,314,384,47,70,973,232
750,872,95,122,94,65,810,33,59,47,0,459,495,546,206,252,0,0,0,0,0,391,30,132,645,38,10,17,49,743,206
751,308,68,127,665,64,248,20,55,598,12,505,480,515,230,268,0,0,0,0,0,361,19,2,208,39,12,32,43,703,230
752,450,351,133,259,67,396,289,56,205,2,490,521,489,285,240,0,0,0,0,0,381,29,10,309,80,20,21,36,663,285
753,636,101,410,279,65,567,39,335,219,20,515,466,519,189,9,0,18,0,0,0,90,20,73,268,299,283,33,52,991,189
754,499,86,91,550,70,430,29,40,500,9,499,490,511,283,204,0,2,0,0,0,399,29,21,341,83,0,32,40,725,283
755,703,97,344,175,64,632,45,293,123,15,517,507,476,317,117,0,0,0,0,0,196,41,160,426,179,222,42,71,791,317
756,236,97,115,705,66,167,29,64,644,0,485,484,531,306,281,0,0,0,0,0,370,12,2,135,30,12,32,52,598,306
757,407,90,125,548,66,352,43,59,489,0,510,502,488,210,264,0,0,0,0,0,395,43,5,315,37,17,27,42,733,210
758,569,254,489,123,65,503,195,433,53,8,480,494,526,198,0,0,0,0,0,0,44,9,58,191,303,347,37,86,994,198
759,570,118,115,389,58,501,68,40,334,2,501,507,492,187,250,0,0,0,0,0,400,46,4,465,34,10,29,30,758,187
760,701,91,186,360,72,637,32,123,300,0,530,480,490,290,90,0,32,0,0,0,300,32,188,402,235,83,25,40,802,290
761,703,89,509,128,63,637,31,455,74,6,505,487,508,288,8,0,0,0,0,0,14,31,183,243,306,379,30,76,915,288
762,310,118,115,644,70,238,66,48,583,17,503,488,509,267,243,0,0,0,0,0,371,48,0,195,43,15,23,33,685,267
763,374,81,90,649,66,325,21,29,580,17,469,523,508,256,240,0,0,0,0,0,426,21,6,283,42,5,24,24,716,256
764,422,350,493,144,70,371,290,418,80,2,518,477,505,306,21,0,0,0,0,0,22,15,145,67,302,350,37,68,855,306
765,636,77,394,329,63,575,22,343,254,4,485,493,522,173,1,0,19,0,0,0,114,22,86,284,288,262,45,81,1025,173
766,342,87,102,640,65,278,34,42,589,11,500,516,484,286,264,0,0,0,0,0,425,33,7,235,42,3,26,39,668,286
767,445,77,99,578,69,375,32,40,508,14,457,523,520,203,232,0,0,0,0,0,414,32,6,332,42,10,16,30,766,203
768,682,122,494,127,64,627,69,419,68,0,546,437,517,194,11,0,0,0,0,0,11,22,100,271,338,343,31,76,989,194
769,597,97,486,250,65,549,22,426,195,9,513,463,524,113,5,0,14,0,0,0,38,17,27,239,310,339,36,87,1088,113
770,292,86,120,656,67,229,25,60,593,7,513,479,508,207,279,0,1,0,0,0,372,25,5,180,49,14,22,46,707,207
771,768,97,173,165,61,712,34,105,108,8,481,515,504,175,236,0,0,0,1,0,350,22,51,628,55,70,23,35,792,175
772,755,96,120,174,74,694,38,58,120,0,526,500,474,203,281,0,0,0,0,0,370,38,103,554,43,18,24,40,707,203
773,487,81,111,495,71,414,22,66,432,0,462,504,534,194,255,0,0,0,0,0,372,22,0,390,24,25,32,41,740,194
774,838,106,170,118,72,773,45,129,51,16,488,474,538,198,196,0,0,0,0,0,352,31,71,659,54,39,42,90,816,198
775,755,87,292,167,69,692,32,234,109,9,477,507,516,283,130,0,0,0,0,0,233,18,159,490,148,171,45,63,793,283
776,768,83,256,137,63,704,25,210,75,9,510,478,512,240,193,0,0,0,0,0,268,15,96,575,102,121,49,89,783,240
777,665,230,245,110,61,607,176,187,48,5,502,495,503,239,189,0,0,0,1,0,285,53,55,511,90,112,32,75,784,239
778,585,107,495,254,59,531,49,434,180,11,488,500,512,172,0,0,7,0,0,0,35,10,53,196,317,376,22,58,1033,172
779,291,78,132,663,63,229,20,61,605,11,497,510,493,227,273,0,0,0,0,0,390,16,0,196,33,13,35,48,699,227
780,333,84,104,672,67,277,28,52,599,0,481,535,484,263,240,0,0,0,0,0,416,28,0,227,50,10,32,42,693,263
781,605,81,501,245,68,555,17,430,177,28,517,477,506,162,0,0,16,0,0,0,26,17,64,241,310,359,33,71,1045,162
782,536,192,516,182,68,478,133,452,123,6,482,482,536,231,6,0,3,0,0,0,11,64,69,202,246,373,25,79,961,231
783,418,82,111,523,67,358,26,60,458,0,527,485,488,193,299,0,0,0,0,0,372,26,5,317,40,22,33,38,709,193
784,847,81,110,107,70,788,20,51,57,0,516,467,517,145,285,0,0,0,0,0,348,20,74,673,41,16,29,35,771,145
785,628,146,234,303,75,564,76,170,250,15,495,500,505,305,114,0,15,0,0,0,278,19,126,379,181,128,36,42,770,305
786,252,94,107,683,69,189,24,45,619,0,501,491,508,241,295,0,0,0,0,0,377,20,4,158,31,10,23,35,636,241
787,467,99,118,496,61,402,34,64,438,0,510,457,533,202,259,0,0,0,0,0,347,34,7,372,30,19,37,45,736,202
788,382,90,104,590,65,325,26,43,528,6,519,472,509,261,269,0,0,0,0,0,369,25,19,260,65,15,19,28,667,261
789,659,88,271,333,75,592,22,224,284,1,473,526,501,263,74,0,22,0,0,0,273,22,122,397,192,147,39,77,860,263
790,467,92,157,498,66,404,36,95,440,12,475,503,522,245,220,0,1,0,0,0,360,31,31,336,63,48,29,47,742,245
791,588,407,80,110,71,529,352,26,39,8,502,481,517,270,244,0,0,0,0,0,385,25,64,402,69,2,20,24,684,270
792,431,84,122,545,78,377,27,60,490,0,498,463,539,266,240,0,0,0,0,0,372,27,11,321,54,11,27,49,688,266
793,374,88,76,633,59,318,32,23,569,9,497,533,470,227,270,0,0,0,0,0,435,31,5,280,35,0,21,23,724,227
794,336,74,105,660,75,271,20,42,615,4,470,528,502,266,250,0,0,0,0,0,425,20,7,230,41,5,24,37,686,266
795,430,98,99,586,72,383,33,35,504,29,474,491,535,251,215,0,0,0,0,0,390,27,9,322,60,0,28,35,733,251
796,407,88,97,619,59,331,17,47,557,14,486,480,534,273,230,0,2,0,0,0,399,11,16,273,58,6,29,41,693,273
797,721,72,529,110,68,675,13,467,58,0,457,500,543,209,0,0,0,0,0,0,4,8,154,274,308,400,26,67,1004,209
798,754,84,193,281,75,695,25,126,222,17,511,494,495,278,113,0,18,0,0,0,333,25,147,503,191,55,31,71,807,278
799,619,92,247,329,57,550,28,195,262,4,518,452,530,276,156,0,14,0,0,0,274,28,105,393,148,84,33,111,763,276
800,784,83,289,233,65,731,26,220,176,0,496,515,489,254,46,0,17,0,0,0,235,26,146,477,254,168,38,52,899,254
801,486,85,100,516,72,415,21,52,446,0,488,501,511,221,241,0,0,0,0,0,394,21,2,390,24,2,47,50,713,221
802,236,82,106,743,65,174,24,41,690,1,483,502,515,284,268,0,0,0,1,0,399,22,4,139,31,5,29,36,646,284
803,619,266,434,102,74,561,221,377,40,4,500,490,510,244,5,0,0,0,0,0,74,19,72,240,311,319,30,58,959,244
804,555,100,267,381,60,498,30,208,326,2,497,512,491,297,137,0,0,0,0,0,257,19,99,314,177,141,36,67,767,297
805,689,82,411,243,61,619,30,348,174,6,479,493,528,184,14,0,9,0,0,0,95,30,100,341,267,297,33,51,993,184
806,527,81,99,509,64,459,29,33,453,7,458,512,530,250,220,0,0,0,0,0,415,29,12,403,48,2,28,31,731,250
807,669,106,228,338,71,602,46,166,279,15,464,504,532,263,88,0,24,0,0,0,286,30,107,435,164,118,32,48,845,263
808,341,83,123,660,64,277,27,59,603,0,463,520,517,246,229,0,0,0,0,0,391,24,1,226,50,14,41,45,720,246
809,483,82,517,338,62,426,16,457,273,10,514,492,494,197,18,0,3,0,0,0,19,16,75,135,291,375,35,82,985,197
810,792,119,158,99,65,722,63,93,43,0,510,473,517,207,267,0,0,0,0,0,337,39,103,587,44,38,32,55,714,207
811,573,117,416,316,71,527,55,336,272,0,469,509,522,128,7,0,16,0,2,0,118,31,33,250,277,284,21,52,1062,128
812,469,86,110,530,67,410,36,41,482,16,529,477,494,287,238,0,1,0,0,0,387,36,21,340,64,2,29,39,698,287
813,401,94,109,582,68,340,41,45,530,2,474,523,503,221,246,0,0,0,0,0,410,41,2,295,44,12,19,33,737,221
814,735,73,494,141,57,672,23,426,70,0,502,461,537,321,0,0,0,0,0,0,1,23,245,262,320,368,31,58,870,321
815,662,102,244,369,73,608,44,173,312,21,502,486,512,311,50,0,32,0,4,0,278,19,161,369,239,111,31,62,847,311
816,596,184,539,120,58,545,116,478,65,0,478,513,509,204,3,0,0,0,0,0,15,9,108,205,316,392,28,86,1000,204
817,389,126,84,576,68,319,56,40,521,0,498,489,513,199,257,0,2,0,2,0,374,23,1,262,56,6,30,34,737,199
818,394,93,110,607,68,343,37,51,555,6,469,470,561,230,228,0,0,0,0,0,370,23,7,278,65,8,24,43,762,230
819,550,80,471,316,72,487,28,427,257,0,516,449,535,180,11,0,20,0,0,0,42,28,103,184,302,327,52,100,1019,180
820,390,79,131,567,66,321,28,76,518,12,515,489,496,201,267,0,0,0,0,0,382,25,2,281,40,11,35,65,754,201
821,303,97,100,689,78,242,38,39,624,14,482,484,534,221,233,0,0,0,0,0,386,34,0,206,36,8,30,31,736,221
822,425,92,123,559,72,357,48,58,496,11,476,512,512,248,229,0,0,0,0,0,410,48,10,310,46,0,16,58,722,248
823,518,82,446,390,64,453,15,386,328,0,485,474,541,170,0,0,30,0,0,0,62,12,84,130,319,311,40,75,1012,170
824,347,97,105,639,61,286,30,46,580,5,490,520,490,204,251,0,0,0,2,0,404,27,0,234,52,12,31,34,743,204
825,747,77,484,127,64,696,21,421,60,13,529,480,491,200,1,0,0,0,1,0,40,18,124,310,352,357,24,64,1011,200
826,619,97,456,252,64,565,34,403,178,6,501,489,510,142,12,0,11,0,0,0,61,17,60,246,302,332,37,71,1044,142
827,387,93,135,574,68,325,29,65,511,13,507,472,521,231,243,0,0,0,0,0,358,26,18,254,65,13,21,52,712,231
828,595,109,440,295,61,522,63,372,219,2,502,479,519,163,0,0,30,0,0,0,64,33,55,209,298,306,32,66,1015,163
829,647,95,482,192,67,595,32,419,133,0,524,486,490,159,17,0,1,0,0,0,31,32,78,280,313,361,26,58,1020,159
830,633,123,519,155,65,573,74,453,94,8,491,517,492,202,5,0,0,0,0,0,39,29,65,250,298,376,36,77,1000,202
831,668,86,127,402,72,596,32,62,339,10,447,498,555,225,145,0,5,0,0,0,389,23,52,508,85,21,28,41,814,225
832,645,77,502,216,60,586,28,435,176,5,523,520,457,145,0,0,7,0,0,0,69,28,40,258,325,361,43,74,1085,145
833,477,93,162,480,61,412,39,98,422,9,490,522,488,239,227,0,0,0,0,0,386,35,10,339,68,27,22,71,741,239
834,360,93,109,623,74,301,36,50,559,18,501,496,503,246,241,0,1,0,0,0,387,25,8,242,57,3,34,47,718,246
835,296,74,101,694,67,241,24,29,645,16,495,464,541,246,268,0,0,0,0,0,384,22,3,198,41,0,21,29,709,246
836,584,204,508,129,68,517,154,449,75,0,532,445,523,413,7,0,0,0,0,0,3,22,271,140,327,359,37,90,782,413
837,437,92,131,525,73,387,41,68,478,5,503,488,509,264,242,0,0,0,0,0,382,41,2,337,50,15,26,53,715,264
838,623,97,456,267,57,548,31,406,215,1,491,482,527,184,0,0,0,0,0,0,57,31,66,250,297,333,40,73,1017,184
839,688,99,264,113,67,622,45,212,55,0,498,455,547,213,269,0,0,0,0,0,231,40,99,498,26,136,36,76,721,213
840,585,90,384,264,71,524,17,326,192,17,523,473,504,327,106,0,2,0,1,0,149,11,184,256,226,209,37,117,749,327
841,385,89,102,647,73,313,43,39,583,19,460,479,561,293,204,0,0,0,0,0,396,43,3,285,28,0,39,39,704,293
842,611,114,354,213,72,550,48,304,150,16,507,485,508,336,136,0,0,0,0,0,217,29,99,397,150,172,42,132,732,336
843,314,84,136,649,68,244,23,68,585,4,493,529,478,257,249,0,0,0,0,0,399,23,0,203,41,18,27,50,667,257
844,713,136,127,207,74,655,73,68,140,27,502,502,496,266,243,0,1,0,0,0,369,19,75,540,60,31,25,37,697,266
845,438,86,101,573,64,376,32,37,514,19,499,488,513,239,238,0,0,0,2,0,399,30,12,341,35,0,37,37,739,239
846,413,86,121,562,64,353,30,56,501,3,506,498,496,253,254,0,1,0,0,0,370,29,29,283,45,17,31,39,690,253
847,430,92,109,558,69,365,37,45,500,6,481,489,530,222,242,0,0,0,0,0,393,34,8,329,31,7,36,38,731,222
848,516,274,509,137,63,460,209,445,86,0,460,517,523,243,1,0,0,0,0,0,39,11,87,182,273,375,36,70,957,243
849,722,79,521,121,57,667,23,458,51,3,508,483,509,336,0,0,0,0,0,0,6,23,275,285,312,388,33,70,866,336
850,317,89,92,673,68,265,23,27,617,0,469,513,518,240,261,0,0,0,0,0,398,18,6,223,39,2,25,25,692,240
851,826,106,165,110,66,763,38,112,35,12,491,504,505,260,227,0,0,0,0,0,370,27,120,602,68,34,19,78,700,260
852,287,83,134,667,68,223,25,85,595,0,495,511,494,203,261,0,0,0,0,0,380,20,9,153,68,27,25,58,725,203
853,339,79,89,670,65,279,22,46,601,5,480,504,516,261,258,0,0,0,0,0,409,22,1,233,46,4,37,42,692,261
854,482,84,131,506,66,411,26,75,440,21,497,490,513,229,231,0,0,0,0,0,372,26,40,329,62,30,32,45,744,229
855,687,88,251,233,63,628,40,192,157,5,500,513,487,331,178,0,0,0,0,0,310,33,103,481,111,100,42,92,691,331
856,577,241,504,113,63,507,191,446,57,9,488,480,532,202,2,0,0,0,0,0,8,19,56,183,322,373,29,73,1008,202
857,738,87,153,229,67,680,28,99,161,0,493,492,515,181,226,0,0,0,0,0,331,25,42,598,73,57,38,42,787,181
858,371,93,111,624,65,315,28,55,565,12,493,487,520,198,236,0,0,0,3,0,390,24,2,262,52,2,43,53,777,198
859,654,85,102,337,74,598,27,43,282,4,487,504,509,188,248,0,4,1,2,0,388,23,23,535,62,16,25,27,766,188
860,571,83,143,437,67,507,31,87,378,6,500,494,506,263,199,0,8,0,0,0,357,31,67,419,88,31,46,56,746,263
861,612,98,138,373,66,543,49,77,315,0,499,527,474,197,213,0,1,0,0,0,385,49,30,467,76,29,36,48,787,197
862,660,93,254,318,70,607,22,198,258,10,482,506,512,258,105,0,27,0,0,0,265,22,133,430,177,149,42,49,837,258
863,741,91,343,198,67,679,36,272,136,10,482,520,498,294,60,0,6,0,0,0,209,30,179,420,236,205,32,67,839,294
864,772,167,106,121,66,717,96,51,59,10,505,503,492,173,268,0,0,0,1,0,383,19,33,641,44,14,36,37,760,173
865,508,303,501,100,73,451,243,439,47,5,497,491,512,264,15,0,0,0,0,0,51,11,101,150,295,349,30,90,921,264
866,675,100,251,307,68,610,41,194,257,6,516,471,513,308,99,0,22,0,0,0,235,41,158,404,204,139,37,55,800,308
867,457,75,119,541,66,394,10,70,485,17,494,495,511,203,242,0,0,0,0,0,368,10,30,322,71,25,34,45,773,203
868,310,85,101,675,65,257,23,38,614,2,493,481,526,241,264,0,0,0,0,0,372,23,1,219,38,13,25,25,693,241
869,627,229,459,106,73,568,170,412,38,19,522,492,486,188,6,0,0,0,0,0,65,14,66,265,299,350,38,62,1019,188
870,594,106,518,205,67,523,60,445,147,5,473,515,512,126,10,0,2,0,6,0,24,26,37,236,286,377,17,68,1054,126
871,679,121,494,143,63,624,66,436,73,2,488,507,505,288,0,0,0,0,1,0,37,17,200,287,300,362,48,74,913,288
872,566,101,139,370,63,512,23,76,314,11,492,516,492,177,261,0,0,0,0,0,384,14,25,450,59,28,20,48,759,177
873,611,136,467,222,63,556,59,405,161,16,525,468,507,240,1,0,4,0,0,0,31,27,90,233,306,331,41,74,957,240
874,601,84,411,326,67,537,29,341,268,13,517,470,513,180,11,0,23,0,0,0,99,29,71,237,299,272,32,69,1008,180
875,537,260,495,141,63,475,198,428,81,2,495,497,508,285,4,0,0,0,0,0,18,14,110,159,300,370,30,58,899,285
876,449,80,108,510,75,380,26,50,444,18,532,479,489,215,278,0,4,0,0,0,372,26,39,321,58,7,22,43,703,215
877,601,96,192,349,70,542,32,124,306,13,495,496,509,230,192,0,5,0,1,0,302,31,56,440,102,87,26,37,787,230
878,456,82,91,543,65,401,23,32,477,3,492,498,510,195,263,0,0,0,0,0,388,23,0,355,46,6,26,26,741,195
879,502,147,100,425,68,433,83,53,374,0,513,480,507,244,258,0,0,0,0,0,373,19,17,386,39,12,35,41,699,244
880,313,82,95,683,63,257,25,47,610,3,523,480,497,231,264,0,0,0,0,0,382,25,1,209,47,10,33,37,711,231
881,429,99,102,569,73,371,32,52,510,0,511,491,498,246,228,0,0,0,0,0,385,31,10,301,70,8,39,44,719,246
882,680,101,280,307,72,619,44,222,252,26,473,530,497,304,60,0,9,0,0,0,273,35,141,429,190,155,35,67,859,304
883,611,117,472,227,58,558,53,417,165,9,519,486,495,153,15,0,10,0,1,0,49,18,48,249,304,344,34,73,1049,153
884,748,94,320,201,70,683,32,262,148,19,505,509,486,276,67,0,2,0,0,0,222,32,137,467,216,192,43,70,868,276
885,326,97,105,633,67,262,44,44,568,8,517,478,505,265,272,0,0,0,0,0,378,22,7,213,47,11,31,33,661,265
886,613,163,317,132,70,550,100,264,58,10,508,504,488,271,205,0,0,0,0,0,227,20,95,418,112,157,41,107,711,271
887,744,157,340,115,66,685,89,294,53,6,499,478,523,363,78,0,0,0,0,0,214,16,185,442,232,174,39,120,764,363
888,629,107,468,240,56,545,58,411,175,5,498,473,529,179,0,0,13,0,0,0,55,34,65,272,273,326,45,85,1015,179
889,586,112,452,279,70,533,52,395,220,0,465,508,527,125,1,0,15,0,1,0,100,32,34,254,279,310,39,85,1075,125
890,400,108,113,546,64,339,38,40,491,5,493,498,509,187,269,0,0,0,0,0,389,20,5,282,57,0,25,40,726,187
891,382,81,102,599,64,323,23,45,532,5,540,496,464,339,272,0,0,0,0,0,388,23,13,248,71,6,24,39,589,339
892,593,85,496,259,67,535,27,437,202,0,496,472,532,129,0,0,13,0,0,0,18,27,27,232,301,364,36,73,1072,129
893,738,97,164,281,63,687,35,105,222,11,460,517,523,228,157,0,0,0,0,0,355,35,55,571,116,58,35,47,832,228
894,259,104,92,745,58,201,35,28,681,9,475,506,519,265,242,0,0,0,0,0,395,35,0,154,47,1,26,27,689,265
895,667,178,508,94,53,607,132,453,26,3,512,470,518,218,0,0,0,0,0,0,10,47,100,262,310,369,36,84,1003,218
896,378,107,95,591,67,305,39,46,533,0,503,485,512,215,262,0,0,0,1,0,370,29,0,265,40,9,30,37,708,215
897,528,93,120,483,63,467,33,63,429,8,480,515,505,216,213,0,1,0,0,0,394,25,24,379,85,14,28,49,784,216
898,592,97,414,326,67,532,33,354,258,15,458,484,558,168,4,0,25,0,0,0,97,33,54,280,251,271,39,83,1024,168
899,444,83,175,479,63,386,28,120,419,2,510,464,526,193,256,0,0,0,0,0,315,27,32,313,72,69,27,51,762,193
900,679,66,515,175,65,621,11,450,119,6,475,487,538,248,0,0,0,1,0,0,9,9,146,260,302,383,28,67,959,248
901,585,202,519,130,64,516,156,455,69,1,485,511,504,230,0,0,0,0,0,0,19,17,82,211,300,394,40,61,967,230
902,557,230,512,130,67,505,172,449,56,1,490,515,495,174,4,0,0,0,2,0,40,15,47,200,304,368,45,81,1009,174
903,693,102,225,247,72,622,55,158,198,14,509,500,491,302,161,0,1,0,0,0,318,44,94,486,112,79,32,79,745,302
904,528,112,95,478,64,467,50,37,418,1,499,497,504,201,223,0,3,0,4,0,401,41,22,402,63,1,27,36,772,201
905,545,239,101,257,64,489,179,52,186,0,526,485,489,194,294,0,0,0,3,0,368,35,8,445,40,16,21,36,712,194
906,616,203,492,118,63,561,138,441,47,0,508,495,497,156,8,0,0,0,0,0,38,18,55,256,302,364,33,77,1031,156
907,608,309,175,112,70,542,233,128,63,4,484,497,519,229,226,0,0,0,3,0,343,37,18,489,53,45,32,83,741,229
908,485,375,451,109,74,426,326,400,48,0,483,511,506,351,6,0,0,0,1,0,83,14,163,115,309,320,41,80,849,351
909,514,313,481,117,68,453,258,425,48,6,495,500,505,208,7,0,0,0,0,0,36,13,54,125,322,352,40,73,982,208
910,681,92,141,377,71,619,43,80,310,3,482,527,491,231,138,0,32,2,0,0,386,42,110,465,153,27,28,53,824,231
911,429,118,104,567,63,372,49,47,501,12,504,484,512,215,219,0,15,0,0,0,386,40,30,284,88,2,25,45,766,215
912,673,87,334,264,72,592,32,276,205,6,474,518,508,309,70,0,1,0,0,0,224,32,151,377,200,177,36,99,802,309
913,353,84,111,657,64,293,19,55,591,3,468,487,545,261,231,0,0,0,0,0,386,19,5,243,48,8,34,47,700,261
914,274,80,84,685,73,227,32,17,617,0,527,485,488,275,304,0,0,0,1,0,387,31,1,178,49,1,16,16,618,275
915,360,97,146,559,69,296,37,82,495,11,505,491,504,209,269,0,0,0,0,0,384,21,2,255,41,12,24,70,712,209
916,416,370,533,104,70,354,311,477,33,6,497,500,503,165,7,0,0,0,0,0,21,12,34,59,294,393,39,84,1016,165
917,711,75,504,142,68,667,19,442,78,2,488,519,493,227,0,0,0,0,0,0,52,19,136,306,312,374,30,68,981,227
918,762,87,153,239,68,700,34,95,186,0,465,491,544,240,191,0,0,0,0,0,342,34,86,576,76,54,25,41,775,240
919,664,129,510,115,75,604,82,436,61,3,482,501,517,245,7,0,0,0,0,0,36,41,129,285,269,373,28,63,941,245
920,824,111,114,116,61,764,44,48,59,9,492,495,513,197,274,0,0,0,0,0,371,16,84,642,43,13,33,35,727,197
921,625,78,442,279,76,574,20,375,220,6,473,490,537,150,0,0,8,0,0,0,100,20,45,299,268,294,36,81,1045,150
922,646,89,129,345,63,595,26,53,283,18,484,488,528,196,228,0,4,0,0,0,381,26,54,475,68,8,18,45,779,196
923,575,248,499,113,64,517,192,446,47,4,490,512,498,229,1,0,0,0,0,0,28,19,65,186,321,377,38,69,977,229
924,426,86,113,565,64,361,36,57,496,9,516,470,514,194,246,0,0,0,0,0,370,36,4,298,63,8,42,49,765,194
925,399,90,103,596,65,343,27,49,523,5,492,492,516,223,247,0,0,0,0,0,392,24,5,281,62,5,44,44,724,223
926,452,96,109,547,71,392,34,51,501,7,471,506,523,211,225,0,0,0,0,0,388,23,1,341,51,16,33,35,774,211
927,520,86,130,461,71,462,41,71,389,9,498,487,515,204,232,0,0,0,0,0,373,41,11,405,57,22,31,49,768,204
928,321,89,124,646,65,269,31,56,585,6,482,496,522,227,255,0,0,0,0,0,379,31,0,230,39,19,25,37,720,227
929,529,94,446,366,65,485,28,394,290,1,479,471,550,204,0,0,34,0,0,0,72,28,116,194,291,310,33,84,994,204
930,315,142,108,611,67,260,76,51,551,8,468,519,513,265,257,0,0,0,1,0,417,27,2,228,31,10,21,41,681,265
931,667,261,190,96,68,599,207,135,49,12,515,470,515,244,218,0,0,0,0,0,329,29,66,498,95,47,31,88,758,244
932,456,80,499,390,64,406,19,437,319,0,502,512,486,249,11,0,0,0,0,0,48,18,116,112,292,362,33,75,932,249
933,533,273,499,106,60,463,212,438,41,9,490,499,511,235,29,0,0,0,0,0,24,44,83,190,266,375,25,63,928,235
934,641,98,462,231,61,585,36,401,163,6,484,517,499,159,7,0,15,0,1,0,108,18,72,303,279,313,37,88,1032,159
935,575,277,441,121,68,516,220,387,60,0,491,477,532,271,18,0,0,0,0,0,70,27,111,223,291,306,35,81,912,271
936,433,385,492,99,70,375,324,439,49,1,515,471,514,242,21,0,0,0,0,0,7,11,80,59,314,364,44,75,946,242
937,712,95,96,312,67,648,35,46,273,0,461,505,534,185,218,0,0,0,0,0,407,34,5,594,52,5,30,41,817,185
938,312,90,94,671,70,258,24,39,610,5,497,485,518,230,263,0,0,0,0,0,372,22,0,219,39,4,34,35,706,230
939,500,64,509,365,62,439,20,440,311,1,504,515,481,177,0,0,26,0,0,0,27,20,98,120,318,387,30,53,1034,177
940,500,263,465,204,68,448,200,406,151,0,467,525,508,340,0,0,0,0,0,0,84,14,152,151,293,332,37,74,865,340
941,434,86,102,577,74,382,39,43,515,4,472,503,525,187,227,0,0,0,0,0,398,32,3,324,57,12,27,31,796,187
942,459,95,102,540,76,398,29,42,480,0,461,507,532,231,228,0,1,0,0,0,406,29,15,334,63,2,22,40,718,231
943,733,87,351,164,76,670,40,280,100,5,490,507,503,316,89,0,0,0,0,0,198,34,202,426,202,199,26,81,779,316
944,564,270,494,105,65,508,203,448,39,5,489,496,515,236,2,0,0,0,0,0,23,11,95,174,326,371,29,77,967,236
945,677,91,243,339,71,622,23,179,286,4,485,505,510,346,79,0,21,0,0,0,292,20,147,406,215,125,28,54,768,346
946,429,112,510,385,58,388,39,441,315,4,496,494,510,153,6,0,7,0,0,0,1,19,44,64,324,382,31,59,1034,153
947,579,83,493,272,72,530,34,430,220,4,495,506,499,186,1,0,0,0,0,0,73,34,47,241,284,345,38,85,1032,186
948,580,133,447,266,65,524,54,385,208,9,500,492,508,206,9,0,16,0,0,0,82,18,73,189,325,315,28,70,974,206
949,341,91,97,637,64,281,24,34,583,5,501,482,517,222,270,0,0,0,0,0,391,24,0,235,46,0,27,34,705,222
950,673,91,179,327,65,613,36,117,261,4,498,486,516,244,165,0,16,0,1,0,313,35,82,469,144,68,34,49,787,244
951,368,90,140,604,61,312,28,74,536,2,506,509,485,209,237,0,2,0,0,0,387,25,9,240,72,24,28,50,743,209
952,551,95,128,500,61,484,41,60,443,11,498,490,512,225,165,0,12,0,0,0,368,24,29,356,121,20,31,40,814,225
953,577,229,497,129,65,519,171,432,62,3,497,471,532,216,3,0,0,1,0,0,25,20,113,205,302,358,29,74,971,216
954,674,79,469,134,68,610,9,405,78,0,525,480,495,265,76,0,0,0,0,0,42,9,190,254,266,327,36,78,837,265
955,812,93,341,99,68,760,35,287,39,8,501,498,501,353,87,0,0,0,0,0,225,32,210,497,213,185,39,102,776,353
956,318,90,96,682,63,254,31,45,624,0,488,480,532,243,251,0,0,0,0,0,368,31,3,201,53,9,32,36,711,243
957,588,252,115,267,72,541,196,56,210,0,463,515,522,242,206,0,0,0,6,0,391,22,15,450,86,7,35,49,761,242
958,483,91,100,510,67,421,38,48,451,0,502,511,487,209,249,0,0,0,0,0,409,38,10,375,45,10,29,38,749,209
959,626,85,212,346,65,562,29,150,287,20,479,518,503,287,166,0,0,0,0,0,330,17,95,430,113,78,41,72,761,287
960,743,77,505,116,59,683,16,453,55,0,527,484,489,324,0,0,0,0,0,0,11,12,266,281,334,372,49,81,883,324
961,420,357,513,115,62,378,288,456,54,2,476,522,502,167,33,0,0,0,2,0,35,8,24,99,278,386,40,70,1011,167
962,686,94,244,323,66,641,35,194,251,4,482,510,508,271,87,0,22,0,0,0,283,35,147,429,203,129,35,65,854,271
963,867,93,114,94,66,816,28,53,39,5,496,496,508,130,266,0,0,0,0,0,369,22,66,706,45,12,30,41,811,130
964,634,90,352,292,75,562,31,293,232,0,481,511,508,246,57,0,0,0,0,0,175,31,128,344,217,222,46,71,872,246
965,337,90,122,630,71,291,44,60,559,0,491,472,537,205,250,0,1,0,0,0,372,32,5,228,63,17,24,43,749,205
966,646,100,433,254,67,586,48,374,197,4,464,495,541,175,0,0,12,0,0,0,90,32,68,303,272,314,30,60,1034,175
967,667,123,129,350,59,603,64,73,276,9,476,500,524,233,172,0,12,0,0,0,366,56,52,503,95,34,31,39,792,233
968,493,95,95,548,66,427,38,30,486,2,510,502,488,222,203,0,4,0,0,0,396,38,36,334,90,3,27,27,761,222
969,672,103,271,266,72,614,34,201,220,13,488,501,511,247,116,0,14,0,1,0,246,33,125,447,164,146,22,55,835,247
970,403,83,108,604,61,329,32,52,545,0,481,509,510,222,241,0,0,0,0,0,401,32,3,293,36,12,40,40,736,222
971,471,145,91,451,72,407,88,36,392,0,516,503,481,217,270,0,0,0,1,0,394,29,2,350,55,2,30,34,706,217
972,305,93,93,651,65,239,27,30,608,2,515,480,505,303,293,0,2,0,0,0,373,14,1,198,40,0,30,30,603,303
973,608,112,473,228,79,552,59,417,173,0,497,507,496,109,0,0,4,0,0,0,57,25,13,246,306,343,35,74,1092,109
974,384,92,121,579,75,325,24,76,523,2,496,483,521,199,249,0,0,0,0,0,362,24,4,255,70,23,33,53,751,199
975,709,71,502,155,63,637,15,443,103,0,482,497,521,207,0,0,0,0,0,0,18,15,135,253,304,372,26,71,991,207
976,294,97,112,657,63,237,39,65,574,2,522,477,501,221,277,0,0,0,1,0,367,35,2,195,42,11,33,54,696,221
977,431,87,91,602,71,361,30,32,542,29,491,535,474,238,218,0,0,0,0,0,430,30,10,312,48,2,27,30,756,238
978,373,76,101,631,68,314,23,46,557,5,507,476,517,216,251,0,1,0,0,0,367,23,17,251,63,9,35,37,729,216
979,598,251,455,111,59,550,191,386,56,1,527,475,498,261,26,0,0,0,0,0,40,17,141,210,325,330,31,56,923,261
980,416,75,132,595,71,339,28,73,541,2,469,519,512,273,211,0,0,0,0,0,388,27,9,273,63,21,23,52,710,273
981,437,63,524,419,57,370,9,465,361,0,476,509,515,247,0,0,34,0,0,0,20,9,174,62,306,385,35,80,958,247
982,631,106,457,231,69,577,45,392,173,3,494,517,489,144,6,0,11,0,0,0,82,38,50,295,281,331,37,61,1046,144
983,491,94,108,510,68,445,32,47,446,8,467,493,540,245,229,0,0,0,0,0,382,32,8,389,56,10,31,37,733,245
984,833,91,179,102,75,777,38,108,37,9,487,510,503,225,220,0,0,0,0,0,353,33,118,618,79,50,21,58,744,225
985,593,136,286,178,64,521,80,230,123,0,530,498,472,281,243,0,0,0,0,0,295,33,46,440,79,101,26,129,673,281
986,650,121,260,240,73,592,67,205,182,3,500,468,532,210,156,0,5,0,0,0,255,67,56,504,88,125,39,80,839,210
987,633,76,488,243,60,555,33,415,181,12,484,513,503,238,0,0,9,0,0,0,87,33,132,262,274,328,30,87,958,238
988,305,84,96,695,63,251,28,42,638,0,486,492,522,230,257,0,0,0,0,0,398,28,2,198,53,5,28,37,729,230
989,749,137,213,107,65,695,78,160,37,1,499,486,515,283,229,0,0,0,0,0,317,25,104,541,90,82,36,78,688,283
990,751,208,127,98,72,684,148,67,42,10,507,495,498,202,244,0,0,0,0,0,360,30,40,602,51,24,32,43,749,202
991,435,91,351,334,65,378,23,296,279,6,498,492,510,208,224,0,0,0,0,0,192,19,18,317,61,204,42,92,774,208
992,712,83,109,256,70,654,34,40,186,2,475,503,522,111,270,0,0,0,0,0,390,27,6,618,35,14,21,26,805,111
993,651,125,532,113,67,587,72,465,55,1,486,493,521,298,12,0,0,0,0,0,8,23,201,196,297,386,33,79,882,298
994,701,91,151,283,80,641,36,77,215,30,499,504,497,227,194,0,0,0,0,0,363,35,55,547,86,45,19,32,772,227
995,418,99,93,565,69,350,43,39,496,0,471,535,494,234,256,0,0,0,0,0,415,14,12,296,44,2,34,37,694,234
996,769,88,295,196,74,700,26,243,138,14,478,482,540,273,78,0,4,0,0,0,203,26,148,504,195,179,48,64,848,273
997,561,245,513,109,69,505,190,452,54,0,520,494,486,169,3,0,0,0,0,0,14,12,45,156,340,394,29,58,1032,169
998,368,88,99,624,73,313,22,42,565,0,502,487,511,235,248,0,1,0,0,0,380,22,4,241,72,6,33,36,707,235
999,699,95,294,240,68,637,40,226,186,7,504,502,494,290,104,0,13,0,0,0,242,38,146,446,190,154,26,72,806,290
1000,422,87,104,576,63,361,23,49,521,13,513,478,509,234,248,0,0,0,0,0,384,23,12,286,74,16,25,33,733,234

Statistic,fight_count,flee_count,befriend_count,chase_count,cry_count,fight_exploit_count,flee_exploit_count,befriend_exploit_count,chase_exploit_count,cry_exploit_count,threat_count,ally_count,prey_count,boredom_maladaptive,learned_helplessness,apathy,positive_mindset,community_trusting_vulnerability,fearful_withdrawn_relationship,detached_withdrawn_relationship,aggressive_withdrawn_relationship,willingness_to_flee,self_destructive_anger,bully_behavior,protective_behavior,healthy_friendliness,dangerous_trust,over_friendliness,hopefulness,cynical
Total,543448,131372,255801,351379,66418,482328,71833,195916,291360,6395,494542,494889,510569,227964,151582,0,2819,17,504,0,254478,26255,57552,320189,149229,140611,31580,55305,819868,227964
Mean,543.45,131.37,255.80,351.38,66.42,482.33,71.83,195.92,291.36,6.39,494.54,494.89,510.57,227.96,151.58,0.00,2.82,0.02,0.50,0.00,254.48,26.25,57.55,320.19,149.23,140.61,31.58,55.30,819.87,227.96
Std,150.95,79.14,169.05,207.09,5.00,150.78,78.87,168.32,206.97,6.19,18.46,17.62,18.13,51.35,112.02,0.00,6.58,0.14,3.40,0.00,153.76,17.84,56.52,136.10,113.75,152.94,6.70,20.61,128.23,51.35
Min,157,63,76,81,48,104,9,17,25,0,438,437,451,87,0,0,0,0,0,0,0,3,0,44,20,0,13,13,516,87
Max,878,692,546,819,82,824,630,491,746,30,556,541,572,414,313,0,37,2,73,0,435,325,275,735,366,425,56,150,1114,414
