source_file,source_path,condition,role,run,adaptive_count,maladaptive_count,total_complex_behaviors,adaptive_pct,maladaptive_pct
multiple_runs_NB_HighThreat_2_20260407_101013.csv,multiple_runs_NB_HighThreat_2_20260407_101013.csv,ACE,NB,1,1432,528,1960,73.06122448979592,26.93877551020408
multiple_runs_NB_HighThreat_2_20260407_101013.csv,multiple_runs_NB_HighThreat_2_20260407_101013.csv,ACE,NB,2,1669,298,1967,84.85002541942043,15.149974580579562
multiple_runs_NB_HighThreat_2_20260407_101013.csv,multiple_runs_NB_HighThreat_2_20260407_101013.csv,ACE,NB,3,1576,343,1919,82.12610734757686,17.873892652423137
multiple_runs_NB_HighThreat_2_20260407_101013.csv,multiple_runs_NB_HighThreat_2_20260407_101013.csv,ACE,NB,4,1724,268,1992,86.54618473895582,13.453815261044177
multiple_runs_NB_HighThreat_2_20260407_101013.csv,multiple_runs_NB_HighThreat_2_20260407_101013.csv,ACE,NB,5,1571,378,1949,80.6054386865059,19.394561313494098
multiple_runs_NB_HighThreat_2_20260407_101013.csv,multiple_runs_NB_HighThreat_2_20260407_101013.csv,ACE,NB,6,1646,353,1999,82.34117058529264,17.658829414707352
multiple_runs_NB_HighThreat_2_20260407_101013.csv,multiple_runs_NB_HighThreat_2_20260407_101013.csv,ACE,NB,7,1536,268,1804,85.14412416851441,14.855875831485587
multiple_runs_NB_HighThreat_2_20260407_101013.csv,multiple_runs_NB_HighThreat_2_20260407_101013.csv,ACE,NB,8,1368,591,1959,69.83154670750383,30.16845329249617
multiple_runs_NB_HighThreat_2_20260407_101013.csv,multiple_runs_NB_HighThreat_2_20260407_101013.csv,ACE,NB,9,1578,368,1946,81.08941418293936,18.91058581706064
multiple_runs_NB_HighThreat_2_20260407_101013.csv,multiple_runs_NB_HighThreat_2_20260407_101013.csv,ACE,NB,10,1584,249,1833,86.41571194762683,13.584288052373159
multiple_runs_NB_HighThreat_2_20260407_101013.csv,multiple_runs_NB_HighThreat_2_20260407_101013.csv,ACE,NB,11,1724,280,2004,86.02794411177645,13.972055888223553
multiple_runs_NB_HighThreat_2_20260407_101013.csv,multiple_runs_NB_HighThreat_2_20260407_101013.csv,ACE,NB,12,1708,269,1977,86.39352554375316,13.60647445624684
multiple_runs_NB_HighThreat_2_20260407_101013.csv,multiple_runs_NB_HighThreat_2_20260407_101013.csv,ACE,NB,13,1569,419,1988,78.9235412474849,21.07645875251509
multiple_runs_NB_HighThreat_2_20260407_101013.csv,multiple_runs_NB_HighThreat_2_20260407_101013.csv,ACE,NB,14,1617,312,1929,83.8258164852255,16.174183514774494
multiple_runs_NB_HighThreat_2_20260407_101013.csv,multiple_runs_NB_HighThreat_2_20260407_101013.csv,ACE,NB,15,1548,237,1785,86.72268907563026,13.277310924369749
multiple_runs_NB_HighThreat_2_20260407_101013.csv,multiple_runs_NB_HighThreat_2_20260407_101013.csv,ACE,NB,16,1602,345,1947,82.28043143297381,17.719568567026194
multiple_runs_NB_HighThreat_2_20260407_101013.csv,multiple_runs_NB_HighThreat_2_20260407_101013.csv,ACE,NB,17,1662,304,1966,84.53713123092574,15.462868769074262
multiple_runs_NB_HighThreat_2_20260407_101013.csv,multiple_runs_NB_HighThreat_2_20260407_101013.csv,ACE,NB,18,1616,348,1964,82.28105906313645,17.718940936863543
multiple_runs_NB_HighThreat_2_20260407_101013.csv,multiple_runs_NB_HighThreat_2_20260407_101013.csv,ACE,NB,19,1690,245,1935,87.33850129198967,12.661498708010335
multiple_runs_NB_HighThreat_2_20260407_101013.csv,multiple_runs_NB_HighThreat_2_20260407_101013.csv,ACE,NB,20,1682,267,1949,86.30066700872241,13.699332991277577
multiple_runs_NB_HighThreat_2_20260407_101013.csv,multiple_runs_NB_HighThreat_2_20260407_101013.csv,ACE,NB,21,1548,236,1784,86.7713004484305,13.228699551569505
multiple_runs_NB_HighThreat_2_20260407_101013.csv,multiple_runs_NB_HighThreat_2_20260407_101013.csv,ACE,NB,22,1585,209,1794,88.3500557413601,11.649944258639911
multiple_runs_NB_HighThreat_2_20260407_101013.csv,multiple_runs_NB_HighThreat_2_20260407_101013.csv,ACE,NB,23,1706,261,1967,86.73106253177427,13.268937468225724
multiple_runs_NB_HighThreat_2_20260407_101013.csv,multiple_runs_NB_HighThreat_2_20260407_101013.csv,ACE,NB,24,1698,291,1989,85.36953242835595,14.630467571644044
multiple_runs_NB_HighThreat_2_20260407_101013.csv,multiple_runs_NB_HighThreat_2_20260407_101013.csv,ACE,NB,25,1575,374,1949,80.81067213955875,19.189327860441253
multiple_runs_NB_HighThreat_2_20260407_101013.csv,multiple_runs_NB_HighThreat_2_20260407_101013.csv,ACE,NB,26,1516,290,1806,83.94241417497231,16.057585825027683
multiple_runs_NB_HighThreat_2_20260407_101013.csv,multiple_runs_NB_HighThreat_2_20260407_101013.csv,ACE,NB,27,1638,317,1955,83.7851662404092,16.214833759590793
multiple_runs_NB_HighThreat_2_20260407_101013.csv,multiple_runs_NB_HighThreat_2_20260407_101013.csv,ACE,NB,28,1635,346,1981,82.53407370015144,17.46592629984856
multiple_runs_NB_HighThreat_2_20260407_101013.csv,multiple_runs_NB_HighThreat_2_20260407_101013.csv,ACE,NB,29,1699,279,1978,85.8948432760364,14.1051567239636
multiple_runs_NB_HighThreat_2_20260407_101013.csv,multiple_runs_NB_HighThreat_2_20260407_101013.csv,ACE,NB,30,1672,307,1979,84.48711470439616,15.51288529560384
multiple_runs_NB_HighThreat_2_20260407_101013.csv,multiple_runs_NB_HighThreat_2_20260407_101013.csv,ACE,NB,31,1711,233,1944,88.01440329218107,11.98559670781893
multiple_runs_NB_HighThreat_2_20260407_101013.csv,multiple_runs_NB_HighThreat_2_20260407_101013.csv,ACE,NB,32,1571,209,1780,88.25842696629213,11.741573033707866
multiple_runs_NB_HighThreat_2_20260407_101013.csv,multiple_runs_NB_HighThreat_2_20260407_101013.csv,ACE,NB,33,1542,438,1980,77.87878787878788,22.12121212121212
multiple_runs_NB_HighThreat_2_20260407_101013.csv,multiple_runs_NB_HighThreat_2_20260407_101013.csv,ACE,NB,34,1528,281,1809,84.46655610834716,15.533443891652846
multiple_runs_NB_HighThreat_2_20260407_101013.csv,multiple_runs_NB_HighThreat_2_20260407_101013.csv,ACE,NB,35,1489,485,1974,75.4305977710233,24.569402228976696
multiple_runs_NB_HighThreat_2_20260407_101013.csv,multiple_runs_NB_HighThreat_2_20260407_101013.csv,ACE,NB,36,1718,280,1998,85.98598598598599,14.014014014014014
multiple_runs_NB_HighThreat_2_20260407_101013.csv,multiple_runs_NB_HighThreat_2_20260407_101013.csv,ACE,NB,37,1678,275,1953,85.91909882232463,14.08090117767537
multiple_runs_NB_HighThreat_2_20260407_101013.csv,multiple_runs_NB_HighThreat_2_20260407_101013.csv,ACE,NB,38,1557,268,1825,85.31506849315068,14.684931506849317
multiple_runs_NB_HighThreat_2_20260407_101013.csv,multiple_runs_NB_HighThreat_2_20260407_101013.csv,ACE,NB,39,1498,282,1780,84.15730337078652,15.842696629213481
multiple_runs_NB_HighThreat_2_20260407_101013.csv,multiple_runs_NB_HighThreat_2_20260407_101013.csv,ACE,NB,40,1681,301,1982,84.81331987891019,15.186680121089807
multiple_runs_NB_HighThreat_2_20260407_101013.csv,multiple_runs_NB_HighThreat_2_20260407_101013.csv,ACE,NB,41,1595,205,1800,88.61111111111111,11.38888888888889
multiple_runs_NB_HighThreat_2_20260407_101013.csv,multiple_runs_NB_HighThreat_2_20260407_101013.csv,ACE,NB,42,1604,246,1850,86.70270270270271,13.297297297297298
multiple_runs_NB_HighThreat_2_20260407_101013.csv,multiple_runs_NB_HighThreat_2_20260407_101013.csv,ACE,NB,43,1638,325,1963,83.44370860927152,16.55629139072848
multiple_runs_NB_HighThreat_2_20260407_101013.csv,multiple_runs_NB_HighThreat_2_20260407_101013.csv,ACE,NB,44,1550,376,1926,80.47767393561787,19.52232606438214
multiple_runs_NB_HighThreat_2_20260407_101013.csv,multiple_runs_NB_HighThreat_2_20260407_101013.csv,ACE,NB,45,1360,631,1991,68.3073832245103,31.6926167754897
multiple_runs_NB_HighThreat_2_20260407_101013.csv,multiple_runs_NB_HighThreat_2_20260407_101013.csv,ACE,NB,46,1682,260,1942,86.61174047373842,13.388259526261587
multiple_runs_NB_HighThreat_2_20260407_101013.csv,multiple_runs_NB_HighThreat_2_20260407_101013.csv,ACE,NB,47,1600,214,1814,88.20286659316427,11.797133406835721
multiple_runs_NB_HighThreat_2_20260407_101013.csv,multiple_runs_NB_HighThreat_2_20260407_101013.csv,ACE,NB,48,1728,254,1982,87.18466195761857,12.815338042381432
multiple_runs_NB_HighThreat_2_20260407_101013.csv,multiple_runs_NB_HighThreat_2_20260407_101013.csv,ACE,NB,49,1747,236,1983,88.0988401412002,11.901159858799797
multiple_runs_NB_HighThreat_2_20260407_101013.csv,multiple_runs_NB_HighThreat_2_20260407_101013.csv,ACE,NB,50,1705,261,1966,86.72431332655137,13.275686673448629
multiple_runs_NB_HighThreat_2_20260407_101013.csv,multiple_runs_NB_HighThreat_2_20260407_101013.csv,ACE,NB,51,1636,298,1934,84.59152016546018,15.408479834539815
multiple_runs_NB_HighThreat_2_20260407_101013.csv,multiple_runs_NB_HighThreat_2_20260407_101013.csv,ACE,NB,52,1682,266,1948,86.34496919917865,13.655030800821354
multiple_runs_NB_HighThreat_2_20260407_101013.csv,multiple_runs_NB_HighThreat_2_20260407_101013.csv,ACE,NB,53,1584,344,1928,82.15767634854771,17.842323651452283
multiple_runs_NB_HighThreat_2_20260407_101013.csv,multiple_runs_NB_HighThreat_2_20260407_101013.csv,ACE,NB,54,1635,203,1838,88.95538628944504,11.044613710554952
multiple_runs_NB_HighThreat_2_20260407_101013.csv,multiple_runs_NB_HighThreat_2_20260407_101013.csv,ACE,NB,55,1592,387,1979,80.44466902475999,19.55533097524002
multiple_runs_NB_HighThreat_2_20260407_101013.csv,multiple_runs_NB_HighThreat_2_20260407_101013.csv,ACE,NB,56,1689,284,1973,85.60567663456665,14.394323365433351
multiple_runs_NB_HighThreat_2_20260407_101013.csv,multiple_runs_NB_HighThreat_2_20260407_101013.csv,ACE,NB,57,1563,381,1944,80.40123456790124,19.598765432098766
multiple_runs_NB_HighThreat_2_20260407_101013.csv,multiple_runs_NB_HighThreat_2_20260407_101013.csv,ACE,NB,58,1452,366,1818,79.86798679867987,20.13201320132013
multiple_runs_NB_HighThreat_2_20260407_101013.csv,multiple_runs_NB_HighThreat_2_20260407_101013.csv,ACE,NB,59,1624,199,1823,89.08392759188152,10.916072408118486
multiple_runs_NB_HighThreat_2_20260407_101013.csv,multiple_runs_NB_HighThreat_2_20260407_101013.csv,ACE,NB,60,1534,427,1961,78.22539520652728,21.77460479347272
multiple_runs_NB_HighThreat_2_20260407_101013.csv,multiple_runs_NB_HighThreat_2_20260407_101013.csv,ACE,NB,61,1621,289,1910,84.86910994764398,15.130890052356023
multiple_runs_NB_HighThreat_2_20260407_101013.csv,multiple_runs_NB_HighThreat_2_20260407_101013.csv,ACE,NB,62,1698,233,1931,87.93371310201968,12.066286897980321
multiple_runs_NB_HighThreat_2_20260407_101013.csv,multiple_runs_NB_HighThreat_2_20260407_101013.csv,ACE,NB,63,1606,368,1974,81.35764944275583,18.642350557244175
multiple_runs_NB_HighThreat_2_20260407_101013.csv,multiple_runs_NB_HighThreat_2_20260407_101013.csv,ACE,NB,64,1639,292,1931,84.87830139823926,15.121698601760746
multiple_runs_NB_HighThreat_2_20260407_101013.csv,multiple_runs_NB_HighThreat_2_20260407_101013.csv,ACE,NB,65,1518,423,1941,78.20710973724884,21.792890262751158
multiple_runs_NB_HighThreat_2_20260407_101013.csv,multiple_runs_NB_HighThreat_2_20260407_101013.csv,ACE,NB,66,1456,507,1963,74.17218543046357,25.82781456953642
multiple_runs_NB_HighThreat_2_20260407_101013.csv,multiple_runs_NB_HighThreat_2_20260407_101013.csv,ACE,NB,67,1511,300,1811,83.43456653782441,16.565433462175594
multiple_runs_NB_HighThreat_2_20260407_101013.csv,multiple_runs_NB_HighThreat_2_20260407_101013.csv,ACE,NB,68,1731,219,1950,88.76923076923077,11.23076923076923
multiple_runs_NB_HighThreat_2_20260407_101013.csv,multiple_runs_NB_HighThreat_2_20260407_101013.csv,ACE,NB,69,1634,189,1823,89.63247394404827,10.367526055951728
multiple_runs_NB_HighThreat_2_20260407_101013.csv,multiple_runs_NB_HighThreat_2_20260407_101013.csv,ACE,NB,70,1668,191,1859,89.72565895642819,10.274341043571813
multiple_runs_NB_HighThreat_2_20260407_101013.csv,multiple_runs_NB_HighThreat_2_20260407_101013.csv,ACE,NB,71,1686,219,1905,88.50393700787401,11.496062992125983
multiple_runs_NB_HighThreat_2_20260407_101013.csv,multiple_runs_NB_HighThreat_2_20260407_101013.csv,ACE,NB,72,1656,347,2003,82.67598602096855,17.324013979031452
multiple_runs_NB_HighThreat_2_20260407_101013.csv,multiple_runs_NB_HighThreat_2_20260407_101013.csv,ACE,NB,73,1567,246,1813,86.43132928847214,13.568670711527856
multiple_runs_NB_HighThreat_2_20260407_101013.csv,multiple_runs_NB_HighThreat_2_20260407_101013.csv,ACE,NB,74,1555,318,1873,83.02189001601708,16.978109983982915
multiple_runs_NB_HighThreat_2_20260407_101013.csv,multiple_runs_NB_HighThreat_2_20260407_101013.csv,ACE,NB,75,1595,367,1962,81.29459734964321,18.705402650356778
multiple_runs_NB_HighThreat_2_20260407_101013.csv,multiple_runs_NB_HighThreat_2_20260407_101013.csv,ACE,NB,76,1681,298,1979,84.94188984335523,15.05811015664477
multiple_runs_NB_HighThreat_2_20260407_101013.csv,multiple_runs_NB_HighThreat_2_20260407_101013.csv,ACE,NB,77,1552,447,1999,77.63881940970485,22.36118059029515
multiple_runs_NB_HighThreat_2_20260407_101013.csv,multiple_runs_NB_HighThreat_2_20260407_101013.csv,ACE,NB,78,1577,235,1812,87.03090507726269,12.969094922737307
multiple_runs_NB_HighThreat_2_20260407_101013.csv,multiple_runs_NB_HighThreat_2_20260407_101013.csv,ACE,NB,79,1687,164,1851,91.13992436520799,8.860075634792004
multiple_runs_NB_HighThreat_2_20260407_101013.csv,multiple_runs_NB_HighThreat_2_20260407_101013.csv,ACE,NB,80,1511,288,1799,83.9911061700945,16.008893829905503
multiple_runs_NB_HighThreat_2_20260407_101013.csv,multiple_runs_NB_HighThreat_2_20260407_101013.csv,ACE,NB,81,1612,278,1890,85.29100529100529,14.708994708994707
multiple_runs_NB_HighThreat_2_20260407_101013.csv,multiple_runs_NB_HighThreat_2_20260407_101013.csv,ACE,NB,82,1602,183,1785,89.74789915966387,10.252100840336134
multiple_runs_NB_HighThreat_2_20260407_101013.csv,multiple_runs_NB_HighThreat_2_20260407_101013.csv,ACE,NB,83,1655,291,1946,85.04624871531347,14.953751284686536
multiple_runs_NB_HighThreat_2_20260407_101013.csv,multiple_runs_NB_HighThreat_2_20260407_101013.csv,ACE,NB,84,1700,250,1950,87.17948717948718,12.82051282051282
multiple_runs_NB_HighThreat_2_20260407_101013.csv,multiple_runs_NB_HighThreat_2_20260407_101013.csv,ACE,NB,85,1628,297,1925,84.57142857142857,15.428571428571427
multiple_runs_NB_HighThreat_2_20260407_101013.csv,multiple_runs_NB_HighThreat_2_20260407_101013.csv,ACE,NB,86,1528,428,1956,78.11860940695297,21.881390593047033
multiple_runs_NB_HighThreat_2_20260407_101013.csv,multiple_runs_NB_HighThreat_2_20260407_101013.csv,ACE,NB,87,1580,345,1925,82.07792207792208,17.92207792207792
multiple_runs_NB_HighThreat_2_20260407_101013.csv,multiple_runs_NB_HighThreat_2_20260407_101013.csv,ACE,NB,88,1618,303,1921,84.22696512233212,15.773034877667882
multiple_runs_NB_HighThreat_2_20260407_101013.csv,multiple_runs_NB_HighThreat_2_20260407_101013.csv,ACE,NB,89,1657,270,1927,85.98858329008821,14.011416709911781
multiple_runs_NB_HighThreat_2_20260407_101013.csv,multiple_runs_NB_HighThreat_2_20260407_101013.csv,ACE,NB,90,1758,188,1946,90.33915724563207,9.660842754367934
multiple_runs_NB_HighThreat_2_20260407_101013.csv,multiple_runs_NB_HighThreat_2_20260407_101013.csv,ACE,NB,91,1721,223,1944,88.52880658436214,11.471193415637861
multiple_runs_NB_HighThreat_2_20260407_101013.csv,multiple_runs_NB_HighThreat_2_20260407_101013.csv,ACE,NB,92,1496,516,2012,74.35387673956262,25.646123260437374
multiple_runs_NB_HighThreat_2_20260407_101013.csv,multiple_runs_NB_HighThreat_2_20260407_101013.csv,ACE,NB,93,1728,263,1991,86.79055750878956,13.209442491210446
multiple_runs_NB_HighThreat_2_20260407_101013.csv,multiple_runs_NB_HighThreat_2_20260407_101013.csv,ACE,NB,94,1584,239,1823,86.88974218321448,13.110257816785516
multiple_runs_NB_HighThreat_2_20260407_101013.csv,multiple_runs_NB_HighThreat_2_20260407_101013.csv,ACE,NB,95,1623,181,1804,89.96674057649668,10.033259423503326
multiple_runs_NB_HighThreat_2_20260407_101013.csv,multiple_runs_NB_HighThreat_2_20260407_101013.csv,ACE,NB,96,1682,280,1962,85.72884811416922,14.271151885830784
multiple_runs_NB_HighThreat_2_20260407_101013.csv,multiple_runs_NB_HighThreat_2_20260407_101013.csv,ACE,NB,97,1723,245,1968,87.55081300813008,12.449186991869919
multiple_runs_NB_HighThreat_2_20260407_101013.csv,multiple_runs_NB_HighThreat_2_20260407_101013.csv,ACE,NB,98,1708,261,1969,86.7445403758253,13.255459624174708
multiple_runs_NB_HighThreat_2_20260407_101013.csv,multiple_runs_NB_HighThreat_2_20260407_101013.csv,ACE,NB,99,1625,281,1906,85.25708289611752,14.742917103882478
multiple_runs_NB_HighThreat_2_20260407_101013.csv,multiple_runs_NB_HighThreat_2_20260407_101013.csv,ACE,NB,100,1507,432,1939,77.720474471377,22.279525528623
multiple_runs_NB_HighThreat_2_20260407_101013.csv,multiple_runs_NB_HighThreat_2_20260407_101013.csv,ACE,NB,101,1667,313,1980,84.1919191919192,15.808080808080808
multiple_runs_NB_HighThreat_2_20260407_101013.csv,multiple_runs_NB_HighThreat_2_20260407_101013.csv,ACE,NB,102,1728,210,1938,89.1640866873065,10.8359133126935
multiple_runs_NB_HighThreat_2_20260407_101013.csv,multiple_runs_NB_HighThreat_2_20260407_101013.csv,ACE,NB,103,1604,210,1814,88.42337375964718,11.57662624035281
multiple_runs_NB_HighThreat_2_20260407_101013.csv,multiple_runs_NB_HighThreat_2_20260407_101013.csv,ACE,NB,104,1623,315,1938,83.74613003095975,16.253869969040245
multiple_runs_NB_HighThreat_2_20260407_101013.csv,multiple_runs_NB_HighThreat_2_20260407_101013.csv,ACE,NB,105,1669,267,1936,86.2086776859504,13.791322314049587
multiple_runs_NB_HighThreat_2_20260407_101013.csv,multiple_runs_NB_HighThreat_2_20260407_101013.csv,ACE,NB,106,1666,296,1962,84.91335372069318,15.086646279306828
multiple_runs_NB_HighThreat_2_20260407_101013.csv,multiple_runs_NB_HighThreat_2_20260407_101013.csv,ACE,NB,107,1633,245,1878,86.9542066027689,13.045793397231098
multiple_runs_NB_HighThreat_2_20260407_101013.csv,multiple_runs_NB_HighThreat_2_20260407_101013.csv,ACE,NB,108,1572,373,1945,80.82262210796915,19.177377892030847
multiple_runs_NB_HighThreat_2_20260407_101013.csv,multiple_runs_NB_HighThreat_2_20260407_101013.csv,ACE,NB,109,1629,189,1818,89.60396039603961,10.396039603960396
multiple_runs_NB_HighThreat_2_20260407_101013.csv,multiple_runs_NB_HighThreat_2_20260407_101013.csv,ACE,NB,110,1602,209,1811,88.45941468801767,11.54058531198233
multiple_runs_NB_HighThreat_2_20260407_101013.csv,multiple_runs_NB_HighThreat_2_20260407_101013.csv,ACE,NB,111,1656,211,1867,88.69844670594537,11.301553294054633
multiple_runs_NB_HighThreat_2_20260407_101013.csv,multiple_runs_NB_HighThreat_2_20260407_101013.csv,ACE,NB,112,1493,454,1947,76.68207498715974,23.31792501284027
multiple_runs_NB_HighThreat_2_20260407_101013.csv,multiple_runs_NB_HighThreat_2_20260407_101013.csv,ACE,NB,113,1720,239,1959,87.79989790709546,12.200102092904542
multiple_runs_NB_HighThreat_2_20260407_101013.csv,multiple_runs_NB_HighThreat_2_20260407_101013.csv,ACE,NB,114,1535,252,1787,85.89815332960269,14.101846670397315
multiple_runs_NB_HighThreat_2_20260407_101013.csv,multiple_runs_NB_HighThreat_2_20260407_101013.csv,ACE,NB,115,1567,246,1813,86.43132928847214,13.568670711527856
multiple_runs_NB_HighThreat_2_20260407_101013.csv,multiple_runs_NB_HighThreat_2_20260407_101013.csv,ACE,NB,116,1663,299,1962,84.76044852191642,15.239551478083587
multiple_runs_NB_HighThreat_2_20260407_101013.csv,multiple_runs_NB_HighThreat_2_20260407_101013.csv,ACE,NB,117,1657,291,1948,85.06160164271047,14.938398357289529
multiple_runs_NB_HighThreat_2_20260407_101013.csv,multiple_runs_NB_HighThreat_2_20260407_101013.csv,ACE,NB,118,1526,227,1753,87.05077010838562,12.949229891614374
multiple_runs_NB_HighThreat_2_20260407_101013.csv,multiple_runs_NB_HighThreat_2_20260407_101013.csv,ACE,NB,119,1735,222,1957,88.65610628513029,11.343893714869699
multiple_runs_NB_HighThreat_2_20260407_101013.csv,multiple_runs_NB_HighThreat_2_20260407_101013.csv,ACE,NB,120,1490,469,1959,76.05921388463501,23.940786115364983
multiple_runs_NB_HighThreat_2_20260407_101013.csv,multiple_runs_NB_HighThreat_2_20260407_101013.csv,ACE,NB,121,1647,286,1933,85.2043455768236,14.79565442317641
multiple_runs_NB_HighThreat_2_20260407_101013.csv,multiple_runs_NB_HighThreat_2_20260407_101013.csv,ACE,NB,122,1692,317,2009,84.22100547536088,15.778994524639122
multiple_runs_NB_HighThreat_2_20260407_101013.csv,multiple_runs_NB_HighThreat_2_20260407_101013.csv,ACE,NB,123,1552,405,1957,79.30505876341338,20.69494123658661
multiple_runs_NB_HighThreat_2_20260407_101013.csv,multiple_runs_NB_HighThreat_2_20260407_101013.csv,ACE,NB,124,1612,335,1947,82.79404211607601,17.205957883923986
multiple_runs_NB_HighThreat_2_20260407_101013.csv,multiple_runs_NB_HighThreat_2_20260407_101013.csv,ACE,NB,125,1655,291,1946,85.04624871531347,14.953751284686536
multiple_runs_NB_HighThreat_2_20260407_101013.csv,multiple_runs_NB_HighThreat_2_20260407_101013.csv,ACE,NB,126,1625,308,1933,84.06621831350233,15.933781686497673
multiple_runs_NB_HighThreat_2_20260407_101013.csv,multiple_runs_NB_HighThreat_2_20260407_101013.csv,ACE,NB,127,1660,309,1969,84.30675469781616,15.69324530218385
multiple_runs_NB_HighThreat_2_20260407_101013.csv,multiple_runs_NB_HighThreat_2_20260407_101013.csv,ACE,NB,128,1689,279,1968,85.82317073170732,14.176829268292682
multiple_runs_NB_HighThreat_2_20260407_101013.csv,multiple_runs_NB_HighThreat_2_20260407_101013.csv,ACE,NB,129,1663,324,1987,83.6940110719678,16.305988928032207
multiple_runs_NB_HighThreat_2_20260407_101013.csv,multiple_runs_NB_HighThreat_2_20260407_101013.csv,ACE,NB,130,1679,276,1955,85.88235294117646,14.117647058823529
multiple_runs_NB_HighThreat_2_20260407_101013.csv,multiple_runs_NB_HighThreat_2_20260407_101013.csv,ACE,NB,131,1660,321,1981,83.79606259464917,16.203937405350832
multiple_runs_NB_HighThreat_2_20260407_101013.csv,multiple_runs_NB_HighThreat_2_20260407_101013.csv,ACE,NB,132,1331,589,1920,69.32291666666667,30.677083333333332
multiple_runs_NB_HighThreat_2_20260407_101013.csv,multiple_runs_NB_HighThreat_2_20260407_101013.csv,ACE,NB,133,1639,344,1983,82.65254664649521,17.34745335350479
multiple_runs_NB_HighThreat_2_20260407_101013.csv,multiple_runs_NB_HighThreat_2_20260407_101013.csv,ACE,NB,134,1578,287,1865,84.6112600536193,15.388739946380698
multiple_runs_NB_HighThreat_2_20260407_101013.csv,multiple_runs_NB_HighThreat_2_20260407_101013.csv,ACE,NB,135,1612,278,1890,85.29100529100529,14.708994708994707
multiple_runs_NB_HighThreat_2_20260407_101013.csv,multiple_runs_NB_HighThreat_2_20260407_101013.csv,ACE,NB,136,1699,241,1940,87.57731958762886,12.422680412371134
multiple_runs_NB_HighThreat_2_20260407_101013.csv,multiple_runs_NB_HighThreat_2_20260407_101013.csv,ACE,NB,137,1612,190,1802,89.45615982241954,10.543840177580465
multiple_runs_NB_HighThreat_2_20260407_101013.csv,multiple_runs_NB_HighThreat_2_20260407_101013.csv,ACE,NB,138,1677,300,1977,84.82549317147192,15.174506828528072
multiple_runs_NB_HighThreat_2_20260407_101013.csv,multiple_runs_NB_HighThreat_2_20260407_101013.csv,ACE,NB,139,1549,414,1963,78.90983188996434,21.09016811003566
multiple_runs_NB_HighThreat_2_20260407_101013.csv,multiple_runs_NB_HighThreat_2_20260407_101013.csv,ACE,NB,140,1545,414,1959,78.86676875957122,21.133231240428792
multiple_runs_NB_HighThreat_2_20260407_101013.csv,multiple_runs_NB_HighThreat_2_20260407_101013.csv,ACE,NB,141,1710,227,1937,88.28084667010842,11.719153329891585
multiple_runs_NB_HighThreat_2_20260407_101013.csv,multiple_runs_NB_HighThreat_2_20260407_101013.csv,ACE,NB,142,1568,215,1783,87.94167134043747,12.058328659562536
multiple_runs_NB_HighThreat_2_20260407_101013.csv,multiple_runs_NB_HighThreat_2_20260407_101013.csv,ACE,NB,143,1492,465,1957,76.23914154317833,23.760858456821666
multiple_runs_NB_HighThreat_2_20260407_101013.csv,multiple_runs_NB_HighThreat_2_20260407_101013.csv,ACE,NB,144,1721,230,1951,88.21117375704766,11.788826242952332
multiple_runs_NB_HighThreat_2_20260407_101013.csv,multiple_runs_NB_HighThreat_2_20260407_101013.csv,ACE,NB,145,1610,337,1947,82.69131997945557,17.30868002054443
multiple_runs_NB_HighThreat_2_20260407_101013.csv,multiple_runs_NB_HighThreat_2_20260407_101013.csv,ACE,NB,146,1773,214,1987,89.22999496728737,10.770005032712632
multiple_runs_NB_HighThreat_2_20260407_101013.csv,multiple_runs_NB_HighThreat_2_20260407_101013.csv,ACE,NB,147,1736,230,1966,88.30111902339777,11.698880976602238
multiple_runs_NB_HighThreat_2_20260407_101013.csv,multiple_runs_NB_HighThreat_2_20260407_101013.csv,ACE,NB,148,1675,305,1980,84.59595959595958,15.404040404040403
multiple_runs_NB_HighThreat_2_20260407_101013.csv,multiple_runs_NB_HighThreat_2_20260407_101013.csv,ACE,NB,149,1677,326,2003,83.72441337993011,16.275586620069895
multiple_runs_NB_HighThreat_2_20260407_101013.csv,multiple_runs_NB_HighThreat_2_20260407_101013.csv,ACE,NB,150,1625,336,1961,82.8658847526772,17.134115247322796
multiple_runs_NB_HighThreat_2_20260407_101013.csv,multiple_runs_NB_HighThreat_2_20260407_101013.csv,ACE,NB,151,1632,289,1921,84.95575221238938,15.04424778761062
multiple_runs_NB_HighThreat_2_20260407_101013.csv,multiple_runs_NB_HighThreat_2_20260407_101013.csv,ACE,NB,152,1686,255,1941,86.86244204018547,13.137557959814528
multiple_runs_NB_HighThreat_2_20260407_101013.csv,multiple_runs_NB_HighThreat_2_20260407_101013.csv,ACE,NB,153,1374,574,1948,70.53388090349077,29.466119096509242
multiple_runs_NB_HighThreat_2_20260407_101013.csv,multiple_runs_NB_HighThreat_2_20260407_101013.csv,ACE,NB,154,1632,316,1948,83.77823408624229,16.2217659137577
multiple_runs_NB_HighThreat_2_20260407_101013.csv,multiple_runs_NB_HighThreat_2_20260407_101013.csv,ACE,NB,155,1479,454,1933,76.51319192964304,23.486808070356958
multiple_runs_NB_HighThreat_2_20260407_101013.csv,multiple_runs_NB_HighThreat_2_20260407_101013.csv,ACE,NB,156,1715,283,1998,85.83583583583584,14.164164164164164
multiple_runs_NB_HighThreat_2_20260407_101013.csv,multiple_runs_NB_HighThreat_2_20260407_101013.csv,ACE,NB,157,1679,265,1944,86.36831275720165,13.631687242798355
multiple_runs_NB_HighThreat_2_20260407_101013.csv,multiple_runs_NB_HighThreat_2_20260407_101013.csv,ACE,NB,158,1648,286,1934,85.21199586349535,14.788004136504654
multiple_runs_NB_HighThreat_2_20260407_101013.csv,multiple_runs_NB_HighThreat_2_20260407_101013.csv,ACE,NB,159,1688,256,1944,86.83127572016461,13.168724279835391
multiple_runs_NB_HighThreat_2_20260407_101013.csv,multiple_runs_NB_HighThreat_2_20260407_101013.csv,ACE,NB,160,1637,221,1858,88.10548977395048,11.894510226049515
multiple_runs_NB_HighThreat_2_20260407_101013.csv,multiple_runs_NB_HighThreat_2_20260407_101013.csv,ACE,NB,161,1583,379,1962,80.6829765545362,19.317023445463814
multiple_runs_NB_HighThreat_2_20260407_101013.csv,multiple_runs_NB_HighThreat_2_20260407_101013.csv,ACE,NB,162,1702,319,2021,84.21573478476002,15.784265215239982
multiple_runs_NB_HighThreat_2_20260407_101013.csv,multiple_runs_NB_HighThreat_2_20260407_101013.csv,ACE,NB,163,1560,388,1948,80.08213552361396,19.917864476386036
multiple_runs_NB_HighThreat_2_20260407_101013.csv,multiple_runs_NB_HighThreat_2_20260407_101013.csv,ACE,NB,164,1564,392,1956,79.95910020449898,20.040899795501023
multiple_runs_NB_HighThreat_2_20260407_101013.csv,multiple_runs_NB_HighThreat_2_20260407_101013.csv,ACE,NB,165,1672,178,1850,90.37837837837837,9.621621621621621
multiple_runs_NB_HighThreat_2_20260407_101013.csv,multiple_runs_NB_HighThreat_2_20260407_101013.csv,ACE,NB,166,1521,299,1820,83.57142857142857,16.428571428571427
multiple_runs_NB_HighThreat_2_20260407_101013.csv,multiple_runs_NB_HighThreat_2_20260407_101013.csv,ACE,NB,167,1637,346,1983,82.55168935955622,17.448310640443772
multiple_runs_NB_HighThreat_2_20260407_101013.csv,multiple_runs_NB_HighThreat_2_20260407_101013.csv,ACE,NB,168,1655,285,1940,85.30927835051546,14.690721649484537
multiple_runs_NB_HighThreat_2_20260407_101013.csv,multiple_runs_NB_HighThreat_2_20260407_101013.csv,ACE,NB,169,1571,262,1833,85.70649208947081,14.293507910529188
multiple_runs_NB_HighThreat_2_20260407_101013.csv,multiple_runs_NB_HighThreat_2_20260407_101013.csv,ACE,NB,170,1617,252,1869,86.51685393258427,13.48314606741573
multiple_runs_NB_HighThreat_2_20260407_101013.csv,multiple_runs_NB_HighThreat_2_20260407_101013.csv,ACE,NB,171,1580,332,1912,82.63598326359832,17.364016736401673
multiple_runs_NB_HighThreat_2_20260407_101013.csv,multiple_runs_NB_HighThreat_2_20260407_101013.csv,ACE,NB,172,1596,222,1818,87.78877887788778,12.211221122112212
multiple_runs_NB_HighThreat_2_20260407_101013.csv,multiple_runs_NB_HighThreat_2_20260407_101013.csv,ACE,NB,173,1564,332,1896,82.48945147679325,17.51054852320675
multiple_runs_NB_HighThreat_2_20260407_101013.csv,multiple_runs_NB_HighThreat_2_20260407_101013.csv,ACE,NB,174,1740,228,1968,88.41463414634147,11.585365853658537
multiple_runs_NB_HighThreat_2_20260407_101013.csv,multiple_runs_NB_HighThreat_2_20260407_101013.csv,ACE,NB,175,1554,381,1935,80.31007751937985,19.689922480620154
multiple_runs_NB_HighThreat_2_20260407_101013.csv,multiple_runs_NB_HighThreat_2_20260407_101013.csv,ACE,NB,176,1557,425,1982,78.55701311806257,21.442986881937436
multiple_runs_NB_HighThreat_2_20260407_101013.csv,multiple_runs_NB_HighThreat_2_20260407_101013.csv,ACE,NB,177,1689,206,1895,89.1292875989446,10.870712401055409
multiple_runs_NB_HighThreat_2_20260407_101013.csv,multiple_runs_NB_HighThreat_2_20260407_101013.csv,ACE,NB,178,1709,205,1914,89.28944618599792,10.71055381400209
multiple_runs_NB_HighThreat_2_20260407_101013.csv,multiple_runs_NB_HighThreat_2_20260407_101013.csv,ACE,NB,179,1604,192,1796,89.30957683741649,10.690423162583519
multiple_runs_NB_HighThreat_2_20260407_101013.csv,multiple_runs_NB_HighThreat_2_20260407_101013.csv,ACE,NB,180,1515,479,1994,75.9779338014042,24.022066198595788
multiple_runs_NB_HighThreat_2_20260407_101013.csv,multiple_runs_NB_HighThreat_2_20260407_101013.csv,ACE,NB,181,1496,377,1873,79.8718633208756,20.1281366791244
multiple_runs_NB_HighThreat_2_20260407_101013.csv,multiple_runs_NB_HighThreat_2_20260407_101013.csv,ACE,NB,182,1638,318,1956,83.74233128834356,16.257668711656443
multiple_runs_NB_HighThreat_2_20260407_101013.csv,multiple_runs_NB_HighThreat_2_20260407_101013.csv,ACE,NB,183,1468,460,1928,76.14107883817427,23.858921161825727
multiple_runs_NB_HighThreat_2_20260407_101013.csv,multiple_runs_NB_HighThreat_2_20260407_101013.csv,ACE,NB,184,1645,307,1952,84.27254098360656,15.727459016393441
multiple_runs_NB_HighThreat_2_20260407_101013.csv,multiple_runs_NB_HighThreat_2_20260407_101013.csv,ACE,NB,185,1726,248,1974,87.43667679837893,12.563323201621074
multiple_runs_NB_HighThreat_2_20260407_101013.csv,multiple_runs_NB_HighThreat_2_20260407_101013.csv,ACE,NB,186,1641,222,1863,88.08373590982286,11.916264090177133
multiple_runs_NB_HighThreat_2_20260407_101013.csv,multiple_runs_NB_HighThreat_2_20260407_101013.csv,ACE,NB,187,1515,284,1799,84.21345191773207,15.786548082267926
multiple_runs_NB_HighThreat_2_20260407_101013.csv,multiple_runs_NB_HighThreat_2_20260407_101013.csv,ACE,NB,188,1706,265,1971,86.55504819888381,13.444951801116185
multiple_runs_NB_HighThreat_2_20260407_101013.csv,multiple_runs_NB_HighThreat_2_20260407_101013.csv,ACE,NB,189,1466,314,1780,82.35955056179776,17.640449438202246
multiple_runs_NB_HighThreat_2_20260407_101013.csv,multiple_runs_NB_HighThreat_2_20260407_101013.csv,ACE,NB,190,1629,272,1901,85.69174118884797,14.308258811152024
multiple_runs_NB_HighThreat_2_20260407_101013.csv,multiple_runs_NB_HighThreat_2_20260407_101013.csv,ACE,NB,191,1600,391,1991,80.36162732295328,19.63837267704671
multiple_runs_NB_HighThreat_2_20260407_101013.csv,multiple_runs_NB_HighThreat_2_20260407_101013.csv,ACE,NB,192,1691,225,1916,88.25678496868477,11.743215031315241
multiple_runs_NB_HighThreat_2_20260407_101013.csv,multiple_runs_NB_HighThreat_2_20260407_101013.csv,ACE,NB,193,1625,296,1921,84.59135866736075,15.40864133263925
multiple_runs_NB_HighThreat_2_20260407_101013.csv,multiple_runs_NB_HighThreat_2_20260407_101013.csv,ACE,NB,194,1579,284,1863,84.75577026301664,15.24422973698336
multiple_runs_NB_HighThreat_2_20260407_101013.csv,multiple_runs_NB_HighThreat_2_20260407_101013.csv,ACE,NB,195,1657,199,1856,89.27801724137932,10.721982758620689
multiple_runs_NB_HighThreat_2_20260407_101013.csv,multiple_runs_NB_HighThreat_2_20260407_101013.csv,ACE,NB,196,1739,201,1940,89.63917525773196,10.360824742268042
multiple_runs_NB_HighThreat_2_20260407_101013.csv,multiple_runs_NB_HighThreat_2_20260407_101013.csv,ACE,NB,197,1595,333,1928,82.72821576763485,17.271784232365146
multiple_runs_NB_HighThreat_2_20260407_101013.csv,multiple_runs_NB_HighThreat_2_20260407_101013.csv,ACE,NB,198,1586,244,1830,86.66666666666667,13.333333333333334
multiple_runs_NB_HighThreat_2_20260407_101013.csv,multiple_runs_NB_HighThreat_2_20260407_101013.csv,ACE,NB,199,1592,288,1880,84.68085106382979,15.319148936170212
multiple_runs_NB_HighThreat_2_20260407_101013.csv,multiple_runs_NB_HighThreat_2_20260407_101013.csv,ACE,NB,200,1554,433,1987,78.2083543029693,21.7916456970307
multiple_runs_NB_LowThreat_2_20260407_130133.csv,multiple_runs_NB_LowThreat_2_20260407_130133.csv,No ACE,NB,1,1695,255,1950,86.92307692307692,13.076923076923078
multiple_runs_NB_LowThreat_2_20260407_130133.csv,multiple_runs_NB_LowThreat_2_20260407_130133.csv,No ACE,NB,2,1626,323,1949,83.42739866598255,16.572601334017445
multiple_runs_NB_LowThreat_2_20260407_130133.csv,multiple_runs_NB_LowThreat_2_20260407_130133.csv,No ACE,NB,3,1729,195,1924,89.86486486486487,10.135135135135135
multiple_runs_NB_LowThreat_2_20260407_130133.csv,multiple_runs_NB_LowThreat_2_20260407_130133.csv,No ACE,NB,4,1508,495,2003,75.28706939590613,24.71293060409386
multiple_runs_NB_LowThreat_2_20260407_130133.csv,multiple_runs_NB_LowThreat_2_20260407_130133.csv,No ACE,NB,5,1804,158,1962,91.94699286442406,8.053007135575942
multiple_runs_NB_LowThreat_2_20260407_130133.csv,multiple_runs_NB_LowThreat_2_20260407_130133.csv,No ACE,NB,6,1647,321,1968,83.6890243902439,16.3109756097561
multiple_runs_NB_LowThreat_2_20260407_130133.csv,multiple_runs_NB_LowThreat_2_20260407_130133.csv,No ACE,NB,7,1579,354,1933,81.68649767201242,18.313502327987585
multiple_runs_NB_LowThreat_2_20260407_130133.csv,multiple_runs_NB_LowThreat_2_20260407_130133.csv,No ACE,NB,8,1350,331,1681,80.30933967876264,19.690660321237356
multiple_runs_NB_LowThreat_2_20260407_130133.csv,multiple_runs_NB_LowThreat_2_20260407_130133.csv,No ACE,NB,9,1416,447,1863,76.00644122383254,23.993558776167472
multiple_runs_NB_LowThreat_2_20260407_130133.csv,multiple_runs_NB_LowThreat_2_20260407_130133.csv,No ACE,NB,10,1390,522,1912,72.69874476987448,27.30125523012552
multiple_runs_NB_LowThreat_2_20260407_130133.csv,multiple_runs_NB_LowThreat_2_20260407_130133.csv,No ACE,NB,11,1713,208,1921,89.17230609057782,10.827693909422177
multiple_runs_NB_LowThreat_2_20260407_130133.csv,multiple_runs_NB_LowThreat_2_20260407_130133.csv,No ACE,NB,12,1670,250,1920,86.97916666666666,13.020833333333334
multiple_runs_NB_LowThreat_2_20260407_130133.csv,multiple_runs_NB_LowThreat_2_20260407_130133.csv,No ACE,NB,13,1567,410,1977,79.26150733434497,20.738492665655034
multiple_runs_NB_LowThreat_2_20260407_130133.csv,multiple_runs_NB_LowThreat_2_20260407_130133.csv,No ACE,NB,14,1616,294,1910,84.60732984293193,15.392670157068064
multiple_runs_NB_LowThreat_2_20260407_130133.csv,multiple_runs_NB_LowThreat_2_20260407_130133.csv,No ACE,NB,15,1585,282,1867,84.89555436529191,15.104445634708089
multiple_runs_NB_LowThreat_2_20260407_130133.csv,multiple_runs_NB_LowThreat_2_20260407_130133.csv,No ACE,NB,16,1687,239,1926,87.59086188992731,12.40913811007269
multiple_runs_NB_LowThreat_2_20260407_130133.csv,multiple_runs_NB_LowThreat_2_20260407_130133.csv,No ACE,NB,17,1563,334,1897,82.3932525039536,17.60674749604639
multiple_runs_NB_LowThreat_2_20260407_130133.csv,multiple_runs_NB_LowThreat_2_20260407_130133.csv,No ACE,NB,18,1485,411,1896,78.32278481012658,21.677215189873415
multiple_runs_NB_LowThreat_2_20260407_130133.csv,multiple_runs_NB_LowThreat_2_20260407_130133.csv,No ACE,NB,19,1661,278,1939,85.66271273852502,14.337287261474987
multiple_runs_NB_LowThreat_2_20260407_130133.csv,multiple_runs_NB_LowThreat_2_20260407_130133.csv,No ACE,NB,20,1739,169,1908,91.14255765199162,8.857442348008385
multiple_runs_NB_LowThreat_2_20260407_130133.csv,multiple_runs_NB_LowThreat_2_20260407_130133.csv,No ACE,NB,21,1710,249,1959,87.28943338437979,12.710566615620214
multiple_runs_NB_LowThreat_2_20260407_130133.csv,multiple_runs_NB_LowThreat_2_20260407_130133.csv,No ACE,NB,22,1506,303,1809,83.25041459369817,16.749585406301822
multiple_runs_NB_LowThreat_2_20260407_130133.csv,multiple_runs_NB_LowThreat_2_20260407_130133.csv,No ACE,NB,23,1449,478,1927,75.19460300985989,24.805396990140114
multiple_runs_NB_LowThreat_2_20260407_130133.csv,multiple_runs_NB_LowThreat_2_20260407_130133.csv,No ACE,NB,24,1570,289,1859,84.45400753093061,15.545992469069391
multiple_runs_NB_LowThreat_2_20260407_130133.csv,multiple_runs_NB_LowThreat_2_20260407_130133.csv,No ACE,NB,25,1539,403,1942,79.24819773429455,20.751802265705457
multiple_runs_NB_LowThreat_2_20260407_130133.csv,multiple_runs_NB_LowThreat_2_20260407_130133.csv,No ACE,NB,26,1468,472,1940,75.6701030927835,24.329896907216494
multiple_runs_NB_LowThreat_2_20260407_130133.csv,multiple_runs_NB_LowThreat_2_20260407_130133.csv,No ACE,NB,27,1699,248,1947,87.26245505906522,12.737544940934772
multiple_runs_NB_LowThreat_2_20260407_130133.csv,multiple_runs_NB_LowThreat_2_20260407_130133.csv,No ACE,NB,28,1497,425,1922,77.88761706555671,22.11238293444329
multiple_runs_NB_LowThreat_2_20260407_130133.csv,multiple_runs_NB_LowThreat_2_20260407_130133.csv,No ACE,NB,29,1103,492,1595,69.15360501567397,30.846394984326018
multiple_runs_NB_LowThreat_2_20260407_130133.csv,multiple_runs_NB_LowThreat_2_20260407_130133.csv,No ACE,NB,30,1726,282,2008,85.95617529880478,14.043824701195218
multiple_runs_NB_LowThreat_2_20260407_130133.csv,multiple_runs_NB_LowThreat_2_20260407_130133.csv,No ACE,NB,31,1627,229,1856,87.66163793103449,12.338362068965516
multiple_runs_NB_LowThreat_2_20260407_130133.csv,multiple_runs_NB_LowThreat_2_20260407_130133.csv,No ACE,NB,32,1529,304,1833,83.41516639388979,16.5848336061102
multiple_runs_NB_LowThreat_2_20260407_130133.csv,multiple_runs_NB_LowThreat_2_20260407_130133.csv,No ACE,NB,33,1633,320,1953,83.61495135688683,16.38504864311316
multiple_runs_NB_LowThreat_2_20260407_130133.csv,multiple_runs_NB_LowThreat_2_20260407_130133.csv,No ACE,NB,34,1646,277,1923,85.59542381695267,14.404576183047322
multiple_runs_NB_LowThreat_2_20260407_130133.csv,multiple_runs_NB_LowThreat_2_20260407_130133.csv,No ACE,NB,35,1483,234,1717,86.37157833430402,13.628421665695981
multiple_runs_NB_LowThreat_2_20260407_130133.csv,multiple_runs_NB_LowThreat_2_20260407_130133.csv,No ACE,NB,36,1501,476,1977,75.92311583206879,24.07688416793121
multiple_runs_NB_LowThreat_2_20260407_130133.csv,multiple_runs_NB_LowThreat_2_20260407_130133.csv,No ACE,NB,37,1599,236,1835,87.13896457765668,12.861035422343326
multiple_runs_NB_LowThreat_2_20260407_130133.csv,multiple_runs_NB_LowThreat_2_20260407_130133.csv,No ACE,NB,38,1812,137,1949,92.97075423293997,7.029245767060031
multiple_runs_NB_LowThreat_2_20260407_130133.csv,multiple_runs_NB_LowThreat_2_20260407_130133.csv,No ACE,NB,39,1586,259,1845,85.96205962059621,14.037940379403793
multiple_runs_NB_LowThreat_2_20260407_130133.csv,multiple_runs_NB_LowThreat_2_20260407_130133.csv,No ACE,NB,40,1588,343,1931,82.23718280683585,17.762817193164164
multiple_runs_NB_LowThreat_2_20260407_130133.csv,multiple_runs_NB_LowThreat_2_20260407_130133.csv,No ACE,NB,41,1572,361,1933,81.32436627004655,18.67563372995344
multiple_runs_NB_LowThreat_2_20260407_130133.csv,multiple_runs_NB_LowThreat_2_20260407_130133.csv,No ACE,NB,42,1302,466,1768,73.64253393665159,26.35746606334842
multiple_runs_NB_LowThreat_2_20260407_130133.csv,multiple_runs_NB_LowThreat_2_20260407_130133.csv,No ACE,NB,43,1364,482,1846,73.88949079089923,26.11050920910076
multiple_runs_NB_LowThreat_2_20260407_130133.csv,multiple_runs_NB_LowThreat_2_20260407_130133.csv,No ACE,NB,44,1672,297,1969,84.91620111731844,15.083798882681565
multiple_runs_NB_LowThreat_2_20260407_130133.csv,multiple_runs_NB_LowThreat_2_20260407_130133.csv,No ACE,NB,45,1078,534,1612,66.87344913151365,33.126550868486355
multiple_runs_NB_LowThreat_2_20260407_130133.csv,multiple_runs_NB_LowThreat_2_20260407_130133.csv,No ACE,NB,46,1711,212,1923,88.9755590223609,11.024440977639106
multiple_runs_NB_LowThreat_2_20260407_130133.csv,multiple_runs_NB_LowThreat_2_20260407_130133.csv,No ACE,NB,47,1690,208,1898,89.04109589041096,10.95890410958904
multiple_runs_NB_LowThreat_2_20260407_130133.csv,multiple_runs_NB_LowThreat_2_20260407_130133.csv,No ACE,NB,48,1571,344,1915,82.03655352480418,17.96344647519582
multiple_runs_NB_LowThreat_2_20260407_130133.csv,multiple_runs_NB_LowThreat_2_20260407_130133.csv,No ACE,NB,49,1477,501,1978,74.67138523761375,25.32861476238625
multiple_runs_NB_LowThreat_2_20260407_130133.csv,multiple_runs_NB_LowThreat_2_20260407_130133.csv,No ACE,NB,50,1624,318,1942,83.62512873326467,16.374871266735326
multiple_runs_NB_LowThreat_2_20260407_130133.csv,multiple_runs_NB_LowThreat_2_20260407_130133.csv,No ACE,NB,51,1692,212,1904,88.8655462184874,11.134453781512606
multiple_runs_NB_LowThreat_2_20260407_130133.csv,multiple_runs_NB_LowThreat_2_20260407_130133.csv,No ACE,NB,52,1689,185,1874,90.12806830309499,9.871931696905015
multiple_runs_NB_LowThreat_2_20260407_130133.csv,multiple_runs_NB_LowThreat_2_20260407_130133.csv,No ACE,NB,53,1527,369,1896,80.5379746835443,19.462025316455698
multiple_runs_NB_LowThreat_2_20260407_130133.csv,multiple_runs_NB_LowThreat_2_20260407_130133.csv,No ACE,NB,54,1715,221,1936,88.58471074380165,11.415289256198346
multiple_runs_NB_LowThreat_2_20260407_130133.csv,multiple_runs_NB_LowThreat_2_20260407_130133.csv,No ACE,NB,55,1637,293,1930,84.81865284974093,15.181347150259066
multiple_runs_NB_LowThreat_2_20260407_130133.csv,multiple_runs_NB_LowThreat_2_20260407_130133.csv,No ACE,NB,56,1548,347,1895,81.688654353562,18.311345646437996
multiple_runs_NB_LowThreat_2_20260407_130133.csv,multiple_runs_NB_LowThreat_2_20260407_130133.csv,No ACE,NB,57,1403,415,1818,77.17271727172718,22.827282728272827
multiple_runs_NB_LowThreat_2_20260407_130133.csv,multiple_runs_NB_LowThreat_2_20260407_130133.csv,No ACE,NB,58,1630,356,1986,82.07452165156093,17.92547834843907
multiple_runs_NB_LowThreat_2_20260407_130133.csv,multiple_runs_NB_LowThreat_2_20260407_130133.csv,No ACE,NB,59,1477,259,1736,85.08064516129032,14.919354838709678
multiple_runs_NB_LowThreat_2_20260407_130133.csv,multiple_runs_NB_LowThreat_2_20260407_130133.csv,No ACE,NB,60,1376,321,1697,81.08426635238656,18.915733647613436
multiple_runs_NB_LowThreat_2_20260407_130133.csv,multiple_runs_NB_LowThreat_2_20260407_130133.csv,No ACE,NB,61,1537,362,1899,80.93733543970511,19.06266456029489
multiple_runs_NB_LowThreat_2_20260407_130133.csv,multiple_runs_NB_LowThreat_2_20260407_130133.csv,No ACE,NB,62,1501,505,2006,74.82552342971087,25.174476570289134
multiple_runs_NB_LowThreat_2_20260407_130133.csv,multiple_runs_NB_LowThreat_2_20260407_130133.csv,No ACE,NB,63,1693,256,1949,86.86505900461775,13.134940995382246
multiple_runs_NB_LowThreat_2_20260407_130133.csv,multiple_runs_NB_LowThreat_2_20260407_130133.csv,No ACE,NB,64,1202,641,1843,65.2197504069452,34.780249593054805
multiple_runs_NB_LowThreat_2_20260407_130133.csv,multiple_runs_NB_LowThreat_2_20260407_130133.csv,No ACE,NB,65,1388,547,1935,71.7312661498708,28.268733850129195
multiple_runs_NB_LowThreat_2_20260407_130133.csv,multiple_runs_NB_LowThreat_2_20260407_130133.csv,No ACE,NB,66,1718,266,1984,86.59274193548387,13.407258064516128
multiple_runs_NB_LowThreat_2_20260407_130133.csv,multiple_runs_NB_LowThreat_2_20260407_130133.csv,No ACE,NB,67,1728,206,1934,89.34850051706307,10.651499482936918
multiple_runs_NB_LowThreat_2_20260407_130133.csv,multiple_runs_NB_LowThreat_2_20260407_130133.csv,No ACE,NB,68,1634,296,1930,84.66321243523316,15.33678756476684
multiple_runs_NB_LowThreat_2_20260407_130133.csv,multiple_runs_NB_LowThreat_2_20260407_130133.csv,No ACE,NB,69,1307,511,1818,71.89218921892189,28.107810781078108
multiple_runs_NB_LowThreat_2_20260407_130133.csv,multiple_runs_NB_LowThreat_2_20260407_130133.csv,No ACE,NB,70,1561,269,1830,85.30054644808743,14.699453551912569
multiple_runs_NB_LowThreat_2_20260407_130133.csv,multiple_runs_NB_LowThreat_2_20260407_130133.csv,No ACE,NB,71,1266,590,1856,68.21120689655173,31.788793103448278
multiple_runs_NB_LowThreat_2_20260407_130133.csv,multiple_runs_NB_LowThreat_2_20260407_130133.csv,No ACE,NB,72,1438,474,1912,75.2092050209205,24.790794979079497
multiple_runs_NB_LowThreat_2_20260407_130133.csv,multiple_runs_NB_LowThreat_2_20260407_130133.csv,No ACE,NB,73,1374,500,1874,73.31910352187833,26.680896478121664
multiple_runs_NB_LowThreat_2_20260407_130133.csv,multiple_runs_NB_LowThreat_2_20260407_130133.csv,No ACE,NB,74,1619,324,1943,83.32475553268142,16.675244467318578
multiple_runs_NB_LowThreat_2_20260407_130133.csv,multiple_runs_NB_LowThreat_2_20260407_130133.csv,No ACE,NB,75,1642,334,1976,83.09716599190283,16.902834008097166
multiple_runs_NB_LowThreat_2_20260407_130133.csv,multiple_runs_NB_LowThreat_2_20260407_130133.csv,No ACE,NB,76,1120,595,1715,65.3061224489796,34.69387755102041
multiple_runs_NB_LowThreat_2_20260407_130133.csv,multiple_runs_NB_LowThreat_2_20260407_130133.csv,No ACE,NB,77,1445,420,1865,77.4798927613941,22.5201072386059
multiple_runs_NB_LowThreat_2_20260407_130133.csv,multiple_runs_NB_LowThreat_2_20260407_130133.csv,No ACE,NB,78,1645,314,1959,83.97141398672792,16.02858601327208
multiple_runs_NB_LowThreat_2_20260407_130133.csv,multiple_runs_NB_LowThreat_2_20260407_130133.csv,No ACE,NB,79,1631,341,1972,82.7079107505071,17.2920892494929
multiple_runs_NB_LowThreat_2_20260407_130133.csv,multiple_runs_NB_LowThreat_2_20260407_130133.csv,No ACE,NB,80,1746,211,1957,89.21819110884006,10.781808891159939
multiple_runs_NB_LowThreat_2_20260407_130133.csv,multiple_runs_NB_LowThreat_2_20260407_130133.csv,No ACE,NB,81,1507,439,1946,77.44090441932168,22.559095580678314
multiple_runs_NB_LowThreat_2_20260407_130133.csv,multiple_runs_NB_LowThreat_2_20260407_130133.csv,No ACE,NB,82,1350,584,1934,69.80351602895554,30.19648397104447
multiple_runs_NB_LowThreat_2_20260407_130133.csv,multiple_runs_NB_LowThreat_2_20260407_130133.csv,No ACE,NB,83,1683,289,1972,85.34482758620689,14.655172413793101
multiple_runs_NB_LowThreat_2_20260407_130133.csv,multiple_runs_NB_LowThreat_2_20260407_130133.csv,No ACE,NB,84,1279,567,1846,69.28494041170097,30.715059588299027
multiple_runs_NB_LowThreat_2_20260407_130133.csv,multiple_runs_NB_LowThreat_2_20260407_130133.csv,No ACE,NB,85,1677,258,1935,86.66666666666667,13.333333333333334
multiple_runs_NB_LowThreat_2_20260407_130133.csv,multiple_runs_NB_LowThreat_2_20260407_130133.csv,No ACE,NB,86,1430,510,1940,73.71134020618557,26.288659793814436
multiple_runs_NB_LowThreat_2_20260407_130133.csv,multiple_runs_NB_LowThreat_2_20260407_130133.csv,No ACE,NB,87,1543,356,1899,81.25329120589784,18.746708794102158
multiple_runs_NB_LowThreat_2_20260407_130133.csv,multiple_runs_NB_LowThreat_2_20260407_130133.csv,No ACE,NB,88,1438,499,1937,74.23851316468766,25.761486835312336
multiple_runs_NB_LowThreat_2_20260407_130133.csv,multiple_runs_NB_LowThreat_2_20260407_130133.csv,No ACE,NB,89,1711,234,1945,87.96915167095116,12.030848329048844
multiple_runs_NB_LowThreat_2_20260407_130133.csv,multiple_runs_NB_LowThreat_2_20260407_130133.csv,No ACE,NB,90,1384,538,1922,72.00832466181062,27.99167533818939
multiple_runs_NB_LowThreat_2_20260407_130133.csv,multiple_runs_NB_LowThreat_2_20260407_130133.csv,No ACE,NB,91,1627,245,1872,86.91239316239316,13.087606837606838
multiple_runs_NB_LowThreat_2_20260407_130133.csv,multiple_runs_NB_LowThreat_2_20260407_130133.csv,No ACE,NB,92,1510,379,1889,79.93647432503971,20.063525674960296
multiple_runs_NB_LowThreat_2_20260407_130133.csv,multiple_runs_NB_LowThreat_2_20260407_130133.csv,No ACE,NB,93,1448,476,1924,75.25987525987526,24.74012474012474
multiple_runs_NB_LowThreat_2_20260407_130133.csv,multiple_runs_NB_LowThreat_2_20260407_130133.csv,No ACE,NB,94,1658,214,1872,88.56837606837607,11.431623931623932
multiple_runs_NB_LowThreat_2_20260407_130133.csv,multiple_runs_NB_LowThreat_2_20260407_130133.csv,No ACE,NB,95,1727,229,1956,88.29243353783231,11.707566462167689
multiple_runs_NB_LowThreat_2_20260407_130133.csv,multiple_runs_NB_LowThreat_2_20260407_130133.csv,No ACE,NB,96,1701,145,1846,92.14517876489707,7.854821235102925
multiple_runs_NB_LowThreat_2_20260407_130133.csv,multiple_runs_NB_LowThreat_2_20260407_130133.csv,No ACE,NB,97,1168,482,1650,70.78787878787878,29.21212121212121
multiple_runs_NB_LowThreat_2_20260407_130133.csv,multiple_runs_NB_LowThreat_2_20260407_130133.csv,No ACE,NB,98,1473,406,1879,78.39276210750398,21.60723789249601
multiple_runs_NB_LowThreat_2_20260407_130133.csv,multiple_runs_NB_LowThreat_2_20260407_130133.csv,No ACE,NB,99,1645,260,1905,86.3517060367454,13.648293963254593
multiple_runs_NB_LowThreat_2_20260407_130133.csv,multiple_runs_NB_LowThreat_2_20260407_130133.csv,No ACE,NB,100,1567,268,1835,85.3950953678474,14.604904632152587
multiple_runs_NB_LowThreat_2_20260407_130133.csv,multiple_runs_NB_LowThreat_2_20260407_130133.csv,No ACE,NB,101,1663,210,1873,88.78804057661506,11.211959423384945
multiple_runs_NB_LowThreat_2_20260407_130133.csv,multiple_runs_NB_LowThreat_2_20260407_130133.csv,No ACE,NB,102,1559,360,1919,81.2402292860865,18.759770713913497
multiple_runs_NB_LowThreat_2_20260407_130133.csv,multiple_runs_NB_LowThreat_2_20260407_130133.csv,No ACE,NB,103,1637,384,2021,80.9995051954478,19.0004948045522
multiple_runs_NB_LowThreat_2_20260407_130133.csv,multiple_runs_NB_LowThreat_2_20260407_130133.csv,No ACE,NB,104,1579,293,1872,84.3482905982906,15.651709401709402
multiple_runs_NB_LowThreat_2_20260407_130133.csv,multiple_runs_NB_LowThreat_2_20260407_130133.csv,No ACE,NB,105,1349,559,1908,70.70230607966457,29.297693920335433
multiple_runs_NB_LowThreat_2_20260407_130133.csv,multiple_runs_NB_LowThreat_2_20260407_130133.csv,No ACE,NB,106,1506,442,1948,77.31006160164272,22.68993839835729
multiple_runs_NB_LowThreat_2_20260407_130133.csv,multiple_runs_NB_LowThreat_2_20260407_130133.csv,No ACE,NB,107,1372,496,1868,73.44753747323341,26.552462526766597
multiple_runs_NB_LowThreat_2_20260407_130133.csv,multiple_runs_NB_LowThreat_2_20260407_130133.csv,No ACE,NB,108,1441,496,1937,74.39339184305628,25.60660815694373
multiple_runs_NB_LowThreat_2_20260407_130133.csv,multiple_runs_NB_LowThreat_2_20260407_130133.csv,No ACE,NB,109,1519,459,1978,76.79474216380183,23.20525783619818
multiple_runs_NB_LowThreat_2_20260407_130133.csv,multiple_runs_NB_LowThreat_2_20260407_130133.csv,No ACE,NB,110,1213,462,1675,72.41791044776119,27.582089552238802
multiple_runs_NB_LowThreat_2_20260407_130133.csv,multiple_runs_NB_LowThreat_2_20260407_130133.csv,No ACE,NB,111,1741,210,1951,89.23628908252178,10.763710917478218
multiple_runs_NB_LowThreat_2_20260407_130133.csv,multiple_runs_NB_LowThreat_2_20260407_130133.csv,No ACE,NB,112,1476,417,1893,77.97147385103011,22.028526148969892
multiple_runs_NB_LowThreat_2_20260407_130133.csv,multiple_runs_NB_LowThreat_2_20260407_130133.csv,No ACE,NB,113,1485,234,1719,86.38743455497382,13.612565445026178
multiple_runs_NB_LowThreat_2_20260407_130133.csv,multiple_runs_NB_LowThreat_2_20260407_130133.csv,No ACE,NB,114,1719,244,1963,87.57004584819154,12.429954151808456
multiple_runs_NB_LowThreat_2_20260407_130133.csv,multiple_runs_NB_LowThreat_2_20260407_130133.csv,No ACE,NB,115,1494,407,1901,78.59021567596002,21.40978432403998
multiple_runs_NB_LowThreat_2_20260407_130133.csv,multiple_runs_NB_LowThreat_2_20260407_130133.csv,No ACE,NB,116,1688,270,1958,86.21041879468847,13.789581205311544
multiple_runs_NB_LowThreat_2_20260407_130133.csv,multiple_runs_NB_LowThreat_2_20260407_130133.csv,No ACE,NB,117,1724,214,1938,88.95768833849328,11.042311661506709
multiple_runs_NB_LowThreat_2_20260407_130133.csv,multiple_runs_NB_LowThreat_2_20260407_130133.csv,No ACE,NB,118,1684,248,1932,87.16356107660455,12.836438923395447
multiple_runs_NB_LowThreat_2_20260407_130133.csv,multiple_runs_NB_LowThreat_2_20260407_130133.csv,No ACE,NB,119,1628,280,1908,85.32494758909853,14.675052410901468
multiple_runs_NB_LowThreat_2_20260407_130133.csv,multiple_runs_NB_LowThreat_2_20260407_130133.csv,No ACE,NB,120,1653,353,2006,82.40279162512462,17.597208374875372
multiple_runs_NB_LowThreat_2_20260407_130133.csv,multiple_runs_NB_LowThreat_2_20260407_130133.csv,No ACE,NB,121,1682,213,1895,88.75989445910291,11.240105540897098
multiple_runs_NB_LowThreat_2_20260407_130133.csv,multiple_runs_NB_LowThreat_2_20260407_130133.csv,No ACE,NB,122,1425,514,1939,73.4914904589995,26.508509541000514
multiple_runs_NB_LowThreat_2_20260407_130133.csv,multiple_runs_NB_LowThreat_2_20260407_130133.csv,No ACE,NB,123,1389,543,1932,71.8944099378882,28.1055900621118
multiple_runs_NB_LowThreat_2_20260407_130133.csv,multiple_runs_NB_LowThreat_2_20260407_130133.csv,No ACE,NB,124,1726,220,1946,88.69475847893115,11.30524152106886
multiple_runs_NB_LowThreat_2_20260407_130133.csv,multiple_runs_NB_LowThreat_2_20260407_130133.csv,No ACE,NB,125,1631,292,1923,84.81539261570464,15.18460738429537
multiple_runs_NB_LowThreat_2_20260407_130133.csv,multiple_runs_NB_LowThreat_2_20260407_130133.csv,No ACE,NB,126,1503,486,1989,75.56561085972851,24.43438914027149
multiple_runs_NB_LowThreat_2_20260407_130133.csv,multiple_runs_NB_LowThreat_2_20260407_130133.csv,No ACE,NB,127,1689,246,1935,87.28682170542635,12.713178294573643
multiple_runs_NB_LowThreat_2_20260407_130133.csv,multiple_runs_NB_LowThreat_2_20260407_130133.csv,No ACE,NB,128,1548,326,1874,82.60405549626468,17.395944503735326
multiple_runs_NB_LowThreat_2_20260407_130133.csv,multiple_runs_NB_LowThreat_2_20260407_130133.csv,No ACE,NB,129,1539,442,1981,77.68803634528017,22.31196365471984
multiple_runs_NB_LowThreat_2_20260407_130133.csv,multiple_runs_NB_LowThreat_2_20260407_130133.csv,No ACE,NB,130,1709,250,1959,87.23838693210821,12.76161306789178
multiple_runs_NB_LowThreat_2_20260407_130133.csv,multiple_runs_NB_LowThreat_2_20260407_130133.csv,No ACE,NB,131,1426,538,1964,72.60692464358452,27.39307535641548
multiple_runs_NB_LowThreat_2_20260407_130133.csv,multiple_runs_NB_LowThreat_2_20260407_130133.csv,No ACE,NB,132,1432,460,1892,75.68710359408034,24.312896405919663
multiple_runs_NB_LowThreat_2_20260407_130133.csv,multiple_runs_NB_LowThreat_2_20260407_130133.csv,No ACE,NB,133,1543,368,1911,80.74306645735217,19.25693354264783
multiple_runs_NB_LowThreat_2_20260407_130133.csv,multiple_runs_NB_LowThreat_2_20260407_130133.csv,No ACE,NB,134,1486,437,1923,77.27509100364016,22.724908996359854
multiple_runs_NB_LowThreat_2_20260407_130133.csv,multiple_runs_NB_LowThreat_2_20260407_130133.csv,No ACE,NB,135,1215,640,1855,65.49865229110512,34.50134770889488
multiple_runs_NB_LowThreat_2_20260407_130133.csv,multiple_runs_NB_LowThreat_2_20260407_130133.csv,No ACE,NB,136,1605,293,1898,84.5626975763962,15.437302423603793
multiple_runs_NB_LowThreat_2_20260407_130133.csv,multiple_runs_NB_LowThreat_2_20260407_130133.csv,No ACE,NB,137,1542,324,1866,82.63665594855306,17.363344051446948
multiple_runs_NB_LowThreat_2_20260407_130133.csv,multiple_runs_NB_LowThreat_2_20260407_130133.csv,No ACE,NB,138,1799,185,1984,90.67540322580645,9.324596774193548
multiple_runs_NB_LowThreat_2_20260407_130133.csv,multiple_runs_NB_LowThreat_2_20260407_130133.csv,No ACE,NB,139,1454,472,1926,75.4932502596054,24.5067497403946
multiple_runs_NB_LowThreat_2_20260407_130133.csv,multiple_runs_NB_LowThreat_2_20260407_130133.csv,No ACE,NB,140,1599,295,1894,84.42449841605068,15.575501583949315
multiple_runs_NB_LowThreat_2_20260407_130133.csv,multiple_runs_NB_LowThreat_2_20260407_130133.csv,No ACE,NB,141,1446,497,1943,74.42099845599589,25.579001544004115
multiple_runs_NB_LowThreat_2_20260407_130133.csv,multiple_runs_NB_LowThreat_2_20260407_130133.csv,No ACE,NB,142,1560,289,1849,84.36992969172525,15.630070308274743
multiple_runs_NB_LowThreat_2_20260407_130133.csv,multiple_runs_NB_LowThreat_2_20260407_130133.csv,No ACE,NB,143,1631,357,1988,82.04225352112677,17.95774647887324
multiple_runs_NB_LowThreat_2_20260407_130133.csv,multiple_runs_NB_LowThreat_2_20260407_130133.csv,No ACE,NB,144,1560,387,1947,80.12326656394453,19.876733436055467
multiple_runs_NB_LowThreat_2_20260407_130133.csv,multiple_runs_NB_LowThreat_2_20260407_130133.csv,No ACE,NB,145,1568,388,1956,80.16359918200409,19.836400817995912
multiple_runs_NB_LowThreat_2_20260407_130133.csv,multiple_runs_NB_LowThreat_2_20260407_130133.csv,No ACE,NB,146,1611,212,1823,88.37081733406474,11.629182665935272
multiple_runs_NB_LowThreat_2_20260407_130133.csv,multiple_runs_NB_LowThreat_2_20260407_130133.csv,No ACE,NB,147,1371,437,1808,75.82964601769912,24.170353982300885
multiple_runs_NB_LowThreat_2_20260407_130133.csv,multiple_runs_NB_LowThreat_2_20260407_130133.csv,No ACE,NB,148,1621,237,1858,87.2443487621098,12.755651237890204
multiple_runs_NB_LowThreat_2_20260407_130133.csv,multiple_runs_NB_LowThreat_2_20260407_130133.csv,No ACE,NB,149,1668,298,1966,84.84231943031536,15.15768056968464
multiple_runs_NB_LowThreat_2_20260407_130133.csv,multiple_runs_NB_LowThreat_2_20260407_130133.csv,No ACE,NB,150,1498,452,1950,76.82051282051282,23.17948717948718
multiple_runs_NB_LowThreat_2_20260407_130133.csv,multiple_runs_NB_LowThreat_2_20260407_130133.csv,No ACE,NB,151,1381,275,1656,83.39371980676329,16.606280193236714
multiple_runs_NB_LowThreat_2_20260407_130133.csv,multiple_runs_NB_LowThreat_2_20260407_130133.csv,No ACE,NB,152,1713,223,1936,88.48140495867769,11.518595041322314
multiple_runs_NB_LowThreat_2_20260407_130133.csv,multiple_runs_NB_LowThreat_2_20260407_130133.csv,No ACE,NB,153,1687,181,1868,90.31049250535332,9.68950749464668
multiple_runs_NB_LowThreat_2_20260407_130133.csv,multiple_runs_NB_LowThreat_2_20260407_130133.csv,No ACE,NB,154,1543,423,1966,78.48423194303153,21.515768056968465
multiple_runs_NB_LowThreat_2_20260407_130133.csv,multiple_runs_NB_LowThreat_2_20260407_130133.csv,No ACE,NB,155,1563,359,1922,81.32154006243496,18.678459937565037
multiple_runs_NB_LowThreat_2_20260407_130133.csv,multiple_runs_NB_LowThreat_2_20260407_130133.csv,No ACE,NB,156,1631,307,1938,84.15892672858617,15.841073271413828
multiple_runs_NB_LowThreat_2_20260407_130133.csv,multiple_runs_NB_LowThreat_2_20260407_130133.csv,No ACE,NB,157,1655,233,1888,87.65889830508475,12.341101694915254
multiple_runs_NB_LowThreat_2_20260407_130133.csv,multiple_runs_NB_LowThreat_2_20260407_130133.csv,No ACE,NB,158,1511,380,1891,79.90481226864094,20.09518773135907
multiple_runs_NB_LowThreat_2_20260407_130133.csv,multiple_runs_NB_LowThreat_2_20260407_130133.csv,No ACE,NB,159,1542,355,1897,81.2862414338429,18.71375856615709
multiple_runs_NB_LowThreat_2_20260407_130133.csv,multiple_runs_NB_LowThreat_2_20260407_130133.csv,No ACE,NB,160,1480,486,1966,75.27975584944049,24.720244150559513
multiple_runs_NB_LowThreat_2_20260407_130133.csv,multiple_runs_NB_LowThreat_2_20260407_130133.csv,No ACE,NB,161,1432,434,1866,76.7416934619507,23.258306538049304
multiple_runs_NB_LowThreat_2_20260407_130133.csv,multiple_runs_NB_LowThreat_2_20260407_130133.csv,No ACE,NB,162,1680,241,1921,87.45445080687142,12.54554919312858
multiple_runs_NB_LowThreat_2_20260407_130133.csv,multiple_runs_NB_LowThreat_2_20260407_130133.csv,No ACE,NB,163,1601,310,1911,83.77812663526949,16.221873364730506
multiple_runs_NB_LowThreat_2_20260407_130133.csv,multiple_runs_NB_LowThreat_2_20260407_130133.csv,No ACE,NB,164,1360,320,1680,80.95238095238095,19.047619047619047
multiple_runs_NB_LowThreat_2_20260407_130133.csv,multiple_runs_NB_LowThreat_2_20260407_130133.csv,No ACE,NB,165,1716,242,1958,87.64044943820225,12.359550561797752
multiple_runs_NB_LowThreat_2_20260407_130133.csv,multiple_runs_NB_LowThreat_2_20260407_130133.csv,No ACE,NB,166,1400,292,1692,82.74231678486997,17.257683215130022
multiple_runs_NB_LowThreat_2_20260407_130133.csv,multiple_runs_NB_LowThreat_2_20260407_130133.csv,No ACE,NB,167,1666,268,1934,86.1427094105481,13.857290589451912
multiple_runs_NB_LowThreat_2_20260407_130133.csv,multiple_runs_NB_LowThreat_2_20260407_130133.csv,No ACE,NB,168,1638,236,1874,87.40661686232657,12.593383137673426
multiple_runs_NB_LowThreat_2_20260407_130133.csv,multiple_runs_NB_LowThreat_2_20260407_130133.csv,No ACE,NB,169,1581,302,1883,83.96176314391927,16.038236856080722
multiple_runs_NB_LowThreat_2_20260407_130133.csv,multiple_runs_NB_LowThreat_2_20260407_130133.csv,No ACE,NB,170,1300,401,1701,76.42563198118754,23.574368018812464
multiple_runs_NB_LowThreat_2_20260407_130133.csv,multiple_runs_NB_LowThreat_2_20260407_130133.csv,No ACE,NB,171,1577,328,1905,82.78215223097114,17.21784776902887
multiple_runs_NB_LowThreat_2_20260407_130133.csv,multiple_runs_NB_LowThreat_2_20260407_130133.csv,No ACE,NB,172,1604,342,1946,82.42548818088386,17.574511819116136
multiple_runs_NB_LowThreat_2_20260407_130133.csv,multiple_runs_NB_LowThreat_2_20260407_130133.csv,No ACE,NB,173,1664,294,1958,84.98467824310521,15.015321756894789
multiple_runs_NB_LowThreat_2_20260407_130133.csv,multiple_runs_NB_LowThreat_2_20260407_130133.csv,No ACE,NB,174,1557,420,1977,78.7556904400607,21.2443095599393
multiple_runs_NB_LowThreat_2_20260407_130133.csv,multiple_runs_NB_LowThreat_2_20260407_130133.csv,No ACE,NB,175,1673,279,1952,85.70696721311475,14.293032786885245
multiple_runs_NB_LowThreat_2_20260407_130133.csv,multiple_runs_NB_LowThreat_2_20260407_130133.csv,No ACE,NB,176,1663,266,1929,86.21047174701918,13.789528252980817
multiple_runs_NB_LowThreat_2_20260407_130133.csv,multiple_runs_NB_LowThreat_2_20260407_130133.csv,No ACE,NB,177,1498,272,1770,84.63276836158192,15.36723163841808
multiple_runs_NB_LowThreat_2_20260407_130133.csv,multiple_runs_NB_LowThreat_2_20260407_130133.csv,No ACE,NB,178,1438,454,1892,76.00422832980972,23.995771670190276
multiple_runs_NB_LowThreat_2_20260407_130133.csv,multiple_runs_NB_LowThreat_2_20260407_130133.csv,No ACE,NB,179,1739,192,1931,90.05696530295184,9.943034697048162
multiple_runs_NB_LowThreat_2_20260407_130133.csv,multiple_runs_NB_LowThreat_2_20260407_130133.csv,No ACE,NB,180,1298,562,1860,69.78494623655914,30.215053763440856
multiple_runs_NB_LowThreat_2_20260407_130133.csv,multiple_runs_NB_LowThreat_2_20260407_130133.csv,No ACE,NB,181,1647,269,1916,85.96033402922755,14.039665970772441
multiple_runs_NB_LowThreat_2_20260407_130133.csv,multiple_runs_NB_LowThreat_2_20260407_130133.csv,No ACE,NB,182,1615,295,1910,84.55497382198953,15.44502617801047
multiple_runs_NB_LowThreat_2_20260407_130133.csv,multiple_runs_NB_LowThreat_2_20260407_130133.csv,No ACE,NB,183,1713,256,1969,86.99847638395124,13.001523616048754
multiple_runs_NB_LowThreat_2_20260407_130133.csv,multiple_runs_NB_LowThreat_2_20260407_130133.csv,No ACE,NB,184,1142,543,1685,67.77448071216618,32.225519287833826
multiple_runs_NB_LowThreat_2_20260407_130133.csv,multiple_runs_NB_LowThreat_2_20260407_130133.csv,No ACE,NB,185,1623,381,2004,80.98802395209582,19.01197604790419
multiple_runs_NB_LowThreat_2_20260407_130133.csv,multiple_runs_NB_LowThreat_2_20260407_130133.csv,No ACE,NB,186,1396,562,1958,71.29724208375893,28.70275791624106
multiple_runs_NB_LowThreat_2_20260407_130133.csv,multiple_runs_NB_LowThreat_2_20260407_130133.csv,No ACE,NB,187,1545,309,1854,83.33333333333334,16.666666666666664
multiple_runs_NB_LowThreat_2_20260407_130133.csv,multiple_runs_NB_LowThreat_2_20260407_130133.csv,No ACE,NB,188,1653,240,1893,87.3217115689382,12.678288431061807
multiple_runs_NB_LowThreat_2_20260407_130133.csv,multiple_runs_NB_LowThreat_2_20260407_130133.csv,No ACE,NB,189,1472,475,1947,75.6034925526451,24.396507447354903
multiple_runs_NB_LowThreat_2_20260407_130133.csv,multiple_runs_NB_LowThreat_2_20260407_130133.csv,No ACE,NB,190,1402,510,1912,73.32635983263597,26.673640167364017
multiple_runs_NB_LowThreat_2_20260407_130133.csv,multiple_runs_NB_LowThreat_2_20260407_130133.csv,No ACE,NB,191,1486,445,1931,76.95494562402901,23.045054375971
multiple_runs_NB_LowThreat_2_20260407_130133.csv,multiple_runs_NB_LowThreat_2_20260407_130133.csv,No ACE,NB,192,1472,495,1967,74.83477376715811,25.165226232841892
multiple_runs_NB_LowThreat_2_20260407_130133.csv,multiple_runs_NB_LowThreat_2_20260407_130133.csv,No ACE,NB,193,1472,466,1938,75.9545923632611,24.045407636738904
multiple_runs_NB_LowThreat_2_20260407_130133.csv,multiple_runs_NB_LowThreat_2_20260407_130133.csv,No ACE,NB,194,1673,245,1918,87.22627737226277,12.773722627737227
multiple_runs_NB_LowThreat_2_20260407_130133.csv,multiple_runs_NB_LowThreat_2_20260407_130133.csv,No ACE,NB,195,1684,285,1969,85.52564753682073,14.47435246317928
multiple_runs_NB_LowThreat_2_20260407_130133.csv,multiple_runs_NB_LowThreat_2_20260407_130133.csv,No ACE,NB,196,1595,306,1901,83.90320883745397,16.09679116254603
multiple_runs_NB_LowThreat_2_20260407_130133.csv,multiple_runs_NB_LowThreat_2_20260407_130133.csv,No ACE,NB,197,1524,276,1800,84.66666666666667,15.333333333333332
multiple_runs_NB_LowThreat_2_20260407_130133.csv,multiple_runs_NB_LowThreat_2_20260407_130133.csv,No ACE,NB,198,1667,317,1984,84.02217741935483,15.977822580645162
multiple_runs_NB_LowThreat_2_20260407_130133.csv,multiple_runs_NB_LowThreat_2_20260407_130133.csv,No ACE,NB,199,1475,407,1882,78.37407013815091,21.625929861849098
multiple_runs_NB_LowThreat_2_20260407_130133.csv,multiple_runs_NB_LowThreat_2_20260407_130133.csv,No ACE,NB,200,1736,205,1941,89.43843379701185,10.56156620298815
multiple_runs_NB_ModerateThreat_20260407_220003.csv,multiple_runs_NB_ModerateThreat_20260407_220003.csv,Moderate,NB,1,1508,366,1874,80.46958377801494,19.530416221985057
multiple_runs_NB_ModerateThreat_20260407_220003.csv,multiple_runs_NB_ModerateThreat_20260407_220003.csv,Moderate,NB,2,1711,172,1883,90.8656399362719,9.134360063728094
multiple_runs_NB_ModerateThreat_20260407_220003.csv,multiple_runs_NB_ModerateThreat_20260407_220003.csv,Moderate,NB,3,1365,430,1795,76.04456824512535,23.955431754874652
multiple_runs_NB_ModerateThreat_20260407_220003.csv,multiple_runs_NB_ModerateThreat_20260407_220003.csv,Moderate,NB,4,1596,299,1895,84.22163588390501,15.778364116094986
multiple_runs_NB_ModerateThreat_20260407_220003.csv,multiple_runs_NB_ModerateThreat_20260407_220003.csv,Moderate,NB,5,1519,368,1887,80.49814520402757,19.50185479597244
multiple_runs_NB_ModerateThreat_20260407_220003.csv,multiple_runs_NB_ModerateThreat_20260407_220003.csv,Moderate,NB,6,1490,474,1964,75.86558044806517,24.134419551934826
multiple_runs_NB_ModerateThreat_20260407_220003.csv,multiple_runs_NB_ModerateThreat_20260407_220003.csv,Moderate,NB,7,1559,357,1916,81.36743215031316,18.632567849686847
multiple_runs_NB_ModerateThreat_20260407_220003.csv,multiple_runs_NB_ModerateThreat_20260407_220003.csv,Moderate,NB,8,1735,212,1947,89.11145351823318,10.888546481766822
multiple_runs_NB_ModerateThreat_20260407_220003.csv,multiple_runs_NB_ModerateThreat_20260407_220003.csv,Moderate,NB,9,1404,471,1875,74.88,25.119999999999997
multiple_runs_NB_ModerateThreat_20260407_220003.csv,multiple_runs_NB_ModerateThreat_20260407_220003.csv,Moderate,NB,10,1572,321,1893,83.04278922345483,16.957210776545168
multiple_runs_NB_ModerateThreat_20260407_220003.csv,multiple_runs_NB_ModerateThreat_20260407_220003.csv,Moderate,NB,11,1265,594,1859,68.04733727810651,31.952662721893493
multiple_runs_NB_ModerateThreat_20260407_220003.csv,multiple_runs_NB_ModerateThreat_20260407_220003.csv,Moderate,NB,12,1675,268,1943,86.20689655172413,13.793103448275861
multiple_runs_NB_ModerateThreat_20260407_220003.csv,multiple_runs_NB_ModerateThreat_20260407_220003.csv,Moderate,NB,13,1387,533,1920,72.23958333333333,27.760416666666664
multiple_runs_NB_ModerateThreat_20260407_220003.csv,multiple_runs_NB_ModerateThreat_20260407_220003.csv,Moderate,NB,14,1386,564,1950,71.07692307692308,28.923076923076923
multiple_runs_NB_ModerateThreat_20260407_220003.csv,multiple_runs_NB_ModerateThreat_20260407_220003.csv,Moderate,NB,15,1639,301,1940,84.48453608247422,15.515463917525773
multiple_runs_NB_ModerateThreat_20260407_220003.csv,multiple_runs_NB_ModerateThreat_20260407_220003.csv,Moderate,NB,16,1431,492,1923,74.41497659906396,25.585023400936034
multiple_runs_NB_ModerateThreat_20260407_220003.csv,multiple_runs_NB_ModerateThreat_20260407_220003.csv,Moderate,NB,17,1458,451,1909,76.37506547930853,23.62493452069146
multiple_runs_NB_ModerateThreat_20260407_220003.csv,multiple_runs_NB_ModerateThreat_20260407_220003.csv,Moderate,NB,18,1616,348,1964,82.28105906313645,17.718940936863543
multiple_runs_NB_ModerateThreat_20260407_220003.csv,multiple_runs_NB_ModerateThreat_20260407_220003.csv,Moderate,NB,19,1690,266,1956,86.40081799591002,13.599182004089979
multiple_runs_NB_ModerateThreat_20260407_220003.csv,multiple_runs_NB_ModerateThreat_20260407_220003.csv,Moderate,NB,20,1658,199,1857,89.28379106085083,10.716208939149166
multiple_runs_NB_ModerateThreat_20260407_220003.csv,multiple_runs_NB_ModerateThreat_20260407_220003.csv,Moderate,NB,21,1581,343,1924,82.17255717255718,17.827442827442827
multiple_runs_NB_ModerateThreat_20260407_220003.csv,multiple_runs_NB_ModerateThreat_20260407_220003.csv,Moderate,NB,22,1370,476,1846,74.21451787648971,25.785482123510295
multiple_runs_NB_ModerateThreat_20260407_220003.csv,multiple_runs_NB_ModerateThreat_20260407_220003.csv,Moderate,NB,23,1606,288,1894,84.79408658922914,15.205913410770854
multiple_runs_NB_ModerateThreat_20260407_220003.csv,multiple_runs_NB_ModerateThreat_20260407_220003.csv,Moderate,NB,24,1580,362,1942,81.35942327497425,18.640576725025745
multiple_runs_NB_ModerateThreat_20260407_220003.csv,multiple_runs_NB_ModerateThreat_20260407_220003.csv,Moderate,NB,25,1720,278,1998,86.08608608608608,13.913913913913914
multiple_runs_NB_ModerateThreat_20260407_220003.csv,multiple_runs_NB_ModerateThreat_20260407_220003.csv,Moderate,NB,26,1751,231,1982,88.34510595358223,11.65489404641776
multiple_runs_NB_ModerateThreat_20260407_220003.csv,multiple_runs_NB_ModerateThreat_20260407_220003.csv,Moderate,NB,27,1415,520,1935,73.1266149870801,26.873385012919897
multiple_runs_NB_ModerateThreat_20260407_220003.csv,multiple_runs_NB_ModerateThreat_20260407_220003.csv,Moderate,NB,28,1630,284,1914,85.16196447230931,14.8380355276907
multiple_runs_NB_ModerateThreat_20260407_220003.csv,multiple_runs_NB_ModerateThreat_20260407_220003.csv,Moderate,NB,29,1616,238,1854,87.16289104638619,12.837108953613807
multiple_runs_NB_ModerateThreat_20260407_220003.csv,multiple_runs_NB_ModerateThreat_20260407_220003.csv,Moderate,NB,30,1554,381,1935,80.31007751937985,19.689922480620154
multiple_runs_NB_ModerateThreat_20260407_220003.csv,multiple_runs_NB_ModerateThreat_20260407_220003.csv,Moderate,NB,31,1549,442,1991,77.80010045203414,22.199899547965845
multiple_runs_NB_ModerateThreat_20260407_220003.csv,multiple_runs_NB_ModerateThreat_20260407_220003.csv,Moderate,NB,32,1709,265,1974,86.57548125633232,13.42451874366768
multiple_runs_NB_ModerateThreat_20260407_220003.csv,multiple_runs_NB_ModerateThreat_20260407_220003.csv,Moderate,NB,33,1558,386,1944,80.1440329218107,19.855967078189302
multiple_runs_NB_ModerateThreat_20260407_220003.csv,multiple_runs_NB_ModerateThreat_20260407_220003.csv,Moderate,NB,34,1719,236,1955,87.92838874680307,12.07161125319693
multiple_runs_NB_ModerateThreat_20260407_220003.csv,multiple_runs_NB_ModerateThreat_20260407_220003.csv,Moderate,NB,35,1631,370,2001,81.50924537731134,18.490754622688655
multiple_runs_NB_ModerateThreat_20260407_220003.csv,multiple_runs_NB_ModerateThreat_20260407_220003.csv,Moderate,NB,36,1595,326,1921,83.02967204580948,16.970327954190527
multiple_runs_NB_ModerateThreat_20260407_220003.csv,multiple_runs_NB_ModerateThreat_20260407_220003.csv,Moderate,NB,37,1540,424,1964,78.41140529531569,21.58859470468432
multiple_runs_NB_ModerateThreat_20260407_220003.csv,multiple_runs_NB_ModerateThreat_20260407_220003.csv,Moderate,NB,38,1498,409,1907,78.55270057682223,21.447299423177764
multiple_runs_NB_ModerateThreat_20260407_220003.csv,multiple_runs_NB_ModerateThreat_20260407_220003.csv,Moderate,NB,39,1713,220,1933,88.61872736678737,11.381272633212623
multiple_runs_NB_ModerateThreat_20260407_220003.csv,multiple_runs_NB_ModerateThreat_20260407_220003.csv,Moderate,NB,40,1430,363,1793,79.75460122699386,20.245398773006134
multiple_runs_NB_ModerateThreat_20260407_220003.csv,multiple_runs_NB_ModerateThreat_20260407_220003.csv,Moderate,NB,41,1504,487,1991,75.53992968357609,24.460070316423906
multiple_runs_NB_ModerateThreat_20260407_220003.csv,multiple_runs_NB_ModerateThreat_20260407_220003.csv,Moderate,NB,42,1422,491,1913,74.33350757971772,25.666492420282278
multiple_runs_NB_ModerateThreat_20260407_220003.csv,multiple_runs_NB_ModerateThreat_20260407_220003.csv,Moderate,NB,43,1663,210,1873,88.78804057661506,11.211959423384945
multiple_runs_NB_ModerateThreat_20260407_220003.csv,multiple_runs_NB_ModerateThreat_20260407_220003.csv,Moderate,NB,44,1332,560,1892,70.40169133192389,29.59830866807611
multiple_runs_NB_ModerateThreat_20260407_220003.csv,multiple_runs_NB_ModerateThreat_20260407_220003.csv,Moderate,NB,45,1558,339,1897,82.12967843964154,17.87032156035846
multiple_runs_NB_ModerateThreat_20260407_220003.csv,multiple_runs_NB_ModerateThreat_20260407_220003.csv,Moderate,NB,46,1471,418,1889,77.87188988883007,22.12811011116993
multiple_runs_NB_ModerateThreat_20260407_220003.csv,multiple_runs_NB_ModerateThreat_20260407_220003.csv,Moderate,NB,47,1614,326,1940,83.1958762886598,16.804123711340207
multiple_runs_NB_ModerateThreat_20260407_220003.csv,multiple_runs_NB_ModerateThreat_20260407_220003.csv,Moderate,NB,48,1175,483,1658,70.86851628468034,29.13148371531966
multiple_runs_NB_ModerateThreat_20260407_220003.csv,multiple_runs_NB_ModerateThreat_20260407_220003.csv,Moderate,NB,49,1634,293,1927,84.79501816294758,15.204981837052415
multiple_runs_NB_ModerateThreat_20260407_220003.csv,multiple_runs_NB_ModerateThreat_20260407_220003.csv,Moderate,NB,50,1679,244,1923,87.31149245969839,12.688507540301613
multiple_runs_NB_ModerateThreat_20260407_220003.csv,multiple_runs_NB_ModerateThreat_20260407_220003.csv,Moderate,NB,51,1559,297,1856,83.9978448275862,16.002155172413794
multiple_runs_NB_ModerateThreat_20260407_220003.csv,multiple_runs_NB_ModerateThreat_20260407_220003.csv,Moderate,NB,52,1693,189,1882,89.95749202975558,10.042507970244422
multiple_runs_NB_ModerateThreat_20260407_220003.csv,multiple_runs_NB_ModerateThreat_20260407_220003.csv,Moderate,NB,53,1585,378,1963,80.74375955170657,19.25624044829343
multiple_runs_NB_ModerateThreat_20260407_220003.csv,multiple_runs_NB_ModerateThreat_20260407_220003.csv,Moderate,NB,54,1698,243,1941,87.4806800618238,12.5193199381762
multiple_runs_NB_ModerateThreat_20260407_220003.csv,multiple_runs_NB_ModerateThreat_20260407_220003.csv,Moderate,NB,55,1619,352,1971,82.14104515474378,17.858954845256214
multiple_runs_NB_ModerateThreat_20260407_220003.csv,multiple_runs_NB_ModerateThreat_20260407_220003.csv,Moderate,NB,56,1389,496,1885,73.6870026525199,26.312997347480106
multiple_runs_NB_ModerateThreat_20260407_220003.csv,multiple_runs_NB_ModerateThreat_20260407_220003.csv,Moderate,NB,57,1539,238,1777,86.60664040517726,13.393359594822735
multiple_runs_NB_ModerateThreat_20260407_220003.csv,multiple_runs_NB_ModerateThreat_20260407_220003.csv,Moderate,NB,58,1616,351,1967,82.15556685307574,17.84443314692425
multiple_runs_NB_ModerateThreat_20260407_220003.csv,multiple_runs_NB_ModerateThreat_20260407_220003.csv,Moderate,NB,59,1787,170,1957,91.31323454266735,8.686765457332651
multiple_runs_NB_ModerateThreat_20260407_220003.csv,multiple_runs_NB_ModerateThreat_20260407_220003.csv,Moderate,NB,60,1487,457,1944,76.4917695473251,23.508230452674898
multiple_runs_NB_ModerateThreat_20260407_220003.csv,multiple_runs_NB_ModerateThreat_20260407_220003.csv,Moderate,NB,61,1589,301,1890,84.07407407407408,15.925925925925927
multiple_runs_NB_ModerateThreat_20260407_220003.csv,multiple_runs_NB_ModerateThreat_20260407_220003.csv,Moderate,NB,62,1608,345,1953,82.33486943164363,17.665130568356375
multiple_runs_NB_ModerateThreat_20260407_220003.csv,multiple_runs_NB_ModerateThreat_20260407_220003.csv,Moderate,NB,63,1607,318,1925,83.48051948051948,16.51948051948052
multiple_runs_NB_ModerateThreat_20260407_220003.csv,multiple_runs_NB_ModerateThreat_20260407_220003.csv,Moderate,NB,64,1651,325,1976,83.55263157894737,16.447368421052634
multiple_runs_NB_ModerateThreat_20260407_220003.csv,multiple_runs_NB_ModerateThreat_20260407_220003.csv,Moderate,NB,65,1369,486,1855,73.80053908355795,26.199460916442046
multiple_runs_NB_ModerateThreat_20260407_220003.csv,multiple_runs_NB_ModerateThreat_20260407_220003.csv,Moderate,NB,66,1659,233,1892,87.68498942917547,12.315010570824525
multiple_runs_NB_ModerateThreat_20260407_220003.csv,multiple_runs_NB_ModerateThreat_20260407_220003.csv,Moderate,NB,67,1586,358,1944,81.5843621399177,18.415637860082303
multiple_runs_NB_ModerateThreat_20260407_220003.csv,multiple_runs_NB_ModerateThreat_20260407_220003.csv,Moderate,NB,68,1665,272,1937,85.95766649457924,14.042333505420753
multiple_runs_NB_ModerateThreat_20260407_220003.csv,multiple_runs_NB_ModerateThreat_20260407_220003.csv,Moderate,NB,69,1432,531,1963,72.94956698930208,27.050433010697912
multiple_runs_NB_ModerateThreat_20260407_220003.csv,multiple_runs_NB_ModerateThreat_20260407_220003.csv,Moderate,NB,70,1529,365,1894,80.72861668426611,19.271383315733896
multiple_runs_NB_ModerateThreat_20260407_220003.csv,multiple_runs_NB_ModerateThreat_20260407_220003.csv,Moderate,NB,71,1376,461,1837,74.90473598258029,25.095264017419705
multiple_runs_NB_ModerateThreat_20260407_220003.csv,multiple_runs_NB_ModerateThreat_20260407_220003.csv,Moderate,NB,72,1456,335,1791,81.29536571747627,18.70463428252373
multiple_runs_NB_ModerateThreat_20260407_220003.csv,multiple_runs_NB_ModerateThreat_20260407_220003.csv,Moderate,NB,73,1329,522,1851,71.79902755267423,28.200972447325768
multiple_runs_NB_ModerateThreat_20260407_220003.csv,multiple_runs_NB_ModerateThreat_20260407_220003.csv,Moderate,NB,74,1697,180,1877,90.41022908897176,9.589770911028236
multiple_runs_NB_ModerateThreat_20260407_220003.csv,multiple_runs_NB_ModerateThreat_20260407_220003.csv,Moderate,NB,75,1488,282,1770,84.06779661016948,15.932203389830507
multiple_runs_NB_ModerateThreat_20260407_220003.csv,multiple_runs_NB_ModerateThreat_20260407_220003.csv,Moderate,NB,76,1503,371,1874,80.20277481323373,19.797225186766276
multiple_runs_NB_ModerateThreat_20260407_220003.csv,multiple_runs_NB_ModerateThreat_20260407_220003.csv,Moderate,NB,77,1616,316,1932,83.64389233954451,16.35610766045549
multiple_runs_NB_ModerateThreat_20260407_220003.csv,multiple_runs_NB_ModerateThreat_20260407_220003.csv,Moderate,NB,78,1477,508,1985,74.40806045340051,25.591939546599495
multiple_runs_NB_ModerateThreat_20260407_220003.csv,multiple_runs_NB_ModerateThreat_20260407_220003.csv,Moderate,NB,79,1534,295,1829,83.87096774193549,16.129032258064516
multiple_runs_NB_ModerateThreat_20260407_220003.csv,multiple_runs_NB_ModerateThreat_20260407_220003.csv,Moderate,NB,80,1694,277,1971,85.94622019279554,14.053779807204464
multiple_runs_NB_ModerateThreat_20260407_220003.csv,multiple_runs_NB_ModerateThreat_20260407_220003.csv,Moderate,NB,81,1654,269,1923,86.0114404576183,13.988559542381696
multiple_runs_NB_ModerateThreat_20260407_220003.csv,multiple_runs_NB_ModerateThreat_20260407_220003.csv,Moderate,NB,82,1613,317,1930,83.57512953367876,16.42487046632124
multiple_runs_NB_ModerateThreat_20260407_220003.csv,multiple_runs_NB_ModerateThreat_20260407_220003.csv,Moderate,NB,83,1380,444,1824,75.6578947368421,24.342105263157894
multiple_runs_NB_ModerateThreat_20260407_220003.csv,multiple_runs_NB_ModerateThreat_20260407_220003.csv,Moderate,NB,84,1411,549,1960,71.98979591836735,28.01020408163265
multiple_runs_NB_ModerateThreat_20260407_220003.csv,multiple_runs_NB_ModerateThreat_20260407_220003.csv,Moderate,NB,85,1525,339,1864,81.81330472103005,18.186695278969957
multiple_runs_NB_ModerateThreat_20260407_220003.csv,multiple_runs_NB_ModerateThreat_20260407_220003.csv,Moderate,NB,86,1769,264,2033,87.01426463354647,12.985735366453516
multiple_runs_NB_ModerateThreat_20260407_220003.csv,multiple_runs_NB_ModerateThreat_20260407_220003.csv,Moderate,NB,87,1452,464,1916,75.78288100208769,24.21711899791232
multiple_runs_NB_ModerateThreat_20260407_220003.csv,multiple_runs_NB_ModerateThreat_20260407_220003.csv,Moderate,NB,88,1679,307,1986,84.54179254783485,15.458207452165157
multiple_runs_NB_ModerateThreat_20260407_220003.csv,multiple_runs_NB_ModerateThreat_20260407_220003.csv,Moderate,NB,89,1760,205,1965,89.56743002544529,10.432569974554708
multiple_runs_NB_ModerateThreat_20260407_220003.csv,multiple_runs_NB_ModerateThreat_20260407_220003.csv,Moderate,NB,90,1494,387,1881,79.42583732057416,20.574162679425836
multiple_runs_NB_ModerateThreat_20260407_220003.csv,multiple_runs_NB_ModerateThreat_20260407_220003.csv,Moderate,NB,91,1631,338,1969,82.83392585068563,17.166074149314372
multiple_runs_NB_ModerateThreat_20260407_220003.csv,multiple_runs_NB_ModerateThreat_20260407_220003.csv,Moderate,NB,92,1703,286,1989,85.62091503267973,14.37908496732026
multiple_runs_NB_ModerateThreat_20260407_220003.csv,multiple_runs_NB_ModerateThreat_20260407_220003.csv,Moderate,NB,93,1772,127,1899,93.31226961558716,6.687730384412848
multiple_runs_NB_ModerateThreat_20260407_220003.csv,multiple_runs_NB_ModerateThreat_20260407_220003.csv,Moderate,NB,94,1672,235,1907,87.67697954902988,12.323020450970109
multiple_runs_NB_ModerateThreat_20260407_220003.csv,multiple_runs_NB_ModerateThreat_20260407_220003.csv,Moderate,NB,95,1547,357,1904,81.25,18.75
multiple_runs_NB_ModerateThreat_20260407_220003.csv,multiple_runs_NB_ModerateThreat_20260407_220003.csv,Moderate,NB,96,1512,273,1785,84.70588235294117,15.294117647058824
multiple_runs_NB_ModerateThreat_20260407_220003.csv,multiple_runs_NB_ModerateThreat_20260407_220003.csv,Moderate,NB,97,1620,309,1929,83.98133748055989,16.018662519440124
multiple_runs_NB_ModerateThreat_20260407_220003.csv,multiple_runs_NB_ModerateThreat_20260407_220003.csv,Moderate,NB,98,1719,205,1924,89.34511434511434,10.654885654885655
multiple_runs_NB_ModerateThreat_20260407_220003.csv,multiple_runs_NB_ModerateThreat_20260407_220003.csv,Moderate,NB,99,1443,496,1939,74.4198040226921,25.58019597730789
multiple_runs_NB_ModerateThreat_20260407_220003.csv,multiple_runs_NB_ModerateThreat_20260407_220003.csv,Moderate,NB,100,1518,357,1875,80.96,19.040000000000003
multiple_runs_NB_ModerateThreat_20260407_220003.csv,multiple_runs_NB_ModerateThreat_20260407_220003.csv,Moderate,NB,101,1814,170,1984,91.43145161290323,8.568548387096774
multiple_runs_NB_ModerateThreat_20260407_220003.csv,multiple_runs_NB_ModerateThreat_20260407_220003.csv,Moderate,NB,102,1569,281,1850,84.8108108108108,15.18918918918919
multiple_runs_NB_ModerateThreat_20260407_220003.csv,multiple_runs_NB_ModerateThreat_20260407_220003.csv,Moderate,NB,103,1428,407,1835,77.82016348773841,22.17983651226158
multiple_runs_NB_ModerateThreat_20260407_220003.csv,multiple_runs_NB_ModerateThreat_20260407_220003.csv,Moderate,NB,104,1624,284,1908,85.1153039832285,14.884696016771489
multiple_runs_NB_ModerateThreat_20260407_220003.csv,multiple_runs_NB_ModerateThreat_20260407_220003.csv,Moderate,NB,105,1615,317,1932,83.59213250517598,16.407867494824018
multiple_runs_NB_ModerateThreat_20260407_220003.csv,multiple_runs_NB_ModerateThreat_20260407_220003.csv,Moderate,NB,106,1538,318,1856,82.86637931034483,17.13362068965517
multiple_runs_NB_ModerateThreat_20260407_220003.csv,multiple_runs_NB_ModerateThreat_20260407_220003.csv,Moderate,NB,107,1612,349,1961,82.20295767465579,17.79704232534421
multiple_runs_NB_ModerateThreat_20260407_220003.csv,multiple_runs_NB_ModerateThreat_20260407_220003.csv,Moderate,NB,108,1541,416,1957,78.74297393970363,21.257026060296372
multiple_runs_NB_ModerateThreat_20260407_220003.csv,multiple_runs_NB_ModerateThreat_20260407_220003.csv,Moderate,NB,109,1500,385,1885,79.57559681697613,20.424403183023873
multiple_runs_NB_ModerateThreat_20260407_220003.csv,multiple_runs_NB_ModerateThreat_20260407_220003.csv,Moderate,NB,110,1419,488,1907,74.41006816990037,25.589931830099633
multiple_runs_NB_ModerateThreat_20260407_220003.csv,multiple_runs_NB_ModerateThreat_20260407_220003.csv,Moderate,NB,111,1768,195,1963,90.06622516556291,9.933774834437086
multiple_runs_NB_ModerateThreat_20260407_220003.csv,multiple_runs_NB_ModerateThreat_20260407_220003.csv,Moderate,NB,112,1341,519,1860,72.09677419354838,27.903225806451616
multiple_runs_NB_ModerateThreat_20260407_220003.csv,multiple_runs_NB_ModerateThreat_20260407_220003.csv,Moderate,NB,113,1513,425,1938,78.0701754385965,21.929824561403507
multiple_runs_NB_ModerateThreat_20260407_220003.csv,multiple_runs_NB_ModerateThreat_20260407_220003.csv,Moderate,NB,114,1651,259,1910,86.43979057591623,13.56020942408377
multiple_runs_NB_ModerateThreat_20260407_220003.csv,multiple_runs_NB_ModerateThreat_20260407_220003.csv,Moderate,NB,115,1641,232,1873,87.61345435130806,12.386545648691937
multiple_runs_NB_ModerateThreat_20260407_220003.csv,multiple_runs_NB_ModerateThreat_20260407_220003.csv,Moderate,NB,116,1534,409,1943,78.95007720020587,21.049922799794132
multiple_runs_NB_ModerateThreat_20260407_220003.csv,multiple_runs_NB_ModerateThreat_20260407_220003.csv,Moderate,NB,117,1365,570,1935,70.54263565891473,29.457364341085274
multiple_runs_NB_ModerateThreat_20260407_220003.csv,multiple_runs_NB_ModerateThreat_20260407_220003.csv,Moderate,NB,118,1696,269,1965,86.31043256997457,13.689567430025445
multiple_runs_NB_ModerateThreat_20260407_220003.csv,multiple_runs_NB_ModerateThreat_20260407_220003.csv,Moderate,NB,119,1549,261,1810,85.58011049723757,14.419889502762432
multiple_runs_NB_ModerateThreat_20260407_220003.csv,multiple_runs_NB_ModerateThreat_20260407_220003.csv,Moderate,NB,120,1607,334,1941,82.79237506439979,17.207624935600204
multiple_runs_NB_ModerateThreat_20260407_220003.csv,multiple_runs_NB_ModerateThreat_20260407_220003.csv,Moderate,NB,121,1540,399,1939,79.42238267148014,20.577617328519857
multiple_runs_NB_ModerateThreat_20260407_220003.csv,multiple_runs_NB_ModerateThreat_20260407_220003.csv,Moderate,NB,122,1669,270,1939,86.07529654461062,13.924703455389375
multiple_runs_NB_ModerateThreat_20260407_220003.csv,multiple_runs_NB_ModerateThreat_20260407_220003.csv,Moderate,NB,123,1492,409,1901,78.4850078905839,21.5149921094161
multiple_runs_NB_ModerateThreat_20260407_220003.csv,multiple_runs_NB_ModerateThreat_20260407_220003.csv,Moderate,NB,124,1671,276,1947,85.82434514637904,14.175654853620955
multiple_runs_NB_ModerateThreat_20260407_220003.csv,multiple_runs_NB_ModerateThreat_20260407_220003.csv,Moderate,NB,125,1365,569,1934,70.57911065149949,29.420889348500516
multiple_runs_NB_ModerateThreat_20260407_220003.csv,multiple_runs_NB_ModerateThreat_20260407_220003.csv,Moderate,NB,126,1300,588,1888,68.85593220338984,31.14406779661017
multiple_runs_NB_ModerateThreat_20260407_220003.csv,multiple_runs_NB_ModerateThreat_20260407_220003.csv,Moderate,NB,127,1304,526,1830,71.25683060109289,28.743169398907103
multiple_runs_NB_ModerateThreat_20260407_220003.csv,multiple_runs_NB_ModerateThreat_20260407_220003.csv,Moderate,NB,128,1686,198,1884,89.49044585987261,10.509554140127388
multiple_runs_NB_ModerateThreat_20260407_220003.csv,multiple_runs_NB_ModerateThreat_20260407_220003.csv,Moderate,NB,129,1644,325,1969,83.4941594718131,16.505840528186898
multiple_runs_NB_ModerateThreat_20260407_220003.csv,multiple_runs_NB_ModerateThreat_20260407_220003.csv,Moderate,NB,130,1645,282,1927,85.36585365853658,14.634146341463413
multiple_runs_NB_ModerateThreat_20260407_220003.csv,multiple_runs_NB_ModerateThreat_20260407_220003.csv,Moderate,NB,131,1669,272,1941,85.9866048428645,14.013395157135497
multiple_runs_NB_ModerateThreat_20260407_220003.csv,multiple_runs_NB_ModerateThreat_20260407_220003.csv,Moderate,NB,132,1522,345,1867,81.52115693626139,18.47884306373862
multiple_runs_NB_ModerateThreat_20260407_220003.csv,multiple_runs_NB_ModerateThreat_20260407_220003.csv,Moderate,NB,133,1641,248,1889,86.8713605082054,13.1286394917946
multiple_runs_NB_ModerateThreat_20260407_220003.csv,multiple_runs_NB_ModerateThreat_20260407_220003.csv,Moderate,NB,134,1530,365,1895,80.73878627968337,19.261213720316622
multiple_runs_NB_ModerateThreat_20260407_220003.csv,multiple_runs_NB_ModerateThreat_20260407_220003.csv,Moderate,NB,135,1567,317,1884,83.17409766454352,16.825902335456476
multiple_runs_NB_ModerateThreat_20260407_220003.csv,multiple_runs_NB_ModerateThreat_20260407_220003.csv,Moderate,NB,136,1504,436,1940,77.5257731958763,22.474226804123713
multiple_runs_NB_ModerateThreat_20260407_220003.csv,multiple_runs_NB_ModerateThreat_20260407_220003.csv,Moderate,NB,137,1322,517,1839,71.88689505165851,28.113104948341487
multiple_runs_NB_ModerateThreat_20260407_220003.csv,multiple_runs_NB_ModerateThreat_20260407_220003.csv,Moderate,NB,138,1578,367,1945,81.13110539845758,18.868894601542415
multiple_runs_NB_ModerateThreat_20260407_220003.csv,multiple_runs_NB_ModerateThreat_20260407_220003.csv,Moderate,NB,139,1586,299,1885,84.13793103448276,15.862068965517242
multiple_runs_NB_ModerateThreat_20260407_220003.csv,multiple_runs_NB_ModerateThreat_20260407_220003.csv,Moderate,NB,140,1355,516,1871,72.42116515232496,27.578834847675036
multiple_runs_NB_ModerateThreat_20260407_220003.csv,multiple_runs_NB_ModerateThreat_20260407_220003.csv,Moderate,NB,141,1662,183,1845,90.08130081300813,9.91869918699187
multiple_runs_NB_ModerateThreat_20260407_220003.csv,multiple_runs_NB_ModerateThreat_20260407_220003.csv,Moderate,NB,142,1617,290,1907,84.79286837965391,15.207131620346093
multiple_runs_NB_ModerateThreat_20260407_220003.csv,multiple_runs_NB_ModerateThreat_20260407_220003.csv,Moderate,NB,143,1458,440,1898,76.8177028451001,23.182297154899896
multiple_runs_NB_ModerateThreat_20260407_220003.csv,multiple_runs_NB_ModerateThreat_20260407_220003.csv,Moderate,NB,144,1497,401,1898,78.87249736564806,21.12750263435195
multiple_runs_NB_ModerateThreat_20260407_220003.csv,multiple_runs_NB_ModerateThreat_20260407_220003.csv,Moderate,NB,145,1685,280,1965,85.75063613231552,14.249363867684478
multiple_runs_NB_ModerateThreat_20260407_220003.csv,multiple_runs_NB_ModerateThreat_20260407_220003.csv,Moderate,NB,146,1618,278,1896,85.33755274261603,14.662447257383967
multiple_runs_NB_ModerateThreat_20260407_220003.csv,multiple_runs_NB_ModerateThreat_20260407_220003.csv,Moderate,NB,147,1605,290,1895,84.69656992084433,15.303430079155673
multiple_runs_NB_ModerateThreat_20260407_220003.csv,multiple_runs_NB_ModerateThreat_20260407_220003.csv,Moderate,NB,148,1703,218,1921,88.65174388339406,11.348256116605935
multiple_runs_NB_ModerateThreat_20260407_220003.csv,multiple_runs_NB_ModerateThreat_20260407_220003.csv,Moderate,NB,149,1556,323,1879,82.81000532197977,17.189994678020224
multiple_runs_NB_ModerateThreat_20260407_220003.csv,multiple_runs_NB_ModerateThreat_20260407_220003.csv,Moderate,NB,150,1456,413,1869,77.90262172284645,22.09737827715356
multiple_runs_NB_ModerateThreat_20260407_220003.csv,multiple_runs_NB_ModerateThreat_20260407_220003.csv,Moderate,NB,151,1609,310,1919,83.84575299635226,16.154247003647733
multiple_runs_NB_ModerateThreat_20260407_220003.csv,multiple_runs_NB_ModerateThreat_20260407_220003.csv,Moderate,NB,152,1526,456,1982,76.99293642785065,23.007063572149345
multiple_runs_NB_ModerateThreat_20260407_220003.csv,multiple_runs_NB_ModerateThreat_20260407_220003.csv,Moderate,NB,153,1745,180,1925,90.64935064935065,9.35064935064935
multiple_runs_NB_ModerateThreat_20260407_220003.csv,multiple_runs_NB_ModerateThreat_20260407_220003.csv,Moderate,NB,154,1603,278,1881,85.22062732589049,14.779372674109517
multiple_runs_NB_ModerateThreat_20260407_220003.csv,multiple_runs_NB_ModerateThreat_20260407_220003.csv,Moderate,NB,155,1476,336,1812,81.45695364238411,18.543046357615893
multiple_runs_NB_ModerateThreat_20260407_220003.csv,multiple_runs_NB_ModerateThreat_20260407_220003.csv,Moderate,NB,156,1669,240,1909,87.42797276060766,12.572027239392353
multiple_runs_NB_ModerateThreat_20260407_220003.csv,multiple_runs_NB_ModerateThreat_20260407_220003.csv,Moderate,NB,157,1491,363,1854,80.42071197411003,19.57928802588997
multiple_runs_NB_ModerateThreat_20260407_220003.csv,multiple_runs_NB_ModerateThreat_20260407_220003.csv,Moderate,NB,158,1620,352,1972,82.1501014198783,17.849898580121703
multiple_runs_NB_ModerateThreat_20260407_220003.csv,multiple_runs_NB_ModerateThreat_20260407_220003.csv,Moderate,NB,159,1620,330,1950,83.07692307692308,16.923076923076923
multiple_runs_NB_ModerateThreat_20260407_220003.csv,multiple_runs_NB_ModerateThreat_20260407_220003.csv,Moderate,NB,160,1547,379,1926,80.32191069574247,19.67808930425753
multiple_runs_NB_ModerateThreat_20260407_220003.csv,multiple_runs_NB_ModerateThreat_20260407_220003.csv,Moderate,NB,161,1603,293,1896,84.5464135021097,15.453586497890296
multiple_runs_NB_ModerateThreat_20260407_220003.csv,multiple_runs_NB_ModerateThreat_20260407_220003.csv,Moderate,NB,162,1700,179,1879,90.47365620010645,9.52634379989356
multiple_runs_NB_ModerateThreat_20260407_220003.csv,multiple_runs_NB_ModerateThreat_20260407_220003.csv,Moderate,NB,163,1172,362,1534,76.40156453715777,23.598435462842243
multiple_runs_NB_ModerateThreat_20260407_220003.csv,multiple_runs_NB_ModerateThreat_20260407_220003.csv,Moderate,NB,164,1623,301,1924,84.35550935550935,15.644490644490643
multiple_runs_NB_ModerateThreat_20260407_220003.csv,multiple_runs_NB_ModerateThreat_20260407_220003.csv,Moderate,NB,165,1460,365,1825,80.0,20.0
multiple_runs_NB_ModerateThreat_20260407_220003.csv,multiple_runs_NB_ModerateThreat_20260407_220003.csv,Moderate,NB,166,1589,348,1937,82.0340733092411,17.965926690758906
multiple_runs_NB_ModerateThreat_20260407_220003.csv,multiple_runs_NB_ModerateThreat_20260407_220003.csv,Moderate,NB,167,1691,289,1980,85.4040404040404,14.595959595959595
multiple_runs_NB_ModerateThreat_20260407_220003.csv,multiple_runs_NB_ModerateThreat_20260407_220003.csv,Moderate,NB,168,1659,252,1911,86.81318681318682,13.186813186813188
multiple_runs_NB_ModerateThreat_20260407_220003.csv,multiple_runs_NB_ModerateThreat_20260407_220003.csv,Moderate,NB,169,1530,319,1849,82.74743104380747,17.252568956192537
multiple_runs_NB_ModerateThreat_20260407_220003.csv,multiple_runs_NB_ModerateThreat_20260407_220003.csv,Moderate,NB,170,1605,287,1892,84.83086680761099,15.169133192389006
multiple_runs_NB_ModerateThreat_20260407_220003.csv,multiple_runs_NB_ModerateThreat_20260407_220003.csv,Moderate,NB,171,1259,586,1845,68.23848238482385,31.76151761517615
multiple_runs_NB_ModerateThreat_20260407_220003.csv,multiple_runs_NB_ModerateThreat_20260407_220003.csv,Moderate,NB,172,1426,471,1897,75.17132314180284,24.828676858197156
multiple_runs_NB_ModerateThreat_20260407_220003.csv,multiple_runs_NB_ModerateThreat_20260407_220003.csv,Moderate,NB,173,1423,464,1887,75.41070482246953,24.58929517753047
multiple_runs_NB_ModerateThreat_20260407_220003.csv,multiple_runs_NB_ModerateThreat_20260407_220003.csv,Moderate,NB,174,1575,383,1958,80.43922369765066,19.560776302349336
multiple_runs_NB_ModerateThreat_20260407_220003.csv,multiple_runs_NB_ModerateThreat_20260407_220003.csv,Moderate,NB,175,1564,388,1952,80.12295081967213,19.87704918032787
multiple_runs_NB_ModerateThreat_20260407_220003.csv,multiple_runs_NB_ModerateThreat_20260407_220003.csv,Moderate,NB,176,1611,310,1921,83.86257157730348,16.137428422696512
multiple_runs_NB_ModerateThreat_20260407_220003.csv,multiple_runs_NB_ModerateThreat_20260407_220003.csv,Moderate,NB,177,1371,551,1922,71.33194588969823,28.66805411030177
multiple_runs_NB_ModerateThreat_20260407_220003.csv,multiple_runs_NB_ModerateThreat_20260407_220003.csv,Moderate,NB,178,1583,330,1913,82.74960794563513,17.250392054364873
multiple_runs_NB_ModerateThreat_20260407_220003.csv,multiple_runs_NB_ModerateThreat_20260407_220003.csv,Moderate,NB,179,1432,505,1937,73.92875580795044,26.07124419204956
multiple_runs_NB_ModerateThreat_20260407_220003.csv,multiple_runs_NB_ModerateThreat_20260407_220003.csv,Moderate,NB,180,1537,377,1914,80.3030303030303,19.696969696969695
multiple_runs_NB_ModerateThreat_20260407_220003.csv,multiple_runs_NB_ModerateThreat_20260407_220003.csv,Moderate,NB,181,1683,216,1899,88.62559241706161,11.374407582938389
multiple_runs_NB_ModerateThreat_20260407_220003.csv,multiple_runs_NB_ModerateThreat_20260407_220003.csv,Moderate,NB,182,1616,399,2015,80.19851116625311,19.801488833746898
multiple_runs_NB_ModerateThreat_20260407_220003.csv,multiple_runs_NB_ModerateThreat_20260407_220003.csv,Moderate,NB,183,1576,313,1889,83.43038644785601,16.56961355214399
multiple_runs_NB_ModerateThreat_20260407_220003.csv,multiple_runs_NB_ModerateThreat_20260407_220003.csv,Moderate,NB,184,1641,303,1944,84.41358024691358,15.58641975308642
multiple_runs_NB_ModerateThreat_20260407_220003.csv,multiple_runs_NB_ModerateThreat_20260407_220003.csv,Moderate,NB,185,1634,325,1959,83.40990301174068,16.590096988259315
multiple_runs_NB_ModerateThreat_20260407_220003.csv,multiple_runs_NB_ModerateThreat_20260407_220003.csv,Moderate,NB,186,1639,278,1917,85.49817423056861,14.501825769431404
multiple_runs_NB_ModerateThreat_20260407_220003.csv,multiple_runs_NB_ModerateThreat_20260407_220003.csv,Moderate,NB,187,1556,333,1889,82.37162519851773,17.628374801482266
multiple_runs_NB_ModerateThreat_20260407_220003.csv,multiple_runs_NB_ModerateThreat_20260407_220003.csv,Moderate,NB,188,1636,290,1926,84.94288681204569,15.057113187954311
multiple_runs_NB_ModerateThreat_20260407_220003.csv,multiple_runs_NB_ModerateThreat_20260407_220003.csv,Moderate,NB,189,1552,312,1864,83.2618025751073,16.738197424892704
multiple_runs_NB_ModerateThreat_20260407_220003.csv,multiple_runs_NB_ModerateThreat_20260407_220003.csv,Moderate,NB,190,1525,396,1921,79.38573659552316,20.614263404476834
multiple_runs_NB_ModerateThreat_20260407_220003.csv,multiple_runs_NB_ModerateThreat_20260407_220003.csv,Moderate,NB,191,1617,321,1938,83.43653250773994,16.563467492260063
multiple_runs_NB_ModerateThreat_20260407_220003.csv,multiple_runs_NB_ModerateThreat_20260407_220003.csv,Moderate,NB,192,1464,414,1878,77.95527156549521,22.044728434504794
multiple_runs_NB_ModerateThreat_20260407_220003.csv,multiple_runs_NB_ModerateThreat_20260407_220003.csv,Moderate,NB,193,1636,226,1862,87.8625134264232,12.1374865735768
multiple_runs_NB_ModerateThreat_20260407_220003.csv,multiple_runs_NB_ModerateThreat_20260407_220003.csv,Moderate,NB,194,1611,333,1944,82.87037037037037,17.12962962962963
multiple_runs_NB_ModerateThreat_20260407_220003.csv,multiple_runs_NB_ModerateThreat_20260407_220003.csv,Moderate,NB,195,1709,207,1916,89.19624217118998,10.80375782881002
multiple_runs_NB_ModerateThreat_20260407_220003.csv,multiple_runs_NB_ModerateThreat_20260407_220003.csv,Moderate,NB,196,1715,212,1927,88.99844317592111,11.001556824078879
multiple_runs_NB_ModerateThreat_20260407_220003.csv,multiple_runs_NB_ModerateThreat_20260407_220003.csv,Moderate,NB,197,1741,189,1930,90.20725388601036,9.792746113989638
multiple_runs_NB_ModerateThreat_20260407_220003.csv,multiple_runs_NB_ModerateThreat_20260407_220003.csv,Moderate,NB,198,1779,186,1965,90.53435114503817,9.465648854961833
multiple_runs_NB_ModerateThreat_20260407_220003.csv,multiple_runs_NB_ModerateThreat_20260407_220003.csv,Moderate,NB,199,1705,217,1922,88.70967741935483,11.29032258064516
multiple_runs_NB_ModerateThreat_20260407_220003.csv,multiple_runs_NB_ModerateThreat_20260407_220003.csv,Moderate,NB,200,1371,555,1926,71.18380062305296,28.81619937694704
multiple_runs_DB_HighThreat_2_20260407_031225.csv,multiple_runs_DB_HighThreat_2_20260407_031225.csv,ACE,DB,1,1614,514,2128,75.84586466165413,24.154135338345863
multiple_runs_DB_HighThreat_2_20260407_031225.csv,multiple_runs_DB_HighThreat_2_20260407_031225.csv,ACE,DB,2,1354,796,2150,62.97674418604651,37.02325581395349
multiple_runs_DB_HighThreat_2_20260407_031225.csv,multiple_runs_DB_HighThreat_2_20260407_031225.csv,ACE,DB,3,1241,989,2230,55.65022421524664,44.34977578475336
multiple_runs_DB_HighThreat_2_20260407_031225.csv,multiple_runs_DB_HighThreat_2_20260407_031225.csv,ACE,DB,4,739,1267,2006,36.839481555334,63.160518444666
multiple_runs_DB_HighThreat_2_20260407_031225.csv,multiple_runs_DB_HighThreat_2_20260407_031225.csv,ACE,DB,5,1629,524,2153,75.6618671620994,24.338132837900602
multiple_runs_DB_HighThreat_2_20260407_031225.csv,multiple_runs_DB_HighThreat_2_20260407_031225.csv,ACE,DB,6,733,1275,2008,36.50398406374502,63.49601593625498
multiple_runs_DB_HighThreat_2_20260407_031225.csv,multiple_runs_DB_HighThreat_2_20260407_031225.csv,ACE,DB,7,1091,1254,2345,46.524520255863536,53.47547974413646
multiple_runs_DB_HighThreat_2_20260407_031225.csv,multiple_runs_DB_HighThreat_2_20260407_031225.csv,ACE,DB,8,852,1214,2066,41.23910939012585,58.76089060987415
multiple_runs_DB_HighThreat_2_20260407_031225.csv,multiple_runs_DB_HighThreat_2_20260407_031225.csv,ACE,DB,9,854,1334,2188,39.031078610603295,60.96892138939671
multiple_runs_DB_HighThreat_2_20260407_031225.csv,multiple_runs_DB_HighThreat_2_20260407_031225.csv,ACE,DB,10,1614,596,2210,73.03167420814479,26.968325791855204
multiple_runs_DB_HighThreat_2_20260407_031225.csv,multiple_runs_DB_HighThreat_2_20260407_031225.csv,ACE,DB,11,817,1530,2347,34.81039625053259,65.18960374946741
multiple_runs_DB_HighThreat_2_20260407_031225.csv,multiple_runs_DB_HighThreat_2_20260407_031225.csv,ACE,DB,12,1680,529,2209,76.05251244907197,23.94748755092802
multiple_runs_DB_HighThreat_2_20260407_031225.csv,multiple_runs_DB_HighThreat_2_20260407_031225.csv,ACE,DB,13,1627,564,2191,74.25832952989502,25.741670470104978
multiple_runs_DB_HighThreat_2_20260407_031225.csv,multiple_runs_DB_HighThreat_2_20260407_031225.csv,ACE,DB,14,911,1317,2228,40.8886894075404,59.11131059245961
multiple_runs_DB_HighThreat_2_20260407_031225.csv,multiple_runs_DB_HighThreat_2_20260407_031225.csv,ACE,DB,15,877,1373,2250,38.977777777777774,61.022222222222226
multiple_runs_DB_HighThreat_2_20260407_031225.csv,multiple_runs_DB_HighThreat_2_20260407_031225.csv,ACE,DB,16,899,1208,2107,42.66729947793071,57.33270052206929
multiple_runs_DB_HighThreat_2_20260407_031225.csv,multiple_runs_DB_HighThreat_2_20260407_031225.csv,ACE,DB,17,873,1372,2245,38.88641425389755,61.11358574610245
multiple_runs_DB_HighThreat_2_20260407_031225.csv,multiple_runs_DB_HighThreat_2_20260407_031225.csv,ACE,DB,18,784,1111,1895,41.37203166226913,58.62796833773088
multiple_runs_DB_HighThreat_2_20260407_031225.csv,multiple_runs_DB_HighThreat_2_20260407_031225.csv,ACE,DB,19,1655,552,2207,74.98867240598098,25.01132759401903
multiple_runs_DB_HighThreat_2_20260407_031225.csv,multiple_runs_DB_HighThreat_2_20260407_031225.csv,ACE,DB,20,815,1133,1948,41.837782340862425,58.162217659137575
multiple_runs_DB_HighThreat_2_20260407_031225.csv,multiple_runs_DB_HighThreat_2_20260407_031225.csv,ACE,DB,21,1301,1010,2311,56.29597576806577,43.70402423193423
multiple_runs_DB_HighThreat_2_20260407_031225.csv,multiple_runs_DB_HighThreat_2_20260407_031225.csv,ACE,DB,22,778,1110,1888,41.20762711864407,58.79237288135594
multiple_runs_DB_HighThreat_2_20260407_031225.csv,multiple_runs_DB_HighThreat_2_20260407_031225.csv,ACE,DB,23,1710,432,2142,79.83193277310924,20.168067226890756
multiple_runs_DB_HighThreat_2_20260407_031225.csv,multiple_runs_DB_HighThreat_2_20260407_031225.csv,ACE,DB,24,841,1241,2082,40.39385206532181,59.60614793467819
multiple_runs_DB_HighThreat_2_20260407_031225.csv,multiple_runs_DB_HighThreat_2_20260407_031225.csv,ACE,DB,25,770,1229,1999,38.519259629814904,61.480740370185096
multiple_runs_DB_HighThreat_2_20260407_031225.csv,multiple_runs_DB_HighThreat_2_20260407_031225.csv,ACE,DB,26,1061,1168,2229,47.59982054733064,52.40017945266936
multiple_runs_DB_HighThreat_2_20260407_031225.csv,multiple_runs_DB_HighThreat_2_20260407_031225.csv,ACE,DB,27,799,1187,1986,40.23162134944612,59.76837865055388
multiple_runs_DB_HighThreat_2_20260407_031225.csv,multiple_runs_DB_HighThreat_2_20260407_031225.csv,ACE,DB,28,881,1437,2318,38.00690250215703,61.99309749784297
multiple_runs_DB_HighThreat_2_20260407_031225.csv,multiple_runs_DB_HighThreat_2_20260407_031225.csv,ACE,DB,29,842,1175,2017,41.745166088249874,58.254833911750126
multiple_runs_DB_HighThreat_2_20260407_031225.csv,multiple_runs_DB_HighThreat_2_20260407_031225.csv,ACE,DB,30,880,1308,2188,40.21937842778793,59.78062157221207
multiple_runs_DB_HighThreat_2_20260407_031225.csv,multiple_runs_DB_HighThreat_2_20260407_031225.csv,ACE,DB,31,1048,1226,2274,46.08619173262973,53.91380826737028
multiple_runs_DB_HighThreat_2_20260407_031225.csv,multiple_runs_DB_HighThreat_2_20260407_031225.csv,ACE,DB,32,1664,498,2162,76.96577243293247,23.034227567067532
multiple_runs_DB_HighThreat_2_20260407_031225.csv,multiple_runs_DB_HighThreat_2_20260407_031225.csv,ACE,DB,33,945,1283,2228,42.41472172351885,57.58527827648115
multiple_runs_DB_HighThreat_2_20260407_031225.csv,multiple_runs_DB_HighThreat_2_20260407_031225.csv,ACE,DB,34,1711,475,2186,78.2708142726441,21.7291857273559
multiple_runs_DB_HighThreat_2_20260407_031225.csv,multiple_runs_DB_HighThreat_2_20260407_031225.csv,ACE,DB,35,749,1161,1910,39.21465968586387,60.78534031413613
multiple_runs_DB_HighThreat_2_20260407_031225.csv,multiple_runs_DB_HighThreat_2_20260407_031225.csv,ACE,DB,36,1553,643,2196,70.71948998178506,29.280510018214933
multiple_runs_DB_HighThreat_2_20260407_031225.csv,multiple_runs_DB_HighThreat_2_20260407_031225.csv,ACE,DB,37,1733,420,2153,80.49233627496515,19.507663725034835
multiple_runs_DB_HighThreat_2_20260407_031225.csv,multiple_runs_DB_HighThreat_2_20260407_031225.csv,ACE,DB,38,1146,1109,2255,50.82039911308204,49.17960088691796
multiple_runs_DB_HighThreat_2_20260407_031225.csv,multiple_runs_DB_HighThreat_2_20260407_031225.csv,ACE,DB,39,826,1264,2090,39.52153110047847,60.47846889952153
multiple_runs_DB_HighThreat_2_20260407_031225.csv,multiple_runs_DB_HighThreat_2_20260407_031225.csv,ACE,DB,40,1694,598,2292,73.90924956369983,26.090750436300176
multiple_runs_DB_HighThreat_2_20260407_031225.csv,multiple_runs_DB_HighThreat_2_20260407_031225.csv,ACE,DB,41,1606,587,2193,73.2330141358869,26.766985864113085
multiple_runs_DB_HighThreat_2_20260407_031225.csv,multiple_runs_DB_HighThreat_2_20260407_031225.csv,ACE,DB,42,857,993,1850,46.32432432432432,53.67567567567567
multiple_runs_DB_HighThreat_2_20260407_031225.csv,multiple_runs_DB_HighThreat_2_20260407_031225.csv,ACE,DB,43,799,1200,1999,39.96998499249625,60.030015007503756
multiple_runs_DB_HighThreat_2_20260407_031225.csv,multiple_runs_DB_HighThreat_2_20260407_031225.csv,ACE,DB,44,754,1236,1990,37.88944723618091,62.11055276381909
multiple_runs_DB_HighThreat_2_20260407_031225.csv,multiple_runs_DB_HighThreat_2_20260407_031225.csv,ACE,DB,45,1649,593,2242,73.55040142729705,26.449598572702943
multiple_runs_DB_HighThreat_2_20260407_031225.csv,multiple_runs_DB_HighThreat_2_20260407_031225.csv,ACE,DB,46,1591,554,2145,74.17249417249417,25.827505827505824
multiple_runs_DB_HighThreat_2_20260407_031225.csv,multiple_runs_DB_HighThreat_2_20260407_031225.csv,ACE,DB,47,704,1127,1831,38.448935008192244,61.551064991807756
multiple_runs_DB_HighThreat_2_20260407_031225.csv,multiple_runs_DB_HighThreat_2_20260407_031225.csv,ACE,DB,48,1074,1237,2311,46.473388143660756,53.526611856339244
multiple_runs_DB_HighThreat_2_20260407_031225.csv,multiple_runs_DB_HighThreat_2_20260407_031225.csv,ACE,DB,49,792,1217,2009,39.42259830761573,60.57740169238427
multiple_runs_DB_HighThreat_2_20260407_031225.csv,multiple_runs_DB_HighThreat_2_20260407_031225.csv,ACE,DB,50,1662,591,2253,73.76830892143809,26.23169107856192
multiple_runs_DB_HighThreat_2_20260407_031225.csv,multiple_runs_DB_HighThreat_2_20260407_031225.csv,ACE,DB,51,809,1162,1971,41.04515474378488,58.954845256215116
multiple_runs_DB_HighThreat_2_20260407_031225.csv,multiple_runs_DB_HighThreat_2_20260407_031225.csv,ACE,DB,52,670,1150,1820,36.81318681318682,63.18681318681318
multiple_runs_DB_HighThreat_2_20260407_031225.csv,multiple_runs_DB_HighThreat_2_20260407_031225.csv,ACE,DB,53,1660,503,2163,76.74526121128062,23.25473878871937
multiple_runs_DB_HighThreat_2_20260407_031225.csv,multiple_runs_DB_HighThreat_2_20260407_031225.csv,ACE,DB,54,878,1282,2160,40.64814814814815,59.351851851851855
multiple_runs_DB_HighThreat_2_20260407_031225.csv,multiple_runs_DB_HighThreat_2_20260407_031225.csv,ACE,DB,55,1661,494,2155,77.07656612529003,22.92343387470998
multiple_runs_DB_HighThreat_2_20260407_031225.csv,multiple_runs_DB_HighThreat_2_20260407_031225.csv,ACE,DB,56,796,1150,1946,40.90441932168551,59.0955806783145
multiple_runs_DB_HighThreat_2_20260407_031225.csv,multiple_runs_DB_HighThreat_2_20260407_031225.csv,ACE,DB,57,1671,496,2167,77.111213659437,22.88878634056299
multiple_runs_DB_HighThreat_2_20260407_031225.csv,multiple_runs_DB_HighThreat_2_20260407_031225.csv,ACE,DB,58,1603,504,2107,76.0797342192691,23.920265780730897
multiple_runs_DB_HighThreat_2_20260407_031225.csv,multiple_runs_DB_HighThreat_2_20260407_031225.csv,ACE,DB,59,794,1175,1969,40.325038090401215,59.67496190959878
multiple_runs_DB_HighThreat_2_20260407_031225.csv,multiple_runs_DB_HighThreat_2_20260407_031225.csv,ACE,DB,60,768,1212,1980,38.78787878787879,61.212121212121204
multiple_runs_DB_HighThreat_2_20260407_031225.csv,multiple_runs_DB_HighThreat_2_20260407_031225.csv,ACE,DB,61,757,1165,1922,39.38605619146722,60.61394380853278
multiple_runs_DB_HighThreat_2_20260407_031225.csv,multiple_runs_DB_HighThreat_2_20260407_031225.csv,ACE,DB,62,724,1136,1860,38.924731182795696,61.0752688172043
multiple_runs_DB_HighThreat_2_20260407_031225.csv,multiple_runs_DB_HighThreat_2_20260407_031225.csv,ACE,DB,63,1111,1241,2352,47.23639455782313,52.763605442176875
multiple_runs_DB_HighThreat_2_20260407_031225.csv,multiple_runs_DB_HighThreat_2_20260407_031225.csv,ACE,DB,64,774,1138,1912,40.48117154811715,59.51882845188285
multiple_runs_DB_HighThreat_2_20260407_031225.csv,multiple_runs_DB_HighThreat_2_20260407_031225.csv,ACE,DB,65,1704,518,2222,76.6876687668767,23.312331233123313
multiple_runs_DB_HighThreat_2_20260407_031225.csv,multiple_runs_DB_HighThreat_2_20260407_031225.csv,ACE,DB,66,856,1358,2214,38.66305329719964,61.33694670280037
multiple_runs_DB_HighThreat_2_20260407_031225.csv,multiple_runs_DB_HighThreat_2_20260407_031225.csv,ACE,DB,67,838,1222,2060,40.679611650485434,59.320388349514566
multiple_runs_DB_HighThreat_2_20260407_031225.csv,multiple_runs_DB_HighThreat_2_20260407_031225.csv,ACE,DB,68,787,1339,2126,37.01787394167451,62.98212605832549
multiple_runs_DB_HighThreat_2_20260407_031225.csv,multiple_runs_DB_HighThreat_2_20260407_031225.csv,ACE,DB,69,1205,1120,2325,51.82795698924731,48.17204301075269
multiple_runs_DB_HighThreat_2_20260407_031225.csv,multiple_runs_DB_HighThreat_2_20260407_031225.csv,ACE,DB,70,894,1394,2288,39.07342657342657,60.92657342657343
multiple_runs_DB_HighThreat_2_20260407_031225.csv,multiple_runs_DB_HighThreat_2_20260407_031225.csv,ACE,DB,71,1649,581,2230,73.94618834080717,26.053811659192828
multiple_runs_DB_HighThreat_2_20260407_031225.csv,multiple_runs_DB_HighThreat_2_20260407_031225.csv,ACE,DB,72,836,1160,1996,41.883767535070135,58.116232464929865
multiple_runs_DB_HighThreat_2_20260407_031225.csv,multiple_runs_DB_HighThreat_2_20260407_031225.csv,ACE,DB,73,1179,1035,2214,53.2520325203252,46.7479674796748
multiple_runs_DB_HighThreat_2_20260407_031225.csv,multiple_runs_DB_HighThreat_2_20260407_031225.csv,ACE,DB,74,820,1216,2036,40.27504911591356,59.72495088408645
multiple_runs_DB_HighThreat_2_20260407_031225.csv,multiple_runs_DB_HighThreat_2_20260407_031225.csv,ACE,DB,75,1518,580,2098,72.35462345090562,27.645376549094376
multiple_runs_DB_HighThreat_2_20260407_031225.csv,multiple_runs_DB_HighThreat_2_20260407_031225.csv,ACE,DB,76,831,1163,1994,41.675025075225676,58.32497492477432
multiple_runs_DB_HighThreat_2_20260407_031225.csv,multiple_runs_DB_HighThreat_2_20260407_031225.csv,ACE,DB,77,803,1232,2035,39.45945945945946,60.54054054054055
multiple_runs_DB_HighThreat_2_20260407_031225.csv,multiple_runs_DB_HighThreat_2_20260407_031225.csv,ACE,DB,78,953,1253,2206,43.20036264732548,56.79963735267452
multiple_runs_DB_HighThreat_2_20260407_031225.csv,multiple_runs_DB_HighThreat_2_20260407_031225.csv,ACE,DB,79,799,1128,1927,41.46341463414634,58.536585365853654
multiple_runs_DB_HighThreat_2_20260407_031225.csv,multiple_runs_DB_HighThreat_2_20260407_031225.csv,ACE,DB,80,1631,648,2279,71.56647652479158,28.43352347520842
multiple_runs_DB_HighThreat_2_20260407_031225.csv,multiple_runs_DB_HighThreat_2_20260407_031225.csv,ACE,DB,81,1581,550,2131,74.19052088221493,25.809479117785077
multiple_runs_DB_HighThreat_2_20260407_031225.csv,multiple_runs_DB_HighThreat_2_20260407_031225.csv,ACE,DB,82,817,1525,2342,34.88471391972673,65.11528608027326
multiple_runs_DB_HighThreat_2_20260407_031225.csv,multiple_runs_DB_HighThreat_2_20260407_031225.csv,ACE,DB,83,763,1522,2285,33.391684901531725,66.60831509846827
multiple_runs_DB_HighThreat_2_20260407_031225.csv,multiple_runs_DB_HighThreat_2_20260407_031225.csv,ACE,DB,84,1690,567,2257,74.87815684536996,25.121843154630042
multiple_runs_DB_HighThreat_2_20260407_031225.csv,multiple_runs_DB_HighThreat_2_20260407_031225.csv,ACE,DB,85,1377,869,2246,61.308993766696354,38.691006233303646
multiple_runs_DB_HighThreat_2_20260407_031225.csv,multiple_runs_DB_HighThreat_2_20260407_031225.csv,ACE,DB,86,853,1568,2421,35.2333746385791,64.7666253614209
multiple_runs_DB_HighThreat_2_20260407_031225.csv,multiple_runs_DB_HighThreat_2_20260407_031225.csv,ACE,DB,87,1565,583,2148,72.8584729981378,27.141527001862197
multiple_runs_DB_HighThreat_2_20260407_031225.csv,multiple_runs_DB_HighThreat_2_20260407_031225.csv,ACE,DB,88,807,1175,1982,40.716448032290614,59.28355196770938
multiple_runs_DB_HighThreat_2_20260407_031225.csv,multiple_runs_DB_HighThreat_2_20260407_031225.csv,ACE,DB,89,912,1234,2146,42.49767008387698,57.50232991612302
multiple_runs_DB_HighThreat_2_20260407_031225.csv,multiple_runs_DB_HighThreat_2_20260407_031225.csv,ACE,DB,90,817,1198,2015,40.54590570719603,59.45409429280397
multiple_runs_DB_HighThreat_2_20260407_031225.csv,multiple_runs_DB_HighThreat_2_20260407_031225.csv,ACE,DB,91,800,1173,1973,40.54738976178409,59.45261023821592
multiple_runs_DB_HighThreat_2_20260407_031225.csv,multiple_runs_DB_HighThreat_2_20260407_031225.csv,ACE,DB,92,875,1216,2091,41.84600669536107,58.15399330463893
multiple_runs_DB_HighThreat_2_20260407_031225.csv,multiple_runs_DB_HighThreat_2_20260407_031225.csv,ACE,DB,93,1609,613,2222,72.41224122412241,27.587758775877585
multiple_runs_DB_HighThreat_2_20260407_031225.csv,multiple_runs_DB_HighThreat_2_20260407_031225.csv,ACE,DB,94,778,1210,1988,39.13480885311871,60.865191146881294
multiple_runs_DB_HighThreat_2_20260407_031225.csv,multiple_runs_DB_HighThreat_2_20260407_031225.csv,ACE,DB,95,1651,565,2216,74.50361010830325,25.49638989169675
multiple_runs_DB_HighThreat_2_20260407_031225.csv,multiple_runs_DB_HighThreat_2_20260407_031225.csv,ACE,DB,96,966,1153,2119,45.58754129306276,54.41245870693724
multiple_runs_DB_HighThreat_2_20260407_031225.csv,multiple_runs_DB_HighThreat_2_20260407_031225.csv,ACE,DB,97,1587,578,2165,73.30254041570439,26.697459584295615
multiple_runs_DB_HighThreat_2_20260407_031225.csv,multiple_runs_DB_HighThreat_2_20260407_031225.csv,ACE,DB,98,1299,962,2261,57.45245466607696,42.54754533392304
multiple_runs_DB_HighThreat_2_20260407_031225.csv,multiple_runs_DB_HighThreat_2_20260407_031225.csv,ACE,DB,99,921,1373,2294,40.14821272885789,59.85178727114211
multiple_runs_DB_HighThreat_2_20260407_031225.csv,multiple_runs_DB_HighThreat_2_20260407_031225.csv,ACE,DB,100,1654,512,2166,76.36195752539243,23.63804247460757
multiple_runs_DB_HighThreat_2_20260407_031225.csv,multiple_runs_DB_HighThreat_2_20260407_031225.csv,ACE,DB,101,908,1409,2317,39.18860595597756,60.811394044022435
multiple_runs_DB_HighThreat_2_20260407_031225.csv,multiple_runs_DB_HighThreat_2_20260407_031225.csv,ACE,DB,102,1259,1044,2303,54.66782457663917,45.33217542336083
multiple_runs_DB_HighThreat_2_20260407_031225.csv,multiple_runs_DB_HighThreat_2_20260407_031225.csv,ACE,DB,103,1703,469,2172,78.40699815837937,21.593001841620627
multiple_runs_DB_HighThreat_2_20260407_031225.csv,multiple_runs_DB_HighThreat_2_20260407_031225.csv,ACE,DB,104,891,1119,2010,44.32835820895523,55.67164179104478
multiple_runs_DB_HighThreat_2_20260407_031225.csv,multiple_runs_DB_HighThreat_2_20260407_031225.csv,ACE,DB,105,800,1276,2076,38.53564547206166,61.46435452793835
multiple_runs_DB_HighThreat_2_20260407_031225.csv,multiple_runs_DB_HighThreat_2_20260407_031225.csv,ACE,DB,106,779,1175,1954,39.86693961105425,60.13306038894575
multiple_runs_DB_HighThreat_2_20260407_031225.csv,multiple_runs_DB_HighThreat_2_20260407_031225.csv,ACE,DB,107,861,1136,1997,43.114672008012015,56.88532799198798
multiple_runs_DB_HighThreat_2_20260407_031225.csv,multiple_runs_DB_HighThreat_2_20260407_031225.csv,ACE,DB,108,1773,359,2132,83.16135084427768,16.838649155722326
multiple_runs_DB_HighThreat_2_20260407_031225.csv,multiple_runs_DB_HighThreat_2_20260407_031225.csv,ACE,DB,109,1584,450,2034,77.87610619469027,22.123893805309734
multiple_runs_DB_HighThreat_2_20260407_031225.csv,multiple_runs_DB_HighThreat_2_20260407_031225.csv,ACE,DB,110,868,1439,2307,37.6246207195492,62.3753792804508
multiple_runs_DB_HighThreat_2_20260407_031225.csv,multiple_runs_DB_HighThreat_2_20260407_031225.csv,ACE,DB,111,1688,498,2186,77.21866422689845,22.781335773101556
multiple_runs_DB_HighThreat_2_20260407_031225.csv,multiple_runs_DB_HighThreat_2_20260407_031225.csv,ACE,DB,112,827,1433,2260,36.5929203539823,63.40707964601769
multiple_runs_DB_HighThreat_2_20260407_031225.csv,multiple_runs_DB_HighThreat_2_20260407_031225.csv,ACE,DB,113,784,1531,2315,33.86609071274298,66.13390928725703
multiple_runs_DB_HighThreat_2_20260407_031225.csv,multiple_runs_DB_HighThreat_2_20260407_031225.csv,ACE,DB,114,1619,624,2243,72.18011591618368,27.819884083816316
multiple_runs_DB_HighThreat_2_20260407_031225.csv,multiple_runs_DB_HighThreat_2_20260407_031225.csv,ACE,DB,115,744,1200,1944,38.2716049382716,61.72839506172839
multiple_runs_DB_HighThreat_2_20260407_031225.csv,multiple_runs_DB_HighThreat_2_20260407_031225.csv,ACE,DB,116,1707,432,2139,79.80364656381487,20.196353436185134
multiple_runs_DB_HighThreat_2_20260407_031225.csv,multiple_runs_DB_HighThreat_2_20260407_031225.csv,ACE,DB,117,902,1413,2315,38.963282937365015,61.03671706263499
multiple_runs_DB_HighThreat_2_20260407_031225.csv,multiple_runs_DB_HighThreat_2_20260407_031225.csv,ACE,DB,118,813,1131,1944,41.82098765432099,58.17901234567901
multiple_runs_DB_HighThreat_2_20260407_031225.csv,multiple_runs_DB_HighThreat_2_20260407_031225.csv,ACE,DB,119,793,1257,2050,38.6829268292683,61.3170731707317
multiple_runs_DB_HighThreat_2_20260407_031225.csv,multiple_runs_DB_HighThreat_2_20260407_031225.csv,ACE,DB,120,708,1335,2043,34.65491923641703,65.34508076358296
multiple_runs_DB_HighThreat_2_20260407_031225.csv,multiple_runs_DB_HighThreat_2_20260407_031225.csv,ACE,DB,121,1606,612,2218,72.40757439134356,27.592425608656445
multiple_runs_DB_HighThreat_2_20260407_031225.csv,multiple_runs_DB_HighThreat_2_20260407_031225.csv,ACE,DB,122,1721,547,2268,75.88183421516756,24.118165784832453
multiple_runs_DB_HighThreat_2_20260407_031225.csv,multiple_runs_DB_HighThreat_2_20260407_031225.csv,ACE,DB,123,1679,451,2130,78.82629107981221,21.173708920187792
multiple_runs_DB_HighThreat_2_20260407_031225.csv,multiple_runs_DB_HighThreat_2_20260407_031225.csv,ACE,DB,124,1595,610,2205,72.33560090702947,27.66439909297052
multiple_runs_DB_HighThreat_2_20260407_031225.csv,multiple_runs_DB_HighThreat_2_20260407_031225.csv,ACE,DB,125,1088,1160,2248,48.39857651245551,51.60142348754449
multiple_runs_DB_HighThreat_2_20260407_031225.csv,multiple_runs_DB_HighThreat_2_20260407_031225.csv,ACE,DB,126,809,1119,1928,41.96058091286307,58.039419087136935
multiple_runs_DB_HighThreat_2_20260407_031225.csv,multiple_runs_DB_HighThreat_2_20260407_031225.csv,ACE,DB,127,1602,561,2163,74.06380027739252,25.93619972260749
multiple_runs_DB_HighThreat_2_20260407_031225.csv,multiple_runs_DB_HighThreat_2_20260407_031225.csv,ACE,DB,128,844,1217,2061,40.95099466278506,59.04900533721494
multiple_runs_DB_HighThreat_2_20260407_031225.csv,multiple_runs_DB_HighThreat_2_20260407_031225.csv,ACE,DB,129,1580,610,2190,72.14611872146118,27.85388127853881
multiple_runs_DB_HighThreat_2_20260407_031225.csv,multiple_runs_DB_HighThreat_2_20260407_031225.csv,ACE,DB,130,812,1095,1907,42.57996853696906,57.42003146303094
multiple_runs_DB_HighThreat_2_20260407_031225.csv,multiple_runs_DB_HighThreat_2_20260407_031225.csv,ACE,DB,131,824,1106,1930,42.69430051813472,57.30569948186528
multiple_runs_DB_HighThreat_2_20260407_031225.csv,multiple_runs_DB_HighThreat_2_20260407_031225.csv,ACE,DB,132,774,1169,1943,39.83530622748327,60.16469377251673
multiple_runs_DB_HighThreat_2_20260407_031225.csv,multiple_runs_DB_HighThreat_2_20260407_031225.csv,ACE,DB,133,1713,498,2211,77.47625508819539,22.523744911804613
multiple_runs_DB_HighThreat_2_20260407_031225.csv,multiple_runs_DB_HighThreat_2_20260407_031225.csv,ACE,DB,134,777,1146,1923,40.40561622464899,59.59438377535101
multiple_runs_DB_HighThreat_2_20260407_031225.csv,multiple_runs_DB_HighThreat_2_20260407_031225.csv,ACE,DB,135,1633,537,2170,75.25345622119815,24.746543778801843
multiple_runs_DB_HighThreat_2_20260407_031225.csv,multiple_runs_DB_HighThreat_2_20260407_031225.csv,ACE,DB,136,840,1080,1920,43.75,56.25
multiple_runs_DB_HighThreat_2_20260407_031225.csv,multiple_runs_DB_HighThreat_2_20260407_031225.csv,ACE,DB,137,765,1135,1900,40.26315789473684,59.73684210526316
multiple_runs_DB_HighThreat_2_20260407_031225.csv,multiple_runs_DB_HighThreat_2_20260407_031225.csv,ACE,DB,138,1636,493,2129,76.84358853922029,23.156411460779708
multiple_runs_DB_HighThreat_2_20260407_031225.csv,multiple_runs_DB_HighThreat_2_20260407_031225.csv,ACE,DB,139,1645,561,2206,74.56935630099728,25.43064369900272
multiple_runs_DB_HighThreat_2_20260407_031225.csv,multiple_runs_DB_HighThreat_2_20260407_031225.csv,ACE,DB,140,825,1201,2026,40.72063178677197,59.27936821322803
multiple_runs_DB_HighThreat_2_20260407_031225.csv,multiple_runs_DB_HighThreat_2_20260407_031225.csv,ACE,DB,141,1678,605,2283,73.49978098992554,26.500219010074467
multiple_runs_DB_HighThreat_2_20260407_031225.csv,multiple_runs_DB_HighThreat_2_20260407_031225.csv,ACE,DB,142,885,1178,2063,42.898691226369365,57.101308773630635
multiple_runs_DB_HighThreat_2_20260407_031225.csv,multiple_runs_DB_HighThreat_2_20260407_031225.csv,ACE,DB,143,1232,1002,2234,55.14771709937332,44.852282900626676
multiple_runs_DB_HighThreat_2_20260407_031225.csv,multiple_runs_DB_HighThreat_2_20260407_031225.csv,ACE,DB,144,1650,480,2130,77.46478873239437,22.535211267605636
multiple_runs_DB_HighThreat_2_20260407_031225.csv,multiple_runs_DB_HighThreat_2_20260407_031225.csv,ACE,DB,145,841,1480,2321,36.23438173201207,63.76561826798793
multiple_runs_DB_HighThreat_2_20260407_031225.csv,multiple_runs_DB_HighThreat_2_20260407_031225.csv,ACE,DB,146,764,1133,1897,40.274117026884554,59.72588297311544
multiple_runs_DB_HighThreat_2_20260407_031225.csv,multiple_runs_DB_HighThreat_2_20260407_031225.csv,ACE,DB,147,1592,560,2152,73.97769516728626,26.022304832713754
multiple_runs_DB_HighThreat_2_20260407_031225.csv,multiple_runs_DB_HighThreat_2_20260407_031225.csv,ACE,DB,148,1026,1228,2254,45.51907719609583,54.48092280390418
multiple_runs_DB_HighThreat_2_20260407_031225.csv,multiple_runs_DB_HighThreat_2_20260407_031225.csv,ACE,DB,149,1798,416,2214,81.21047877145439,18.78952122854562
multiple_runs_DB_HighThreat_2_20260407_031225.csv,multiple_runs_DB_HighThreat_2_20260407_031225.csv,ACE,DB,150,1107,1139,2246,49.28762243989314,50.71237756010686
multiple_runs_DB_HighThreat_2_20260407_031225.csv,multiple_runs_DB_HighThreat_2_20260407_031225.csv,ACE,DB,151,1641,514,2155,76.14849187935035,23.851508120649655
multiple_runs_DB_HighThreat_2_20260407_031225.csv,multiple_runs_DB_HighThreat_2_20260407_031225.csv,ACE,DB,152,835,1528,2363,35.33643673296657,64.66356326703342
multiple_runs_DB_HighThreat_2_20260407_031225.csv,multiple_runs_DB_HighThreat_2_20260407_031225.csv,ACE,DB,153,770,1134,1904,40.44117647058824,59.55882352941176
multiple_runs_DB_HighThreat_2_20260407_031225.csv,multiple_runs_DB_HighThreat_2_20260407_031225.csv,ACE,DB,154,705,1109,1814,38.86438809261301,61.13561190738699
multiple_runs_DB_HighThreat_2_20260407_031225.csv,multiple_runs_DB_HighThreat_2_20260407_031225.csv,ACE,DB,155,933,1269,2202,42.370572207084464,57.629427792915536
multiple_runs_DB_HighThreat_2_20260407_031225.csv,multiple_runs_DB_HighThreat_2_20260407_031225.csv,ACE,DB,156,850,1224,2074,40.98360655737705,59.01639344262295
multiple_runs_DB_HighThreat_2_20260407_031225.csv,multiple_runs_DB_HighThreat_2_20260407_031225.csv,ACE,DB,157,1606,685,2291,70.1003928415539,29.899607158446095
multiple_runs_DB_HighThreat_2_20260407_031225.csv,multiple_runs_DB_HighThreat_2_20260407_031225.csv,ACE,DB,158,1242,1093,2335,53.190578158458244,46.809421841541756
multiple_runs_DB_HighThreat_2_20260407_031225.csv,multiple_runs_DB_HighThreat_2_20260407_031225.csv,ACE,DB,159,761,1078,1839,41.38118542686243,58.61881457313758
multiple_runs_DB_HighThreat_2_20260407_031225.csv,multiple_runs_DB_HighThreat_2_20260407_031225.csv,ACE,DB,160,793,1061,1854,42.77238403451996,57.22761596548004
multiple_runs_DB_HighThreat_2_20260407_031225.csv,multiple_runs_DB_HighThreat_2_20260407_031225.csv,ACE,DB,161,847,1433,2280,37.14912280701754,62.85087719298246
multiple_runs_DB_HighThreat_2_20260407_031225.csv,multiple_runs_DB_HighThreat_2_20260407_031225.csv,ACE,DB,162,834,1105,1939,43.01186178442496,56.988138215575034
multiple_runs_DB_HighThreat_2_20260407_031225.csv,multiple_runs_DB_HighThreat_2_20260407_031225.csv,ACE,DB,163,782,1399,2181,35.85511233379184,64.14488766620816
multiple_runs_DB_HighThreat_2_20260407_031225.csv,multiple_runs_DB_HighThreat_2_20260407_031225.csv,ACE,DB,164,1722,387,2109,81.65007112375532,18.349928876244665
multiple_runs_DB_HighThreat_2_20260407_031225.csv,multiple_runs_DB_HighThreat_2_20260407_031225.csv,ACE,DB,165,793,1311,2104,37.69011406844107,62.30988593155894
multiple_runs_DB_HighThreat_2_20260407_031225.csv,multiple_runs_DB_HighThreat_2_20260407_031225.csv,ACE,DB,166,861,1119,1980,43.484848484848484,56.515151515151516
multiple_runs_DB_HighThreat_2_20260407_031225.csv,multiple_runs_DB_HighThreat_2_20260407_031225.csv,ACE,DB,167,847,1189,2036,41.60117878192535,58.39882121807466
multiple_runs_DB_HighThreat_2_20260407_031225.csv,multiple_runs_DB_HighThreat_2_20260407_031225.csv,ACE,DB,168,786,1131,1917,41.00156494522692,58.99843505477308
multiple_runs_DB_HighThreat_2_20260407_031225.csv,multiple_runs_DB_HighThreat_2_20260407_031225.csv,ACE,DB,169,871,1112,1983,43.92334846192637,56.07665153807363
multiple_runs_DB_HighThreat_2_20260407_031225.csv,multiple_runs_DB_HighThreat_2_20260407_031225.csv,ACE,DB,170,880,1139,2019,43.585933630510155,56.414066369489845
multiple_runs_DB_HighThreat_2_20260407_031225.csv,multiple_runs_DB_HighThreat_2_20260407_031225.csv,ACE,DB,171,1604,669,2273,70.56753189617247,29.432468103827542
multiple_runs_DB_HighThreat_2_20260407_031225.csv,multiple_runs_DB_HighThreat_2_20260407_031225.csv,ACE,DB,172,869,1159,2028,42.850098619329394,57.149901380670606
multiple_runs_DB_HighThreat_2_20260407_031225.csv,multiple_runs_DB_HighThreat_2_20260407_031225.csv,ACE,DB,173,1653,356,2009,82.27974116475859,17.720258835241413
multiple_runs_DB_HighThreat_2_20260407_031225.csv,multiple_runs_DB_HighThreat_2_20260407_031225.csv,ACE,DB,174,1575,632,2207,71.36384231989126,28.63615768010874
multiple_runs_DB_HighThreat_2_20260407_031225.csv,multiple_runs_DB_HighThreat_2_20260407_031225.csv,ACE,DB,175,1614,552,2166,74.51523545706371,25.48476454293629
multiple_runs_DB_HighThreat_2_20260407_031225.csv,multiple_runs_DB_HighThreat_2_20260407_031225.csv,ACE,DB,176,817,1134,1951,41.87596104561763,58.12403895438237
multiple_runs_DB_HighThreat_2_20260407_031225.csv,multiple_runs_DB_HighThreat_2_20260407_031225.csv,ACE,DB,177,830,1260,2090,39.71291866028708,60.28708133971292
multiple_runs_DB_HighThreat_2_20260407_031225.csv,multiple_runs_DB_HighThreat_2_20260407_031225.csv,ACE,DB,178,760,1162,1922,39.54214360041624,60.45785639958376
multiple_runs_DB_HighThreat_2_20260407_031225.csv,multiple_runs_DB_HighThreat_2_20260407_031225.csv,ACE,DB,179,989,1272,2261,43.74170720919947,56.25829279080053
multiple_runs_DB_HighThreat_2_20260407_031225.csv,multiple_runs_DB_HighThreat_2_20260407_031225.csv,ACE,DB,180,1632,537,2169,75.2420470262794,24.75795297372061
multiple_runs_DB_HighThreat_2_20260407_031225.csv,multiple_runs_DB_HighThreat_2_20260407_031225.csv,ACE,DB,181,1704,518,2222,76.6876687668767,23.312331233123313
multiple_runs_DB_HighThreat_2_20260407_031225.csv,multiple_runs_DB_HighThreat_2_20260407_031225.csv,ACE,DB,182,838,1336,2174,38.546458141674336,61.453541858325664
multiple_runs_DB_HighThreat_2_20260407_031225.csv,multiple_runs_DB_HighThreat_2_20260407_031225.csv,ACE,DB,183,773,1220,1993,38.78575012543904,61.21424987456096
multiple_runs_DB_HighThreat_2_20260407_031225.csv,multiple_runs_DB_HighThreat_2_20260407_031225.csv,ACE,DB,184,889,1209,2098,42.37368922783604,57.62631077216397
multiple_runs_DB_HighThreat_2_20260407_031225.csv,multiple_runs_DB_HighThreat_2_20260407_031225.csv,ACE,DB,185,1545,574,2119,72.91175082586125,27.088249174138745
multiple_runs_DB_HighThreat_2_20260407_031225.csv,multiple_runs_DB_HighThreat_2_20260407_031225.csv,ACE,DB,186,820,1094,1914,42.84221525600836,57.157784743991634
multiple_runs_DB_HighThreat_2_20260407_031225.csv,multiple_runs_DB_HighThreat_2_20260407_031225.csv,ACE,DB,187,794,1272,2066,38.431752178121975,61.56824782187803
multiple_runs_DB_HighThreat_2_20260407_031225.csv,multiple_runs_DB_HighThreat_2_20260407_031225.csv,ACE,DB,188,1675,466,2141,78.23446987389072,21.765530126109294
multiple_runs_DB_HighThreat_2_20260407_031225.csv,multiple_runs_DB_HighThreat_2_20260407_031225.csv,ACE,DB,189,895,1128,2023,44.24122590212556,55.75877409787444
multiple_runs_DB_HighThreat_2_20260407_031225.csv,multiple_runs_DB_HighThreat_2_20260407_031225.csv,ACE,DB,190,874,1072,1946,44.91264131551901,55.08735868448099
multiple_runs_DB_HighThreat_2_20260407_031225.csv,multiple_runs_DB_HighThreat_2_20260407_031225.csv,ACE,DB,191,803,1116,1919,41.84471078686816,58.155289213131844
multiple_runs_DB_HighThreat_2_20260407_031225.csv,multiple_runs_DB_HighThreat_2_20260407_031225.csv,ACE,DB,192,789,1176,1965,40.15267175572519,59.84732824427481
multiple_runs_DB_HighThreat_2_20260407_031225.csv,multiple_runs_DB_HighThreat_2_20260407_031225.csv,ACE,DB,193,749,1184,1933,38.74806001034661,61.251939989653394
multiple_runs_DB_HighThreat_2_20260407_031225.csv,multiple_runs_DB_HighThreat_2_20260407_031225.csv,ACE,DB,194,807,1120,1927,41.87856772184743,58.121432278152575
multiple_runs_DB_HighThreat_2_20260407_031225.csv,multiple_runs_DB_HighThreat_2_20260407_031225.csv,ACE,DB,195,1627,548,2175,74.80459770114942,25.19540229885057
multiple_runs_DB_HighThreat_2_20260407_031225.csv,multiple_runs_DB_HighThreat_2_20260407_031225.csv,ACE,DB,196,789,1206,1995,39.54887218045113,60.45112781954888
multiple_runs_DB_HighThreat_2_20260407_031225.csv,multiple_runs_DB_HighThreat_2_20260407_031225.csv,ACE,DB,197,1131,1135,2266,49.911738746690204,50.088261253309796
multiple_runs_DB_HighThreat_2_20260407_031225.csv,multiple_runs_DB_HighThreat_2_20260407_031225.csv,ACE,DB,198,730,1174,1904,38.340336134453786,61.65966386554622
multiple_runs_DB_HighThreat_2_20260407_031225.csv,multiple_runs_DB_HighThreat_2_20260407_031225.csv,ACE,DB,199,1656,631,2287,72.40926978574552,27.59073021425448
multiple_runs_DB_HighThreat_2_20260407_031225.csv,multiple_runs_DB_HighThreat_2_20260407_031225.csv,ACE,DB,200,1656,582,2238,73.9946380697051,26.005361930294907
multiple_runs_DB_LowThreat_2_20260407_163954.csv,multiple_runs_DB_LowThreat_2_20260407_163954.csv,No ACE,DB,1,1303,952,2255,57.782705099778276,42.21729490022173
multiple_runs_DB_LowThreat_2_20260407_163954.csv,multiple_runs_DB_LowThreat_2_20260407_163954.csv,No ACE,DB,2,1296,1111,2407,53.84295803905276,46.15704196094724
multiple_runs_DB_LowThreat_2_20260407_163954.csv,multiple_runs_DB_LowThreat_2_20260407_163954.csv,No ACE,DB,3,1466,999,2465,59.472616632860046,40.527383367139954
multiple_runs_DB_LowThreat_2_20260407_163954.csv,multiple_runs_DB_LowThreat_2_20260407_163954.csv,No ACE,DB,4,1300,1116,2416,53.807947019867555,46.19205298013245
multiple_runs_DB_LowThreat_2_20260407_163954.csv,multiple_runs_DB_LowThreat_2_20260407_163954.csv,No ACE,DB,5,1129,1187,2316,48.747841105354055,51.25215889464594
multiple_runs_DB_LowThreat_2_20260407_163954.csv,multiple_runs_DB_LowThreat_2_20260407_163954.csv,No ACE,DB,6,1195,1182,2377,50.27345393352965,49.72654606647034
multiple_runs_DB_LowThreat_2_20260407_163954.csv,multiple_runs_DB_LowThreat_2_20260407_163954.csv,No ACE,DB,7,1177,907,2084,56.47792706333973,43.522072936660265
multiple_runs_DB_LowThreat_2_20260407_163954.csv,multiple_runs_DB_LowThreat_2_20260407_163954.csv,No ACE,DB,8,1412,1012,2424,58.25082508250825,41.74917491749175
multiple_runs_DB_LowThreat_2_20260407_163954.csv,multiple_runs_DB_LowThreat_2_20260407_163954.csv,No ACE,DB,9,1371,1251,2622,52.288329519450805,47.7116704805492
multiple_runs_DB_LowThreat_2_20260407_163954.csv,multiple_runs_DB_LowThreat_2_20260407_163954.csv,No ACE,DB,10,1157,1037,2194,52.73473108477666,47.26526891522334
multiple_runs_DB_LowThreat_2_20260407_163954.csv,multiple_runs_DB_LowThreat_2_20260407_163954.csv,No ACE,DB,11,1113,930,2043,54.478707782672544,45.521292217327456
multiple_runs_DB_LowThreat_2_20260407_163954.csv,multiple_runs_DB_LowThreat_2_20260407_163954.csv,No ACE,DB,12,1355,1038,2393,56.62348516506477,43.37651483493523
multiple_runs_DB_LowThreat_2_20260407_163954.csv,multiple_runs_DB_LowThreat_2_20260407_163954.csv,No ACE,DB,13,1325,1159,2484,53.341384863124,46.65861513687601
multiple_runs_DB_LowThreat_2_20260407_163954.csv,multiple_runs_DB_LowThreat_2_20260407_163954.csv,No ACE,DB,14,1399,917,2316,60.40587219343696,39.59412780656304
multiple_runs_DB_LowThreat_2_20260407_163954.csv,multiple_runs_DB_LowThreat_2_20260407_163954.csv,No ACE,DB,15,1443,1098,2541,56.78866587957497,43.21133412042503
multiple_runs_DB_LowThreat_2_20260407_163954.csv,multiple_runs_DB_LowThreat_2_20260407_163954.csv,No ACE,DB,16,1536,924,2460,62.4390243902439,37.5609756097561
multiple_runs_DB_LowThreat_2_20260407_163954.csv,multiple_runs_DB_LowThreat_2_20260407_163954.csv,No ACE,DB,17,1249,1194,2443,51.12566516577978,48.87433483422022
multiple_runs_DB_LowThreat_2_20260407_163954.csv,multiple_runs_DB_LowThreat_2_20260407_163954.csv,No ACE,DB,18,1320,1299,2619,50.40091638029782,49.59908361970218
multiple_runs_DB_LowThreat_2_20260407_163954.csv,multiple_runs_DB_LowThreat_2_20260407_163954.csv,No ACE,DB,19,1210,1041,2251,53.75388716126166,46.24611283873834
multiple_runs_DB_LowThreat_2_20260407_163954.csv,multiple_runs_DB_LowThreat_2_20260407_163954.csv,No ACE,DB,20,1300,997,2297,56.59555942533739,43.40444057466261
multiple_runs_DB_LowThreat_2_20260407_163954.csv,multiple_runs_DB_LowThreat_2_20260407_163954.csv,No ACE,DB,21,1254,912,2166,57.89473684210527,42.10526315789473
multiple_runs_DB_LowThreat_2_20260407_163954.csv,multiple_runs_DB_LowThreat_2_20260407_163954.csv,No ACE,DB,22,1329,921,2250,59.06666666666667,40.93333333333333
multiple_runs_DB_LowThreat_2_20260407_163954.csv,multiple_runs_DB_LowThreat_2_20260407_163954.csv,No ACE,DB,23,1290,969,2259,57.104913678618864,42.89508632138114
multiple_runs_DB_LowThreat_2_20260407_163954.csv,multiple_runs_DB_LowThreat_2_20260407_163954.csv,No ACE,DB,24,1386,1230,2616,52.981651376146786,47.018348623853214
multiple_runs_DB_LowThreat_2_20260407_163954.csv,multiple_runs_DB_LowThreat_2_20260407_163954.csv,No ACE,DB,25,1341,1118,2459,54.53436356242375,45.46563643757625
multiple_runs_DB_LowThreat_2_20260407_163954.csv,multiple_runs_DB_LowThreat_2_20260407_163954.csv,No ACE,DB,26,1367,1234,2601,52.55670895809305,47.44329104190696
multiple_runs_DB_LowThreat_2_20260407_163954.csv,multiple_runs_DB_LowThreat_2_20260407_163954.csv,No ACE,DB,27,1157,809,1966,58.85045778229908,41.14954221770091
multiple_runs_DB_LowThreat_2_20260407_163954.csv,multiple_runs_DB_LowThreat_2_20260407_163954.csv,No ACE,DB,28,1329,1233,2562,51.87353629976581,48.12646370023419
multiple_runs_DB_LowThreat_2_20260407_163954.csv,multiple_runs_DB_LowThreat_2_20260407_163954.csv,No ACE,DB,29,1285,815,2100,61.1904761904762,38.80952380952381
multiple_runs_DB_LowThreat_2_20260407_163954.csv,multiple_runs_DB_LowThreat_2_20260407_163954.csv,No ACE,DB,30,1377,1175,2552,53.9576802507837,46.0423197492163
multiple_runs_DB_LowThreat_2_20260407_163954.csv,multiple_runs_DB_LowThreat_2_20260407_163954.csv,No ACE,DB,31,1318,1024,2342,56.27668659265584,43.72331340734415
multiple_runs_DB_LowThreat_2_20260407_163954.csv,multiple_runs_DB_LowThreat_2_20260407_163954.csv,No ACE,DB,32,1375,1181,2556,53.79499217527387,46.20500782472614
multiple_runs_DB_LowThreat_2_20260407_163954.csv,multiple_runs_DB_LowThreat_2_20260407_163954.csv,No ACE,DB,33,1371,1037,2408,56.935215946843854,43.064784053156146
multiple_runs_DB_LowThreat_2_20260407_163954.csv,multiple_runs_DB_LowThreat_2_20260407_163954.csv,No ACE,DB,34,1327,1023,2350,56.46808510638298,43.53191489361702
multiple_runs_DB_LowThreat_2_20260407_163954.csv,multiple_runs_DB_LowThreat_2_20260407_163954.csv,No ACE,DB,35,1344,995,2339,57.46045318512185,42.53954681487816
multiple_runs_DB_LowThreat_2_20260407_163954.csv,multiple_runs_DB_LowThreat_2_20260407_163954.csv,No ACE,DB,36,1393,1203,2596,53.65947611710323,46.34052388289677
multiple_runs_DB_LowThreat_2_20260407_163954.csv,multiple_runs_DB_LowThreat_2_20260407_163954.csv,No ACE,DB,37,1221,827,2048,59.619140625,40.380859375
multiple_runs_DB_LowThreat_2_20260407_163954.csv,multiple_runs_DB_LowThreat_2_20260407_163954.csv,No ACE,DB,38,1352,1135,2487,54.36268596702855,45.637314032971446
multiple_runs_DB_LowThreat_2_20260407_163954.csv,multiple_runs_DB_LowThreat_2_20260407_163954.csv,No ACE,DB,39,1209,1024,2233,54.142409314823105,45.85759068517689
multiple_runs_DB_LowThreat_2_20260407_163954.csv,multiple_runs_DB_LowThreat_2_20260407_163954.csv,No ACE,DB,40,1295,1287,2582,50.154918667699455,49.845081332300545
multiple_runs_DB_LowThreat_2_20260407_163954.csv,multiple_runs_DB_LowThreat_2_20260407_163954.csv,No ACE,DB,41,1249,1283,2532,49.32859399684044,50.67140600315956
multiple_runs_DB_LowThreat_2_20260407_163954.csv,multiple_runs_DB_LowThreat_2_20260407_163954.csv,No ACE,DB,42,1316,1020,2336,56.33561643835616,43.66438356164384
multiple_runs_DB_LowThreat_2_20260407_163954.csv,multiple_runs_DB_LowThreat_2_20260407_163954.csv,No ACE,DB,43,1309,1133,2442,53.6036036036036,46.3963963963964
multiple_runs_DB_LowThreat_2_20260407_163954.csv,multiple_runs_DB_LowThreat_2_20260407_163954.csv,No ACE,DB,44,1318,1051,2369,55.63528915154073,44.36471084845927
multiple_runs_DB_LowThreat_2_20260407_163954.csv,multiple_runs_DB_LowThreat_2_20260407_163954.csv,No ACE,DB,45,1264,945,2209,57.22046174739701,42.77953825260299
multiple_runs_DB_LowThreat_2_20260407_163954.csv,multiple_runs_DB_LowThreat_2_20260407_163954.csv,No ACE,DB,46,1352,1159,2511,53.84309040223019,46.15690959776981
multiple_runs_DB_LowThreat_2_20260407_163954.csv,multiple_runs_DB_LowThreat_2_20260407_163954.csv,No ACE,DB,47,1134,1066,2200,51.54545454545455,48.45454545454545
multiple_runs_DB_LowThreat_2_20260407_163954.csv,multiple_runs_DB_LowThreat_2_20260407_163954.csv,No ACE,DB,48,1261,1250,2511,50.21903624054161,49.78096375945839
multiple_runs_DB_LowThreat_2_20260407_163954.csv,multiple_runs_DB_LowThreat_2_20260407_163954.csv,No ACE,DB,49,1181,1056,2237,52.793920429146176,47.206079570853824
multiple_runs_DB_LowThreat_2_20260407_163954.csv,multiple_runs_DB_LowThreat_2_20260407_163954.csv,No ACE,DB,50,1323,1036,2359,56.083086053412465,43.916913946587535
multiple_runs_DB_LowThreat_2_20260407_163954.csv,multiple_runs_DB_LowThreat_2_20260407_163954.csv,No ACE,DB,51,1335,917,2252,59.28063943161634,40.719360568383664
multiple_runs_DB_LowThreat_2_20260407_163954.csv,multiple_runs_DB_LowThreat_2_20260407_163954.csv,No ACE,DB,52,1126,1201,2327,48.38848302535453,51.61151697464547
multiple_runs_DB_LowThreat_2_20260407_163954.csv,multiple_runs_DB_LowThreat_2_20260407_163954.csv,No ACE,DB,53,1269,1151,2420,52.43801652892562,47.561983471074385
multiple_runs_DB_LowThreat_2_20260407_163954.csv,multiple_runs_DB_LowThreat_2_20260407_163954.csv,No ACE,DB,54,1274,810,2084,61.13243761996161,38.86756238003839
multiple_runs_DB_LowThreat_2_20260407_163954.csv,multiple_runs_DB_LowThreat_2_20260407_163954.csv,No ACE,DB,55,1284,966,2250,57.06666666666666,42.93333333333334
multiple_runs_DB_LowThreat_2_20260407_163954.csv,multiple_runs_DB_LowThreat_2_20260407_163954.csv,No ACE,DB,56,1227,888,2115,58.01418439716311,41.98581560283688
multiple_runs_DB_LowThreat_2_20260407_163954.csv,multiple_runs_DB_LowThreat_2_20260407_163954.csv,No ACE,DB,57,1304,1143,2447,53.28974254188803,46.710257458111975
multiple_runs_DB_LowThreat_2_20260407_163954.csv,multiple_runs_DB_LowThreat_2_20260407_163954.csv,No ACE,DB,58,1253,1193,2446,51.22649223221586,48.77350776778414
multiple_runs_DB_LowThreat_2_20260407_163954.csv,multiple_runs_DB_LowThreat_2_20260407_163954.csv,No ACE,DB,59,1308,993,2301,56.84485006518904,43.15514993481095
multiple_runs_DB_LowThreat_2_20260407_163954.csv,multiple_runs_DB_LowThreat_2_20260407_163954.csv,No ACE,DB,60,1143,1054,2197,52.02548930359582,47.97451069640419
multiple_runs_DB_LowThreat_2_20260407_163954.csv,multiple_runs_DB_LowThreat_2_20260407_163954.csv,No ACE,DB,61,1227,1143,2370,51.77215189873417,48.22784810126583
multiple_runs_DB_LowThreat_2_20260407_163954.csv,multiple_runs_DB_LowThreat_2_20260407_163954.csv,No ACE,DB,62,1411,1098,2509,56.23754483858111,43.76245516141889
multiple_runs_DB_LowThreat_2_20260407_163954.csv,multiple_runs_DB_LowThreat_2_20260407_163954.csv,No ACE,DB,63,1350,1071,2421,55.762081784386616,44.237918215613384
multiple_runs_DB_LowThreat_2_20260407_163954.csv,multiple_runs_DB_LowThreat_2_20260407_163954.csv,No ACE,DB,64,1421,1038,2459,57.78771858479057,42.21228141520943
multiple_runs_DB_LowThreat_2_20260407_163954.csv,multiple_runs_DB_LowThreat_2_20260407_163954.csv,No ACE,DB,65,1011,1211,2222,45.4995499549955,54.5004500450045
multiple_runs_DB_LowThreat_2_20260407_163954.csv,multiple_runs_DB_LowThreat_2_20260407_163954.csv,No ACE,DB,66,1292,964,2256,57.26950354609929,42.730496453900706
multiple_runs_DB_LowThreat_2_20260407_163954.csv,multiple_runs_DB_LowThreat_2_20260407_163954.csv,No ACE,DB,67,1205,907,2112,57.05492424242424,42.94507575757576
multiple_runs_DB_LowThreat_2_20260407_163954.csv,multiple_runs_DB_LowThreat_2_20260407_163954.csv,No ACE,DB,68,1427,1022,2449,58.268681094324215,41.731318905675785
multiple_runs_DB_LowThreat_2_20260407_163954.csv,multiple_runs_DB_LowThreat_2_20260407_163954.csv,No ACE,DB,69,1152,891,2043,56.38766519823789,43.61233480176212
multiple_runs_DB_LowThreat_2_20260407_163954.csv,multiple_runs_DB_LowThreat_2_20260407_163954.csv,No ACE,DB,70,1204,950,2154,55.89600742804085,44.10399257195915
multiple_runs_DB_LowThreat_2_20260407_163954.csv,multiple_runs_DB_LowThreat_2_20260407_163954.csv,No ACE,DB,71,1217,892,2109,57.70507349454718,42.29492650545282
multiple_runs_DB_LowThreat_2_20260407_163954.csv,multiple_runs_DB_LowThreat_2_20260407_163954.csv,No ACE,DB,72,1291,929,2220,58.153153153153156,41.846846846846844
multiple_runs_DB_LowThreat_2_20260407_163954.csv,multiple_runs_DB_LowThreat_2_20260407_163954.csv,No ACE,DB,73,1362,1252,2614,52.10405508798775,47.89594491201224
multiple_runs_DB_LowThreat_2_20260407_163954.csv,multiple_runs_DB_LowThreat_2_20260407_163954.csv,No ACE,DB,74,1284,994,2278,56.36523266022827,43.63476733977173
multiple_runs_DB_LowThreat_2_20260407_163954.csv,multiple_runs_DB_LowThreat_2_20260407_163954.csv,No ACE,DB,75,1309,979,2288,57.21153846153846,42.78846153846153
multiple_runs_DB_LowThreat_2_20260407_163954.csv,multiple_runs_DB_LowThreat_2_20260407_163954.csv,No ACE,DB,76,1337,1098,2435,54.90759753593429,45.09240246406571
multiple_runs_DB_LowThreat_2_20260407_163954.csv,multiple_runs_DB_LowThreat_2_20260407_163954.csv,No ACE,DB,77,1358,1269,2627,51.69394746859536,48.30605253140464
multiple_runs_DB_LowThreat_2_20260407_163954.csv,multiple_runs_DB_LowThreat_2_20260407_163954.csv,No ACE,DB,78,1203,889,2092,57.504780114722756,42.495219885277244
multiple_runs_DB_LowThreat_2_20260407_163954.csv,multiple_runs_DB_LowThreat_2_20260407_163954.csv,No ACE,DB,79,1360,1105,2465,55.172413793103445,44.827586206896555
multiple_runs_DB_LowThreat_2_20260407_163954.csv,multiple_runs_DB_LowThreat_2_20260407_163954.csv,No ACE,DB,80,1318,1310,2628,50.15220700152207,49.84779299847793
multiple_runs_DB_LowThreat_2_20260407_163954.csv,multiple_runs_DB_LowThreat_2_20260407_163954.csv,No ACE,DB,81,1297,1239,2536,51.1435331230284,48.85646687697161
multiple_runs_DB_LowThreat_2_20260407_163954.csv,multiple_runs_DB_LowThreat_2_20260407_163954.csv,No ACE,DB,82,1329,1075,2404,55.2828618968386,44.717138103161396
multiple_runs_DB_LowThreat_2_20260407_163954.csv,multiple_runs_DB_LowThreat_2_20260407_163954.csv,No ACE,DB,83,1346,857,2203,61.09850204266909,38.90149795733091
multiple_runs_DB_LowThreat_2_20260407_163954.csv,multiple_runs_DB_LowThreat_2_20260407_163954.csv,No ACE,DB,84,1358,1206,2564,52.96411856474259,47.03588143525741
multiple_runs_DB_LowThreat_2_20260407_163954.csv,multiple_runs_DB_LowThreat_2_20260407_163954.csv,No ACE,DB,85,1358,1058,2416,56.20860927152318,43.79139072847682
multiple_runs_DB_LowThreat_2_20260407_163954.csv,multiple_runs_DB_LowThreat_2_20260407_163954.csv,No ACE,DB,86,1300,979,2279,57.04256252742431,42.95743747257569
multiple_runs_DB_LowThreat_2_20260407_163954.csv,multiple_runs_DB_LowThreat_2_20260407_163954.csv,No ACE,DB,87,1170,1023,2193,53.3515731874145,46.6484268125855
multiple_runs_DB_LowThreat_2_20260407_163954.csv,multiple_runs_DB_LowThreat_2_20260407_163954.csv,No ACE,DB,88,1213,920,2133,56.86826066572902,43.13173933427098
multiple_runs_DB_LowThreat_2_20260407_163954.csv,multiple_runs_DB_LowThreat_2_20260407_163954.csv,No ACE,DB,89,1319,1007,2326,56.70679277730009,43.29320722269991
multiple_runs_DB_LowThreat_2_20260407_163954.csv,multiple_runs_DB_LowThreat_2_20260407_163954.csv,No ACE,DB,90,1299,1102,2401,54.1024573094544,45.897542690545606
multiple_runs_DB_LowThreat_2_20260407_163954.csv,multiple_runs_DB_LowThreat_2_20260407_163954.csv,No ACE,DB,91,1283,1267,2550,50.313725490196084,49.68627450980392
multiple_runs_DB_LowThreat_2_20260407_163954.csv,multiple_runs_DB_LowThreat_2_20260407_163954.csv,No ACE,DB,92,1282,1199,2481,51.67271261588069,48.3272873841193
multiple_runs_DB_LowThreat_2_20260407_163954.csv,multiple_runs_DB_LowThreat_2_20260407_163954.csv,No ACE,DB,93,1314,1107,2421,54.27509293680297,45.72490706319702
multiple_runs_DB_LowThreat_2_20260407_163954.csv,multiple_runs_DB_LowThreat_2_20260407_163954.csv,No ACE,DB,94,1296,895,2191,59.151072569602924,40.84892743039708
multiple_runs_DB_LowThreat_2_20260407_163954.csv,multiple_runs_DB_LowThreat_2_20260407_163954.csv,No ACE,DB,95,1385,990,2375,58.31578947368421,41.68421052631579
multiple_runs_DB_LowThreat_2_20260407_163954.csv,multiple_runs_DB_LowThreat_2_20260407_163954.csv,No ACE,DB,96,1205,1260,2465,48.88438133874239,51.115618661257614
multiple_runs_DB_LowThreat_2_20260407_163954.csv,multiple_runs_DB_LowThreat_2_20260407_163954.csv,No ACE,DB,97,1402,1016,2418,57.98180314309347,42.018196856906535
multiple_runs_DB_LowThreat_2_20260407_163954.csv,multiple_runs_DB_LowThreat_2_20260407_163954.csv,No ACE,DB,98,1340,755,2095,63.961813842482094,36.0381861575179
multiple_runs_DB_LowThreat_2_20260407_163954.csv,multiple_runs_DB_LowThreat_2_20260407_163954.csv,No ACE,DB,99,1343,1147,2490,53.93574297188755,46.06425702811245
multiple_runs_DB_LowThreat_2_20260407_163954.csv,multiple_runs_DB_LowThreat_2_20260407_163954.csv,No ACE,DB,100,1163,936,2099,55.407336827060504,44.592663172939496
multiple_runs_DB_LowThreat_2_20260407_163954.csv,multiple_runs_DB_LowThreat_2_20260407_163954.csv,No ACE,DB,101,1200,1286,2486,48.27031375703942,51.72968624296058
multiple_runs_DB_LowThreat_2_20260407_163954.csv,multiple_runs_DB_LowThreat_2_20260407_163954.csv,No ACE,DB,102,1207,1043,2250,53.64444444444444,46.355555555555554
multiple_runs_DB_LowThreat_2_20260407_163954.csv,multiple_runs_DB_LowThreat_2_20260407_163954.csv,No ACE,DB,103,1419,987,2406,58.97755610972568,41.02244389027431
multiple_runs_DB_LowThreat_2_20260407_163954.csv,multiple_runs_DB_LowThreat_2_20260407_163954.csv,No ACE,DB,104,1285,1145,2430,52.88065843621399,47.11934156378601
multiple_runs_DB_LowThreat_2_20260407_163954.csv,multiple_runs_DB_LowThreat_2_20260407_163954.csv,No ACE,DB,105,1188,890,2078,57.170356111645816,42.829643888354184
multiple_runs_DB_LowThreat_2_20260407_163954.csv,multiple_runs_DB_LowThreat_2_20260407_163954.csv,No ACE,DB,106,331,128,459,72.1132897603486,27.886710239651418
multiple_runs_DB_LowThreat_2_20260407_163954.csv,multiple_runs_DB_LowThreat_2_20260407_163954.csv,No ACE,DB,107,1377,1282,2659,51.78638585934562,48.21361414065438
multiple_runs_DB_LowThreat_2_20260407_163954.csv,multiple_runs_DB_LowThreat_2_20260407_163954.csv,No ACE,DB,108,1345,913,2258,59.56598759964571,40.4340124003543
multiple_runs_DB_LowThreat_2_20260407_163954.csv,multiple_runs_DB_LowThreat_2_20260407_163954.csv,No ACE,DB,109,1281,1016,2297,55.76839355681324,44.23160644318676
multiple_runs_DB_LowThreat_2_20260407_163954.csv,multiple_runs_DB_LowThreat_2_20260407_163954.csv,No ACE,DB,110,1149,993,2142,53.641456582633054,46.358543417366946
multiple_runs_DB_LowThreat_2_20260407_163954.csv,multiple_runs_DB_LowThreat_2_20260407_163954.csv,No ACE,DB,111,1222,1036,2258,54.11868910540301,45.881310894596986
multiple_runs_DB_LowThreat_2_20260407_163954.csv,multiple_runs_DB_LowThreat_2_20260407_163954.csv,No ACE,DB,112,1350,959,2309,58.46686877436119,41.533131225638805
multiple_runs_DB_LowThreat_2_20260407_163954.csv,multiple_runs_DB_LowThreat_2_20260407_163954.csv,No ACE,DB,113,1319,1124,2443,53.990994678673765,46.00900532132624
multiple_runs_DB_LowThreat_2_20260407_163954.csv,multiple_runs_DB_LowThreat_2_20260407_163954.csv,No ACE,DB,114,1342,1148,2490,53.89558232931727,46.10441767068273
multiple_runs_DB_LowThreat_2_20260407_163954.csv,multiple_runs_DB_LowThreat_2_20260407_163954.csv,No ACE,DB,115,1315,950,2265,58.05739514348785,41.94260485651214
multiple_runs_DB_LowThreat_2_20260407_163954.csv,multiple_runs_DB_LowThreat_2_20260407_163954.csv,No ACE,DB,116,1319,1150,2469,53.42243823410288,46.57756176589712
multiple_runs_DB_LowThreat_2_20260407_163954.csv,multiple_runs_DB_LowThreat_2_20260407_163954.csv,No ACE,DB,117,1331,1095,2426,54.86397361912614,45.136026380873865
multiple_runs_DB_LowThreat_2_20260407_163954.csv,multiple_runs_DB_LowThreat_2_20260407_163954.csv,No ACE,DB,118,1264,968,2232,56.63082437275986,43.36917562724014
multiple_runs_DB_LowThreat_2_20260407_163954.csv,multiple_runs_DB_LowThreat_2_20260407_163954.csv,No ACE,DB,119,1258,1021,2279,55.199648968845985,44.800351031154015
multiple_runs_DB_LowThreat_2_20260407_163954.csv,multiple_runs_DB_LowThreat_2_20260407_163954.csv,No ACE,DB,120,1342,1341,2683,50.01863585538576,49.98136414461424
multiple_runs_DB_LowThreat_2_20260407_163954.csv,multiple_runs_DB_LowThreat_2_20260407_163954.csv,No ACE,DB,121,1249,961,2210,56.515837104072396,43.484162895927604
multiple_runs_DB_LowThreat_2_20260407_163954.csv,multiple_runs_DB_LowThreat_2_20260407_163954.csv,No ACE,DB,122,1296,1219,2515,51.53081510934394,48.46918489065607
multiple_runs_DB_LowThreat_2_20260407_163954.csv,multiple_runs_DB_LowThreat_2_20260407_163954.csv,No ACE,DB,123,1277,913,2190,58.31050228310502,41.68949771689498
multiple_runs_DB_LowThreat_2_20260407_163954.csv,multiple_runs_DB_LowThreat_2_20260407_163954.csv,No ACE,DB,124,1229,1227,2456,50.04071661237784,49.95928338762215
multiple_runs_DB_LowThreat_2_20260407_163954.csv,multiple_runs_DB_LowThreat_2_20260407_163954.csv,No ACE,DB,125,1362,1127,2489,54.720771394134196,45.27922860586581
multiple_runs_DB_LowThreat_2_20260407_163954.csv,multiple_runs_DB_LowThreat_2_20260407_163954.csv,No ACE,DB,126,1377,942,2319,59.37904269081501,40.620957309184995
multiple_runs_DB_LowThreat_2_20260407_163954.csv,multiple_runs_DB_LowThreat_2_20260407_163954.csv,No ACE,DB,127,1297,895,2192,59.169708029197075,40.83029197080292
multiple_runs_DB_LowThreat_2_20260407_163954.csv,multiple_runs_DB_LowThreat_2_20260407_163954.csv,No ACE,DB,128,1442,952,2394,60.23391812865497,39.76608187134503
multiple_runs_DB_LowThreat_2_20260407_163954.csv,multiple_runs_DB_LowThreat_2_20260407_163954.csv,No ACE,DB,129,1185,1058,2243,52.83102987070887,47.168970129291125
multiple_runs_DB_LowThreat_2_20260407_163954.csv,multiple_runs_DB_LowThreat_2_20260407_163954.csv,No ACE,DB,130,1288,1165,2453,52.5071341214839,47.492865878516106
multiple_runs_DB_LowThreat_2_20260407_163954.csv,multiple_runs_DB_LowThreat_2_20260407_163954.csv,No ACE,DB,131,1269,950,2219,57.18792248760703,42.81207751239297
multiple_runs_DB_LowThreat_2_20260407_163954.csv,multiple_runs_DB_LowThreat_2_20260407_163954.csv,No ACE,DB,132,1286,973,2259,56.92784417884019,43.07215582115981
multiple_runs_DB_LowThreat_2_20260407_163954.csv,multiple_runs_DB_LowThreat_2_20260407_163954.csv,No ACE,DB,133,1325,1145,2470,53.64372469635627,46.35627530364373
multiple_runs_DB_LowThreat_2_20260407_163954.csv,multiple_runs_DB_LowThreat_2_20260407_163954.csv,No ACE,DB,134,1325,1145,2470,53.64372469635627,46.35627530364373
multiple_runs_DB_LowThreat_2_20260407_163954.csv,multiple_runs_DB_LowThreat_2_20260407_163954.csv,No ACE,DB,135,1158,1169,2327,49.763644177051994,50.236355822948
multiple_runs_DB_LowThreat_2_20260407_163954.csv,multiple_runs_DB_LowThreat_2_20260407_163954.csv,No ACE,DB,136,1132,898,2030,55.76354679802956,44.23645320197044
multiple_runs_DB_LowThreat_2_20260407_163954.csv,multiple_runs_DB_LowThreat_2_20260407_163954.csv,No ACE,DB,137,1342,1190,2532,53.001579778830965,46.998420221169035
multiple_runs_DB_LowThreat_2_20260407_163954.csv,multiple_runs_DB_LowThreat_2_20260407_163954.csv,No ACE,DB,138,1196,1017,2213,54.04428377767736,45.95571622232264
multiple_runs_DB_LowThreat_2_20260407_163954.csv,multiple_runs_DB_LowThreat_2_20260407_163954.csv,No ACE,DB,139,1339,1073,2412,55.51409618573798,44.485903814262024
multiple_runs_DB_LowThreat_2_20260407_163954.csv,multiple_runs_DB_LowThreat_2_20260407_163954.csv,No ACE,DB,140,1215,1041,2256,53.8563829787234,46.1436170212766
multiple_runs_DB_LowThreat_2_20260407_163954.csv,multiple_runs_DB_LowThreat_2_20260407_163954.csv,No ACE,DB,141,1084,1072,2156,50.278293135435995,49.721706864564005
multiple_runs_DB_LowThreat_2_20260407_163954.csv,multiple_runs_DB_LowThreat_2_20260407_163954.csv,No ACE,DB,142,1331,1354,2685,49.571694599627556,50.428305400372444
multiple_runs_DB_LowThreat_2_20260407_163954.csv,multiple_runs_DB_LowThreat_2_20260407_163954.csv,No ACE,DB,143,1248,969,2217,56.292286874154264,43.707713125845736
multiple_runs_DB_LowThreat_2_20260407_163954.csv,multiple_runs_DB_LowThreat_2_20260407_163954.csv,No ACE,DB,144,1304,1035,2339,55.75032064985036,44.249679350149634
multiple_runs_DB_LowThreat_2_20260407_163954.csv,multiple_runs_DB_LowThreat_2_20260407_163954.csv,No ACE,DB,145,1336,1189,2525,52.910891089108915,47.089108910891085
multiple_runs_DB_LowThreat_2_20260407_163954.csv,multiple_runs_DB_LowThreat_2_20260407_163954.csv,No ACE,DB,146,1273,812,2085,61.05515587529976,38.94484412470024
multiple_runs_DB_LowThreat_2_20260407_163954.csv,multiple_runs_DB_LowThreat_2_20260407_163954.csv,No ACE,DB,147,1338,1195,2533,52.82273983418872,47.17726016581129
multiple_runs_DB_LowThreat_2_20260407_163954.csv,multiple_runs_DB_LowThreat_2_20260407_163954.csv,No ACE,DB,148,1353,831,2184,61.95054945054945,38.04945054945055
multiple_runs_DB_LowThreat_2_20260407_163954.csv,multiple_runs_DB_LowThreat_2_20260407_163954.csv,No ACE,DB,149,1101,1133,2234,49.28379588182632,50.71620411817368
multiple_runs_DB_LowThreat_2_20260407_163954.csv,multiple_runs_DB_LowThreat_2_20260407_163954.csv,No ACE,DB,150,1266,1195,2461,51.442503047541656,48.55749695245835
multiple_runs_DB_LowThreat_2_20260407_163954.csv,multiple_runs_DB_LowThreat_2_20260407_163954.csv,No ACE,DB,151,1342,1256,2598,51.65511932255581,48.34488067744419
multiple_runs_DB_LowThreat_2_20260407_163954.csv,multiple_runs_DB_LowThreat_2_20260407_163954.csv,No ACE,DB,152,1343,1150,2493,53.87083834737264,46.12916165262735
multiple_runs_DB_LowThreat_2_20260407_163954.csv,multiple_runs_DB_LowThreat_2_20260407_163954.csv,No ACE,DB,153,1084,968,2052,52.826510721247566,47.173489278752434
multiple_runs_DB_LowThreat_2_20260407_163954.csv,multiple_runs_DB_LowThreat_2_20260407_163954.csv,No ACE,DB,154,1296,1117,2413,53.70907583920431,46.29092416079569
multiple_runs_DB_LowThreat_2_20260407_163954.csv,multiple_runs_DB_LowThreat_2_20260407_163954.csv,No ACE,DB,155,1183,1181,2364,50.04230118443317,49.957698815566836
multiple_runs_DB_LowThreat_2_20260407_163954.csv,multiple_runs_DB_LowThreat_2_20260407_163954.csv,No ACE,DB,156,1205,671,1876,64.23240938166312,35.76759061833689
multiple_runs_DB_LowThreat_2_20260407_163954.csv,multiple_runs_DB_LowThreat_2_20260407_163954.csv,No ACE,DB,157,1322,1060,2382,55.499580184718724,44.500419815281276
multiple_runs_DB_LowThreat_2_20260407_163954.csv,multiple_runs_DB_LowThreat_2_20260407_163954.csv,No ACE,DB,158,1239,1082,2321,53.38216286083585,46.61783713916415
multiple_runs_DB_LowThreat_2_20260407_163954.csv,multiple_runs_DB_LowThreat_2_20260407_163954.csv,No ACE,DB,159,1349,1009,2358,57.20949957591179,42.790500424088215
multiple_runs_DB_LowThreat_2_20260407_163954.csv,multiple_runs_DB_LowThreat_2_20260407_163954.csv,No ACE,DB,160,1413,1057,2470,57.20647773279352,42.79352226720648
multiple_runs_DB_LowThreat_2_20260407_163954.csv,multiple_runs_DB_LowThreat_2_20260407_163954.csv,No ACE,DB,161,1367,1189,2556,53.48200312989045,46.51799687010955
multiple_runs_DB_LowThreat_2_20260407_163954.csv,multiple_runs_DB_LowThreat_2_20260407_163954.csv,No ACE,DB,162,1284,1146,2430,52.8395061728395,47.160493827160494
multiple_runs_DB_LowThreat_2_20260407_163954.csv,multiple_runs_DB_LowThreat_2_20260407_163954.csv,No ACE,DB,163,1364,1249,2613,52.20053578262534,47.79946421737466
multiple_runs_DB_LowThreat_2_20260407_163954.csv,multiple_runs_DB_LowThreat_2_20260407_163954.csv,No ACE,DB,164,1144,845,1989,57.51633986928104,42.48366013071895
multiple_runs_DB_LowThreat_2_20260407_163954.csv,multiple_runs_DB_LowThreat_2_20260407_163954.csv,No ACE,DB,165,1134,984,2118,53.54107648725213,46.45892351274787
multiple_runs_DB_LowThreat_2_20260407_163954.csv,multiple_runs_DB_LowThreat_2_20260407_163954.csv,No ACE,DB,166,1218,1016,2234,54.521038495971354,45.478961504028646
multiple_runs_DB_LowThreat_2_20260407_163954.csv,multiple_runs_DB_LowThreat_2_20260407_163954.csv,No ACE,DB,167,1312,1035,2347,55.901150404772046,44.098849595227954
multiple_runs_DB_LowThreat_2_20260407_163954.csv,multiple_runs_DB_LowThreat_2_20260407_163954.csv,No ACE,DB,168,1317,1199,2516,52.3449920508744,47.6550079491256
multiple_runs_DB_LowThreat_2_20260407_163954.csv,multiple_runs_DB_LowThreat_2_20260407_163954.csv,No ACE,DB,169,1316,1227,2543,51.749901690916246,48.25009830908376
multiple_runs_DB_LowThreat_2_20260407_163954.csv,multiple_runs_DB_LowThreat_2_20260407_163954.csv,No ACE,DB,170,1116,1031,2147,51.9795062878435,48.0204937121565
multiple_runs_DB_LowThreat_2_20260407_163954.csv,multiple_runs_DB_LowThreat_2_20260407_163954.csv,No ACE,DB,171,1323,1220,2543,52.025167125442394,47.97483287455761
multiple_runs_DB_LowThreat_2_20260407_163954.csv,multiple_runs_DB_LowThreat_2_20260407_163954.csv,No ACE,DB,172,1451,1100,2551,56.8796550372403,43.1203449627597
multiple_runs_DB_LowThreat_2_20260407_163954.csv,multiple_runs_DB_LowThreat_2_20260407_163954.csv,No ACE,DB,173,1222,1104,2326,52.53654342218401,47.463456577816
multiple_runs_DB_LowThreat_2_20260407_163954.csv,multiple_runs_DB_LowThreat_2_20260407_163954.csv,No ACE,DB,174,1212,1219,2431,49.85602632661456,50.14397367338543
multiple_runs_DB_LowThreat_2_20260407_163954.csv,multiple_runs_DB_LowThreat_2_20260407_163954.csv,No ACE,DB,175,1322,990,2312,57.17993079584775,42.82006920415225
multiple_runs_DB_LowThreat_2_20260407_163954.csv,multiple_runs_DB_LowThreat_2_20260407_163954.csv,No ACE,DB,176,1167,939,2106,55.41310541310541,44.58689458689459
multiple_runs_DB_LowThreat_2_20260407_163954.csv,multiple_runs_DB_LowThreat_2_20260407_163954.csv,No ACE,DB,177,1313,1211,2524,52.020602218700475,47.979397781299525
multiple_runs_DB_LowThreat_2_20260407_163954.csv,multiple_runs_DB_LowThreat_2_20260407_163954.csv,No ACE,DB,178,1434,1024,2458,58.34011391375101,41.65988608624898
multiple_runs_DB_LowThreat_2_20260407_163954.csv,multiple_runs_DB_LowThreat_2_20260407_163954.csv,No ACE,DB,179,1246,1152,2398,51.959966638865716,48.04003336113428
multiple_runs_DB_LowThreat_2_20260407_163954.csv,multiple_runs_DB_LowThreat_2_20260407_163954.csv,No ACE,DB,180,1180,965,2145,55.011655011655016,44.988344988344984
multiple_runs_DB_LowThreat_2_20260407_163954.csv,multiple_runs_DB_LowThreat_2_20260407_163954.csv,No ACE,DB,181,1167,758,1925,60.62337662337662,39.37662337662338
multiple_runs_DB_LowThreat_2_20260407_163954.csv,multiple_runs_DB_LowThreat_2_20260407_163954.csv,No ACE,DB,182,1326,968,2294,57.80296425457716,42.19703574542284
multiple_runs_DB_LowThreat_2_20260407_163954.csv,multiple_runs_DB_LowThreat_2_20260407_163954.csv,No ACE,DB,183,1096,938,2034,53.88397246804326,46.11602753195674
multiple_runs_DB_LowThreat_2_20260407_163954.csv,multiple_runs_DB_LowThreat_2_20260407_163954.csv,No ACE,DB,184,1293,804,2097,61.659513590844064,38.340486409155936
multiple_runs_DB_LowThreat_2_20260407_163954.csv,multiple_runs_DB_LowThreat_2_20260407_163954.csv,No ACE,DB,185,1338,849,2187,61.179698216735254,38.820301783264746
multiple_runs_DB_LowThreat_2_20260407_163954.csv,multiple_runs_DB_LowThreat_2_20260407_163954.csv,No ACE,DB,186,1329,1009,2338,56.84345594525235,43.15654405474765
multiple_runs_DB_LowThreat_2_20260407_163954.csv,multiple_runs_DB_LowThreat_2_20260407_163954.csv,No ACE,DB,187,1306,1266,2572,50.77760497667185,49.22239502332815
multiple_runs_DB_LowThreat_2_20260407_163954.csv,multiple_runs_DB_LowThreat_2_20260407_163954.csv,No ACE,DB,188,1334,1179,2513,53.08396339037007,46.91603660962993
multiple_runs_DB_LowThreat_2_20260407_163954.csv,multiple_runs_DB_LowThreat_2_20260407_163954.csv,No ACE,DB,189,1258,959,2217,56.74334686513306,43.25665313486694
multiple_runs_DB_LowThreat_2_20260407_163954.csv,multiple_runs_DB_LowThreat_2_20260407_163954.csv,No ACE,DB,190,1356,922,2278,59.525899912203684,40.47410008779631
multiple_runs_DB_LowThreat_2_20260407_163954.csv,multiple_runs_DB_LowThreat_2_20260407_163954.csv,No ACE,DB,191,1232,901,2133,57.759024847632446,42.240975152367554
multiple_runs_DB_LowThreat_2_20260407_163954.csv,multiple_runs_DB_LowThreat_2_20260407_163954.csv,No ACE,DB,192,1349,1162,2511,53.72361608920748,46.27638391079251
multiple_runs_DB_LowThreat_2_20260407_163954.csv,multiple_runs_DB_LowThreat_2_20260407_163954.csv,No ACE,DB,193,1288,1245,2533,50.848795894196606,49.151204105803394
multiple_runs_DB_LowThreat_2_20260407_163954.csv,multiple_runs_DB_LowThreat_2_20260407_163954.csv,No ACE,DB,194,1201,1063,2264,53.04770318021201,46.95229681978799
multiple_runs_DB_LowThreat_2_20260407_163954.csv,multiple_runs_DB_LowThreat_2_20260407_163954.csv,No ACE,DB,195,1193,901,2094,56.97230181470869,43.02769818529131
multiple_runs_DB_LowThreat_2_20260407_163954.csv,multiple_runs_DB_LowThreat_2_20260407_163954.csv,No ACE,DB,196,1228,828,2056,59.72762645914397,40.27237354085603
multiple_runs_DB_LowThreat_2_20260407_163954.csv,multiple_runs_DB_LowThreat_2_20260407_163954.csv,No ACE,DB,197,1258,1030,2288,54.98251748251748,45.01748251748251
multiple_runs_DB_LowThreat_2_20260407_163954.csv,multiple_runs_DB_LowThreat_2_20260407_163954.csv,No ACE,DB,198,1382,840,2222,62.1962196219622,37.80378037803781
multiple_runs_DB_LowThreat_2_20260407_163954.csv,multiple_runs_DB_LowThreat_2_20260407_163954.csv,No ACE,DB,199,1297,969,2266,57.23742277140336,42.76257722859665
multiple_runs_DB_LowThreat_2_20260407_163954.csv,multiple_runs_DB_LowThreat_2_20260407_163954.csv,No ACE,DB,200,1227,1381,2608,47.04754601226993,52.95245398773007
multiple_runs_DB_ModerateThreat_20260407_174756.csv,multiple_runs_DB_ModerateThreat_20260407_174756.csv,Moderate,DB,1,1355,962,2317,58.48079413034096,41.51920586965904
multiple_runs_DB_ModerateThreat_20260407_174756.csv,multiple_runs_DB_ModerateThreat_20260407_174756.csv,Moderate,DB,2,1386,845,2231,62.124607799193186,37.875392200806814
multiple_runs_DB_ModerateThreat_20260407_174756.csv,multiple_runs_DB_ModerateThreat_20260407_174756.csv,Moderate,DB,3,1350,1150,2500,54.0,46.0
multiple_runs_DB_ModerateThreat_20260407_174756.csv,multiple_runs_DB_ModerateThreat_20260407_174756.csv,Moderate,DB,4,1322,939,2261,58.46970367094207,41.53029632905793
multiple_runs_DB_ModerateThreat_20260407_174756.csv,multiple_runs_DB_ModerateThreat_20260407_174756.csv,Moderate,DB,5,1353,926,2279,59.36814392277314,40.63185607722685
multiple_runs_DB_ModerateThreat_20260407_174756.csv,multiple_runs_DB_ModerateThreat_20260407_174756.csv,Moderate,DB,6,1293,944,2237,57.80062583817613,42.19937416182387
multiple_runs_DB_ModerateThreat_20260407_174756.csv,multiple_runs_DB_ModerateThreat_20260407_174756.csv,Moderate,DB,7,1257,1222,2479,50.705929810407426,49.294070189592574
multiple_runs_DB_ModerateThreat_20260407_174756.csv,multiple_runs_DB_ModerateThreat_20260407_174756.csv,Moderate,DB,8,1335,1173,2508,53.22966507177034,46.770334928229666
multiple_runs_DB_ModerateThreat_20260407_174756.csv,multiple_runs_DB_ModerateThreat_20260407_174756.csv,Moderate,DB,9,1134,964,2098,54.05147759771211,45.94852240228789
multiple_runs_DB_ModerateThreat_20260407_174756.csv,multiple_runs_DB_ModerateThreat_20260407_174756.csv,Moderate,DB,10,1485,928,2413,61.54164939908827,38.45835060091173
multiple_runs_DB_ModerateThreat_20260407_174756.csv,multiple_runs_DB_ModerateThreat_20260407_174756.csv,Moderate,DB,11,1184,1080,2264,52.29681978798587,47.70318021201413
multiple_runs_DB_ModerateThreat_20260407_174756.csv,multiple_runs_DB_ModerateThreat_20260407_174756.csv,Moderate,DB,12,1309,928,2237,58.51586946803755,41.48413053196245
multiple_runs_DB_ModerateThreat_20260407_174756.csv,multiple_runs_DB_ModerateThreat_20260407_174756.csv,Moderate,DB,13,1456,720,2176,66.91176470588235,33.088235294117645
multiple_runs_DB_ModerateThreat_20260407_174756.csv,multiple_runs_DB_ModerateThreat_20260407_174756.csv,Moderate,DB,14,1327,1218,2545,52.14145383104126,47.858546168958746
multiple_runs_DB_ModerateThreat_20260407_174756.csv,multiple_runs_DB_ModerateThreat_20260407_174756.csv,Moderate,DB,15,1335,982,2317,57.61760897712559,42.38239102287441
multiple_runs_DB_ModerateThreat_20260407_174756.csv,multiple_runs_DB_ModerateThreat_20260407_174756.csv,Moderate,DB,16,1327,865,2192,60.53832116788321,39.46167883211679
multiple_runs_DB_ModerateThreat_20260407_174756.csv,multiple_runs_DB_ModerateThreat_20260407_174756.csv,Moderate,DB,17,1281,980,2261,56.656346749226,43.343653250774
multiple_runs_DB_ModerateThreat_20260407_174756.csv,multiple_runs_DB_ModerateThreat_20260407_174756.csv,Moderate,DB,18,1244,1005,2249,55.31347265451312,44.68652734548688
multiple_runs_DB_ModerateThreat_20260407_174756.csv,multiple_runs_DB_ModerateThreat_20260407_174756.csv,Moderate,DB,19,1299,1070,2369,54.8332629801604,45.166737019839594
multiple_runs_DB_ModerateThreat_20260407_174756.csv,multiple_runs_DB_ModerateThreat_20260407_174756.csv,Moderate,DB,20,1186,1105,2291,51.76778699257966,48.23221300742034
multiple_runs_DB_ModerateThreat_20260407_174756.csv,multiple_runs_DB_ModerateThreat_20260407_174756.csv,Moderate,DB,21,1347,1311,2658,50.67720090293454,49.32279909706546
multiple_runs_DB_ModerateThreat_20260407_174756.csv,multiple_runs_DB_ModerateThreat_20260407_174756.csv,Moderate,DB,22,1387,875,2262,61.317418213969944,38.68258178603006
multiple_runs_DB_ModerateThreat_20260407_174756.csv,multiple_runs_DB_ModerateThreat_20260407_174756.csv,Moderate,DB,23,1140,1097,2237,50.96110862762628,49.03889137237372
multiple_runs_DB_ModerateThreat_20260407_174756.csv,multiple_runs_DB_ModerateThreat_20260407_174756.csv,Moderate,DB,24,1200,884,2084,57.58157389635316,42.41842610364684
multiple_runs_DB_ModerateThreat_20260407_174756.csv,multiple_runs_DB_ModerateThreat_20260407_174756.csv,Moderate,DB,25,1368,1212,2580,53.02325581395348,46.97674418604651
multiple_runs_DB_ModerateThreat_20260407_174756.csv,multiple_runs_DB_ModerateThreat_20260407_174756.csv,Moderate,DB,26,1331,1000,2331,57.0999570999571,42.9000429000429
multiple_runs_DB_ModerateThreat_20260407_174756.csv,multiple_runs_DB_ModerateThreat_20260407_174756.csv,Moderate,DB,27,1371,1074,2445,56.07361963190184,43.92638036809816
multiple_runs_DB_ModerateThreat_20260407_174756.csv,multiple_runs_DB_ModerateThreat_20260407_174756.csv,Moderate,DB,28,1131,1178,2309,48.98224339540927,51.01775660459074
multiple_runs_DB_ModerateThreat_20260407_174756.csv,multiple_runs_DB_ModerateThreat_20260407_174756.csv,Moderate,DB,29,970,1085,2055,47.201946472019465,52.798053527980535
multiple_runs_DB_ModerateThreat_20260407_174756.csv,multiple_runs_DB_ModerateThreat_20260407_174756.csv,Moderate,DB,30,1115,1059,2174,51.28794848206072,48.71205151793928
multiple_runs_DB_ModerateThreat_20260407_174756.csv,multiple_runs_DB_ModerateThreat_20260407_174756.csv,Moderate,DB,31,1084,1126,2210,49.049773755656105,50.95022624434389
multiple_runs_DB_ModerateThreat_20260407_174756.csv,multiple_runs_DB_ModerateThreat_20260407_174756.csv,Moderate,DB,32,1105,1023,2128,51.9266917293233,48.07330827067669
multiple_runs_DB_ModerateThreat_20260407_174756.csv,multiple_runs_DB_ModerateThreat_20260407_174756.csv,Moderate,DB,33,1379,1156,2535,54.39842209072978,45.60157790927022
multiple_runs_DB_ModerateThreat_20260407_174756.csv,multiple_runs_DB_ModerateThreat_20260407_174756.csv,Moderate,DB,34,1105,1043,2148,51.44320297951583,48.55679702048417
multiple_runs_DB_ModerateThreat_20260407_174756.csv,multiple_runs_DB_ModerateThreat_20260407_174756.csv,Moderate,DB,35,1343,971,2314,58.03802938634399,41.96197061365601
multiple_runs_DB_ModerateThreat_20260407_174756.csv,multiple_runs_DB_ModerateThreat_20260407_174756.csv,Moderate,DB,36,1252,1166,2418,51.77832919768404,48.22167080231596
multiple_runs_DB_ModerateThreat_20260407_174756.csv,multiple_runs_DB_ModerateThreat_20260407_174756.csv,Moderate,DB,37,1321,941,2262,58.39964633068081,41.60035366931918
multiple_runs_DB_ModerateThreat_20260407_174756.csv,multiple_runs_DB_ModerateThreat_20260407_174756.csv,Moderate,DB,38,1359,1168,2527,53.77918480411555,46.22081519588445
multiple_runs_DB_ModerateThreat_20260407_174756.csv,multiple_runs_DB_ModerateThreat_20260407_174756.csv,Moderate,DB,39,1161,1088,2249,51.622943530457974,48.37705646954202
multiple_runs_DB_ModerateThreat_20260407_174756.csv,multiple_runs_DB_ModerateThreat_20260407_174756.csv,Moderate,DB,40,1285,936,2221,57.85682125168843,42.14317874831157
multiple_runs_DB_ModerateThreat_20260407_174756.csv,multiple_runs_DB_ModerateThreat_20260407_174756.csv,Moderate,DB,41,1154,950,2104,54.84790874524715,45.152091254752854
multiple_runs_DB_ModerateThreat_20260407_174756.csv,multiple_runs_DB_ModerateThreat_20260407_174756.csv,Moderate,DB,42,1323,1132,2455,53.890020366598776,46.109979633401224
multiple_runs_DB_ModerateThreat_20260407_174756.csv,multiple_runs_DB_ModerateThreat_20260407_174756.csv,Moderate,DB,43,1251,1302,2553,49.00117508813161,50.99882491186839
multiple_runs_DB_ModerateThreat_20260407_174756.csv,multiple_runs_DB_ModerateThreat_20260407_174756.csv,Moderate,DB,44,1332,1104,2436,54.679802955665025,45.320197044334975
multiple_runs_DB_ModerateThreat_20260407_174756.csv,multiple_runs_DB_ModerateThreat_20260407_174756.csv,Moderate,DB,45,1019,1049,2068,49.27466150870406,50.725338491295936
multiple_runs_DB_ModerateThreat_20260407_174756.csv,multiple_runs_DB_ModerateThreat_20260407_174756.csv,Moderate,DB,46,1346,928,2274,59.19085312225154,40.80914687774846
multiple_runs_DB_ModerateThreat_20260407_174756.csv,multiple_runs_DB_ModerateThreat_20260407_174756.csv,Moderate,DB,47,1224,1174,2398,51.04253544620517,48.95746455379483
multiple_runs_DB_ModerateThreat_20260407_174756.csv,multiple_runs_DB_ModerateThreat_20260407_174756.csv,Moderate,DB,48,1326,961,2287,57.979886313948406,42.020113686051594
multiple_runs_DB_ModerateThreat_20260407_174756.csv,multiple_runs_DB_ModerateThreat_20260407_174756.csv,Moderate,DB,49,1453,1299,2752,52.797965116279066,47.20203488372093
multiple_runs_DB_ModerateThreat_20260407_174756.csv,multiple_runs_DB_ModerateThreat_20260407_174756.csv,Moderate,DB,50,1322,1125,2447,54.02533714752759,45.97466285247241
multiple_runs_DB_ModerateThreat_20260407_174756.csv,multiple_runs_DB_ModerateThreat_20260407_174756.csv,Moderate,DB,51,1158,862,2020,57.32673267326732,42.67326732673267
multiple_runs_DB_ModerateThreat_20260407_174756.csv,multiple_runs_DB_ModerateThreat_20260407_174756.csv,Moderate,DB,52,1396,1075,2471,56.49534601375961,43.504653986240385
multiple_runs_DB_ModerateThreat_20260407_174756.csv,multiple_runs_DB_ModerateThreat_20260407_174756.csv,Moderate,DB,53,1289,1000,2289,56.31280034949759,43.6871996505024
multiple_runs_DB_ModerateThreat_20260407_174756.csv,multiple_runs_DB_ModerateThreat_20260407_174756.csv,Moderate,DB,54,1306,908,2214,58.988256549232155,41.01174345076784
multiple_runs_DB_ModerateThreat_20260407_174756.csv,multiple_runs_DB_ModerateThreat_20260407_174756.csv,Moderate,DB,55,1316,1216,2532,51.97472353870458,48.02527646129542
multiple_runs_DB_ModerateThreat_20260407_174756.csv,multiple_runs_DB_ModerateThreat_20260407_174756.csv,Moderate,DB,56,1229,970,2199,55.88904047294224,44.11095952705775
multiple_runs_DB_ModerateThreat_20260407_174756.csv,multiple_runs_DB_ModerateThreat_20260407_174756.csv,Moderate,DB,57,1349,878,2227,60.57476425684778,39.42523574315222
multiple_runs_DB_ModerateThreat_20260407_174756.csv,multiple_runs_DB_ModerateThreat_20260407_174756.csv,Moderate,DB,58,1301,1155,2456,52.97231270358306,47.027687296416936
multiple_runs_DB_ModerateThreat_20260407_174756.csv,multiple_runs_DB_ModerateThreat_20260407_174756.csv,Moderate,DB,59,1404,1309,2713,51.75082934021379,48.249170659786216
multiple_runs_DB_ModerateThreat_20260407_174756.csv,multiple_runs_DB_ModerateThreat_20260407_174756.csv,Moderate,DB,60,1175,1231,2406,48.83624272651704,51.16375727348296
multiple_runs_DB_ModerateThreat_20260407_174756.csv,multiple_runs_DB_ModerateThreat_20260407_174756.csv,Moderate,DB,61,1378,1213,2591,53.184098803550754,46.815901196449246
multiple_runs_DB_ModerateThreat_20260407_174756.csv,multiple_runs_DB_ModerateThreat_20260407_174756.csv,Moderate,DB,62,1358,1071,2429,55.907780979827095,44.09221902017291
multiple_runs_DB_ModerateThreat_20260407_174756.csv,multiple_runs_DB_ModerateThreat_20260407_174756.csv,Moderate,DB,63,1265,1249,2514,50.318217979315826,49.68178202068417
multiple_runs_DB_ModerateThreat_20260407_174756.csv,multiple_runs_DB_ModerateThreat_20260407_174756.csv,Moderate,DB,64,1263,1229,2492,50.68218298555377,49.31781701444623
multiple_runs_DB_ModerateThreat_20260407_174756.csv,multiple_runs_DB_ModerateThreat_20260407_174756.csv,Moderate,DB,65,1372,870,2242,61.195361284567355,38.804638715432645
multiple_runs_DB_ModerateThreat_20260407_174756.csv,multiple_runs_DB_ModerateThreat_20260407_174756.csv,Moderate,DB,66,1146,993,2139,53.576437587657786,46.423562412342214
multiple_runs_DB_ModerateThreat_20260407_174756.csv,multiple_runs_DB_ModerateThreat_20260407_174756.csv,Moderate,DB,67,1410,917,2327,60.59303824666953,39.406961753330464
multiple_runs_DB_ModerateThreat_20260407_174756.csv,multiple_runs_DB_ModerateThreat_20260407_174756.csv,Moderate,DB,68,1331,1062,2393,55.62055996656916,44.37944003343084
multiple_runs_DB_ModerateThreat_20260407_174756.csv,multiple_runs_DB_ModerateThreat_20260407_174756.csv,Moderate,DB,69,1150,904,2054,55.988315481986376,44.01168451801363
multiple_runs_DB_ModerateThreat_20260407_174756.csv,multiple_runs_DB_ModerateThreat_20260407_174756.csv,Moderate,DB,70,1233,938,2171,56.794104099493325,43.20589590050668
multiple_runs_DB_ModerateThreat_20260407_174756.csv,multiple_runs_DB_ModerateThreat_20260407_174756.csv,Moderate,DB,71,1117,967,2084,53.59884836852208,46.40115163147793
multiple_runs_DB_ModerateThreat_20260407_174756.csv,multiple_runs_DB_ModerateThreat_20260407_174756.csv,Moderate,DB,72,1258,1306,2564,49.06396255850234,50.93603744149766
multiple_runs_DB_ModerateThreat_20260407_174756.csv,multiple_runs_DB_ModerateThreat_20260407_174756.csv,Moderate,DB,73,1249,1207,2456,50.85504885993485,49.144951140065146
multiple_runs_DB_ModerateThreat_20260407_174756.csv,multiple_runs_DB_ModerateThreat_20260407_174756.csv,Moderate,DB,74,1336,1115,2451,54.50836393308853,45.49163606691147
multiple_runs_DB_ModerateThreat_20260407_174756.csv,multiple_runs_DB_ModerateThreat_20260407_174756.csv,Moderate,DB,75,1334,1223,2557,52.17051231912397,47.82948768087603
multiple_runs_DB_ModerateThreat_20260407_174756.csv,multiple_runs_DB_ModerateThreat_20260407_174756.csv,Moderate,DB,76,1331,1102,2433,54.706124126592684,45.293875873407316
multiple_runs_DB_ModerateThreat_20260407_174756.csv,multiple_runs_DB_ModerateThreat_20260407_174756.csv,Moderate,DB,77,763,700,1463,52.15311004784689,47.84688995215311
multiple_runs_DB_ModerateThreat_20260407_174756.csv,multiple_runs_DB_ModerateThreat_20260407_174756.csv,Moderate,DB,78,1340,1056,2396,55.926544240400666,44.073455759599334
multiple_runs_DB_ModerateThreat_20260407_174756.csv,multiple_runs_DB_ModerateThreat_20260407_174756.csv,Moderate,DB,79,1306,1006,2312,56.48788927335641,43.5121107266436
multiple_runs_DB_ModerateThreat_20260407_174756.csv,multiple_runs_DB_ModerateThreat_20260407_174756.csv,Moderate,DB,80,1291,1270,2561,50.409996095275275,49.59000390472472
multiple_runs_DB_ModerateThreat_20260407_174756.csv,multiple_runs_DB_ModerateThreat_20260407_174756.csv,Moderate,DB,81,1102,1131,2233,49.35064935064935,50.649350649350644
multiple_runs_DB_ModerateThreat_20260407_174756.csv,multiple_runs_DB_ModerateThreat_20260407_174756.csv,Moderate,DB,82,1333,1028,2361,56.45912748835239,43.540872511647606
multiple_runs_DB_ModerateThreat_20260407_174756.csv,multiple_runs_DB_ModerateThreat_20260407_174756.csv,Moderate,DB,83,1296,991,2287,56.66812418014867,43.331875819851334
multiple_runs_DB_ModerateThreat_20260407_174756.csv,multiple_runs_DB_ModerateThreat_20260407_174756.csv,Moderate,DB,84,1364,1164,2528,53.95569620253164,46.04430379746836
multiple_runs_DB_ModerateThreat_20260407_174756.csv,multiple_runs_DB_ModerateThreat_20260407_174756.csv,Moderate,DB,85,1321,1147,2468,53.525121555915725,46.474878444084275
multiple_runs_DB_ModerateThreat_20260407_174756.csv,multiple_runs_DB_ModerateThreat_20260407_174756.csv,Moderate,DB,86,1338,1014,2352,56.88775510204081,43.11224489795919
multiple_runs_DB_ModerateThreat_20260407_174756.csv,multiple_runs_DB_ModerateThreat_20260407_174756.csv,Moderate,DB,87,1383,1141,2524,54.793977812995244,45.20602218700475
multiple_runs_DB_ModerateThreat_20260407_174756.csv,multiple_runs_DB_ModerateThreat_20260407_174756.csv,Moderate,DB,88,1144,1036,2180,52.477064220183486,47.522935779816514
multiple_runs_DB_ModerateThreat_20260407_174756.csv,multiple_runs_DB_ModerateThreat_20260407_174756.csv,Moderate,DB,89,1168,973,2141,54.553946753853346,45.44605324614666
multiple_runs_DB_ModerateThreat_20260407_174756.csv,multiple_runs_DB_ModerateThreat_20260407_174756.csv,Moderate,DB,90,1295,1041,2336,55.43664383561644,44.56335616438356
multiple_runs_DB_ModerateThreat_20260407_174756.csv,multiple_runs_DB_ModerateThreat_20260407_174756.csv,Moderate,DB,91,1366,996,2362,57.832345469940726,42.167654530059274
multiple_runs_DB_ModerateThreat_20260407_174756.csv,multiple_runs_DB_ModerateThreat_20260407_174756.csv,Moderate,DB,92,1400,841,2241,62.472110664881754,37.52788933511825
multiple_runs_DB_ModerateThreat_20260407_174756.csv,multiple_runs_DB_ModerateThreat_20260407_174756.csv,Moderate,DB,93,1188,1034,2222,53.46534653465347,46.53465346534654
multiple_runs_DB_ModerateThreat_20260407_174756.csv,multiple_runs_DB_ModerateThreat_20260407_174756.csv,Moderate,DB,94,1317,1121,2438,54.01968826907301,45.980311730926985
multiple_runs_DB_ModerateThreat_20260407_174756.csv,multiple_runs_DB_ModerateThreat_20260407_174756.csv,Moderate,DB,95,1113,1076,2189,50.845134764732755,49.154865235267245
multiple_runs_DB_ModerateThreat_20260407_174756.csv,multiple_runs_DB_ModerateThreat_20260407_174756.csv,Moderate,DB,96,1104,833,1937,56.99535363964894,43.00464636035105
multiple_runs_DB_ModerateThreat_20260407_174756.csv,multiple_runs_DB_ModerateThreat_20260407_174756.csv,Moderate,DB,97,1203,1170,2373,50.695322376738304,49.304677623261696
multiple_runs_DB_ModerateThreat_20260407_174756.csv,multiple_runs_DB_ModerateThreat_20260407_174756.csv,Moderate,DB,98,1272,957,2229,57.065948855989234,42.934051144010766
multiple_runs_DB_ModerateThreat_20260407_174756.csv,multiple_runs_DB_ModerateThreat_20260407_174756.csv,Moderate,DB,99,1053,966,2019,52.15453194650818,47.84546805349183
multiple_runs_DB_ModerateThreat_20260407_174756.csv,multiple_runs_DB_ModerateThreat_20260407_174756.csv,Moderate,DB,100,1441,1166,2607,55.27426160337553,44.72573839662447
multiple_runs_DB_ModerateThreat_20260407_174756.csv,multiple_runs_DB_ModerateThreat_20260407_174756.csv,Moderate,DB,101,1276,1001,2277,56.038647342995176,43.96135265700483
multiple_runs_DB_ModerateThreat_20260407_174756.csv,multiple_runs_DB_ModerateThreat_20260407_174756.csv,Moderate,DB,102,1357,1226,2583,52.53581107239644,47.464188927603566
multiple_runs_DB_ModerateThreat_20260407_174756.csv,multiple_runs_DB_ModerateThreat_20260407_174756.csv,Moderate,DB,103,1348,1183,2531,53.25958119320426,46.74041880679573
multiple_runs_DB_ModerateThreat_20260407_174756.csv,multiple_runs_DB_ModerateThreat_20260407_174756.csv,Moderate,DB,104,1205,1092,2297,52.45973008271658,47.54026991728341
multiple_runs_DB_ModerateThreat_20260407_174756.csv,multiple_runs_DB_ModerateThreat_20260407_174756.csv,Moderate,DB,105,1288,1243,2531,50.88897668905571,49.11102331094429
multiple_runs_DB_ModerateThreat_20260407_174756.csv,multiple_runs_DB_ModerateThreat_20260407_174756.csv,Moderate,DB,106,1368,1321,2689,50.87393082930457,49.12606917069542
multiple_runs_DB_ModerateThreat_20260407_174756.csv,multiple_runs_DB_ModerateThreat_20260407_174756.csv,Moderate,DB,107,1315,972,2287,57.4989068648885,42.5010931351115
multiple_runs_DB_ModerateThreat_20260407_174756.csv,multiple_runs_DB_ModerateThreat_20260407_174756.csv,Moderate,DB,108,1339,1034,2373,56.426464391066155,43.57353560893384
multiple_runs_DB_ModerateThreat_20260407_174756.csv,multiple_runs_DB_ModerateThreat_20260407_174756.csv,Moderate,DB,109,1356,1116,2472,54.85436893203883,45.14563106796117
multiple_runs_DB_ModerateThreat_20260407_174756.csv,multiple_runs_DB_ModerateThreat_20260407_174756.csv,Moderate,DB,110,1316,1015,2331,56.45645645645646,43.54354354354354
multiple_runs_DB_ModerateThreat_20260407_174756.csv,multiple_runs_DB_ModerateThreat_20260407_174756.csv,Moderate,DB,111,1315,1113,2428,54.15980230642504,45.84019769357496
multiple_runs_DB_ModerateThreat_20260407_174756.csv,multiple_runs_DB_ModerateThreat_20260407_174756.csv,Moderate,DB,112,1229,992,2221,55.335434488968936,44.66456551103107
multiple_runs_DB_ModerateThreat_20260407_174756.csv,multiple_runs_DB_ModerateThreat_20260407_174756.csv,Moderate,DB,113,1211,1087,2298,52.69799825935596,47.30200174064404
multiple_runs_DB_ModerateThreat_20260407_174756.csv,multiple_runs_DB_ModerateThreat_20260407_174756.csv,Moderate,DB,114,1051,1155,2206,47.642792384406164,52.357207615593836
multiple_runs_DB_ModerateThreat_20260407_174756.csv,multiple_runs_DB_ModerateThreat_20260407_174756.csv,Moderate,DB,115,1434,1042,2476,57.91599353796446,42.08400646203554
multiple_runs_DB_ModerateThreat_20260407_174756.csv,multiple_runs_DB_ModerateThreat_20260407_174756.csv,Moderate,DB,116,1121,957,2078,53.946102021174205,46.053897978825795
multiple_runs_DB_ModerateThreat_20260407_174756.csv,multiple_runs_DB_ModerateThreat_20260407_174756.csv,Moderate,DB,117,1058,1097,2155,49.09512761020881,50.90487238979118
multiple_runs_DB_ModerateThreat_20260407_174756.csv,multiple_runs_DB_ModerateThreat_20260407_174756.csv,Moderate,DB,118,1334,984,2318,57.549611734253666,42.450388265746334
multiple_runs_DB_ModerateThreat_20260407_174756.csv,multiple_runs_DB_ModerateThreat_20260407_174756.csv,Moderate,DB,119,1172,1083,2255,51.97339246119734,48.026607538802665
multiple_runs_DB_ModerateThreat_20260407_174756.csv,multiple_runs_DB_ModerateThreat_20260407_174756.csv,Moderate,DB,120,1281,1102,2383,53.755770037767526,46.24422996223248
multiple_runs_DB_ModerateThreat_20260407_174756.csv,multiple_runs_DB_ModerateThreat_20260407_174756.csv,Moderate,DB,121,1343,1297,2640,50.87121212121212,49.128787878787875
multiple_runs_DB_ModerateThreat_20260407_174756.csv,multiple_runs_DB_ModerateThreat_20260407_174756.csv,Moderate,DB,122,1462,999,2461,59.40674522551809,40.59325477448192
multiple_runs_DB_ModerateThreat_20260407_174756.csv,multiple_runs_DB_ModerateThreat_20260407_174756.csv,Moderate,DB,123,1464,908,2372,61.72006745362564,38.27993254637437
multiple_runs_DB_ModerateThreat_20260407_174756.csv,multiple_runs_DB_ModerateThreat_20260407_174756.csv,Moderate,DB,124,1325,971,2296,57.70905923344948,42.29094076655052
multiple_runs_DB_ModerateThreat_20260407_174756.csv,multiple_runs_DB_ModerateThreat_20260407_174756.csv,Moderate,DB,125,1088,1010,2098,51.85891325071496,48.14108674928504
multiple_runs_DB_ModerateThreat_20260407_174756.csv,multiple_runs_DB_ModerateThreat_20260407_174756.csv,Moderate,DB,126,1314,1198,2512,52.30891719745223,47.69108280254777
multiple_runs_DB_ModerateThreat_20260407_174756.csv,multiple_runs_DB_ModerateThreat_20260407_174756.csv,Moderate,DB,127,1388,1047,2435,57.002053388090346,42.99794661190965
multiple_runs_DB_ModerateThreat_20260407_174756.csv,multiple_runs_DB_ModerateThreat_20260407_174756.csv,Moderate,DB,128,1376,1104,2480,55.483870967741936,44.516129032258064
multiple_runs_DB_ModerateThreat_20260407_174756.csv,multiple_runs_DB_ModerateThreat_20260407_174756.csv,Moderate,DB,129,1351,917,2268,59.5679012345679,40.4320987654321
multiple_runs_DB_ModerateThreat_20260407_174756.csv,multiple_runs_DB_ModerateThreat_20260407_174756.csv,Moderate,DB,130,1243,948,2191,56.73208580556823,43.26791419443177
multiple_runs_DB_ModerateThreat_20260407_174756.csv,multiple_runs_DB_ModerateThreat_20260407_174756.csv,Moderate,DB,131,1470,1038,2508,58.61244019138756,41.38755980861244
multiple_runs_DB_ModerateThreat_20260407_174756.csv,multiple_runs_DB_ModerateThreat_20260407_174756.csv,Moderate,DB,132,1365,1033,2398,56.92243536280234,43.07756463719766
multiple_runs_DB_ModerateThreat_20260407_174756.csv,multiple_runs_DB_ModerateThreat_20260407_174756.csv,Moderate,DB,133,1360,978,2338,58.169375534645,41.830624465355
multiple_runs_DB_ModerateThreat_20260407_174756.csv,multiple_runs_DB_ModerateThreat_20260407_174756.csv,Moderate,DB,134,1419,702,2121,66.9024045261669,33.097595473833096
multiple_runs_DB_ModerateThreat_20260407_174756.csv,multiple_runs_DB_ModerateThreat_20260407_174756.csv,Moderate,DB,135,1281,827,2108,60.7685009487666,39.2314990512334
multiple_runs_DB_ModerateThreat_20260407_174756.csv,multiple_runs_DB_ModerateThreat_20260407_174756.csv,Moderate,DB,136,1300,1251,2551,50.960407683261465,49.039592316738535
multiple_runs_DB_ModerateThreat_20260407_174756.csv,multiple_runs_DB_ModerateThreat_20260407_174756.csv,Moderate,DB,137,1249,957,2206,56.61831368993654,43.38168631006346
multiple_runs_DB_ModerateThreat_20260407_174756.csv,multiple_runs_DB_ModerateThreat_20260407_174756.csv,Moderate,DB,138,1171,989,2160,54.21296296296296,45.78703703703704
multiple_runs_DB_ModerateThreat_20260407_174756.csv,multiple_runs_DB_ModerateThreat_20260407_174756.csv,Moderate,DB,139,1295,1312,2607,49.67395473724588,50.32604526275413
multiple_runs_DB_ModerateThreat_20260407_174756.csv,multiple_runs_DB_ModerateThreat_20260407_174756.csv,Moderate,DB,140,1168,1142,2310,50.56277056277057,49.43722943722943
multiple_runs_DB_ModerateThreat_20260407_174756.csv,multiple_runs_DB_ModerateThreat_20260407_174756.csv,Moderate,DB,141,1316,939,2255,58.35920177383592,41.64079822616408
multiple_runs_DB_ModerateThreat_20260407_174756.csv,multiple_runs_DB_ModerateThreat_20260407_174756.csv,Moderate,DB,142,1436,901,2337,61.446298673513056,38.55370132648695
multiple_runs_DB_ModerateThreat_20260407_174756.csv,multiple_runs_DB_ModerateThreat_20260407_174756.csv,Moderate,DB,143,1328,1244,2572,51.632970451010884,48.367029548989116
multiple_runs_DB_ModerateThreat_20260407_174756.csv,multiple_runs_DB_ModerateThreat_20260407_174756.csv,Moderate,DB,144,1320,1398,2718,48.56512141280353,51.434878587196465
multiple_runs_DB_ModerateThreat_20260407_174756.csv,multiple_runs_DB_ModerateThreat_20260407_174756.csv,Moderate,DB,145,1327,1007,2334,56.85518423307626,43.14481576692374
multiple_runs_DB_ModerateThreat_20260407_174756.csv,multiple_runs_DB_ModerateThreat_20260407_174756.csv,Moderate,DB,146,1189,991,2180,54.54128440366972,45.45871559633027
multiple_runs_DB_ModerateThreat_20260407_174756.csv,multiple_runs_DB_ModerateThreat_20260407_174756.csv,Moderate,DB,147,1196,1075,2271,52.66402465874064,47.335975341259356
multiple_runs_DB_ModerateThreat_20260407_174756.csv,multiple_runs_DB_ModerateThreat_20260407_174756.csv,Moderate,DB,148,1372,1010,2382,57.59865659109992,42.40134340890008
multiple_runs_DB_ModerateThreat_20260407_174756.csv,multiple_runs_DB_ModerateThreat_20260407_174756.csv,Moderate,DB,149,1248,994,2242,55.66458519179304,44.335414808206956
multiple_runs_DB_ModerateThreat_20260407_174756.csv,multiple_runs_DB_ModerateThreat_20260407_174756.csv,Moderate,DB,150,1239,1003,2242,55.26315789473685,44.73684210526316
multiple_runs_DB_ModerateThreat_20260407_174756.csv,multiple_runs_DB_ModerateThreat_20260407_174756.csv,Moderate,DB,151,1351,1196,2547,53.0427954456223,46.957204554377704
multiple_runs_DB_ModerateThreat_20260407_174756.csv,multiple_runs_DB_ModerateThreat_20260407_174756.csv,Moderate,DB,152,1506,1000,2506,60.095770151636074,39.904229848363926
multiple_runs_DB_ModerateThreat_20260407_174756.csv,multiple_runs_DB_ModerateThreat_20260407_174756.csv,Moderate,DB,153,1492,881,2373,62.873999157185004,37.126000842815
multiple_runs_DB_ModerateThreat_20260407_174756.csv,multiple_runs_DB_ModerateThreat_20260407_174756.csv,Moderate,DB,154,1203,1015,2218,54.2380522993688,45.7619477006312
multiple_runs_DB_ModerateThreat_20260407_174756.csv,multiple_runs_DB_ModerateThreat_20260407_174756.csv,Moderate,DB,155,1241,1089,2330,53.261802575107296,46.738197424892704
multiple_runs_DB_ModerateThreat_20260407_174756.csv,multiple_runs_DB_ModerateThreat_20260407_174756.csv,Moderate,DB,156,1049,977,2026,51.77690029615005,48.223099703849954
multiple_runs_DB_ModerateThreat_20260407_174756.csv,multiple_runs_DB_ModerateThreat_20260407_174756.csv,Moderate,DB,157,1306,923,2229,58.59129654553612,41.40870345446388
multiple_runs_DB_ModerateThreat_20260407_174756.csv,multiple_runs_DB_ModerateThreat_20260407_174756.csv,Moderate,DB,158,1337,1121,2458,54.393816110659074,45.606183889340926
multiple_runs_DB_ModerateThreat_20260407_174756.csv,multiple_runs_DB_ModerateThreat_20260407_174756.csv,Moderate,DB,159,1134,1084,2218,51.12714156898106,48.87285843101893
multiple_runs_DB_ModerateThreat_20260407_174756.csv,multiple_runs_DB_ModerateThreat_20260407_174756.csv,Moderate,DB,160,1134,1193,2327,48.7322733132789,51.267726686721105
multiple_runs_DB_ModerateThreat_20260407_174756.csv,multiple_runs_DB_ModerateThreat_20260407_174756.csv,Moderate,DB,161,1165,1098,2263,51.480335837384004,48.519664162615996
multiple_runs_DB_ModerateThreat_20260407_174756.csv,multiple_runs_DB_ModerateThreat_20260407_174756.csv,Moderate,DB,162,1192,1001,2193,54.3547651618787,45.6452348381213
multiple_runs_DB_ModerateThreat_20260407_174756.csv,multiple_runs_DB_ModerateThreat_20260407_174756.csv,Moderate,DB,163,1102,1122,2224,49.55035971223021,50.44964028776978
multiple_runs_DB_ModerateThreat_20260407_174756.csv,multiple_runs_DB_ModerateThreat_20260407_174756.csv,Moderate,DB,164,1334,1158,2492,53.53130016051364,46.468699839486355
multiple_runs_DB_ModerateThreat_20260407_174756.csv,multiple_runs_DB_ModerateThreat_20260407_174756.csv,Moderate,DB,165,1346,1034,2380,56.554621848739494,43.445378151260506
multiple_runs_DB_ModerateThreat_20260407_174756.csv,multiple_runs_DB_ModerateThreat_20260407_174756.csv,Moderate,DB,166,1255,844,2099,59.79037636969986,40.20962363030014
multiple_runs_DB_ModerateThreat_20260407_174756.csv,multiple_runs_DB_ModerateThreat_20260407_174756.csv,Moderate,DB,167,978,1132,2110,46.350710900473935,53.649289099526065
multiple_runs_DB_ModerateThreat_20260407_174756.csv,multiple_runs_DB_ModerateThreat_20260407_174756.csv,Moderate,DB,168,1372,1214,2586,53.054911059551436,46.94508894044857
multiple_runs_DB_ModerateThreat_20260407_174756.csv,multiple_runs_DB_ModerateThreat_20260407_174756.csv,Moderate,DB,169,1091,1095,2186,49.90850869167429,50.09149130832571
multiple_runs_DB_ModerateThreat_20260407_174756.csv,multiple_runs_DB_ModerateThreat_20260407_174756.csv,Moderate,DB,170,1259,1218,2477,50.827614049253135,49.17238595074687
multiple_runs_DB_ModerateThreat_20260407_174756.csv,multiple_runs_DB_ModerateThreat_20260407_174756.csv,Moderate,DB,171,1289,948,2237,57.62181493071077,42.37818506928922
multiple_runs_DB_ModerateThreat_20260407_174756.csv,multiple_runs_DB_ModerateThreat_20260407_174756.csv,Moderate,DB,172,1276,1146,2422,52.68373245251858,47.316267547481424
multiple_runs_DB_ModerateThreat_20260407_174756.csv,multiple_runs_DB_ModerateThreat_20260407_174756.csv,Moderate,DB,173,1108,1059,2167,51.130595293031845,48.86940470696816
multiple_runs_DB_ModerateThreat_20260407_174756.csv,multiple_runs_DB_ModerateThreat_20260407_174756.csv,Moderate,DB,174,1323,1196,2519,52.52084160381104,47.479158396188964
multiple_runs_DB_ModerateThreat_20260407_174756.csv,multiple_runs_DB_ModerateThreat_20260407_174756.csv,Moderate,DB,175,1294,979,2273,56.929168499780026,43.070831500219974
multiple_runs_DB_ModerateThreat_20260407_174756.csv,multiple_runs_DB_ModerateThreat_20260407_174756.csv,Moderate,DB,176,1271,1174,2445,51.983640081799585,48.01635991820041
multiple_runs_DB_ModerateThreat_20260407_174756.csv,multiple_runs_DB_ModerateThreat_20260407_174756.csv,Moderate,DB,177,1284,1141,2425,52.948453608247426,47.05154639175258
multiple_runs_DB_ModerateThreat_20260407_174756.csv,multiple_runs_DB_ModerateThreat_20260407_174756.csv,Moderate,DB,178,1322,1168,2490,53.092369477911646,46.907630522088354
multiple_runs_DB_ModerateThreat_20260407_174756.csv,multiple_runs_DB_ModerateThreat_20260407_174756.csv,Moderate,DB,179,1343,850,2193,61.240310077519375,38.759689922480625
multiple_runs_DB_ModerateThreat_20260407_174756.csv,multiple_runs_DB_ModerateThreat_20260407_174756.csv,Moderate,DB,180,1324,1218,2542,52.08497246262785,47.91502753737215
multiple_runs_DB_ModerateThreat_20260407_174756.csv,multiple_runs_DB_ModerateThreat_20260407_174756.csv,Moderate,DB,181,1289,763,2052,62.8167641325536,37.1832358674464
multiple_runs_DB_ModerateThreat_20260407_174756.csv,multiple_runs_DB_ModerateThreat_20260407_174756.csv,Moderate,DB,182,1291,1293,2584,49.961300309597526,50.038699690402474
multiple_runs_DB_ModerateThreat_20260407_174756.csv,multiple_runs_DB_ModerateThreat_20260407_174756.csv,Moderate,DB,183,1364,1134,2498,54.60368294635709,45.39631705364292
multiple_runs_DB_ModerateThreat_20260407_174756.csv,multiple_runs_DB_ModerateThreat_20260407_174756.csv,Moderate,DB,184,1215,902,2117,57.39253660840813,42.60746339159188
multiple_runs_DB_ModerateThreat_20260407_174756.csv,multiple_runs_DB_ModerateThreat_20260407_174756.csv,Moderate,DB,185,1258,1155,2413,52.13427268959801,47.86572731040199
multiple_runs_DB_ModerateThreat_20260407_174756.csv,multiple_runs_DB_ModerateThreat_20260407_174756.csv,Moderate,DB,186,1392,956,2348,59.28449744463373,40.71550255536627
multiple_runs_DB_ModerateThreat_20260407_174756.csv,multiple_runs_DB_ModerateThreat_20260407_174756.csv,Moderate,DB,187,1297,1123,2420,53.59504132231405,46.40495867768595
multiple_runs_DB_ModerateThreat_20260407_174756.csv,multiple_runs_DB_ModerateThreat_20260407_174756.csv,Moderate,DB,188,1186,1128,2314,51.25324114088159,48.74675885911841
multiple_runs_DB_ModerateThreat_20260407_174756.csv,multiple_runs_DB_ModerateThreat_20260407_174756.csv,Moderate,DB,189,1293,1158,2451,52.75397796817626,47.24602203182375
multiple_runs_DB_ModerateThreat_20260407_174756.csv,multiple_runs_DB_ModerateThreat_20260407_174756.csv,Moderate,DB,190,1344,1070,2414,55.67522783761392,44.32477216238608
multiple_runs_DB_ModerateThreat_20260407_174756.csv,multiple_runs_DB_ModerateThreat_20260407_174756.csv,Moderate,DB,191,1336,1142,2478,53.914447134786116,46.08555286521388
multiple_runs_DB_ModerateThreat_20260407_174756.csv,multiple_runs_DB_ModerateThreat_20260407_174756.csv,Moderate,DB,192,1171,1121,2292,51.09075043630017,48.909249563699824
multiple_runs_DB_ModerateThreat_20260407_174756.csv,multiple_runs_DB_ModerateThreat_20260407_174756.csv,Moderate,DB,193,1268,1179,2447,51.81855333060891,48.18144666939109
multiple_runs_DB_ModerateThreat_20260407_174756.csv,multiple_runs_DB_ModerateThreat_20260407_174756.csv,Moderate,DB,194,1364,861,2225,61.30337078651685,38.69662921348315
multiple_runs_DB_ModerateThreat_20260407_174756.csv,multiple_runs_DB_ModerateThreat_20260407_174756.csv,Moderate,DB,195,1374,1042,2416,56.87086092715232,43.129139072847686
multiple_runs_DB_ModerateThreat_20260407_174756.csv,multiple_runs_DB_ModerateThreat_20260407_174756.csv,Moderate,DB,196,1123,1026,2149,52.25686365751512,47.743136342484874
multiple_runs_DB_ModerateThreat_20260407_174756.csv,multiple_runs_DB_ModerateThreat_20260407_174756.csv,Moderate,DB,197,1273,1027,2300,55.347826086956516,44.652173913043484
multiple_runs_DB_ModerateThreat_20260407_174756.csv,multiple_runs_DB_ModerateThreat_20260407_174756.csv,Moderate,DB,198,1271,1209,2480,51.24999999999999,48.75
multiple_runs_DB_ModerateThreat_20260407_174756.csv,multiple_runs_DB_ModerateThreat_20260407_174756.csv,Moderate,DB,199,1171,1152,2323,50.408953938872145,49.591046061127855
multiple_runs_DB_ModerateThreat_20260407_174756.csv,multiple_runs_DB_ModerateThreat_20260407_174756.csv,Moderate,DB,200,1326,1212,2538,52.24586288416076,47.75413711583924
