agent_type,allies_condition,source_file,Affiliative_pct,Internalizing_pct,Externalizing_pct
DB,Standard Allies,multiple_runs_DB_LowThreat_2_20260407_163954.csv,14.716981132075471,0.09433962264150944,85.18867924528301
DB,Standard Allies,multiple_runs_DB_LowThreat_2_20260407_163954.csv,21.4168039538715,1.400329489291598,77.1828665568369
DB,Standard Allies,multiple_runs_DB_LowThreat_2_20260407_163954.csv,26.052422557585388,2.144559173947578,71.80301826846703
DB,Standard Allies,multiple_runs_DB_LowThreat_2_20260407_163954.csv,27.206477732793523,0.6477732793522267,72.14574898785425
DB,Standard Allies,multiple_runs_DB_LowThreat_2_20260407_163954.csv,16.518650088809945,0.9769094138543518,82.50444049733571
DB,Standard Allies,multiple_runs_DB_LowThreat_2_20260407_163954.csv,17.591801878736124,0.3415883859948762,82.066609735269
DB,Standard Allies,multiple_runs_DB_LowThreat_2_20260407_163954.csv,14.625850340136054,0.11337868480725624,85.26077097505669
DB,Standard Allies,multiple_runs_DB_LowThreat_2_20260407_163954.csv,22.53061224489796,1.1428571428571428,76.32653061224491
DB,Standard Allies,multiple_runs_DB_LowThreat_2_20260407_163954.csv,25.64821303433777,1.4015416958654519,72.95024526979678
DB,Standard Allies,multiple_runs_DB_LowThreat_2_20260407_163954.csv,14.02805611222445,0.6012024048096193,85.37074148296593
DB,Standard Allies,multiple_runs_DB_LowThreat_2_20260407_163954.csv,9.715639810426541,0.11848341232227488,90.16587677725119
DB,Standard Allies,multiple_runs_DB_LowThreat_2_20260407_163954.csv,23.563696919233973,1.8318068276436303,74.60449625312239
DB,Standard Allies,multiple_runs_DB_LowThreat_2_20260407_163954.csv,28.095975232198146,0.6191950464396285,71.28482972136223
DB,Standard Allies,multiple_runs_DB_LowThreat_2_20260407_163954.csv,37.38898756660746,0.0,62.611012433392546
DB,Standard Allies,multiple_runs_DB_LowThreat_2_20260407_163954.csv,28.990963855421686,0.30120481927710846,70.70783132530121
DB,Standard Allies,multiple_runs_DB_LowThreat_2_20260407_163954.csv,28.262610088070456,2.321857485988791,69.41553242594075
DB,Standard Allies,multiple_runs_DB_LowThreat_2_20260407_163954.csv,20.595333869670153,0.7240547063555913,78.68061142397426
DB,Standard Allies,multiple_runs_DB_LowThreat_2_20260407_163954.csv,24.667133847231955,0.7708479327259986,74.56201822004205
DB,Standard Allies,multiple_runs_DB_LowThreat_2_20260407_163954.csv,12.452830188679245,0.9433962264150944,86.60377358490567
DB,Standard Allies,multiple_runs_DB_LowThreat_2_20260407_163954.csv,22.624434389140273,0.36199095022624433,77.0135746606335
DB,Standard Allies,multiple_runs_DB_LowThreat_2_20260407_163954.csv,19.551934826883908,0.40733197556008144,80.04073319755601
DB,Standard Allies,multiple_runs_DB_LowThreat_2_20260407_163954.csv,21.665089877010406,0.1892147587511826,78.1456953642384
DB,Standard Allies,multiple_runs_DB_LowThreat_2_20260407_163954.csv,18.744142455482663,0.7497656982193065,80.50609184629803
DB,Standard Allies,multiple_runs_DB_LowThreat_2_20260407_163954.csv,17.51054852320675,0.14064697609001406,82.34880450070324
DB,Standard Allies,multiple_runs_DB_LowThreat_2_20260407_163954.csv,26.16970658207772,0.23790642347343377,73.59238699444886
DB,Standard Allies,multiple_runs_DB_LowThreat_2_20260407_163954.csv,22.150072150072152,0.21645021645021645,77.63347763347764
DB,Standard Allies,multiple_runs_DB_LowThreat_2_20260407_163954.csv,20.103092783505154,0.0,79.89690721649485
DB,Standard Allies,multiple_runs_DB_LowThreat_2_20260407_163954.csv,19.940253920836444,0.4480955937266617,79.6116504854369
DB,Standard Allies,multiple_runs_DB_LowThreat_2_20260407_163954.csv,21.41255605381166,1.0089686098654709,77.57847533632287
DB,Standard Allies,multiple_runs_DB_LowThreat_2_20260407_163954.csv,27.686567164179106,0.0,72.31343283582089
DB,Standard Allies,multiple_runs_DB_LowThreat_2_20260407_163954.csv,28.065630397236614,0.7772020725388601,71.15716753022453
DB,Standard Allies,multiple_runs_DB_LowThreat_2_20260407_163954.csv,29.809104258443465,0.0,70.19089574155653
DB,Standard Allies,multiple_runs_DB_LowThreat_2_20260407_163954.csv,27.121464226289515,0.0,72.87853577371048
DB,Standard Allies,multiple_runs_DB_LowThreat_2_20260407_163954.csv,27.515047291487534,0.0,72.48495270851247
DB,Standard Allies,multiple_runs_DB_LowThreat_2_20260407_163954.csv,24.688057040998217,1.6934046345811051,73.61853832442068
DB,Standard Allies,multiple_runs_DB_LowThreat_2_20260407_163954.csv,25.70194384449244,1.8718502519798417,72.42620590352772
DB,Standard Allies,multiple_runs_DB_LowThreat_2_20260407_163954.csv,21.86046511627907,0.813953488372093,77.32558139534885
DB,Standard Allies,multiple_runs_DB_LowThreat_2_20260407_163954.csv,25.444702242846095,1.5467904098994587,73.00850734725445
DB,Standard Allies,multiple_runs_DB_LowThreat_2_20260407_163954.csv,15.28846153846154,0.38461538461538464,84.32692307692308
DB,Standard Allies,multiple_runs_DB_LowThreat_2_20260407_163954.csv,19.98546511627907,0.0,80.01453488372093
DB,Standard Allies,multiple_runs_DB_LowThreat_2_20260407_163954.csv,14.996232102486811,2.0346646571213265,82.96910324039186
DB,Standard Allies,multiple_runs_DB_LowThreat_2_20260407_163954.csv,23.400525854513585,0.43821209465381245,76.1612620508326
DB,Standard Allies,multiple_runs_DB_LowThreat_2_20260407_163954.csv,18.94484412470024,0.4796163069544364,80.57553956834532
DB,Standard Allies,multiple_runs_DB_LowThreat_2_20260407_163954.csv,26.306769494430167,0.17137960582690662,73.52185089974293
DB,Standard Allies,multiple_runs_DB_LowThreat_2_20260407_163954.csv,19.842053307008882,0.6910167818361304,79.46692991115498
DB,Standard Allies,multiple_runs_DB_LowThreat_2_20260407_163954.csv,23.46153846153846,0.0,76.53846153846153
DB,Standard Allies,multiple_runs_DB_LowThreat_2_20260407_163954.csv,14.243027888446216,1.693227091633466,84.06374501992032
DB,Standard Allies,multiple_runs_DB_LowThreat_2_20260407_163954.csv,26.56012176560122,0.60882800608828,72.8310502283105
DB,Standard Allies,multiple_runs_DB_LowThreat_2_20260407_163954.csv,16.828793774319067,2.529182879377432,80.6420233463035
DB,Standard Allies,multiple_runs_DB_LowThreat_2_20260407_163954.csv,27.2027373823781,0.0,72.7972626176219
DB,Standard Allies,multiple_runs_DB_LowThreat_2_20260407_163954.csv,22.88930581613508,0.5628517823639775,76.54784240150094
DB,Standard Allies,multiple_runs_DB_LowThreat_2_20260407_163954.csv,10.535876475930973,0.0,89.46412352406902
DB,Standard Allies,multiple_runs_DB_LowThreat_2_20260407_163954.csv,25.347506132461163,0.8176614881439084,73.83483237939494
DB,Standard Allies,multiple_runs_DB_LowThreat_2_20260407_163954.csv,24.03628117913832,0.11337868480725624,75.85034013605441
DB,Standard Allies,multiple_runs_DB_LowThreat_2_20260407_163954.csv,18.39080459770115,0.09578544061302681,81.51340996168582
DB,Standard Allies,multiple_runs_DB_LowThreat_2_20260407_163954.csv,19.218241042345277,0.6514657980456027,80.13029315960912
DB,Standard Allies,multiple_runs_DB_LowThreat_2_20260407_163954.csv,15.396952686447474,0.5613472333600642,84.04170008019246
DB,Standard Allies,multiple_runs_DB_LowThreat_2_20260407_163954.csv,22.364217252396166,0.1597444089456869,77.47603833865814
DB,Standard Allies,multiple_runs_DB_LowThreat_2_20260407_163954.csv,23.056300268096514,0.3574620196604111,76.58623771224308
DB,Standard Allies,multiple_runs_DB_LowThreat_2_20260407_163954.csv,12.974051896207584,1.5968063872255487,85.42914171656687
DB,Standard Allies,multiple_runs_DB_LowThreat_2_20260407_163954.csv,18.236819360414867,0.08643042350907519,81.67675021607606
DB,Standard Allies,multiple_runs_DB_LowThreat_2_20260407_163954.csv,26.57077971233914,0.3028009084027252,73.12641937925814
DB,Standard Allies,multiple_runs_DB_LowThreat_2_20260407_163954.csv,19.915966386554622,2.1848739495798317,77.89915966386555
DB,Standard Allies,multiple_runs_DB_LowThreat_2_20260407_163954.csv,24.380495603517186,2.0783373301358914,73.54116706634693
DB,Standard Allies,multiple_runs_DB_LowThreat_2_20260407_163954.csv,6.051873198847262,0.0,93.94812680115274
DB,Standard Allies,multiple_runs_DB_LowThreat_2_20260407_163954.csv,18.77358490566038,0.18867924528301888,81.0377358490566
DB,Standard Allies,multiple_runs_DB_LowThreat_2_20260407_163954.csv,19.005524861878452,0.3314917127071823,80.66298342541437
DB,Standard Allies,multiple_runs_DB_LowThreat_2_20260407_163954.csv,31.01518784972022,1.4388489208633095,67.54596322941646
DB,Standard Allies,multiple_runs_DB_LowThreat_2_20260407_163954.csv,15.542168674698795,0.24096385542168677,84.21686746987952
DB,Standard Allies,multiple_runs_DB_LowThreat_2_20260407_163954.csv,13.522012578616351,0.10482180293501049,86.37316561844864
DB,Standard Allies,multiple_runs_DB_LowThreat_2_20260407_163954.csv,18.013100436681224,0.7641921397379913,81.22270742358079
DB,Standard Allies,multiple_runs_DB_LowThreat_2_20260407_163954.csv,20.907297830374755,0.2958579881656805,78.79684418145956
DB,Standard Allies,multiple_runs_DB_LowThreat_2_20260407_163954.csv,18.291814946619215,2.491103202846975,79.21708185053382
DB,Standard Allies,multiple_runs_DB_LowThreat_2_20260407_163954.csv,23.91904323827047,0.09199632014719411,75.98896044158234
DB,Standard Allies,multiple_runs_DB_LowThreat_2_20260407_163954.csv,19.489981785063755,0.36429872495446264,80.14571948998179
DB,Standard Allies,multiple_runs_DB_LowThreat_2_20260407_163954.csv,20.863309352517987,0.2398081534772182,78.8968824940048
DB,Standard Allies,multiple_runs_DB_LowThreat_2_20260407_163954.csv,26.138752627890682,1.1913104414856344,72.66993693062369
DB,Standard Allies,multiple_runs_DB_LowThreat_2_20260407_163954.csv,18.423973362930077,0.22197558268590456,81.35405105438402
DB,Standard Allies,multiple_runs_DB_LowThreat_2_20260407_163954.csv,22.62948207171315,0.6374501992031872,76.73306772908367
DB,Standard Allies,multiple_runs_DB_LowThreat_2_20260407_163954.csv,26.505190311418687,0.06920415224913494,73.42560553633218
DB,Standard Allies,multiple_runs_DB_LowThreat_2_20260407_163954.csv,10.285285285285285,1.5015015015015014,88.21321321321321
DB,Standard Allies,multiple_runs_DB_LowThreat_2_20260407_163954.csv,27.429983525535416,0.4942339373970346,72.07578253706754
DB,Standard Allies,multiple_runs_DB_LowThreat_2_20260407_163954.csv,25.274725274725274,0.0999000999000999,74.62537462537463
DB,Standard Allies,multiple_runs_DB_LowThreat_2_20260407_163954.csv,27.46268656716418,0.0,72.53731343283583
DB,Standard Allies,multiple_runs_DB_LowThreat_2_20260407_163954.csv,27.463651050080774,0.40387722132471726,72.13247172859451
DB,Standard Allies,multiple_runs_DB_LowThreat_2_20260407_163954.csv,18.005540166204987,0.18467220683287164,81.80978762696213
DB,Standard Allies,multiple_runs_DB_LowThreat_2_20260407_163954.csv,15.230460921843688,2.2044088176352705,82.56513026052104
DB,Standard Allies,multiple_runs_DB_LowThreat_2_20260407_163954.csv,12.208067940552016,0.21231422505307856,87.57961783439491
DB,Standard Allies,multiple_runs_DB_LowThreat_2_20260407_163954.csv,21.650399290150844,0.08873114463176575,78.26086956521739
DB,Standard Allies,multiple_runs_DB_LowThreat_2_20260407_163954.csv,27.040395713107994,1.2366034624896949,71.7230008244023
DB,Standard Allies,multiple_runs_DB_LowThreat_2_20260407_163954.csv,20.66420664206642,0.0,79.33579335793358
DB,Standard Allies,multiple_runs_DB_LowThreat_2_20260407_163954.csv,23.716951788491446,0.07776049766718507,76.20528771384136
DB,Standard Allies,multiple_runs_DB_LowThreat_2_20260407_163954.csv,30.295566502463057,0.6568144499178982,69.04761904761905
DB,Standard Allies,multiple_runs_DB_LowThreat_2_20260407_163954.csv,20.597014925373134,0.1990049751243781,79.20398009950249
DB,Standard Allies,multiple_runs_DB_LowThreat_2_20260407_163954.csv,24.63393626184324,0.17226528854435832,75.1937984496124
DB,Standard Allies,multiple_runs_DB_LowThreat_2_20260407_163954.csv,13.71927042030135,1.0309278350515463,85.2498017446471
DB,Standard Allies,multiple_runs_DB_LowThreat_2_20260407_163954.csv,29.6875,0.1644736842105263,70.14802631578947
DB,Standard Allies,multiple_runs_DB_LowThreat_2_20260407_163954.csv,29.133858267716533,0.3374578177727784,70.52868391451068
DB,Standard Allies,multiple_runs_DB_LowThreat_2_20260407_163954.csv,25.72096648480125,0.0,74.27903351519876
DB,Standard Allies,multiple_runs_DB_LowThreat_2_20260407_163954.csv,12.737430167597767,1.899441340782123,85.36312849162012
DB,Standard Allies,multiple_runs_DB_LowThreat_2_20260407_163954.csv,17.624521072796934,0.0,82.37547892720306
DB,Standard Allies,multiple_runs_DB_LowThreat_2_20260407_163954.csv,12.202097235462345,1.1439466158245948,86.65395614871306
DB,Standard Allies,multiple_runs_DB_LowThreat_2_20260407_163954.csv,30.564784053156146,1.0797342192691028,68.35548172757476
DB,Standard Allies,multiple_runs_DB_LowThreat_2_20260407_163954.csv,15.378289473684212,0.9868421052631579,83.63486842105263
DB,Standard Allies,multiple_runs_DB_LowThreat_2_20260407_163954.csv,12.214611872146119,0.0,87.78538812785388
DB,Standard Allies,multiple_runs_DB_LowThreat_2_20260407_163954.csv,39.04761904761905,0.0,60.952380952380956
DB,Standard Allies,multiple_runs_DB_LowThreat_2_20260407_163954.csv,24.75862068965517,1.2413793103448276,74.0
DB,Standard Allies,multiple_runs_DB_LowThreat_2_20260407_163954.csv,22.525918944392085,0.7540056550424128,76.7200754005655
DB,Standard Allies,multiple_runs_DB_LowThreat_2_20260407_163954.csv,14.663023679417122,0.273224043715847,85.06375227686704
DB,Standard Allies,multiple_runs_DB_LowThreat_2_20260407_163954.csv,12.593383137673426,0.7470651013874066,86.65955176093917
DB,Standard Allies,multiple_runs_DB_LowThreat_2_20260407_163954.csv,15.942028985507244,0.1932367149758454,83.86473429951691
DB,Standard Allies,multiple_runs_DB_LowThreat_2_20260407_163954.csv,20.47101449275362,0.4528985507246377,79.07608695652173
DB,Standard Allies,multiple_runs_DB_LowThreat_2_20260407_163954.csv,25.241157556270092,1.045016077170418,73.71382636655949
DB,Standard Allies,multiple_runs_DB_LowThreat_2_20260407_163954.csv,19.19191919191919,1.7871017871017871,79.02097902097903
DB,Standard Allies,multiple_runs_DB_LowThreat_2_20260407_163954.csv,19.72093023255814,0.6511627906976745,79.62790697674419
DB,Standard Allies,multiple_runs_DB_LowThreat_2_20260407_163954.csv,22.60327357755261,0.5455962587685114,76.85113016367889
DB,Standard Allies,multiple_runs_DB_LowThreat_2_20260407_163954.csv,17.45901639344262,2.1311475409836063,80.40983606557377
DB,Standard Allies,multiple_runs_DB_LowThreat_2_20260407_163954.csv,19.884169884169882,0.28957528957528955,79.82625482625483
DB,Standard Allies,multiple_runs_DB_LowThreat_2_20260407_163954.csv,18.5856754306437,1.5412511332728922,79.8730734360834
DB,Standard Allies,multiple_runs_DB_LowThreat_2_20260407_163954.csv,25.708502024291498,0.47233468286099867,73.8191632928475
DB,Standard Allies,multiple_runs_DB_LowThreat_2_20260407_163954.csv,17.857142857142858,0.3968253968253968,81.74603174603175
DB,Standard Allies,multiple_runs_DB_LowThreat_2_20260407_163954.csv,15.745647236941712,1.7411052233156699,82.51324753974262
DB,Standard Allies,multiple_runs_DB_LowThreat_2_20260407_163954.csv,18.730808597748208,0.1023541453428864,81.1668372569089
DB,Standard Allies,multiple_runs_DB_LowThreat_2_20260407_163954.csv,16.653449643140362,0.0,83.34655035685964
DB,Standard Allies,multiple_runs_DB_LowThreat_2_20260407_163954.csv,25.52204176334107,0.3866976024748647,74.09126063418407
DB,Standard Allies,multiple_runs_DB_LowThreat_2_20260407_163954.csv,24.706943192064923,2.5247971145175834,72.76825969341749
DB,Standard Allies,multiple_runs_DB_LowThreat_2_20260407_163954.csv,18.545081967213115,0.3073770491803279,81.14754098360656
DB,Standard Allies,multiple_runs_DB_LowThreat_2_20260407_163954.csv,29.873417721518987,2.1940928270042197,67.9324894514768
DB,Standard Allies,multiple_runs_DB_LowThreat_2_20260407_163954.csv,13.051823416506716,0.19193857965451055,86.75623800383877
DB,Standard Allies,multiple_runs_DB_LowThreat_2_20260407_163954.csv,17.026378896882495,0.07993605115907274,82.89368505195843
DB,Standard Allies,multiple_runs_DB_LowThreat_2_20260407_163954.csv,17.984189723320156,1.0869565217391304,80.9288537549407
DB,Standard Allies,multiple_runs_DB_LowThreat_2_20260407_163954.csv,18.626528692380056,0.8466603951081844,80.52681091251176
DB,Standard Allies,multiple_runs_DB_LowThreat_2_20260407_163954.csv,26.090342679127726,0.3115264797507788,73.5981308411215
DB,Standard Allies,multiple_runs_DB_LowThreat_2_20260407_163954.csv,27.395091053048297,0.870942201108472,71.73396674584322
DB,Standard Allies,multiple_runs_DB_LowThreat_2_20260407_163954.csv,13.01310043668122,0.34934497816593885,86.63755458515284
DB,Standard Allies,multiple_runs_DB_LowThreat_2_20260407_163954.csv,14.927184466019416,0.0,85.07281553398059
DB,Standard Allies,multiple_runs_DB_LowThreat_2_20260407_163954.csv,25.227272727272727,0.0,74.77272727272727
DB,Standard Allies,multiple_runs_DB_LowThreat_2_20260407_163954.csv,10.6,2.3,87.1
DB,Standard Allies,multiple_runs_DB_LowThreat_2_20260407_163954.csv,30.22295623451693,0.0,69.77704376548307
DB,Standard Allies,multiple_runs_DB_LowThreat_2_20260407_163954.csv,23.33965844402277,0.3795066413662239,76.280834914611
DB,Standard Allies,multiple_runs_DB_LowThreat_2_20260407_163954.csv,10.466321243523316,1.0362694300518136,88.49740932642487
DB,Standard Allies,multiple_runs_DB_LowThreat_2_20260407_163954.csv,24.91627595445412,0.13395847287340923,74.94976557267246
DB,Standard Allies,multiple_runs_DB_LowThreat_2_20260407_163954.csv,22.87390029325513,2.248289345063539,74.87781036168133
DB,Standard Allies,multiple_runs_DB_LowThreat_2_20260407_163954.csv,21.422300263388937,0.2633889376646181,78.31431079894644
DB,Standard Allies,multiple_runs_DB_LowThreat_2_20260407_163954.csv,26.581325301204817,0.2259036144578313,73.19277108433735
DB,Standard Allies,multiple_runs_DB_LowThreat_2_20260407_163954.csv,21.773288439955106,0.0,78.22671156004489
DB,Standard Allies,multiple_runs_DB_LowThreat_2_20260407_163954.csv,22.978080120937264,0.22675736961451248,76.79516250944822
DB,Standard Allies,multiple_runs_DB_LowThreat_2_20260407_163954.csv,24.520686175580224,0.8072653884964682,74.67204843592332
DB,Standard Allies,multiple_runs_DB_LowThreat_2_20260407_163954.csv,9.142857142857142,0.0,90.85714285714286
DB,Standard Allies,multiple_runs_DB_LowThreat_2_20260407_163954.csv,24.9211356466877,0.0,75.0788643533123
DB,Standard Allies,multiple_runs_DB_LowThreat_2_20260407_163954.csv,23.554603854389722,1.1420413990007139,75.30335474660956
DB,Standard Allies,multiple_runs_DB_LowThreat_2_20260407_163954.csv,27.764887857695282,0.0,72.23511214230471
DB,Standard Allies,multiple_runs_DB_LowThreat_2_20260407_163954.csv,11.254396248534585,0.23446658851113714,88.51113716295428
DB,Standard Allies,multiple_runs_DB_LowThreat_2_20260407_163954.csv,19.884963023829087,1.3968775677896468,78.71815940838125
DB,Standard Allies,multiple_runs_DB_LowThreat_2_20260407_163954.csv,13.218884120171673,1.6309012875536482,85.15021459227468
DB,Standard Allies,multiple_runs_DB_LowThreat_2_20260407_163954.csv,26.636904761904763,0.0,73.36309523809523
DB,Standard Allies,multiple_runs_DB_LowThreat_2_20260407_163954.csv,30.236486486486484,0.2533783783783784,69.51013513513513
DB,Standard Allies,multiple_runs_DB_LowThreat_2_20260407_163954.csv,17.557932263814617,1.3368983957219251,81.10516934046346
DB,Standard Allies,multiple_runs_DB_LowThreat_2_20260407_163954.csv,29.141370338248045,0.0,70.85862966175195
DB,Standard Allies,multiple_runs_DB_LowThreat_2_20260407_163954.csv,29.53652788688138,0.0,70.46347211311861
DB,Standard Allies,multiple_runs_DB_LowThreat_2_20260407_163954.csv,24.662668665667166,0.4497751124437781,74.88755622188906
DB,Standard Allies,multiple_runs_DB_LowThreat_2_20260407_163954.csv,15.92775041050903,0.08210180623973727,83.99014778325123
DB,Standard Allies,multiple_runs_DB_LowThreat_2_20260407_163954.csv,28.921568627450984,0.42016806722689076,70.65826330532214
DB,Standard Allies,multiple_runs_DB_LowThreat_2_20260407_163954.csv,18.02252816020025,0.1251564455569462,81.85231539424281
DB,Standard Allies,multiple_runs_DB_LowThreat_2_20260407_163954.csv,13.566739606126916,0.10940919037199125,86.32385120350109
DB,Standard Allies,multiple_runs_DB_LowThreat_2_20260407_163954.csv,11.838306063522618,0.4812319538017324,87.68046198267565
DB,Standard Allies,multiple_runs_DB_LowThreat_2_20260407_163954.csv,17.40644038294169,0.8703220191470844,81.72323759791122
DB,Standard Allies,multiple_runs_DB_LowThreat_2_20260407_163954.csv,28.277439024390244,0.0,71.72256097560977
DB,Standard Allies,multiple_runs_DB_LowThreat_2_20260407_163954.csv,27.353595255744995,0.07412898443291327,72.57227575982209
DB,Standard Allies,multiple_runs_DB_LowThreat_2_20260407_163954.csv,8.966244725738397,0.21097046413502107,90.82278481012658
DB,Standard Allies,multiple_runs_DB_LowThreat_2_20260407_163954.csv,26.59732540861813,0.0,73.40267459138187
DB,Standard Allies,multiple_runs_DB_LowThreat_2_20260407_163954.csv,25.301204819277107,2.635542168674699,72.0632530120482
DB,Standard Allies,multiple_runs_DB_LowThreat_2_20260407_163954.csv,18.126094570928196,1.138353765323993,80.73555166374781
DB,Standard Allies,multiple_runs_DB_LowThreat_2_20260407_163954.csv,10.866013071895425,0.8169934640522877,88.31699346405229
DB,Standard Allies,multiple_runs_DB_LowThreat_2_20260407_163954.csv,32.6530612244898,0.0,67.3469387755102
DB,Standard Allies,multiple_runs_DB_LowThreat_2_20260407_163954.csv,12.639821029082773,0.22371364653243847,87.13646532438479
DB,Standard Allies,multiple_runs_DB_LowThreat_2_20260407_163954.csv,23.524904214559385,1.3793103448275863,75.09578544061303
DB,Standard Allies,multiple_runs_DB_LowThreat_2_20260407_163954.csv,24.581005586592177,1.0375099760574622,74.38148443735035
DB,Standard Allies,multiple_runs_DB_LowThreat_2_20260407_163954.csv,18.09841534612177,1.7514595496246872,80.15012510425355
DB,Standard Allies,multiple_runs_DB_LowThreat_2_20260407_163954.csv,12.763713080168776,0.10548523206751054,87.13080168776372
DB,Standard Allies,multiple_runs_DB_LowThreat_2_20260407_163954.csv,23.951285520974288,0.0,76.04871447902572
DB,Standard Allies,multiple_runs_DB_LowThreat_2_20260407_163954.csv,20.18433179723502,0.8294930875576038,78.98617511520737
DB,Standard Allies,multiple_runs_DB_LowThreat_2_20260407_163954.csv,14.009661835748794,0.6038647342995169,85.38647342995169
DB,Standard Allies,multiple_runs_DB_LowThreat_2_20260407_163954.csv,28.523862375138737,1.7758046614872365,69.70033296337404
DB,Standard Allies,multiple_runs_DB_LowThreat_2_20260407_163954.csv,26.713709677419356,0.5040322580645161,72.78225806451613
DB,Standard Allies,multiple_runs_DB_LowThreat_2_20260407_163954.csv,24.690265486725664,0.08849557522123894,75.22123893805309
DB,Standard Allies,multiple_runs_DB_LowThreat_2_20260407_163954.csv,20.542920029347027,0.7336757153338225,78.72340425531915
DB,Standard Allies,multiple_runs_DB_LowThreat_2_20260407_163954.csv,27.954545454545453,0.0,72.04545454545455
DB,Standard Allies,multiple_runs_DB_LowThreat_2_20260407_163954.csv,19.76401179941003,0.2949852507374631,79.9410029498525
DB,Standard Allies,multiple_runs_DB_LowThreat_2_20260407_163954.csv,22.389463781749765,0.658513640639699,76.95202257761053
DB,Standard Allies,multiple_runs_DB_LowThreat_2_20260407_163954.csv,17.845484221980414,0.3264417845484222,81.82807399347116
DB,Standard Allies,multiple_runs_DB_LowThreat_2_20260407_163954.csv,26.172465960665658,0.8320726172465961,72.99546142208774
DB,Standard Allies,multiple_runs_DB_LowThreat_2_20260407_163954.csv,24.660633484162897,1.1312217194570136,74.2081447963801
DB,Standard Allies,multiple_runs_DB_LowThreat_2_20260407_163954.csv,11.759082217973232,0.8604206500956023,87.38049713193116
DB,Standard Allies,multiple_runs_DB_LowThreat_2_20260407_163954.csv,16.76040494938133,0.0,83.23959505061868
DB,Standard Allies,multiple_runs_DB_LowThreat_2_20260407_163954.csv,12.835472578763127,0.0,87.16452742123687
DB,Standard Allies,multiple_runs_DB_LowThreat_2_20260407_163954.csv,19.113573407202217,2.0313942751615883,78.8550323176362
DB,Standard Allies,multiple_runs_DB_LowThreat_2_20260407_163954.csv,28.639846743295017,0.4789272030651341,70.88122605363985
DB,Standard Allies,multiple_runs_DB_LowThreat_2_20260407_163954.csv,23.076923076923077,1.0318949343339587,75.89118198874296
DB,Standard Allies,multiple_runs_DB_LowThreat_2_20260407_163954.csv,16.415770609318997,0.35842293906810035,83.22580645161291
DB,Standard Allies,multiple_runs_DB_LowThreat_2_20260407_163954.csv,0.0,0.0,0.0
DB,Standard Allies,multiple_runs_DB_LowThreat_2_20260407_163954.csv,21.447301956822525,0.6654514308303868,77.8872466123471
DB,Standard Allies,multiple_runs_DB_LowThreat_2_20260407_163954.csv,21.44758457713628,0.6650209521132205,77.88739447075051
DB,Standard Allies,multiple_runs_DB_LowThreat_2_20260407_163954.csv,36.361225887707974,2.1234284199129414,61.515345692379064
DB,Standard Allies,multiple_runs_DB_LowThreat_2_20260407_163954.csv,0.0,0.0,100.0
DB,Standard Allies,multiple_runs_DB_LowThreat_2_20260407_163954.csv,28.771929824561404,1.9298245614035088,69.2982456140351
NB,Standard Allies,multiple_runs_NB_LowThreat_2_20260407_130133.csv,71.64383561643835,16.71232876712329,11.643835616438356
NB,Standard Allies,multiple_runs_NB_LowThreat_2_20260407_130133.csv,57.615894039735096,36.688741721854306,5.695364238410596
NB,Standard Allies,multiple_runs_NB_LowThreat_2_20260407_130133.csv,80.41379310344827,15.310344827586206,4.275862068965517
NB,Standard Allies,multiple_runs_NB_LowThreat_2_20260407_130133.csv,20.024570024570025,52.45700245700245,27.51842751842752
NB,Standard Allies,multiple_runs_NB_LowThreat_2_20260407_130133.csv,63.48773841961853,31.33514986376022,5.177111716621254
NB,Standard Allies,multiple_runs_NB_LowThreat_2_20260407_130133.csv,37.03225806451613,59.61290322580645,3.354838709677419
NB,Standard Allies,multiple_runs_NB_LowThreat_2_20260407_130133.csv,58.67208672086721,14.227642276422763,27.100271002710024
NB,Standard Allies,multiple_runs_NB_LowThreat_2_20260407_130133.csv,52.282157676348554,36.51452282157676,11.20331950207469
NB,Standard Allies,multiple_runs_NB_LowThreat_2_20260407_130133.csv,50.81967213114754,39.79135618479881,9.38897168405365
NB,Standard Allies,multiple_runs_NB_LowThreat_2_20260407_130133.csv,43.5933147632312,54.1782729805014,2.2284122562674096
NB,Standard Allies,multiple_runs_NB_LowThreat_2_20260407_130133.csv,71.03064066852369,24.512534818941504,4.456824512534819
NB,Standard Allies,multiple_runs_NB_LowThreat_2_20260407_130133.csv,50.89655172413793,43.03448275862069,6.068965517241379
NB,Standard Allies,multiple_runs_NB_LowThreat_2_20260407_130133.csv,32.09549071618037,64.9867374005305,2.9177718832891246
NB,Standard Allies,multiple_runs_NB_LowThreat_2_20260407_130133.csv,55.58698727015559,43.14002828854314,1.272984441301273
NB,Standard Allies,multiple_runs_NB_LowThreat_2_20260407_130133.csv,70.87667161961367,23.328380386329865,5.794947994056463
NB,Standard Allies,multiple_runs_NB_LowThreat_2_20260407_130133.csv,61.21883656509696,36.84210526315789,1.9390581717451523
NB,Standard Allies,multiple_runs_NB_LowThreat_2_20260407_130133.csv,70.14492753623188,25.94202898550725,3.91304347826087
NB,Standard Allies,multiple_runs_NB_LowThreat_2_20260407_130133.csv,62.645348837209305,32.122093023255815,5.232558139534884
NB,Standard Allies,multiple_runs_NB_LowThreat_2_20260407_130133.csv,44.919786096256686,52.67379679144385,2.406417112299465
NB,Standard Allies,multiple_runs_NB_LowThreat_2_20260407_130133.csv,57.54189944134078,40.36312849162011,2.094972067039106
NB,Standard Allies,multiple_runs_NB_LowThreat_2_20260407_130133.csv,40.49803407601573,49.279161205766705,10.222804718217562
NB,Standard Allies,multiple_runs_NB_LowThreat_2_20260407_130133.csv,68.63057324840764,25.796178343949045,5.573248407643312
NB,Standard Allies,multiple_runs_NB_LowThreat_2_20260407_130133.csv,22.672064777327936,70.31039136302294,7.017543859649122
NB,Standard Allies,multiple_runs_NB_LowThreat_2_20260407_130133.csv,61.35338345864662,34.43609022556391,4.2105263157894735
NB,Standard Allies,multiple_runs_NB_LowThreat_2_20260407_130133.csv,41.01876675603217,52.41286863270778,6.568364611260054
NB,Standard Allies,multiple_runs_NB_LowThreat_2_20260407_130133.csv,24.765729585006692,73.76171352074967,1.4725568942436411
NB,Standard Allies,multiple_runs_NB_LowThreat_2_20260407_130133.csv,49.60835509138381,45.039164490861616,5.352480417754569
NB,Standard Allies,multiple_runs_NB_LowThreat_2_20260407_130133.csv,36.72627235213205,59.83493810178817,3.43878954607978
NB,Standard Allies,multiple_runs_NB_LowThreat_2_20260407_130133.csv,27.00729927007299,12.895377128953772,60.09732360097324
NB,Standard Allies,multiple_runs_NB_LowThreat_2_20260407_130133.csv,66.49937264742786,20.82810539523212,12.672521957340024
NB,Standard Allies,multiple_runs_NB_LowThreat_2_20260407_130133.csv,43.55083459787557,50.986342943854325,5.462822458270106
NB,Standard Allies,multiple_runs_NB_LowThreat_2_20260407_130133.csv,73.25949367088607,7.59493670886076,19.145569620253163
NB,Standard Allies,multiple_runs_NB_LowThreat_2_20260407_130133.csv,51.664447403462056,46.07190412782956,2.263648468708389
NB,Standard Allies,multiple_runs_NB_LowThreat_2_20260407_130133.csv,43.62880886426593,49.86149584487535,6.509695290858726
NB,Standard Allies,multiple_runs_NB_LowThreat_2_20260407_130133.csv,61.78707224334601,29.84790874524715,8.365019011406844
NB,Standard Allies,multiple_runs_NB_LowThreat_2_20260407_130133.csv,17.72959183673469,77.04081632653062,5.229591836734694
NB,Standard Allies,multiple_runs_NB_LowThreat_2_20260407_130133.csv,83.09636650868877,9.004739336492891,7.898894154818326
NB,Standard Allies,multiple_runs_NB_LowThreat_2_20260407_130133.csv,56.11702127659575,39.76063829787234,4.122340425531915
NB,Standard Allies,multiple_runs_NB_LowThreat_2_20260407_130133.csv,47.751937984496124,49.76744186046512,2.4806201550387597
NB,Standard Allies,multiple_runs_NB_LowThreat_2_20260407_130133.csv,54.719562243502054,22.024623803009575,23.25581395348837
NB,Standard Allies,multiple_runs_NB_LowThreat_2_20260407_130133.csv,34.404283801874165,56.49263721552879,9.103078982597054
NB,Standard Allies,multiple_runs_NB_LowThreat_2_20260407_130133.csv,31.34057971014493,59.05797101449275,9.601449275362318
NB,Standard Allies,multiple_runs_NB_LowThreat_2_20260407_130133.csv,57.446808510638306,39.81762917933131,2.735562310030395
NB,Standard Allies,multiple_runs_NB_LowThreat_2_20260407_130133.csv,33.734939759036145,60.37483266398929,5.8902275769745644
NB,Standard Allies,multiple_runs_NB_LowThreat_2_20260407_130133.csv,26.535087719298247,68.85964912280701,4.605263157894736
NB,Standard Allies,multiple_runs_NB_LowThreat_2_20260407_130133.csv,58.663028649386085,37.653478854024556,3.6834924965893587
NB,Standard Allies,multiple_runs_NB_LowThreat_2_20260407_130133.csv,64.2346208869814,30.472103004291846,5.293276108726753
NB,Standard Allies,multiple_runs_NB_LowThreat_2_20260407_130133.csv,70.0284090909091,25.994318181818183,3.977272727272727
NB,Standard Allies,multiple_runs_NB_LowThreat_2_20260407_130133.csv,16.795865633074936,80.23255813953489,2.9715762273901807
NB,Standard Allies,multiple_runs_NB_LowThreat_2_20260407_130133.csv,64.01098901098901,31.59340659340659,4.395604395604396
NB,Standard Allies,multiple_runs_NB_LowThreat_2_20260407_130133.csv,87.5366568914956,8.211143695014663,4.252199413489736
NB,Standard Allies,multiple_runs_NB_LowThreat_2_20260407_130133.csv,57.692307692307686,39.053254437869825,3.2544378698224854
NB,Standard Allies,multiple_runs_NB_LowThreat_2_20260407_130133.csv,63.805436337625174,33.33333333333333,2.8612303290414878
NB,Standard Allies,multiple_runs_NB_LowThreat_2_20260407_130133.csv,56.37860082304527,38.2716049382716,5.349794238683128
NB,Standard Allies,multiple_runs_NB_LowThreat_2_20260407_130133.csv,38.17204301075269,55.64516129032258,6.182795698924731
NB,Standard Allies,multiple_runs_NB_LowThreat_2_20260407_130133.csv,47.875354107648725,49.008498583569406,3.1161473087818696
NB,Standard Allies,multiple_runs_NB_LowThreat_2_20260407_130133.csv,66.8261562998405,29.02711323763955,4.146730462519936
NB,Standard Allies,multiple_runs_NB_LowThreat_2_20260407_130133.csv,36.246786632390744,62.46786632390745,1.2853470437017995
NB,Standard Allies,multiple_runs_NB_LowThreat_2_20260407_130133.csv,77.86116322701689,12.94559099437148,9.193245778611631
NB,Standard Allies,multiple_runs_NB_LowThreat_2_20260407_130133.csv,39.754816112084065,28.896672504378284,31.34851138353765
NB,Standard Allies,multiple_runs_NB_LowThreat_2_20260407_130133.csv,64.54802259887006,28.954802259887007,6.497175141242938
NB,Standard Allies,multiple_runs_NB_LowThreat_2_20260407_130133.csv,15.625,79.375,5.0
NB,Standard Allies,multiple_runs_NB_LowThreat_2_20260407_130133.csv,43.3112582781457,50.59602649006622,6.0927152317880795
NB,Standard Allies,multiple_runs_NB_LowThreat_2_20260407_130133.csv,44.513137557959816,49.45904173106646,6.0278207109737245
NB,Standard Allies,multiple_runs_NB_LowThreat_2_20260407_130133.csv,21.86234817813765,36.97705802968961,41.16059379217274
NB,Standard Allies,multiple_runs_NB_LowThreat_2_20260407_130133.csv,42.471042471042466,51.994851994852,5.534105534105534
NB,Standard Allies,multiple_runs_NB_LowThreat_2_20260407_130133.csv,43.49030470914128,50.96952908587258,5.540166204986149
NB,Standard Allies,multiple_runs_NB_LowThreat_2_20260407_130133.csv,49.033149171270715,45.027624309392266,5.939226519337017
NB,Standard Allies,multiple_runs_NB_LowThreat_2_20260407_130133.csv,48.49445324881141,46.43423137876387,5.071315372424722
NB,Standard Allies,multiple_runs_NB_LowThreat_2_20260407_130133.csv,47.3257698541329,45.21880064829822,7.455429497568882
NB,Standard Allies,multiple_runs_NB_LowThreat_2_20260407_130133.csv,48.952095808383234,45.958083832335326,5.089820359281437
NB,Standard Allies,multiple_runs_NB_LowThreat_2_20260407_130133.csv,16.690442225392296,76.60485021398003,6.704707560627675
NB,Standard Allies,multiple_runs_NB_LowThreat_2_20260407_130133.csv,43.30357142857143,52.67857142857143,4.017857142857143
NB,Standard Allies,multiple_runs_NB_LowThreat_2_20260407_130133.csv,35.56149732620321,58.82352941176471,5.614973262032086
NB,Standard Allies,multiple_runs_NB_LowThreat_2_20260407_130133.csv,28.516129032258064,67.48387096774194,4.0
NB,Standard Allies,multiple_runs_NB_LowThreat_2_20260407_130133.csv,35.53875236294896,61.43667296786389,3.0245746691871456
NB,Standard Allies,multiple_runs_NB_LowThreat_2_20260407_130133.csv,58.3206106870229,38.778625954198475,2.900763358778626
NB,Standard Allies,multiple_runs_NB_LowThreat_2_20260407_130133.csv,37.713534822601844,57.16162943495401,5.124835742444152
NB,Standard Allies,multiple_runs_NB_LowThreat_2_20260407_130133.csv,56.03674540682415,39.501312335958005,4.4619422572178475
NB,Standard Allies,multiple_runs_NB_LowThreat_2_20260407_130133.csv,43.79172229639519,52.069425901201605,4.138851802403204
NB,Standard Allies,multiple_runs_NB_LowThreat_2_20260407_130133.csv,38.88130968622101,57.02592087312415,4.092769440654844
NB,Standard Allies,multiple_runs_NB_LowThreat_2_20260407_130133.csv,12.751677852348994,83.89261744966443,3.3557046979865772
NB,Standard Allies,multiple_runs_NB_LowThreat_2_20260407_130133.csv,57.14285714285714,35.26383526383526,7.5933075933075935
NB,Standard Allies,multiple_runs_NB_LowThreat_2_20260407_130133.csv,52.46153846153846,45.53846153846154,2.0
NB,Standard Allies,multiple_runs_NB_LowThreat_2_20260407_130133.csv,65.45209176788124,30.76923076923077,3.7786774628879893
NB,Standard Allies,multiple_runs_NB_LowThreat_2_20260407_130133.csv,17.928286852589643,56.30810092961488,25.763612217795483
NB,Standard Allies,multiple_runs_NB_LowThreat_2_20260407_130133.csv,62.38938053097345,33.775811209439524,3.8348082595870205
NB,Standard Allies,multiple_runs_NB_LowThreat_2_20260407_130133.csv,43.01221166892809,49.525101763907735,7.462686567164178
NB,Standard Allies,multiple_runs_NB_LowThreat_2_20260407_130133.csv,53.306342780026995,43.45479082321187,3.2388663967611335
NB,Standard Allies,multiple_runs_NB_LowThreat_2_20260407_130133.csv,41.51724137931034,50.06896551724138,8.413793103448276
NB,Standard Allies,multiple_runs_NB_LowThreat_2_20260407_130133.csv,74.35508345978755,18.968133535660094,6.676783004552352
NB,Standard Allies,multiple_runs_NB_LowThreat_2_20260407_130133.csv,64.3491124260355,21.301775147928996,14.349112426035504
NB,Standard Allies,multiple_runs_NB_LowThreat_2_20260407_130133.csv,23.43324250681199,73.29700272479565,3.2697547683923704
NB,Standard Allies,multiple_runs_NB_LowThreat_2_20260407_130133.csv,73.17784256559767,20.99125364431487,5.830903790087463
NB,Standard Allies,multiple_runs_NB_LowThreat_2_20260407_130133.csv,51.651254953764855,38.70541611624835,9.64332892998679
NB,Standard Allies,multiple_runs_NB_LowThreat_2_20260407_130133.csv,88.61538461538461,7.846153846153846,3.5384615384615383
NB,Standard Allies,multiple_runs_NB_LowThreat_2_20260407_130133.csv,37.086092715231786,54.083885209713024,8.830022075055188
NB,Standard Allies,multiple_runs_NB_LowThreat_2_20260407_130133.csv,64.6525679758308,31.268882175226587,4.078549848942599
NB,Standard Allies,multiple_runs_NB_LowThreat_2_20260407_130133.csv,62.34309623430963,34.86750348675035,2.789400278940028
NB,Standard Allies,multiple_runs_NB_LowThreat_2_20260407_130133.csv,66.8769716088328,18.29652996845426,14.826498422712934
NB,Standard Allies,multiple_runs_NB_LowThreat_2_20260407_130133.csv,73.3433734939759,21.686746987951807,4.969879518072289
NB,Standard Allies,multiple_runs_NB_LowThreat_2_20260407_130133.csv,50.76495132127955,47.70514603616133,1.52990264255911
NB,Standard Allies,multiple_runs_NB_LowThreat_2_20260407_130133.csv,56.30461922596754,29.08863920099875,14.606741573033707
NB,Standard Allies,multiple_runs_NB_LowThreat_2_20260407_130133.csv,71.00591715976331,24.40828402366864,4.585798816568047
NB,Standard Allies,multiple_runs_NB_LowThreat_2_20260407_130133.csv,12.944523470839261,84.21052631578947,2.844950213371266
NB,Standard Allies,multiple_runs_NB_LowThreat_2_20260407_130133.csv,23.45191040843215,72.85902503293808,3.689064558629776
NB,Standard Allies,multiple_runs_NB_LowThreat_2_20260407_130133.csv,55.04451038575667,43.47181008902077,1.483679525222552
NB,Standard Allies,multiple_runs_NB_LowThreat_2_20260407_130133.csv,11.42098273572377,84.32934926958832,4.249667994687915
NB,Standard Allies,multiple_runs_NB_LowThreat_2_20260407_130133.csv,23.77892030848329,74.93573264781492,1.2853470437017995
NB,Standard Allies,multiple_runs_NB_LowThreat_2_20260407_130133.csv,33.74741200828157,56.935817805383024,9.316770186335404
NB,Standard Allies,multiple_runs_NB_LowThreat_2_20260407_130133.csv,59.49868073878628,36.27968337730871,4.221635883905013
NB,Standard Allies,multiple_runs_NB_LowThreat_2_20260407_130133.csv,42.816901408450704,48.16901408450705,9.014084507042254
NB,Standard Allies,multiple_runs_NB_LowThreat_2_20260407_130133.csv,64.98054474708171,23.151750972762645,11.86770428015564
NB,Standard Allies,multiple_runs_NB_LowThreat_2_20260407_130133.csv,53.342245989304814,41.57754010695187,5.080213903743315
NB,Standard Allies,multiple_runs_NB_LowThreat_2_20260407_130133.csv,43.34763948497854,25.17882689556509,31.47353361945637
NB,Standard Allies,multiple_runs_NB_LowThreat_2_20260407_130133.csv,45.32085561497326,44.38502673796791,10.294117647058822
NB,Standard Allies,multiple_runs_NB_LowThreat_2_20260407_130133.csv,70.81005586592178,14.385474860335195,14.804469273743019
NB,Standard Allies,multiple_runs_NB_LowThreat_2_20260407_130133.csv,50.68119891008175,39.3732970027248,9.945504087193461
NB,Standard Allies,multiple_runs_NB_LowThreat_2_20260407_130133.csv,41.18457300275482,55.09641873278237,3.71900826446281
NB,Standard Allies,multiple_runs_NB_LowThreat_2_20260407_130133.csv,61.06194690265486,32.4905183312263,6.447534766118837
NB,Standard Allies,multiple_runs_NB_LowThreat_2_20260407_130133.csv,62.42857142857143,30.714285714285715,6.857142857142858
NB,Standard Allies,multiple_runs_NB_LowThreat_2_20260407_130133.csv,18.0327868852459,77.3224043715847,4.644808743169399
NB,Standard Allies,multiple_runs_NB_LowThreat_2_20260407_130133.csv,11.715481171548117,80.61366806136681,7.670850767085077
NB,Standard Allies,multiple_runs_NB_LowThreat_2_20260407_130133.csv,49.193548387096776,46.63978494623656,4.166666666666666
NB,Standard Allies,multiple_runs_NB_LowThreat_2_20260407_130133.csv,48.57142857142857,47.61904761904761,3.8095238095238098
NB,Standard Allies,multiple_runs_NB_LowThreat_2_20260407_130133.csv,38.01020408163265,34.183673469387756,27.806122448979593
NB,Standard Allies,multiple_runs_NB_LowThreat_2_20260407_130133.csv,38.35800807537012,54.37415881561238,7.267833109017497
NB,Standard Allies,multiple_runs_NB_LowThreat_2_20260407_130133.csv,64.99261447562778,19.79320531757755,15.214180206794683
NB,Standard Allies,multiple_runs_NB_LowThreat_2_20260407_130133.csv,39.113428943937414,53.976531942633635,6.910039113428944
NB,Standard Allies,multiple_runs_NB_LowThreat_2_20260407_130133.csv,54.22818791946309,42.41610738255034,3.3557046979865772
NB,Standard Allies,multiple_runs_NB_LowThreat_2_20260407_130133.csv,16.337285902503293,77.07509881422925,6.587615283267458
NB,Standard Allies,multiple_runs_NB_LowThreat_2_20260407_130133.csv,44.18938307030129,43.90243902439025,11.908177905308465
NB,Standard Allies,multiple_runs_NB_LowThreat_2_20260407_130133.csv,61.406025824964125,33.14203730272597,5.4519368723099
NB,Standard Allies,multiple_runs_NB_LowThreat_2_20260407_130133.csv,27.088948787061994,68.19407008086253,4.716981132075472
NB,Standard Allies,multiple_runs_NB_LowThreat_2_20260407_130133.csv,47.5609756097561,47.256097560975604,5.182926829268292
NB,Standard Allies,multiple_runs_NB_LowThreat_2_20260407_130133.csv,40.42253521126761,54.507042253521135,5.070422535211268
NB,Standard Allies,multiple_runs_NB_LowThreat_2_20260407_130133.csv,53.153153153153156,44.44444444444444,2.4024024024024024
NB,Standard Allies,multiple_runs_NB_LowThreat_2_20260407_130133.csv,72.33766233766234,23.896103896103895,3.766233766233766
NB,Standard Allies,multiple_runs_NB_LowThreat_2_20260407_130133.csv,40.252454417952315,52.45441795231417,7.293127629733521
NB,Standard Allies,multiple_runs_NB_LowThreat_2_20260407_130133.csv,49.130434782608695,46.52173913043478,4.3478260869565215
NB,Standard Allies,multiple_runs_NB_LowThreat_2_20260407_130133.csv,19.021739130434785,77.03804347826086,3.940217391304348
NB,Standard Allies,multiple_runs_NB_LowThreat_2_20260407_130133.csv,61.948249619482496,20.24353120243531,17.80821917808219
NB,Standard Allies,multiple_runs_NB_LowThreat_2_20260407_130133.csv,31.88220230473752,63.63636363636363,4.481434058898848
NB,Standard Allies,multiple_runs_NB_LowThreat_2_20260407_130133.csv,43.45479082321187,54.25101214574899,2.2941970310391366
NB,Standard Allies,multiple_runs_NB_LowThreat_2_20260407_130133.csv,41.888297872340424,53.98936170212766,4.122340425531915
NB,Standard Allies,multiple_runs_NB_LowThreat_2_20260407_130133.csv,81.38801261829653,8.04416403785489,10.56782334384858
NB,Standard Allies,multiple_runs_NB_LowThreat_2_20260407_130133.csv,22.712418300653596,60.78431372549019,16.503267973856207
NB,Standard Allies,multiple_runs_NB_LowThreat_2_20260407_130133.csv,77.59398496240601,20.0,2.4060150375939853
NB,Standard Allies,multiple_runs_NB_LowThreat_2_20260407_130133.csv,53.562005277044854,29.551451187335093,16.886543535620053
NB,Standard Allies,multiple_runs_NB_LowThreat_2_20260407_130133.csv,45.54054054054054,33.78378378378378,20.675675675675677
NB,Standard Allies,multiple_runs_NB_LowThreat_2_20260407_130133.csv,84.81012658227847,8.227848101265822,6.962025316455696
NB,Standard Allies,multiple_runs_NB_LowThreat_2_20260407_130133.csv,58.18673883626523,35.994587280108256,5.818673883626523
NB,Standard Allies,multiple_runs_NB_LowThreat_2_20260407_130133.csv,85.16320474777447,12.759643916913946,2.0771513353115725
NB,Standard Allies,multiple_runs_NB_LowThreat_2_20260407_130133.csv,20.13157894736842,71.44736842105263,8.421052631578947
NB,Standard Allies,multiple_runs_NB_LowThreat_2_20260407_130133.csv,53.727144866385366,32.63009845288326,13.642756680731363
NB,Standard Allies,multiple_runs_NB_LowThreat_2_20260407_130133.csv,56.59340659340659,38.87362637362637,4.532967032967033
NB,Standard Allies,multiple_runs_NB_LowThreat_2_20260407_130133.csv,76.0522496371553,20.899854862119014,3.0478955007256894
NB,Standard Allies,multiple_runs_NB_LowThreat_2_20260407_130133.csv,37.35632183908046,58.333333333333336,4.310344827586207
NB,Standard Allies,multiple_runs_NB_LowThreat_2_20260407_130133.csv,33.98328690807799,62.39554317548747,3.6211699164345403
NB,Standard Allies,multiple_runs_NB_LowThreat_2_20260407_130133.csv,16.7989417989418,79.76190476190477,3.439153439153439
NB,Standard Allies,multiple_runs_NB_LowThreat_2_20260407_130133.csv,48.6646884272997,45.103857566765576,6.231454005934718
NB,Standard Allies,multiple_runs_NB_LowThreat_2_20260407_130133.csv,53.28767123287671,42.87671232876713,3.8356164383561646
NB,Standard Allies,multiple_runs_NB_LowThreat_2_20260407_130133.csv,52.32722143864598,43.15937940761636,4.513399153737659
NB,Standard Allies,multiple_runs_NB_LowThreat_2_20260407_130133.csv,59.4758064516129,35.88709677419355,4.637096774193548
NB,Standard Allies,multiple_runs_NB_LowThreat_2_20260407_130133.csv,55.482166446499335,37.51651254953765,7.001321003963012
NB,Standard Allies,multiple_runs_NB_LowThreat_2_20260407_130133.csv,66.9260700389105,16.926070038910506,16.147859922178988
NB,Standard Allies,multiple_runs_NB_LowThreat_2_20260407_130133.csv,53.191489361702125,41.090425531914896,5.718085106382978
NB,Standard Allies,multiple_runs_NB_LowThreat_2_20260407_130133.csv,74.04129793510324,15.634218289085547,10.32448377581121
NB,Standard Allies,multiple_runs_NB_LowThreat_2_20260407_130133.csv,61.135371179039296,33.770014556040756,5.094614264919942
NB,Standard Allies,multiple_runs_NB_LowThreat_2_20260407_130133.csv,39.53033268101761,20.352250489236788,40.11741682974559
NB,Standard Allies,multiple_runs_NB_LowThreat_2_20260407_130133.csv,46.80555555555556,35.41666666666667,17.77777777777778
NB,Standard Allies,multiple_runs_NB_LowThreat_2_20260407_130133.csv,36.95364238410596,58.94039735099338,4.105960264900662
NB,Standard Allies,multiple_runs_NB_LowThreat_2_20260407_130133.csv,52.91723202170964,41.926729986431475,5.156037991858888
NB,Standard Allies,multiple_runs_NB_LowThreat_2_20260407_130133.csv,24.641460234680572,68.31812255541068,7.040417209908735
NB,Standard Allies,multiple_runs_NB_LowThreat_2_20260407_130133.csv,47.425474254742554,47.15447154471545,5.420054200542006
NB,Standard Allies,multiple_runs_NB_LowThreat_2_20260407_130133.csv,37.361111111111114,59.166666666666664,3.4722222222222223
NB,Standard Allies,multiple_runs_NB_LowThreat_2_20260407_130133.csv,73.78472222222221,20.833333333333336,5.381944444444445
NB,Standard Allies,multiple_runs_NB_LowThreat_2_20260407_130133.csv,23.229461756373937,72.80453257790369,3.9660056657223794
NB,Standard Allies,multiple_runs_NB_LowThreat_2_20260407_130133.csv,53.30578512396694,43.80165289256198,2.8925619834710745
NB,Standard Allies,multiple_runs_NB_LowThreat_2_20260407_130133.csv,49.850746268656714,49.850746268656714,0.2985074626865672
NB,Standard Allies,multiple_runs_NB_LowThreat_2_20260407_130133.csv,55.6910569105691,25.609756097560975,18.69918699186992
NB,Standard Allies,multiple_runs_NB_LowThreat_2_20260407_130133.csv,75.66433566433567,21.958041958041957,2.3776223776223775
NB,Standard Allies,multiple_runs_NB_LowThreat_2_20260407_130133.csv,68.41415465268676,22.411533420707734,9.174311926605505
NB,Standard Allies,multiple_runs_NB_LowThreat_2_20260407_130133.csv,26.096033402922757,63.25678496868476,10.647181628392484
NB,Standard Allies,multiple_runs_NB_LowThreat_2_20260407_130133.csv,57.25,28.625,14.124999999999998
NB,Standard Allies,multiple_runs_NB_LowThreat_2_20260407_130133.csv,22.015915119363395,71.88328912466844,6.10079575596817
NB,Standard Allies,multiple_runs_NB_LowThreat_2_20260407_130133.csv,62.797619047619044,29.464285714285715,7.738095238095238
NB,Standard Allies,multiple_runs_NB_LowThreat_2_20260407_130133.csv,78.14761215629522,17.655571635311144,4.196816208393632
NB,Standard Allies,multiple_runs_NB_LowThreat_2_20260407_130133.csv,27.49326145552561,64.95956873315365,7.547169811320755
NB,Standard Allies,multiple_runs_NB_LowThreat_2_20260407_130133.csv,19.549929676511955,74.54289732770746,5.9071729957805905
NB,Standard Allies,multiple_runs_NB_LowThreat_2_20260407_130133.csv,41.14441416893733,55.72207084468664,3.1335149863760217
NB,Standard Allies,multiple_runs_NB_LowThreat_2_20260407_130133.csv,34.72584856396867,61.61879895561357,3.6553524804177546
NB,Standard Allies,multiple_runs_NB_LowThreat_2_20260407_130133.csv,45.3168044077135,47.79614325068871,6.887052341597796
NB,Standard Allies,multiple_runs_NB_LowThreat_2_20260407_130133.csv,54.48179271708683,41.596638655462186,3.9215686274509802
NB,Standard Allies,multiple_runs_NB_LowThreat_2_20260407_130133.csv,41.53645833333333,57.421875,1.0416666666666665
NB,Standard Allies,multiple_runs_NB_LowThreat_2_20260407_130133.csv,49.222065063649225,48.090523338048094,2.6874115983026874
NB,Standard Allies,multiple_runs_NB_LowThreat_2_20260407_130133.csv,46.231155778894475,37.018425460636514,16.750418760469014
NB,Standard Allies,multiple_runs_NB_LowThreat_2_20260407_130133.csv,30.039011703511054,65.92977893368011,4.031209362808843
NB,Standard Allies,multiple_runs_NB_LowThreat_2_20260407_130133.csv,30.434782608695656,56.8215892053973,12.743628185907047
NB,Standard Allies,multiple_runs_NB_LowThreat_2_20260407_130133.csv,55.27369826435247,37.24966622162884,7.476635514018691
NB,Standard Allies,multiple_runs_NB_LowThreat_2_20260407_130133.csv,0.0,0.0,0.0
NB,Standard Allies,multiple_runs_NB_LowThreat_2_20260407_130133.csv,48.33245367530633,44.293396858907606,7.374149465786058
NB,Standard Allies,multiple_runs_NB_LowThreat_2_20260407_130133.csv,48.33316691154445,44.293396858907606,7.373436229547951
NB,Standard Allies,multiple_runs_NB_LowThreat_2_20260407_130133.csv,41.460085421161544,42.84267535555457,15.697239223283873
NB,Standard Allies,multiple_runs_NB_LowThreat_2_20260407_130133.csv,85.91549295774648,14.084507042253522,0.0
NB,Standard Allies,multiple_runs_NB_LowThreat_2_20260407_130133.csv,41.61490683229814,32.87147634973722,25.513616817964646
DB,Strong Allies,multiple_runs_DB_StrongAllies_LowThreat_20260505_043754.csv,23.63782051282051,0.641025641025641,75.72115384615384
DB,Strong Allies,multiple_runs_DB_StrongAllies_LowThreat_20260505_043754.csv,26.195899772209568,1.1389521640091116,72.66514806378133
DB,Strong Allies,multiple_runs_DB_StrongAllies_LowThreat_20260505_043754.csv,62.84680337756333,1.0856453558504222,36.06755126658625
DB,Strong Allies,multiple_runs_DB_StrongAllies_LowThreat_20260505_043754.csv,18.385650224215247,1.0089686098654709,80.60538116591928
DB,Strong Allies,multiple_runs_DB_StrongAllies_LowThreat_20260505_043754.csv,23.417721518987342,0.9945750452079566,75.5877034358047
DB,Strong Allies,multiple_runs_DB_StrongAllies_LowThreat_20260505_043754.csv,33.52090032154341,0.0,66.47909967845659
DB,Strong Allies,multiple_runs_DB_StrongAllies_LowThreat_20260505_043754.csv,50.0651890482399,1.1734028683181226,48.76140808344198
DB,Strong Allies,multiple_runs_DB_StrongAllies_LowThreat_20260505_043754.csv,65.99496221662469,0.8816120906801008,33.123425692695214
DB,Strong Allies,multiple_runs_DB_StrongAllies_LowThreat_20260505_043754.csv,46.11528822055138,0.8771929824561403,53.00751879699248
DB,Strong Allies,multiple_runs_DB_StrongAllies_LowThreat_20260505_043754.csv,20.324574961360124,0.7727975270479135,78.90262751159196
DB,Strong Allies,multiple_runs_DB_StrongAllies_LowThreat_20260505_043754.csv,12.58964143426295,0.0,87.41035856573706
DB,Strong Allies,multiple_runs_DB_StrongAllies_LowThreat_20260505_043754.csv,56.268221574344025,0.7288629737609329,43.00291545189505
DB,Strong Allies,multiple_runs_DB_StrongAllies_LowThreat_20260505_043754.csv,53.10262529832935,1.3126491646778042,45.58472553699284
DB,Strong Allies,multiple_runs_DB_StrongAllies_LowThreat_20260505_043754.csv,41.71974522292994,1.167728237791932,57.11252653927813
DB,Strong Allies,multiple_runs_DB_StrongAllies_LowThreat_20260505_043754.csv,35.2185089974293,0.5998286203941731,64.18166238217651
DB,Strong Allies,multiple_runs_DB_StrongAllies_LowThreat_20260505_043754.csv,23.46938775510204,1.870748299319728,74.65986394557824
DB,Strong Allies,multiple_runs_DB_StrongAllies_LowThreat_20260505_043754.csv,28.684003152088263,0.6304176516942475,70.6855791962175
DB,Strong Allies,multiple_runs_DB_StrongAllies_LowThreat_20260505_043754.csv,20.334261838440113,0.09285051067780872,79.57288765088208
DB,Strong Allies,multiple_runs_DB_StrongAllies_LowThreat_20260505_043754.csv,25.970873786407765,0.48543689320388345,73.54368932038835
DB,Strong Allies,multiple_runs_DB_StrongAllies_LowThreat_20260505_043754.csv,51.48514851485149,0.297029702970297,48.21782178217822
DB,Strong Allies,multiple_runs_DB_StrongAllies_LowThreat_20260505_043754.csv,27.27272727272727,1.9308125502815767,70.79646017699115
DB,Strong Allies,multiple_runs_DB_StrongAllies_LowThreat_20260505_043754.csv,13.270142180094787,0.7582938388625593,85.97156398104265
DB,Strong Allies,multiple_runs_DB_StrongAllies_LowThreat_20260505_043754.csv,18.134171907756812,6.918238993710692,74.94758909853249
DB,Strong Allies,multiple_runs_DB_StrongAllies_LowThreat_20260505_043754.csv,28.120184899845917,1.386748844375963,70.49306625577813
DB,Strong Allies,multiple_runs_DB_StrongAllies_LowThreat_20260505_043754.csv,33.57030015797788,0.0,66.42969984202212
DB,Strong Allies,multiple_runs_DB_StrongAllies_LowThreat_20260505_043754.csv,54.19287211740041,0.0,45.80712788259958
DB,Strong Allies,multiple_runs_DB_StrongAllies_LowThreat_20260505_043754.csv,31.126596980255517,0.11614401858304298,68.75725900116144
DB,Strong Allies,multiple_runs_DB_StrongAllies_LowThreat_20260505_043754.csv,55.57275541795666,0.6191950464396285,43.808049535603715
DB,Strong Allies,multiple_runs_DB_StrongAllies_LowThreat_20260505_043754.csv,30.657557643040136,0.0,69.34244235695986
DB,Strong Allies,multiple_runs_DB_StrongAllies_LowThreat_20260505_043754.csv,43.111111111111114,0.14814814814814814,56.74074074074073
DB,Strong Allies,multiple_runs_DB_StrongAllies_LowThreat_20260505_043754.csv,24.224021592442647,1.349527665317139,74.4264507422402
DB,Strong Allies,multiple_runs_DB_StrongAllies_LowThreat_20260505_043754.csv,23.71244635193133,0.4291845493562232,75.85836909871244
DB,Strong Allies,multiple_runs_DB_StrongAllies_LowThreat_20260505_043754.csv,15.977011494252874,0.22988505747126436,83.79310344827586
DB,Strong Allies,multiple_runs_DB_StrongAllies_LowThreat_20260505_043754.csv,14.139693356047701,1.5332197614991483,84.32708688245314
DB,Strong Allies,multiple_runs_DB_StrongAllies_LowThreat_20260505_043754.csv,26.41509433962264,0.5390835579514826,73.04582210242587
DB,Strong Allies,multiple_runs_DB_StrongAllies_LowThreat_20260505_043754.csv,58.37173579109063,0.0,41.62826420890937
DB,Strong Allies,multiple_runs_DB_StrongAllies_LowThreat_20260505_043754.csv,55.73770491803278,0.6830601092896175,43.5792349726776
DB,Strong Allies,multiple_runs_DB_StrongAllies_LowThreat_20260505_043754.csv,24.166666666666668,0.9166666666666666,74.91666666666667
DB,Strong Allies,multiple_runs_DB_StrongAllies_LowThreat_20260505_043754.csv,26.877470355731226,1.1067193675889329,72.01581027667984
DB,Strong Allies,multiple_runs_DB_StrongAllies_LowThreat_20260505_043754.csv,51.80180180180181,0.6756756756756757,47.52252252252252
DB,Strong Allies,multiple_runs_DB_StrongAllies_LowThreat_20260505_043754.csv,55.455568053993254,1.0123734533183353,43.532058492688414
DB,Strong Allies,multiple_runs_DB_StrongAllies_LowThreat_20260505_043754.csv,65.9400544959128,0.2724795640326975,33.787465940054496
DB,Strong Allies,multiple_runs_DB_StrongAllies_LowThreat_20260505_043754.csv,18.65284974093264,0.9499136442141624,80.3972366148532
DB,Strong Allies,multiple_runs_DB_StrongAllies_LowThreat_20260505_043754.csv,24.9718785151856,0.562429696287964,74.46569178852643
DB,Strong Allies,multiple_runs_DB_StrongAllies_LowThreat_20260505_043754.csv,44.47592067988669,0.424929178470255,55.09915014164306
DB,Strong Allies,multiple_runs_DB_StrongAllies_LowThreat_20260505_043754.csv,19.162790697674417,0.0,80.83720930232559
DB,Strong Allies,multiple_runs_DB_StrongAllies_LowThreat_20260505_043754.csv,58.21052631578948,0.42105263157894735,41.368421052631575
DB,Strong Allies,multiple_runs_DB_StrongAllies_LowThreat_20260505_043754.csv,65.04992867332382,0.0,34.950071326676174
DB,Strong Allies,multiple_runs_DB_StrongAllies_LowThreat_20260505_043754.csv,19.227313566936207,0.3593890386343217,80.41329739442948
DB,Strong Allies,multiple_runs_DB_StrongAllies_LowThreat_20260505_043754.csv,42.03069657615112,0.9445100354191263,57.02479338842975
DB,Strong Allies,multiple_runs_DB_StrongAllies_LowThreat_20260505_043754.csv,55.9074299634592,0.730816077953715,43.36175395858709
DB,Strong Allies,multiple_runs_DB_StrongAllies_LowThreat_20260505_043754.csv,27.166276346604217,0.0,72.8337236533958
DB,Strong Allies,multiple_runs_DB_StrongAllies_LowThreat_20260505_043754.csv,68.96551724137932,0.8323424494649228,30.202140309155766
DB,Strong Allies,multiple_runs_DB_StrongAllies_LowThreat_20260505_043754.csv,13.23529411764706,0.6862745098039216,86.07843137254902
DB,Strong Allies,multiple_runs_DB_StrongAllies_LowThreat_20260505_043754.csv,13.612565445026178,0.4363001745200698,85.95113438045375
DB,Strong Allies,multiple_runs_DB_StrongAllies_LowThreat_20260505_043754.csv,62.44444444444445,1.1111111111111112,36.44444444444444
DB,Strong Allies,multiple_runs_DB_StrongAllies_LowThreat_20260505_043754.csv,14.157706093189965,0.8064516129032258,85.03584229390681
DB,Strong Allies,multiple_runs_DB_StrongAllies_LowThreat_20260505_043754.csv,49.29577464788733,0.6036217303822937,50.10060362173038
DB,Strong Allies,multiple_runs_DB_StrongAllies_LowThreat_20260505_043754.csv,25.324675324675322,0.0,74.67532467532467
DB,Strong Allies,multiple_runs_DB_StrongAllies_LowThreat_20260505_043754.csv,45.70082449941108,0.23557126030624262,54.06360424028268
DB,Strong Allies,multiple_runs_DB_StrongAllies_LowThreat_20260505_043754.csv,40.99547511312217,0.0,59.00452488687783
DB,Strong Allies,multiple_runs_DB_StrongAllies_LowThreat_20260505_043754.csv,7.02446724546172,0.07892659826361484,92.89660615627466
DB,Strong Allies,multiple_runs_DB_StrongAllies_LowThreat_20260505_043754.csv,47.127937336814625,0.26109660574412535,52.61096605744125
DB,Strong Allies,multiple_runs_DB_StrongAllies_LowThreat_20260505_043754.csv,46.23893805309734,1.6592920353982303,52.10176991150443
DB,Strong Allies,multiple_runs_DB_StrongAllies_LowThreat_20260505_043754.csv,26.226993865030675,0.843558282208589,72.92944785276073
DB,Strong Allies,multiple_runs_DB_StrongAllies_LowThreat_20260505_043754.csv,7.711864406779662,0.0,92.28813559322035
DB,Strong Allies,multiple_runs_DB_StrongAllies_LowThreat_20260505_043754.csv,32.43922883487008,1.0896898575020955,66.47108130762783
DB,Strong Allies,multiple_runs_DB_StrongAllies_LowThreat_20260505_043754.csv,44.45664105378705,0.5488474204171241,54.99451152579583
DB,Strong Allies,multiple_runs_DB_StrongAllies_LowThreat_20260505_043754.csv,21.284185493460168,5.231866825208085,73.48394768133176
DB,Strong Allies,multiple_runs_DB_StrongAllies_LowThreat_20260505_043754.csv,70.98976109215018,0.22753128555176336,28.782707622298066
DB,Strong Allies,multiple_runs_DB_StrongAllies_LowThreat_20260505_043754.csv,24.197983501374885,0.0,75.80201649862511
DB,Strong Allies,multiple_runs_DB_StrongAllies_LowThreat_20260505_043754.csv,51.399491094147585,0.8905852417302799,47.70992366412214
DB,Strong Allies,multiple_runs_DB_StrongAllies_LowThreat_20260505_043754.csv,62.967032967032964,0.9890109890109889,36.043956043956044
DB,Strong Allies,multiple_runs_DB_StrongAllies_LowThreat_20260505_043754.csv,25.877192982456144,0.21929824561403508,73.90350877192982
DB,Strong Allies,multiple_runs_DB_StrongAllies_LowThreat_20260505_043754.csv,60.36363636363637,0.12121212121212122,39.515151515151516
DB,Strong Allies,multiple_runs_DB_StrongAllies_LowThreat_20260505_043754.csv,54.04255319148936,0.851063829787234,45.1063829787234
DB,Strong Allies,multiple_runs_DB_StrongAllies_LowThreat_20260505_043754.csv,73.117033603708,1.2746234067207416,25.608342989571263
DB,Strong Allies,multiple_runs_DB_StrongAllies_LowThreat_20260505_043754.csv,37.58278145695364,0.16556291390728478,62.251655629139066
DB,Strong Allies,multiple_runs_DB_StrongAllies_LowThreat_20260505_043754.csv,25.27105921601334,0.16680567139282734,74.56213511259384
DB,Strong Allies,multiple_runs_DB_StrongAllies_LowThreat_20260505_043754.csv,17.565055762081787,1.0223048327137547,81.41263940520446
DB,Strong Allies,multiple_runs_DB_StrongAllies_LowThreat_20260505_043754.csv,27.73044151820294,1.0844306738962044,71.18512780790086
DB,Strong Allies,multiple_runs_DB_StrongAllies_LowThreat_20260505_043754.csv,63.064133016627075,1.4251781472684086,35.510688836104514
DB,Strong Allies,multiple_runs_DB_StrongAllies_LowThreat_20260505_043754.csv,48.16870144284129,1.4428412874583796,50.38845726970034
DB,Strong Allies,multiple_runs_DB_StrongAllies_LowThreat_20260505_043754.csv,27.187274041937815,0.0,72.81272595806219
DB,Strong Allies,multiple_runs_DB_StrongAllies_LowThreat_20260505_043754.csv,22.646784715750233,0.1863932898415657,77.1668219944082
DB,Strong Allies,multiple_runs_DB_StrongAllies_LowThreat_20260505_043754.csv,59.561510353227774,0.730816077953715,39.707673568818514
DB,Strong Allies,multiple_runs_DB_StrongAllies_LowThreat_20260505_043754.csv,27.530364372469634,0.708502024291498,71.76113360323887
DB,Strong Allies,multiple_runs_DB_StrongAllies_LowThreat_20260505_043754.csv,37.23522853957636,0.4459308807134894,62.31884057971014
DB,Strong Allies,multiple_runs_DB_StrongAllies_LowThreat_20260505_043754.csv,13.898601398601398,0.8741258741258742,85.22727272727273
DB,Strong Allies,multiple_runs_DB_StrongAllies_LowThreat_20260505_043754.csv,48.32756632064591,0.922722029988466,50.74971164936562
DB,Strong Allies,multiple_runs_DB_StrongAllies_LowThreat_20260505_043754.csv,24.688796680497926,0.0,75.31120331950207
DB,Strong Allies,multiple_runs_DB_StrongAllies_LowThreat_20260505_043754.csv,24.261414503133395,0.6266786034019696,75.11190689346464
DB,Strong Allies,multiple_runs_DB_StrongAllies_LowThreat_20260505_043754.csv,28.97727272727273,1.0551948051948052,69.96753246753246
DB,Strong Allies,multiple_runs_DB_StrongAllies_LowThreat_20260505_043754.csv,23.246951219512198,0.8384146341463415,75.91463414634147
DB,Strong Allies,multiple_runs_DB_StrongAllies_LowThreat_20260505_043754.csv,9.298245614035087,0.0,90.70175438596492
DB,Strong Allies,multiple_runs_DB_StrongAllies_LowThreat_20260505_043754.csv,13.493377483443709,0.16556291390728478,86.34105960264901
DB,Strong Allies,multiple_runs_DB_StrongAllies_LowThreat_20260505_043754.csv,58.92351274787535,0.56657223796034,40.50991501416431
DB,Strong Allies,multiple_runs_DB_StrongAllies_LowThreat_20260505_043754.csv,20.689655172413794,0.0,79.3103448275862
DB,Strong Allies,multiple_runs_DB_StrongAllies_LowThreat_20260505_043754.csv,27.583333333333332,0.9166666666666666,71.5
DB,Strong Allies,multiple_runs_DB_StrongAllies_LowThreat_20260505_043754.csv,14.556416881998278,0.17226528854435832,85.27131782945736
DB,Strong Allies,multiple_runs_DB_StrongAllies_LowThreat_20260505_043754.csv,30.28919330289193,0.0,69.71080669710807
DB,Strong Allies,multiple_runs_DB_StrongAllies_LowThreat_20260505_043754.csv,27.0,0.9285714285714286,72.07142857142857
DB,Strong Allies,multiple_runs_DB_StrongAllies_LowThreat_20260505_043754.csv,32.676269901440484,0.22744503411675512,67.09628506444277
DB,Strong Allies,multiple_runs_DB_StrongAllies_LowThreat_20260505_043754.csv,41.47239263803681,1.4723926380368098,57.05521472392638
DB,Strong Allies,multiple_runs_DB_StrongAllies_LowThreat_20260505_043754.csv,32.10649960845732,0.0,67.89350039154269
DB,Strong Allies,multiple_runs_DB_StrongAllies_LowThreat_20260505_043754.csv,25.702479338842977,0.3305785123966942,73.96694214876032
DB,Strong Allies,multiple_runs_DB_StrongAllies_LowThreat_20260505_043754.csv,20.837043633125557,1.335707925200356,77.82724844167409
DB,Strong Allies,multiple_runs_DB_StrongAllies_LowThreat_20260505_043754.csv,20.320404721753793,1.6863406408094435,77.99325463743676
DB,Strong Allies,multiple_runs_DB_StrongAllies_LowThreat_20260505_043754.csv,15.104895104895105,0.06993006993006994,84.82517482517483
DB,Strong Allies,multiple_runs_DB_StrongAllies_LowThreat_20260505_043754.csv,24.81151473612063,0.06854009595613435,75.11994516792323
DB,Strong Allies,multiple_runs_DB_StrongAllies_LowThreat_20260505_043754.csv,30.582524271844658,0.0,69.41747572815534
DB,Strong Allies,multiple_runs_DB_StrongAllies_LowThreat_20260505_043754.csv,43.0416068866571,0.5738880918220948,56.3845050215208
DB,Strong Allies,multiple_runs_DB_StrongAllies_LowThreat_20260505_043754.csv,26.88081149619611,1.4370245139475908,71.68216398985629
DB,Strong Allies,multiple_runs_DB_StrongAllies_LowThreat_20260505_043754.csv,23.28548644338118,1.1961722488038278,75.51834130781499
DB,Strong Allies,multiple_runs_DB_StrongAllies_LowThreat_20260505_043754.csv,40.54878048780488,0.40650406504065045,59.04471544715447
DB,Strong Allies,multiple_runs_DB_StrongAllies_LowThreat_20260505_043754.csv,54.50819672131148,0.4098360655737705,45.08196721311475
DB,Strong Allies,multiple_runs_DB_StrongAllies_LowThreat_20260505_043754.csv,46.52014652014652,0.0,53.47985347985348
DB,Strong Allies,multiple_runs_DB_StrongAllies_LowThreat_20260505_043754.csv,31.649484536082472,0.9278350515463918,67.42268041237114
DB,Strong Allies,multiple_runs_DB_StrongAllies_LowThreat_20260505_043754.csv,59.8159509202454,1.0736196319018405,39.11042944785276
DB,Strong Allies,multiple_runs_DB_StrongAllies_LowThreat_20260505_043754.csv,23.393739703459637,1.729818780889621,74.87644151565074
DB,Strong Allies,multiple_runs_DB_StrongAllies_LowThreat_20260505_043754.csv,16.63533834586466,0.5639097744360901,82.80075187969925
DB,Strong Allies,multiple_runs_DB_StrongAllies_LowThreat_20260505_043754.csv,57.692307692307686,0.9324009324009324,41.375291375291376
DB,Strong Allies,multiple_runs_DB_StrongAllies_LowThreat_20260505_043754.csv,65.52567237163814,0.12224938875305623,34.3520782396088
DB,Strong Allies,multiple_runs_DB_StrongAllies_LowThreat_20260505_043754.csv,17.138364779874212,0.4716981132075472,82.38993710691824
DB,Strong Allies,multiple_runs_DB_StrongAllies_LowThreat_20260505_043754.csv,25.852660300136428,1.1596180081855387,72.98772169167803
DB,Strong Allies,multiple_runs_DB_StrongAllies_LowThreat_20260505_043754.csv,50.122850122850124,1.2285012285012284,48.64864864864865
DB,Strong Allies,multiple_runs_DB_StrongAllies_LowThreat_20260505_043754.csv,52.16881594372802,1.406799531066823,46.424384525205156
DB,Strong Allies,multiple_runs_DB_StrongAllies_LowThreat_20260505_043754.csv,22.288706058339567,1.7202692595362752,75.99102468212415
DB,Strong Allies,multiple_runs_DB_StrongAllies_LowThreat_20260505_043754.csv,33.12788906009245,0.07704160246533129,66.79506933744221
DB,Strong Allies,multiple_runs_DB_StrongAllies_LowThreat_20260505_043754.csv,53.52798053527981,0.851581508515815,45.62043795620438
DB,Strong Allies,multiple_runs_DB_StrongAllies_LowThreat_20260505_043754.csv,13.340227507755948,0.3102378490175801,86.34953464322648
DB,Strong Allies,multiple_runs_DB_StrongAllies_LowThreat_20260505_043754.csv,26.44688644688645,0.805860805860806,72.74725274725274
DB,Strong Allies,multiple_runs_DB_StrongAllies_LowThreat_20260505_043754.csv,13.275039745627982,3.0206677265500796,83.70429252782195
DB,Strong Allies,multiple_runs_DB_StrongAllies_LowThreat_20260505_043754.csv,30.536130536130536,0.0,69.46386946386947
DB,Strong Allies,multiple_runs_DB_StrongAllies_LowThreat_20260505_043754.csv,17.46031746031746,0.9070294784580499,81.63265306122449
DB,Strong Allies,multiple_runs_DB_StrongAllies_LowThreat_20260505_043754.csv,60.71428571428571,0.2232142857142857,39.0625
DB,Strong Allies,multiple_runs_DB_StrongAllies_LowThreat_20260505_043754.csv,18.23076923076923,0.15384615384615385,81.61538461538461
DB,Strong Allies,multiple_runs_DB_StrongAllies_LowThreat_20260505_043754.csv,38.72017353579176,1.0845986984815619,60.19522776572668
DB,Strong Allies,multiple_runs_DB_StrongAllies_LowThreat_20260505_043754.csv,38.13813813813814,0.5005005005005005,61.36136136136137
DB,Strong Allies,multiple_runs_DB_StrongAllies_LowThreat_20260505_043754.csv,18.47953216374269,0.0,81.52046783625731
DB,Strong Allies,multiple_runs_DB_StrongAllies_LowThreat_20260505_043754.csv,57.19257540603249,0.11600928074245939,42.69141531322506
DB,Strong Allies,multiple_runs_DB_StrongAllies_LowThreat_20260505_043754.csv,29.902755267423014,0.8914100486223663,69.20583468395462
DB,Strong Allies,multiple_runs_DB_StrongAllies_LowThreat_20260505_043754.csv,25.340014316392267,0.35790980672870437,74.30207587687903
DB,Strong Allies,multiple_runs_DB_StrongAllies_LowThreat_20260505_043754.csv,53.37278106508876,0.0,46.62721893491124
DB,Strong Allies,multiple_runs_DB_StrongAllies_LowThreat_20260505_043754.csv,51.137594799566635,0.9750812567713976,47.88732394366197
DB,Strong Allies,multiple_runs_DB_StrongAllies_LowThreat_20260505_043754.csv,44.642857142857146,1.0714285714285714,54.285714285714285
DB,Strong Allies,multiple_runs_DB_StrongAllies_LowThreat_20260505_043754.csv,25.486381322957197,0.6809338521400778,73.83268482490273
DB,Strong Allies,multiple_runs_DB_StrongAllies_LowThreat_20260505_043754.csv,44.9438202247191,1.1235955056179776,53.93258426966292
DB,Strong Allies,multiple_runs_DB_StrongAllies_LowThreat_20260505_043754.csv,36.79619349722443,0.0,63.20380650277557
DB,Strong Allies,multiple_runs_DB_StrongAllies_LowThreat_20260505_043754.csv,41.740088105726876,0.7709251101321586,57.48898678414097
DB,Strong Allies,multiple_runs_DB_StrongAllies_LowThreat_20260505_043754.csv,32.10727969348659,0.07662835249042146,67.81609195402298
DB,Strong Allies,multiple_runs_DB_StrongAllies_LowThreat_20260505_043754.csv,16.301239275500475,1.1439466158245948,82.55481410867492
DB,Strong Allies,multiple_runs_DB_StrongAllies_LowThreat_20260505_043754.csv,59.834123222748815,0.35545023696682465,39.81042654028436
DB,Strong Allies,multiple_runs_DB_StrongAllies_LowThreat_20260505_043754.csv,37.29032258064516,0.25806451612903225,62.45161290322581
DB,Strong Allies,multiple_runs_DB_StrongAllies_LowThreat_20260505_043754.csv,28.854166666666664,0.3125,70.83333333333334
DB,Strong Allies,multiple_runs_DB_StrongAllies_LowThreat_20260505_043754.csv,61.23456790123457,0.0,38.76543209876544
DB,Strong Allies,multiple_runs_DB_StrongAllies_LowThreat_20260505_043754.csv,19.457735247208934,1.9936204146730463,78.54864433811802
DB,Strong Allies,multiple_runs_DB_StrongAllies_LowThreat_20260505_043754.csv,50.65554231227652,2.5029797377830754,46.841477949940405
DB,Strong Allies,multiple_runs_DB_StrongAllies_LowThreat_20260505_043754.csv,15.347334410339256,2.1809369951534734,82.47172859450727
DB,Strong Allies,multiple_runs_DB_StrongAllies_LowThreat_20260505_043754.csv,11.423039690222653,0.0,88.57696030977735
DB,Strong Allies,multiple_runs_DB_StrongAllies_LowThreat_20260505_043754.csv,21.155830753353975,0.8255933952528379,78.0185758513932
DB,Strong Allies,multiple_runs_DB_StrongAllies_LowThreat_20260505_043754.csv,14.344262295081966,0.0,85.65573770491804
DB,Strong Allies,multiple_runs_DB_StrongAllies_LowThreat_20260505_043754.csv,38.9326334208224,0.6124234470691163,60.45494313210848
DB,Strong Allies,multiple_runs_DB_StrongAllies_LowThreat_20260505_043754.csv,9.919839679358718,0.0,90.08016032064128
DB,Strong Allies,multiple_runs_DB_StrongAllies_LowThreat_20260505_043754.csv,29.797570850202433,1.9433198380566803,68.2591093117409
DB,Strong Allies,multiple_runs_DB_StrongAllies_LowThreat_20260505_043754.csv,9.427609427609427,0.0,90.57239057239057
DB,Strong Allies,multiple_runs_DB_StrongAllies_LowThreat_20260505_043754.csv,15.903197925669835,0.6050129645635264,83.49178910976663
DB,Strong Allies,multiple_runs_DB_StrongAllies_LowThreat_20260505_043754.csv,52.159090909090914,0.9090909090909091,46.93181818181818
DB,Strong Allies,multiple_runs_DB_StrongAllies_LowThreat_20260505_043754.csv,32.0855614973262,0.6684491978609626,67.24598930481284
DB,Strong Allies,multiple_runs_DB_StrongAllies_LowThreat_20260505_043754.csv,38.61867704280156,0.5836575875486382,60.7976653696498
DB,Strong Allies,multiple_runs_DB_StrongAllies_LowThreat_20260505_043754.csv,26.625860749808723,1.4537107880642692,71.920428462127
DB,Strong Allies,multiple_runs_DB_StrongAllies_LowThreat_20260505_043754.csv,31.327287716405607,0.9892827699917559,67.68342951360263
DB,Strong Allies,multiple_runs_DB_StrongAllies_LowThreat_20260505_043754.csv,12.633996937212864,1.6079632465543645,85.75803981623277
DB,Strong Allies,multiple_runs_DB_StrongAllies_LowThreat_20260505_043754.csv,44.06565656565656,0.7575757575757576,55.17676767676768
DB,Strong Allies,multiple_runs_DB_StrongAllies_LowThreat_20260505_043754.csv,56.99708454810496,0.43731778425655976,42.565597667638485
DB,Strong Allies,multiple_runs_DB_StrongAllies_LowThreat_20260505_043754.csv,55.10406342913776,0.39643211100099107,44.49950445986125
DB,Strong Allies,multiple_runs_DB_StrongAllies_LowThreat_20260505_043754.csv,65.07747318235995,0.0,34.92252681764005
DB,Strong Allies,multiple_runs_DB_StrongAllies_LowThreat_20260505_043754.csv,79.81330221703618,0.11668611435239205,20.070011668611436
DB,Strong Allies,multiple_runs_DB_StrongAllies_LowThreat_20260505_043754.csv,54.21348314606742,1.1235955056179776,44.662921348314605
DB,Strong Allies,multiple_runs_DB_StrongAllies_LowThreat_20260505_043754.csv,27.124463519313302,1.1158798283261802,71.75965665236052
DB,Strong Allies,multiple_runs_DB_StrongAllies_LowThreat_20260505_043754.csv,25.31969309462916,0.639386189258312,74.04092071611254
DB,Strong Allies,multiple_runs_DB_StrongAllies_LowThreat_20260505_043754.csv,35.97033374536465,0.12360939431396785,63.90605686032138
DB,Strong Allies,multiple_runs_DB_StrongAllies_LowThreat_20260505_043754.csv,49.419953596287705,0.9280742459396751,49.651972157772626
DB,Strong Allies,multiple_runs_DB_StrongAllies_LowThreat_20260505_043754.csv,50.93582887700535,0.6684491978609626,48.39572192513369
DB,Strong Allies,multiple_runs_DB_StrongAllies_LowThreat_20260505_043754.csv,19.230769230769234,2.2913256955810146,78.47790507364975
DB,Strong Allies,multiple_runs_DB_StrongAllies_LowThreat_20260505_043754.csv,39.82532751091703,0.7860262008733625,59.388646288209614
DB,Strong Allies,multiple_runs_DB_StrongAllies_LowThreat_20260505_043754.csv,15.67357512953368,0.0,84.32642487046633
DB,Strong Allies,multiple_runs_DB_StrongAllies_LowThreat_20260505_043754.csv,15.428571428571427,0.4761904761904762,84.0952380952381
DB,Strong Allies,multiple_runs_DB_StrongAllies_LowThreat_20260505_043754.csv,24.35301924353019,1.1944260119442602,74.45255474452554
DB,Strong Allies,multiple_runs_DB_StrongAllies_LowThreat_20260505_043754.csv,22.132471728594506,1.1308562197092082,76.73667205169629
DB,Strong Allies,multiple_runs_DB_StrongAllies_LowThreat_20260505_043754.csv,43.17269076305221,0.1004016064257028,56.726907630522085
DB,Strong Allies,multiple_runs_DB_StrongAllies_LowThreat_20260505_043754.csv,22.976287816843826,0.6541291905151267,76.36958299264106
DB,Strong Allies,multiple_runs_DB_StrongAllies_LowThreat_20260505_043754.csv,26.229508196721312,0.6147540983606558,73.15573770491804
DB,Strong Allies,multiple_runs_DB_StrongAllies_LowThreat_20260505_043754.csv,47.6780185758514,1.0319917440660475,51.289989680082556
DB,Strong Allies,multiple_runs_DB_StrongAllies_LowThreat_20260505_043754.csv,25.28201725282017,0.26542800265428,74.45255474452554
DB,Strong Allies,multiple_runs_DB_StrongAllies_LowThreat_20260505_043754.csv,65.60975609756098,0.24390243902439024,34.146341463414636
DB,Strong Allies,multiple_runs_DB_StrongAllies_LowThreat_20260505_043754.csv,53.018372703412076,0.5249343832020997,46.45669291338583
DB,Strong Allies,multiple_runs_DB_StrongAllies_LowThreat_20260505_043754.csv,46.69756662804171,1.2746234067207416,52.02780996523755
DB,Strong Allies,multiple_runs_DB_StrongAllies_LowThreat_20260505_043754.csv,20.849724626278523,1.5735641227380015,77.57671125098348
DB,Strong Allies,multiple_runs_DB_StrongAllies_LowThreat_20260505_043754.csv,40.25974025974026,1.2987012987012987,58.44155844155844
DB,Strong Allies,multiple_runs_DB_StrongAllies_LowThreat_20260505_043754.csv,0.0,0.0,0.0
DB,Strong Allies,multiple_runs_DB_StrongAllies_LowThreat_20260505_043754.csv,32.92948120534327,0.743146163404784,66.32737263125195
DB,Strong Allies,multiple_runs_DB_StrongAllies_LowThreat_20260505_043754.csv,32.929800887318336,0.7426679740211829,66.32753113866046
DB,Strong Allies,multiple_runs_DB_StrongAllies_LowThreat_20260505_043754.csv,36.02959802679821,1.5865608959402706,62.3838410772615
DB,Strong Allies,multiple_runs_DB_StrongAllies_LowThreat_20260505_043754.csv,37.77777777777778,0.0,62.22222222222222
DB,Strong Allies,multiple_runs_DB_StrongAllies_LowThreat_20260505_043754.csv,33.41483292583537,4.2379788101059495,62.34718826405869
NB,Strong Allies,multiple_runs_NB_StrongAllies_LowThreat_20260505_055358.csv,48.15950920245399,47.392638036809814,4.447852760736196
NB,Strong Allies,multiple_runs_NB_StrongAllies_LowThreat_20260505_055358.csv,48.20359281437126,49.550898203592816,2.245508982035928
NB,Strong Allies,multiple_runs_NB_StrongAllies_LowThreat_20260505_055358.csv,26.127320954907162,64.9867374005305,8.885941644562333
NB,Strong Allies,multiple_runs_NB_StrongAllies_LowThreat_20260505_055358.csv,56.535433070866134,37.00787401574803,6.456692913385827
NB,Strong Allies,multiple_runs_NB_StrongAllies_LowThreat_20260505_055358.csv,35.52278820375335,57.9088471849866,6.568364611260054
NB,Strong Allies,multiple_runs_NB_StrongAllies_LowThreat_20260505_055358.csv,21.610738255033556,74.63087248322148,3.7583892617449663
NB,Strong Allies,multiple_runs_NB_StrongAllies_LowThreat_20260505_055358.csv,76.04166666666666,12.351190476190476,11.607142857142858
NB,Strong Allies,multiple_runs_NB_StrongAllies_LowThreat_20260505_055358.csv,60.18641810918774,37.54993342210386,2.263648468708389
NB,Strong Allies,multiple_runs_NB_StrongAllies_LowThreat_20260505_055358.csv,35.215053763440864,52.68817204301075,12.096774193548388
NB,Strong Allies,multiple_runs_NB_StrongAllies_LowThreat_20260505_055358.csv,46.2536023054755,51.008645533141205,2.7377521613832854
NB,Strong Allies,multiple_runs_NB_StrongAllies_LowThreat_20260505_055358.csv,52.488687782805435,43.288084464555055,4.223227752639517
NB,Strong Allies,multiple_runs_NB_StrongAllies_LowThreat_20260505_055358.csv,32.64462809917356,64.60055096418733,2.7548209366391188
NB,Strong Allies,multiple_runs_NB_StrongAllies_LowThreat_20260505_055358.csv,33.97129186602871,58.85167464114832,7.177033492822966
NB,Strong Allies,multiple_runs_NB_StrongAllies_LowThreat_20260505_055358.csv,84.9624060150376,12.218045112781954,2.819548872180451
NB,Strong Allies,multiple_runs_NB_StrongAllies_LowThreat_20260505_055358.csv,50.0,46.34920634920635,3.650793650793651
NB,Strong Allies,multiple_runs_NB_StrongAllies_LowThreat_20260505_055358.csv,45.635528330781014,42.266462480857584,12.098009188361408
NB,Strong Allies,multiple_runs_NB_StrongAllies_LowThreat_20260505_055358.csv,19.35933147632312,78.13370473537604,2.5069637883008355
NB,Strong Allies,multiple_runs_NB_StrongAllies_LowThreat_20260505_055358.csv,18.30808080808081,39.39393939393939,42.29797979797979
NB,Strong Allies,multiple_runs_NB_StrongAllies_LowThreat_20260505_055358.csv,71.46666666666667,12.133333333333333,16.400000000000002
NB,Strong Allies,multiple_runs_NB_StrongAllies_LowThreat_20260505_055358.csv,28.354080221300137,71.0926694329184,0.5532503457814661
NB,Strong Allies,multiple_runs_NB_StrongAllies_LowThreat_20260505_055358.csv,67.96407185628742,14.221556886227546,17.81437125748503
NB,Strong Allies,multiple_runs_NB_StrongAllies_LowThreat_20260505_055358.csv,13.559322033898304,44.49152542372881,41.94915254237288
NB,Strong Allies,multiple_runs_NB_StrongAllies_LowThreat_20260505_055358.csv,45.86357039187228,50.943396226415096,3.1930333817126266
NB,Strong Allies,multiple_runs_NB_StrongAllies_LowThreat_20260505_055358.csv,31.357048748353094,63.109354413702235,5.533596837944664
NB,Strong Allies,multiple_runs_NB_StrongAllies_LowThreat_20260505_055358.csv,78.39416058394161,11.824817518248175,9.781021897810218
NB,Strong Allies,multiple_runs_NB_StrongAllies_LowThreat_20260505_055358.csv,56.934306569343065,37.518248175182485,5.547445255474453
NB,Strong Allies,multiple_runs_NB_StrongAllies_LowThreat_20260505_055358.csv,50.349650349650354,47.13286713286713,2.5174825174825175
NB,Strong Allies,multiple_runs_NB_StrongAllies_LowThreat_20260505_055358.csv,59.111111111111114,37.48148148148148,3.4074074074074074
NB,Strong Allies,multiple_runs_NB_StrongAllies_LowThreat_20260505_055358.csv,68.16380449141347,11.492734478203435,20.343461030383093
NB,Strong Allies,multiple_runs_NB_StrongAllies_LowThreat_20260505_055358.csv,53.205128205128204,39.90384615384615,6.891025641025641
NB,Strong Allies,multiple_runs_NB_StrongAllies_LowThreat_20260505_055358.csv,33.75,65.13888888888889,1.1111111111111112
NB,Strong Allies,multiple_runs_NB_StrongAllies_LowThreat_20260505_055358.csv,49.63924963924964,45.887445887445885,4.473304473304474
NB,Strong Allies,multiple_runs_NB_StrongAllies_LowThreat_20260505_055358.csv,80.61224489795919,6.2682215743440235,13.119533527696792
NB,Strong Allies,multiple_runs_NB_StrongAllies_LowThreat_20260505_055358.csv,25.13863216266174,71.71903881700554,3.1423290203327174
NB,Strong Allies,multiple_runs_NB_StrongAllies_LowThreat_20260505_055358.csv,52.916666666666664,40.0,7.083333333333333
NB,Strong Allies,multiple_runs_NB_StrongAllies_LowThreat_20260505_055358.csv,52.883263009845294,42.616033755274266,4.50070323488045
NB,Strong Allies,multiple_runs_NB_StrongAllies_LowThreat_20260505_055358.csv,33.133971291866025,40.430622009569376,26.435406698564595
NB,Strong Allies,multiple_runs_NB_StrongAllies_LowThreat_20260505_055358.csv,69.57123098201936,21.853388658367912,8.575380359612724
NB,Strong Allies,multiple_runs_NB_StrongAllies_LowThreat_20260505_055358.csv,36.78343949044586,59.23566878980891,3.9808917197452227
NB,Strong Allies,multiple_runs_NB_StrongAllies_LowThreat_20260505_055358.csv,47.983870967741936,46.236559139784944,5.779569892473118
NB,Strong Allies,multiple_runs_NB_StrongAllies_LowThreat_20260505_055358.csv,57.48865355521936,40.24205748865356,2.26928895612708
NB,Strong Allies,multiple_runs_NB_StrongAllies_LowThreat_20260505_055358.csv,72.71186440677965,5.2542372881355925,22.033898305084744
NB,Strong Allies,multiple_runs_NB_StrongAllies_LowThreat_20260505_055358.csv,58.49624060150376,36.84210526315789,4.661654135338346
NB,Strong Allies,multiple_runs_NB_StrongAllies_LowThreat_20260505_055358.csv,62.22664015904572,24.055666003976143,13.717693836978132
NB,Strong Allies,multiple_runs_NB_StrongAllies_LowThreat_20260505_055358.csv,63.68794326241135,22.97872340425532,13.333333333333334
NB,Strong Allies,multiple_runs_NB_StrongAllies_LowThreat_20260505_055358.csv,45.839636913767016,52.344931921331316,1.8154311649016641
NB,Strong Allies,multiple_runs_NB_StrongAllies_LowThreat_20260505_055358.csv,36.69849931787176,60.98226466575716,2.3192360163710775
NB,Strong Allies,multiple_runs_NB_StrongAllies_LowThreat_20260505_055358.csv,37.69230769230769,59.53846153846154,2.769230769230769
NB,Strong Allies,multiple_runs_NB_StrongAllies_LowThreat_20260505_055358.csv,65.56671449067431,22.812051649928264,11.621233859397417
NB,Strong Allies,multiple_runs_NB_StrongAllies_LowThreat_20260505_055358.csv,32.86713286713287,59.44055944055944,7.6923076923076925
NB,Strong Allies,multiple_runs_NB_StrongAllies_LowThreat_20260505_055358.csv,37.994350282485875,60.451977401129945,1.5536723163841808
NB,Strong Allies,multiple_runs_NB_StrongAllies_LowThreat_20260505_055358.csv,66.51651651651652,31.53153153153153,1.951951951951952
NB,Strong Allies,multiple_runs_NB_StrongAllies_LowThreat_20260505_055358.csv,38.775510204081634,59.72789115646259,1.4965986394557822
NB,Strong Allies,multiple_runs_NB_StrongAllies_LowThreat_20260505_055358.csv,42.287694974003465,53.03292894280762,4.679376083188909
NB,Strong Allies,multiple_runs_NB_StrongAllies_LowThreat_20260505_055358.csv,29.25,62.25000000000001,8.5
NB,Strong Allies,multiple_runs_NB_StrongAllies_LowThreat_20260505_055358.csv,54.87106017191977,36.53295128939828,8.595988538681947
NB,Strong Allies,multiple_runs_NB_StrongAllies_LowThreat_20260505_055358.csv,27.698309492847855,58.25747724317295,14.044213263979193
NB,Strong Allies,multiple_runs_NB_StrongAllies_LowThreat_20260505_055358.csv,30.08849557522124,36.991150442477874,32.92035398230089
NB,Strong Allies,multiple_runs_NB_StrongAllies_LowThreat_20260505_055358.csv,70.09222661396575,5.928853754940711,23.978919631093547
NB,Strong Allies,multiple_runs_NB_StrongAllies_LowThreat_20260505_055358.csv,54.70967741935484,33.41935483870967,11.870967741935484
NB,Strong Allies,multiple_runs_NB_StrongAllies_LowThreat_20260505_055358.csv,36.27049180327869,3.0737704918032787,60.65573770491803
NB,Strong Allies,multiple_runs_NB_StrongAllies_LowThreat_20260505_055358.csv,27.55244755244755,68.25174825174825,4.195804195804196
NB,Strong Allies,multiple_runs_NB_StrongAllies_LowThreat_20260505_055358.csv,61.03542234332425,35.28610354223433,3.6784741144414173
NB,Strong Allies,multiple_runs_NB_StrongAllies_LowThreat_20260505_055358.csv,42.290748898678416,54.03817914831131,3.671071953010279
NB,Strong Allies,multiple_runs_NB_StrongAllies_LowThreat_20260505_055358.csv,55.03448275862068,42.06896551724138,2.896551724137931
NB,Strong Allies,multiple_runs_NB_StrongAllies_LowThreat_20260505_055358.csv,34.57446808510639,61.170212765957444,4.25531914893617
NB,Strong Allies,multiple_runs_NB_StrongAllies_LowThreat_20260505_055358.csv,48.318042813455655,6.269113149847094,45.412844036697244
NB,Strong Allies,multiple_runs_NB_StrongAllies_LowThreat_20260505_055358.csv,32.25371120107962,63.1578947368421,4.588394062078273
NB,Strong Allies,multiple_runs_NB_StrongAllies_LowThreat_20260505_055358.csv,45.0507614213198,50.380710659898476,4.568527918781726
NB,Strong Allies,multiple_runs_NB_StrongAllies_LowThreat_20260505_055358.csv,38.76478318002628,60.7095926412615,0.5256241787122208
NB,Strong Allies,multiple_runs_NB_StrongAllies_LowThreat_20260505_055358.csv,38.675496688741724,56.158940397350996,5.1655629139072845
NB,Strong Allies,multiple_runs_NB_StrongAllies_LowThreat_20260505_055358.csv,48.22601839684626,48.88304862023653,2.890932982917214
NB,Strong Allies,multiple_runs_NB_StrongAllies_LowThreat_20260505_055358.csv,75.9941089837997,9.425625920471282,14.580265095729015
NB,Strong Allies,multiple_runs_NB_StrongAllies_LowThreat_20260505_055358.csv,37.95918367346939,59.04761904761905,2.9931972789115644
NB,Strong Allies,multiple_runs_NB_StrongAllies_LowThreat_20260505_055358.csv,27.475592747559276,70.29288702928869,2.2315202231520224
NB,Strong Allies,multiple_runs_NB_StrongAllies_LowThreat_20260505_055358.csv,46.85494223363286,45.057766367137354,8.087291399229782
NB,Strong Allies,multiple_runs_NB_StrongAllies_LowThreat_20260505_055358.csv,53.64238410596026,28.211920529801326,18.14569536423841
NB,Strong Allies,multiple_runs_NB_StrongAllies_LowThreat_20260505_055358.csv,71.84594953519256,12.749003984063744,15.405046480743692
NB,Strong Allies,multiple_runs_NB_StrongAllies_LowThreat_20260505_055358.csv,50.476190476190474,43.01587301587302,6.507936507936509
NB,Strong Allies,multiple_runs_NB_StrongAllies_LowThreat_20260505_055358.csv,34.185303514377,49.84025559105431,15.974440894568689
NB,Strong Allies,multiple_runs_NB_StrongAllies_LowThreat_20260505_055358.csv,55.26315789473685,38.01169590643275,6.725146198830409
NB,Strong Allies,multiple_runs_NB_StrongAllies_LowThreat_20260505_055358.csv,29.38076416337286,65.21739130434783,5.401844532279315
NB,Strong Allies,multiple_runs_NB_StrongAllies_LowThreat_20260505_055358.csv,65.85365853658537,9.105691056910569,25.040650406504067
NB,Strong Allies,multiple_runs_NB_StrongAllies_LowThreat_20260505_055358.csv,52.48618784530387,44.19889502762431,3.314917127071823
NB,Strong Allies,multiple_runs_NB_StrongAllies_LowThreat_20260505_055358.csv,50.56022408963585,47.89915966386555,1.5406162464985995
NB,Strong Allies,multiple_runs_NB_StrongAllies_LowThreat_20260505_055358.csv,37.97814207650273,59.15300546448088,2.8688524590163933
NB,Strong Allies,multiple_runs_NB_StrongAllies_LowThreat_20260505_055358.csv,46.96296296296296,50.81481481481481,2.2222222222222223
NB,Strong Allies,multiple_runs_NB_StrongAllies_LowThreat_20260505_055358.csv,24.484536082474225,70.74742268041237,4.768041237113402
NB,Strong Allies,multiple_runs_NB_StrongAllies_LowThreat_20260505_055358.csv,32.80212483399734,65.47144754316069,1.7264276228419653
NB,Strong Allies,multiple_runs_NB_StrongAllies_LowThreat_20260505_055358.csv,34.24479166666667,63.28125,2.473958333333333
NB,Strong Allies,multiple_runs_NB_StrongAllies_LowThreat_20260505_055358.csv,43.96887159533074,48.249027237354085,7.782101167315175
NB,Strong Allies,multiple_runs_NB_StrongAllies_LowThreat_20260505_055358.csv,42.616033755274266,42.47538677918425,14.908579465541491
NB,Strong Allies,multiple_runs_NB_StrongAllies_LowThreat_20260505_055358.csv,55.97122302158274,6.906474820143885,37.12230215827338
NB,Strong Allies,multiple_runs_NB_StrongAllies_LowThreat_20260505_055358.csv,44.44444444444444,48.6449864498645,6.910569105691057
NB,Strong Allies,multiple_runs_NB_StrongAllies_LowThreat_20260505_055358.csv,47.121820615796516,50.33467202141901,2.5435073627844713
NB,Strong Allies,multiple_runs_NB_StrongAllies_LowThreat_20260505_055358.csv,47.05111402359109,39.18741808650065,13.761467889908257
NB,Strong Allies,multiple_runs_NB_StrongAllies_LowThreat_20260505_055358.csv,25.62326869806094,63.29639889196675,11.080332409972298
NB,Strong Allies,multiple_runs_NB_StrongAllies_LowThreat_20260505_055358.csv,28.57142857142857,69.17989417989418,2.2486772486772484
NB,Strong Allies,multiple_runs_NB_StrongAllies_LowThreat_20260505_055358.csv,53.28671328671328,43.21678321678321,3.4965034965034967
NB,Strong Allies,multiple_runs_NB_StrongAllies_LowThreat_20260505_055358.csv,54.92537313432836,41.343283582089555,3.731343283582089
NB,Strong Allies,multiple_runs_NB_StrongAllies_LowThreat_20260505_055358.csv,30.0944669365722,68.15114709851552,1.7543859649122806
NB,Strong Allies,multiple_runs_NB_StrongAllies_LowThreat_20260505_055358.csv,56.995581737849776,40.35346097201767,2.6509572901325478
NB,Strong Allies,multiple_runs_NB_StrongAllies_LowThreat_20260505_055358.csv,51.32867132867133,45.87412587412587,2.797202797202797
NB,Strong Allies,multiple_runs_NB_StrongAllies_LowThreat_20260505_055358.csv,25.485122897800778,66.36481241914618,8.15006468305304
NB,Strong Allies,multiple_runs_NB_StrongAllies_LowThreat_20260505_055358.csv,57.03703703703704,39.111111111111114,3.851851851851852
NB,Strong Allies,multiple_runs_NB_StrongAllies_LowThreat_20260505_055358.csv,44.70899470899471,47.08994708994709,8.201058201058201
NB,Strong Allies,multiple_runs_NB_StrongAllies_LowThreat_20260505_055358.csv,29.82456140350877,44.834307992202724,25.341130604288498
NB,Strong Allies,multiple_runs_NB_StrongAllies_LowThreat_20260505_055358.csv,15.67732115677321,78.99543378995433,5.32724505327245
NB,Strong Allies,multiple_runs_NB_StrongAllies_LowThreat_20260505_055358.csv,51.89504373177842,15.160349854227405,32.94460641399417
NB,Strong Allies,multiple_runs_NB_StrongAllies_LowThreat_20260505_055358.csv,27.009646302250808,65.91639871382637,7.07395498392283
NB,Strong Allies,multiple_runs_NB_StrongAllies_LowThreat_20260505_055358.csv,64.34210526315789,30.92105263157895,4.736842105263158
NB,Strong Allies,multiple_runs_NB_StrongAllies_LowThreat_20260505_055358.csv,90.12875536480686,6.652360515021459,3.2188841201716736
NB,Strong Allies,multiple_runs_NB_StrongAllies_LowThreat_20260505_055358.csv,52.95774647887323,40.140845070422536,6.901408450704226
NB,Strong Allies,multiple_runs_NB_StrongAllies_LowThreat_20260505_055358.csv,72.27722772277228,15.841584158415841,11.881188118811881
NB,Strong Allies,multiple_runs_NB_StrongAllies_LowThreat_20260505_055358.csv,77.17086834733894,8.403361344537815,14.425770308123248
NB,Strong Allies,multiple_runs_NB_StrongAllies_LowThreat_20260505_055358.csv,30.508474576271187,66.27118644067797,3.2203389830508473
NB,Strong Allies,multiple_runs_NB_StrongAllies_LowThreat_20260505_055358.csv,59.854014598540154,19.854014598540147,20.29197080291971
NB,Strong Allies,multiple_runs_NB_StrongAllies_LowThreat_20260505_055358.csv,40.264900662251655,56.688741721854306,3.0463576158940397
NB,Strong Allies,multiple_runs_NB_StrongAllies_LowThreat_20260505_055358.csv,44.8948948948949,50.6006006006006,4.504504504504505
NB,Strong Allies,multiple_runs_NB_StrongAllies_LowThreat_20260505_055358.csv,66.66666666666666,27.82608695652174,5.507246376811594
NB,Strong Allies,multiple_runs_NB_StrongAllies_LowThreat_20260505_055358.csv,18.29105473965287,79.70627503337784,2.0026702269692924
NB,Strong Allies,multiple_runs_NB_StrongAllies_LowThreat_20260505_055358.csv,67.43515850144092,31.12391930835735,1.440922190201729
NB,Strong Allies,multiple_runs_NB_StrongAllies_LowThreat_20260505_055358.csv,52.55023183925811,46.52241112828439,0.9273570324574961
NB,Strong Allies,multiple_runs_NB_StrongAllies_LowThreat_20260505_055358.csv,53.333333333333336,0.6060606060606061,46.06060606060606
NB,Strong Allies,multiple_runs_NB_StrongAllies_LowThreat_20260505_055358.csv,66.56534954407294,31.458966565349545,1.9756838905775076
NB,Strong Allies,multiple_runs_NB_StrongAllies_LowThreat_20260505_055358.csv,19.943422913719942,39.886845827439885,40.169731258840166
NB,Strong Allies,multiple_runs_NB_StrongAllies_LowThreat_20260505_055358.csv,59.88112927191679,34.02674591381872,6.092124814264487
NB,Strong Allies,multiple_runs_NB_StrongAllies_LowThreat_20260505_055358.csv,56.868537666174305,19.202363367799112,23.929098966026586
NB,Strong Allies,multiple_runs_NB_StrongAllies_LowThreat_20260505_055358.csv,57.432432432432435,28.37837837837838,14.18918918918919
NB,Strong Allies,multiple_runs_NB_StrongAllies_LowThreat_20260505_055358.csv,62.903225806451616,15.982404692082111,21.114369501466275
NB,Strong Allies,multiple_runs_NB_StrongAllies_LowThreat_20260505_055358.csv,60.31518624641834,25.644699140401144,14.040114613180515
NB,Strong Allies,multiple_runs_NB_StrongAllies_LowThreat_20260505_055358.csv,73.46938775510205,19.937205651491364,6.593406593406594
NB,Strong Allies,multiple_runs_NB_StrongAllies_LowThreat_20260505_055358.csv,51.822916666666664,18.489583333333336,29.6875
NB,Strong Allies,multiple_runs_NB_StrongAllies_LowThreat_20260505_055358.csv,93.43065693430657,4.525547445255475,2.0437956204379564
NB,Strong Allies,multiple_runs_NB_StrongAllies_LowThreat_20260505_055358.csv,36.69291338582677,58.740157480314956,4.566929133858268
NB,Strong Allies,multiple_runs_NB_StrongAllies_LowThreat_20260505_055358.csv,21.267605633802816,77.88732394366197,0.8450704225352111
NB,Strong Allies,multiple_runs_NB_StrongAllies_LowThreat_20260505_055358.csv,19.70705725699068,76.03195739014647,4.26098535286285
NB,Strong Allies,multiple_runs_NB_StrongAllies_LowThreat_20260505_055358.csv,37.51686909581646,59.10931174089069,3.3738191632928474
NB,Strong Allies,multiple_runs_NB_StrongAllies_LowThreat_20260505_055358.csv,24.732620320855613,74.33155080213903,0.9358288770053476
NB,Strong Allies,multiple_runs_NB_StrongAllies_LowThreat_20260505_055358.csv,51.080246913580254,39.50617283950617,9.41358024691358
NB,Strong Allies,multiple_runs_NB_StrongAllies_LowThreat_20260505_055358.csv,24.48377581120944,60.17699115044248,15.339233038348082
NB,Strong Allies,multiple_runs_NB_StrongAllies_LowThreat_20260505_055358.csv,18.714285714285715,72.57142857142857,8.714285714285715
NB,Strong Allies,multiple_runs_NB_StrongAllies_LowThreat_20260505_055358.csv,18.169934640522875,80.3921568627451,1.4379084967320261
NB,Strong Allies,multiple_runs_NB_StrongAllies_LowThreat_20260505_055358.csv,86.11111111111111,3.3333333333333335,10.555555555555555
NB,Strong Allies,multiple_runs_NB_StrongAllies_LowThreat_20260505_055358.csv,47.02774108322325,43.32892998678996,9.64332892998679
NB,Strong Allies,multiple_runs_NB_StrongAllies_LowThreat_20260505_055358.csv,96.50986342943855,0.6069802731411229,2.8831562974203337
NB,Strong Allies,multiple_runs_NB_StrongAllies_LowThreat_20260505_055358.csv,93.49030470914127,0.6925207756232686,5.8171745152354575
NB,Strong Allies,multiple_runs_NB_StrongAllies_LowThreat_20260505_055358.csv,25.13089005235602,70.54973821989529,4.319371727748691
NB,Strong Allies,multiple_runs_NB_StrongAllies_LowThreat_20260505_055358.csv,62.87262872628726,35.230352303523034,1.8970189701897018
NB,Strong Allies,multiple_runs_NB_StrongAllies_LowThreat_20260505_055358.csv,36.37747336377473,57.534246575342465,6.0882800608828
NB,Strong Allies,multiple_runs_NB_StrongAllies_LowThreat_20260505_055358.csv,53.80434782608695,42.66304347826087,3.532608695652174
NB,Strong Allies,multiple_runs_NB_StrongAllies_LowThreat_20260505_055358.csv,24.47257383966245,74.54289732770746,0.9845288326300985
NB,Strong Allies,multiple_runs_NB_StrongAllies_LowThreat_20260505_055358.csv,53.770949720670394,44.134078212290504,2.094972067039106
NB,Strong Allies,multiple_runs_NB_StrongAllies_LowThreat_20260505_055358.csv,19.08713692946058,39.14246196403873,41.77040110650069
NB,Strong Allies,multiple_runs_NB_StrongAllies_LowThreat_20260505_055358.csv,24.72222222222222,70.41666666666667,4.861111111111112
NB,Strong Allies,multiple_runs_NB_StrongAllies_LowThreat_20260505_055358.csv,28.28146143437077,67.52368064952638,4.194857916102842
NB,Strong Allies,multiple_runs_NB_StrongAllies_LowThreat_20260505_055358.csv,43.40136054421769,46.394557823129254,10.204081632653061
NB,Strong Allies,multiple_runs_NB_StrongAllies_LowThreat_20260505_055358.csv,53.35018963337548,37.92667509481669,8.72313527180784
NB,Strong Allies,multiple_runs_NB_StrongAllies_LowThreat_20260505_055358.csv,60.82036775106082,32.390381895332396,6.789250353606789
NB,Strong Allies,multiple_runs_NB_StrongAllies_LowThreat_20260505_055358.csv,45.76271186440678,50.231124807396,4.006163328197227
NB,Strong Allies,multiple_runs_NB_StrongAllies_LowThreat_20260505_055358.csv,43.84508990318119,37.89764868603043,18.25726141078838
NB,Strong Allies,multiple_runs_NB_StrongAllies_LowThreat_20260505_055358.csv,43.24324324324324,52.702702702702695,4.054054054054054
NB,Strong Allies,multiple_runs_NB_StrongAllies_LowThreat_20260505_055358.csv,50.42857142857143,44.42857142857143,5.142857142857142
NB,Strong Allies,multiple_runs_NB_StrongAllies_LowThreat_20260505_055358.csv,40.43478260869565,54.637681159420296,4.9275362318840585
NB,Strong Allies,multiple_runs_NB_StrongAllies_LowThreat_20260505_055358.csv,54.700854700854705,43.93162393162393,1.3675213675213675
NB,Strong Allies,multiple_runs_NB_StrongAllies_LowThreat_20260505_055358.csv,42.87671232876713,51.64383561643836,5.47945205479452
NB,Strong Allies,multiple_runs_NB_StrongAllies_LowThreat_20260505_055358.csv,22.033898305084744,70.53455019556715,7.431551499348108
NB,Strong Allies,multiple_runs_NB_StrongAllies_LowThreat_20260505_055358.csv,42.15976331360947,53.55029585798816,4.289940828402367
NB,Strong Allies,multiple_runs_NB_StrongAllies_LowThreat_20260505_055358.csv,28.968253968253972,69.17989417989418,1.8518518518518516
NB,Strong Allies,multiple_runs_NB_StrongAllies_LowThreat_20260505_055358.csv,68.15114709851552,23.481781376518217,8.367071524966262
NB,Strong Allies,multiple_runs_NB_StrongAllies_LowThreat_20260505_055358.csv,60.65340909090909,37.215909090909086,2.130681818181818
NB,Strong Allies,multiple_runs_NB_StrongAllies_LowThreat_20260505_055358.csv,72.76422764227642,18.089430894308943,9.146341463414634
NB,Strong Allies,multiple_runs_NB_StrongAllies_LowThreat_20260505_055358.csv,32.5,65.0,2.5
NB,Strong Allies,multiple_runs_NB_StrongAllies_LowThreat_20260505_055358.csv,63.55555555555556,22.962962962962962,13.481481481481481
NB,Strong Allies,multiple_runs_NB_StrongAllies_LowThreat_20260505_055358.csv,34.99327052489905,48.04845222072679,16.95827725437416
NB,Strong Allies,multiple_runs_NB_StrongAllies_LowThreat_20260505_055358.csv,22.22222222222222,75.0,2.7777777777777777
NB,Strong Allies,multiple_runs_NB_StrongAllies_LowThreat_20260505_055358.csv,53.57142857142857,40.58441558441558,5.844155844155844
NB,Strong Allies,multiple_runs_NB_StrongAllies_LowThreat_20260505_055358.csv,54.68053491827637,42.64487369985141,2.674591381872214
NB,Strong Allies,multiple_runs_NB_StrongAllies_LowThreat_20260505_055358.csv,25.749559082892414,69.84126984126983,4.409171075837742
NB,Strong Allies,multiple_runs_NB_StrongAllies_LowThreat_20260505_055358.csv,51.20226308345121,43.42291371994342,5.374823196605375
NB,Strong Allies,multiple_runs_NB_StrongAllies_LowThreat_20260505_055358.csv,46.32352941176471,18.38235294117647,35.294117647058826
NB,Strong Allies,multiple_runs_NB_StrongAllies_LowThreat_20260505_055358.csv,40.313390313390315,41.5954415954416,18.091168091168093
NB,Strong Allies,multiple_runs_NB_StrongAllies_LowThreat_20260505_055358.csv,48.43260188087774,45.76802507836991,5.799373040752351
NB,Strong Allies,multiple_runs_NB_StrongAllies_LowThreat_20260505_055358.csv,49.56395348837209,35.174418604651166,15.261627906976743
NB,Strong Allies,multiple_runs_NB_StrongAllies_LowThreat_20260505_055358.csv,47.44525547445255,46.42335766423358,6.131386861313868
NB,Strong Allies,multiple_runs_NB_StrongAllies_LowThreat_20260505_055358.csv,31.10236220472441,63.91076115485564,4.986876640419948
NB,Strong Allies,multiple_runs_NB_StrongAllies_LowThreat_20260505_055358.csv,48.98236092265943,46.404341926729984,4.613297150610583
NB,Strong Allies,multiple_runs_NB_StrongAllies_LowThreat_20260505_055358.csv,37.67019667170953,56.732223903177,5.597579425113464
NB,Strong Allies,multiple_runs_NB_StrongAllies_LowThreat_20260505_055358.csv,36.63500678426052,61.05834464043419,2.3066485753052914
NB,Strong Allies,multiple_runs_NB_StrongAllies_LowThreat_20260505_055358.csv,38.56562922868741,58.32205683355887,3.1123139377537212
NB,Strong Allies,multiple_runs_NB_StrongAllies_LowThreat_20260505_055358.csv,74.45482866043614,16.043613707165107,9.501557632398754
NB,Strong Allies,multiple_runs_NB_StrongAllies_LowThreat_20260505_055358.csv,48.85654885654886,45.32224532224532,5.8212058212058215
NB,Strong Allies,multiple_runs_NB_StrongAllies_LowThreat_20260505_055358.csv,20.212765957446805,77.92553191489363,1.8617021276595744
NB,Strong Allies,multiple_runs_NB_StrongAllies_LowThreat_20260505_055358.csv,40.05722460658083,54.36337625178827,5.579399141630901
NB,Strong Allies,multiple_runs_NB_StrongAllies_LowThreat_20260505_055358.csv,53.4711964549483,38.10930576070901,8.419497784342688
NB,Strong Allies,multiple_runs_NB_StrongAllies_LowThreat_20260505_055358.csv,37.74834437086093,58.11258278145696,4.13907284768212
NB,Strong Allies,multiple_runs_NB_StrongAllies_LowThreat_20260505_055358.csv,68.01566579634465,24.934725848563968,7.049608355091384
NB,Strong Allies,multiple_runs_NB_StrongAllies_LowThreat_20260505_055358.csv,45.88665447897623,51.736745886654475,2.376599634369287
NB,Strong Allies,multiple_runs_NB_StrongAllies_LowThreat_20260505_055358.csv,39.40620782726046,58.02968960863698,2.564102564102564
NB,Strong Allies,multiple_runs_NB_StrongAllies_LowThreat_20260505_055358.csv,46.463245492371705,51.17891816920943,2.3578363384188625
NB,Strong Allies,multiple_runs_NB_StrongAllies_LowThreat_20260505_055358.csv,0.0,0.0,0.0
NB,Strong Allies,multiple_runs_NB_StrongAllies_LowThreat_20260505_055358.csv,46.398957763510204,44.8759105173754,8.725131719114387
NB,Strong Allies,multiple_runs_NB_StrongAllies_LowThreat_20260505_055358.csv,46.39967754009157,44.87519074079406,8.725131719114387
NB,Strong Allies,multiple_runs_NB_StrongAllies_LowThreat_20260505_055358.csv,37.92064073029475,41.703446939522465,20.37591233018279
NB,Strong Allies,multiple_runs_NB_StrongAllies_LowThreat_20260505_055358.csv,96.25,0.0,3.75
NB,Strong Allies,multiple_runs_NB_StrongAllies_LowThreat_20260505_055358.csv,40.820410205102554,33.71685842921461,25.46273136568284
