source_file,source_path,agent_type,condition,run,learned_helplessness,apathy
multiple_runs_NB_HighThreat_2_20260407_101013.csv,multiple_runs_NB_HighThreat_2_20260407_101013.csv,NB,ACE,1,0.0,0.0
multiple_runs_NB_HighThreat_2_20260407_101013.csv,multiple_runs_NB_HighThreat_2_20260407_101013.csv,NB,ACE,2,0.0,0.0
multiple_runs_NB_HighThreat_2_20260407_101013.csv,multiple_runs_NB_HighThreat_2_20260407_101013.csv,NB,ACE,3,0.0,0.0
multiple_runs_NB_HighThreat_2_20260407_101013.csv,multiple_runs_NB_HighThreat_2_20260407_101013.csv,NB,ACE,4,0.0,0.0
multiple_runs_NB_HighThreat_2_20260407_101013.csv,multiple_runs_NB_HighThreat_2_20260407_101013.csv,NB,ACE,5,0.0,0.0
multiple_runs_NB_HighThreat_2_20260407_101013.csv,multiple_runs_NB_HighThreat_2_20260407_101013.csv,NB,ACE,6,0.0,0.0
multiple_runs_NB_HighThreat_2_20260407_101013.csv,multiple_runs_NB_HighThreat_2_20260407_101013.csv,NB,ACE,7,0.0,0.0
multiple_runs_NB_HighThreat_2_20260407_101013.csv,multiple_runs_NB_HighThreat_2_20260407_101013.csv,NB,ACE,8,0.0,0.0
multiple_runs_NB_HighThreat_2_20260407_101013.csv,multiple_runs_NB_HighThreat_2_20260407_101013.csv,NB,ACE,9,0.0,0.0
multiple_runs_NB_HighThreat_2_20260407_101013.csv,multiple_runs_NB_HighThreat_2_20260407_101013.csv,NB,ACE,10,0.0,0.0
multiple_runs_NB_HighThreat_2_20260407_101013.csv,multiple_runs_NB_HighThreat_2_20260407_101013.csv,NB,ACE,11,0.0,0.0
multiple_runs_NB_HighThreat_2_20260407_101013.csv,multiple_runs_NB_HighThreat_2_20260407_101013.csv,NB,ACE,12,0.0,0.0
multiple_runs_NB_HighThreat_2_20260407_101013.csv,multiple_runs_NB_HighThreat_2_20260407_101013.csv,NB,ACE,13,0.0,0.0
multiple_runs_NB_HighThreat_2_20260407_101013.csv,multiple_runs_NB_HighThreat_2_20260407_101013.csv,NB,ACE,14,0.0,0.0
multiple_runs_NB_HighThreat_2_20260407_101013.csv,multiple_runs_NB_HighThreat_2_20260407_101013.csv,NB,ACE,15,0.0,0.0
multiple_runs_NB_HighThreat_2_20260407_101013.csv,multiple_runs_NB_HighThreat_2_20260407_101013.csv,NB,ACE,16,0.0,0.0
multiple_runs_NB_HighThreat_2_20260407_101013.csv,multiple_runs_NB_HighThreat_2_20260407_101013.csv,NB,ACE,17,0.0,0.0
multiple_runs_NB_HighThreat_2_20260407_101013.csv,multiple_runs_NB_HighThreat_2_20260407_101013.csv,NB,ACE,18,0.0,0.0
multiple_runs_NB_HighThreat_2_20260407_101013.csv,multiple_runs_NB_HighThreat_2_20260407_101013.csv,NB,ACE,19,0.0,0.0
multiple_runs_NB_HighThreat_2_20260407_101013.csv,multiple_runs_NB_HighThreat_2_20260407_101013.csv,NB,ACE,20,0.0,0.0
multiple_runs_NB_HighThreat_2_20260407_101013.csv,multiple_runs_NB_HighThreat_2_20260407_101013.csv,NB,ACE,21,0.0,0.0
multiple_runs_NB_HighThreat_2_20260407_101013.csv,multiple_runs_NB_HighThreat_2_20260407_101013.csv,NB,ACE,22,0.0,0.0
multiple_runs_NB_HighThreat_2_20260407_101013.csv,multiple_runs_NB_HighThreat_2_20260407_101013.csv,NB,ACE,23,0.0,0.0
multiple_runs_NB_HighThreat_2_20260407_101013.csv,multiple_runs_NB_HighThreat_2_20260407_101013.csv,NB,ACE,24,0.0,0.0
multiple_runs_NB_HighThreat_2_20260407_101013.csv,multiple_runs_NB_HighThreat_2_20260407_101013.csv,NB,ACE,25,0.0,0.0
multiple_runs_NB_HighThreat_2_20260407_101013.csv,multiple_runs_NB_HighThreat_2_20260407_101013.csv,NB,ACE,26,0.0,0.0
multiple_runs_NB_HighThreat_2_20260407_101013.csv,multiple_runs_NB_HighThreat_2_20260407_101013.csv,NB,ACE,27,0.0,0.0
multiple_runs_NB_HighThreat_2_20260407_101013.csv,multiple_runs_NB_HighThreat_2_20260407_101013.csv,NB,ACE,28,0.0,0.0
multiple_runs_NB_HighThreat_2_20260407_101013.csv,multiple_runs_NB_HighThreat_2_20260407_101013.csv,NB,ACE,29,0.0,0.0
multiple_runs_NB_HighThreat_2_20260407_101013.csv,multiple_runs_NB_HighThreat_2_20260407_101013.csv,NB,ACE,30,0.0,0.0
multiple_runs_NB_HighThreat_2_20260407_101013.csv,multiple_runs_NB_HighThreat_2_20260407_101013.csv,NB,ACE,31,0.0,0.0
multiple_runs_NB_HighThreat_2_20260407_101013.csv,multiple_runs_NB_HighThreat_2_20260407_101013.csv,NB,ACE,32,0.0,0.0
multiple_runs_NB_HighThreat_2_20260407_101013.csv,multiple_runs_NB_HighThreat_2_20260407_101013.csv,NB,ACE,33,0.0,0.0
multiple_runs_NB_HighThreat_2_20260407_101013.csv,multiple_runs_NB_HighThreat_2_20260407_101013.csv,NB,ACE,34,0.0,0.0
multiple_runs_NB_HighThreat_2_20260407_101013.csv,multiple_runs_NB_HighThreat_2_20260407_101013.csv,NB,ACE,35,0.0,0.0
multiple_runs_NB_HighThreat_2_20260407_101013.csv,multiple_runs_NB_HighThreat_2_20260407_101013.csv,NB,ACE,36,0.0,0.0
multiple_runs_NB_HighThreat_2_20260407_101013.csv,multiple_runs_NB_HighThreat_2_20260407_101013.csv,NB,ACE,37,0.0,0.0
multiple_runs_NB_HighThreat_2_20260407_101013.csv,multiple_runs_NB_HighThreat_2_20260407_101013.csv,NB,ACE,38,0.0,0.0
multiple_runs_NB_HighThreat_2_20260407_101013.csv,multiple_runs_NB_HighThreat_2_20260407_101013.csv,NB,ACE,39,0.0,0.0
multiple_runs_NB_HighThreat_2_20260407_101013.csv,multiple_runs_NB_HighThreat_2_20260407_101013.csv,NB,ACE,40,0.0,0.0
multiple_runs_NB_HighThreat_2_20260407_101013.csv,multiple_runs_NB_HighThreat_2_20260407_101013.csv,NB,ACE,41,0.0,0.0
multiple_runs_NB_HighThreat_2_20260407_101013.csv,multiple_runs_NB_HighThreat_2_20260407_101013.csv,NB,ACE,42,0.0,0.0
multiple_runs_NB_HighThreat_2_20260407_101013.csv,multiple_runs_NB_HighThreat_2_20260407_101013.csv,NB,ACE,43,0.0,0.0
multiple_runs_NB_HighThreat_2_20260407_101013.csv,multiple_runs_NB_HighThreat_2_20260407_101013.csv,NB,ACE,44,0.0,0.0
multiple_runs_NB_HighThreat_2_20260407_101013.csv,multiple_runs_NB_HighThreat_2_20260407_101013.csv,NB,ACE,45,0.0,0.0
multiple_runs_NB_HighThreat_2_20260407_101013.csv,multiple_runs_NB_HighThreat_2_20260407_101013.csv,NB,ACE,46,0.0,0.0
multiple_runs_NB_HighThreat_2_20260407_101013.csv,multiple_runs_NB_HighThreat_2_20260407_101013.csv,NB,ACE,47,0.0,0.0
multiple_runs_NB_HighThreat_2_20260407_101013.csv,multiple_runs_NB_HighThreat_2_20260407_101013.csv,NB,ACE,48,0.0,0.0
multiple_runs_NB_HighThreat_2_20260407_101013.csv,multiple_runs_NB_HighThreat_2_20260407_101013.csv,NB,ACE,49,0.0,0.0
multiple_runs_NB_HighThreat_2_20260407_101013.csv,multiple_runs_NB_HighThreat_2_20260407_101013.csv,NB,ACE,50,0.0,0.0
multiple_runs_NB_HighThreat_2_20260407_101013.csv,multiple_runs_NB_HighThreat_2_20260407_101013.csv,NB,ACE,51,0.0,0.0
multiple_runs_NB_HighThreat_2_20260407_101013.csv,multiple_runs_NB_HighThreat_2_20260407_101013.csv,NB,ACE,52,0.0,0.0
multiple_runs_NB_HighThreat_2_20260407_101013.csv,multiple_runs_NB_HighThreat_2_20260407_101013.csv,NB,ACE,53,0.0,0.0
multiple_runs_NB_HighThreat_2_20260407_101013.csv,multiple_runs_NB_HighThreat_2_20260407_101013.csv,NB,ACE,54,0.0,0.0
multiple_runs_NB_HighThreat_2_20260407_101013.csv,multiple_runs_NB_HighThreat_2_20260407_101013.csv,NB,ACE,55,0.0,0.0
multiple_runs_NB_HighThreat_2_20260407_101013.csv,multiple_runs_NB_HighThreat_2_20260407_101013.csv,NB,ACE,56,0.0,0.0
multiple_runs_NB_HighThreat_2_20260407_101013.csv,multiple_runs_NB_HighThreat_2_20260407_101013.csv,NB,ACE,57,0.0,0.0
multiple_runs_NB_HighThreat_2_20260407_101013.csv,multiple_runs_NB_HighThreat_2_20260407_101013.csv,NB,ACE,58,0.0,0.0
multiple_runs_NB_HighThreat_2_20260407_101013.csv,multiple_runs_NB_HighThreat_2_20260407_101013.csv,NB,ACE,59,0.0,0.0
multiple_runs_NB_HighThreat_2_20260407_101013.csv,multiple_runs_NB_HighThreat_2_20260407_101013.csv,NB,ACE,60,0.0,0.0
multiple_runs_NB_HighThreat_2_20260407_101013.csv,multiple_runs_NB_HighThreat_2_20260407_101013.csv,NB,ACE,61,0.0,0.0
multiple_runs_NB_HighThreat_2_20260407_101013.csv,multiple_runs_NB_HighThreat_2_20260407_101013.csv,NB,ACE,62,0.0,0.0
multiple_runs_NB_HighThreat_2_20260407_101013.csv,multiple_runs_NB_HighThreat_2_20260407_101013.csv,NB,ACE,63,0.0,0.0
multiple_runs_NB_HighThreat_2_20260407_101013.csv,multiple_runs_NB_HighThreat_2_20260407_101013.csv,NB,ACE,64,0.0,0.0
multiple_runs_NB_HighThreat_2_20260407_101013.csv,multiple_runs_NB_HighThreat_2_20260407_101013.csv,NB,ACE,65,0.0,0.0
multiple_runs_NB_HighThreat_2_20260407_101013.csv,multiple_runs_NB_HighThreat_2_20260407_101013.csv,NB,ACE,66,0.0,0.0
multiple_runs_NB_HighThreat_2_20260407_101013.csv,multiple_runs_NB_HighThreat_2_20260407_101013.csv,NB,ACE,67,0.0,0.0
multiple_runs_NB_HighThreat_2_20260407_101013.csv,multiple_runs_NB_HighThreat_2_20260407_101013.csv,NB,ACE,68,0.0,0.0
multiple_runs_NB_HighThreat_2_20260407_101013.csv,multiple_runs_NB_HighThreat_2_20260407_101013.csv,NB,ACE,69,0.0,0.0
multiple_runs_NB_HighThreat_2_20260407_101013.csv,multiple_runs_NB_HighThreat_2_20260407_101013.csv,NB,ACE,70,0.0,0.0
multiple_runs_NB_HighThreat_2_20260407_101013.csv,multiple_runs_NB_HighThreat_2_20260407_101013.csv,NB,ACE,71,0.0,0.0
multiple_runs_NB_HighThreat_2_20260407_101013.csv,multiple_runs_NB_HighThreat_2_20260407_101013.csv,NB,ACE,72,0.0,0.0
multiple_runs_NB_HighThreat_2_20260407_101013.csv,multiple_runs_NB_HighThreat_2_20260407_101013.csv,NB,ACE,73,0.0,0.0
multiple_runs_NB_HighThreat_2_20260407_101013.csv,multiple_runs_NB_HighThreat_2_20260407_101013.csv,NB,ACE,74,0.0,0.0
multiple_runs_NB_HighThreat_2_20260407_101013.csv,multiple_runs_NB_HighThreat_2_20260407_101013.csv,NB,ACE,75,0.0,0.0
multiple_runs_NB_HighThreat_2_20260407_101013.csv,multiple_runs_NB_HighThreat_2_20260407_101013.csv,NB,ACE,76,0.0,0.0
multiple_runs_NB_HighThreat_2_20260407_101013.csv,multiple_runs_NB_HighThreat_2_20260407_101013.csv,NB,ACE,77,0.0,0.0
multiple_runs_NB_HighThreat_2_20260407_101013.csv,multiple_runs_NB_HighThreat_2_20260407_101013.csv,NB,ACE,78,0.0,0.0
multiple_runs_NB_HighThreat_2_20260407_101013.csv,multiple_runs_NB_HighThreat_2_20260407_101013.csv,NB,ACE,79,0.0,0.0
multiple_runs_NB_HighThreat_2_20260407_101013.csv,multiple_runs_NB_HighThreat_2_20260407_101013.csv,NB,ACE,80,0.0,0.0
multiple_runs_NB_HighThreat_2_20260407_101013.csv,multiple_runs_NB_HighThreat_2_20260407_101013.csv,NB,ACE,81,0.0,0.0
multiple_runs_NB_HighThreat_2_20260407_101013.csv,multiple_runs_NB_HighThreat_2_20260407_101013.csv,NB,ACE,82,0.0,0.0
multiple_runs_NB_HighThreat_2_20260407_101013.csv,multiple_runs_NB_HighThreat_2_20260407_101013.csv,NB,ACE,83,0.0,0.0
multiple_runs_NB_HighThreat_2_20260407_101013.csv,multiple_runs_NB_HighThreat_2_20260407_101013.csv,NB,ACE,84,0.0,0.0
multiple_runs_NB_HighThreat_2_20260407_101013.csv,multiple_runs_NB_HighThreat_2_20260407_101013.csv,NB,ACE,85,0.0,0.0
multiple_runs_NB_HighThreat_2_20260407_101013.csv,multiple_runs_NB_HighThreat_2_20260407_101013.csv,NB,ACE,86,0.0,0.0
multiple_runs_NB_HighThreat_2_20260407_101013.csv,multiple_runs_NB_HighThreat_2_20260407_101013.csv,NB,ACE,87,0.0,0.0
multiple_runs_NB_HighThreat_2_20260407_101013.csv,multiple_runs_NB_HighThreat_2_20260407_101013.csv,NB,ACE,88,0.0,0.0
multiple_runs_NB_HighThreat_2_20260407_101013.csv,multiple_runs_NB_HighThreat_2_20260407_101013.csv,NB,ACE,89,0.0,0.0
multiple_runs_NB_HighThreat_2_20260407_101013.csv,multiple_runs_NB_HighThreat_2_20260407_101013.csv,NB,ACE,90,0.0,0.0
multiple_runs_NB_HighThreat_2_20260407_101013.csv,multiple_runs_NB_HighThreat_2_20260407_101013.csv,NB,ACE,91,0.0,0.0
multiple_runs_NB_HighThreat_2_20260407_101013.csv,multiple_runs_NB_HighThreat_2_20260407_101013.csv,NB,ACE,92,0.0,0.0
multiple_runs_NB_HighThreat_2_20260407_101013.csv,multiple_runs_NB_HighThreat_2_20260407_101013.csv,NB,ACE,93,0.0,0.0
multiple_runs_NB_HighThreat_2_20260407_101013.csv,multiple_runs_NB_HighThreat_2_20260407_101013.csv,NB,ACE,94,0.0,0.0
multiple_runs_NB_HighThreat_2_20260407_101013.csv,multiple_runs_NB_HighThreat_2_20260407_101013.csv,NB,ACE,95,0.0,0.0
multiple_runs_NB_HighThreat_2_20260407_101013.csv,multiple_runs_NB_HighThreat_2_20260407_101013.csv,NB,ACE,96,0.0,0.0
multiple_runs_NB_HighThreat_2_20260407_101013.csv,multiple_runs_NB_HighThreat_2_20260407_101013.csv,NB,ACE,97,0.0,0.0
multiple_runs_NB_HighThreat_2_20260407_101013.csv,multiple_runs_NB_HighThreat_2_20260407_101013.csv,NB,ACE,98,0.0,0.0
multiple_runs_NB_HighThreat_2_20260407_101013.csv,multiple_runs_NB_HighThreat_2_20260407_101013.csv,NB,ACE,99,0.0,0.0
multiple_runs_NB_HighThreat_2_20260407_101013.csv,multiple_runs_NB_HighThreat_2_20260407_101013.csv,NB,ACE,100,0.0,0.0
multiple_runs_NB_HighThreat_2_20260407_101013.csv,multiple_runs_NB_HighThreat_2_20260407_101013.csv,NB,ACE,101,0.0,0.0
multiple_runs_NB_HighThreat_2_20260407_101013.csv,multiple_runs_NB_HighThreat_2_20260407_101013.csv,NB,ACE,102,0.0,0.0
multiple_runs_NB_HighThreat_2_20260407_101013.csv,multiple_runs_NB_HighThreat_2_20260407_101013.csv,NB,ACE,103,0.0,0.0
multiple_runs_NB_HighThreat_2_20260407_101013.csv,multiple_runs_NB_HighThreat_2_20260407_101013.csv,NB,ACE,104,0.0,0.0
multiple_runs_NB_HighThreat_2_20260407_101013.csv,multiple_runs_NB_HighThreat_2_20260407_101013.csv,NB,ACE,105,0.0,0.0
multiple_runs_NB_HighThreat_2_20260407_101013.csv,multiple_runs_NB_HighThreat_2_20260407_101013.csv,NB,ACE,106,0.0,0.0
multiple_runs_NB_HighThreat_2_20260407_101013.csv,multiple_runs_NB_HighThreat_2_20260407_101013.csv,NB,ACE,107,0.0,0.0
multiple_runs_NB_HighThreat_2_20260407_101013.csv,multiple_runs_NB_HighThreat_2_20260407_101013.csv,NB,ACE,108,0.0,0.0
multiple_runs_NB_HighThreat_2_20260407_101013.csv,multiple_runs_NB_HighThreat_2_20260407_101013.csv,NB,ACE,109,0.0,0.0
multiple_runs_NB_HighThreat_2_20260407_101013.csv,multiple_runs_NB_HighThreat_2_20260407_101013.csv,NB,ACE,110,0.0,0.0
multiple_runs_NB_HighThreat_2_20260407_101013.csv,multiple_runs_NB_HighThreat_2_20260407_101013.csv,NB,ACE,111,0.0,0.0
multiple_runs_NB_HighThreat_2_20260407_101013.csv,multiple_runs_NB_HighThreat_2_20260407_101013.csv,NB,ACE,112,0.0,0.0
multiple_runs_NB_HighThreat_2_20260407_101013.csv,multiple_runs_NB_HighThreat_2_20260407_101013.csv,NB,ACE,113,0.0,0.0
multiple_runs_NB_HighThreat_2_20260407_101013.csv,multiple_runs_NB_HighThreat_2_20260407_101013.csv,NB,ACE,114,0.0,0.0
multiple_runs_NB_HighThreat_2_20260407_101013.csv,multiple_runs_NB_HighThreat_2_20260407_101013.csv,NB,ACE,115,0.0,0.0
multiple_runs_NB_HighThreat_2_20260407_101013.csv,multiple_runs_NB_HighThreat_2_20260407_101013.csv,NB,ACE,116,0.0,0.0
multiple_runs_NB_HighThreat_2_20260407_101013.csv,multiple_runs_NB_HighThreat_2_20260407_101013.csv,NB,ACE,117,0.0,0.0
multiple_runs_NB_HighThreat_2_20260407_101013.csv,multiple_runs_NB_HighThreat_2_20260407_101013.csv,NB,ACE,118,0.0,0.0
multiple_runs_NB_HighThreat_2_20260407_101013.csv,multiple_runs_NB_HighThreat_2_20260407_101013.csv,NB,ACE,119,0.0,0.0
multiple_runs_NB_HighThreat_2_20260407_101013.csv,multiple_runs_NB_HighThreat_2_20260407_101013.csv,NB,ACE,120,0.0,0.0
multiple_runs_NB_HighThreat_2_20260407_101013.csv,multiple_runs_NB_HighThreat_2_20260407_101013.csv,NB,ACE,121,0.0,0.0
multiple_runs_NB_HighThreat_2_20260407_101013.csv,multiple_runs_NB_HighThreat_2_20260407_101013.csv,NB,ACE,122,0.0,0.0
multiple_runs_NB_HighThreat_2_20260407_101013.csv,multiple_runs_NB_HighThreat_2_20260407_101013.csv,NB,ACE,123,0.0,0.0
multiple_runs_NB_HighThreat_2_20260407_101013.csv,multiple_runs_NB_HighThreat_2_20260407_101013.csv,NB,ACE,124,0.0,0.0
multiple_runs_NB_HighThreat_2_20260407_101013.csv,multiple_runs_NB_HighThreat_2_20260407_101013.csv,NB,ACE,125,0.0,0.0
multiple_runs_NB_HighThreat_2_20260407_101013.csv,multiple_runs_NB_HighThreat_2_20260407_101013.csv,NB,ACE,126,0.0,0.0
multiple_runs_NB_HighThreat_2_20260407_101013.csv,multiple_runs_NB_HighThreat_2_20260407_101013.csv,NB,ACE,127,0.0,0.0
multiple_runs_NB_HighThreat_2_20260407_101013.csv,multiple_runs_NB_HighThreat_2_20260407_101013.csv,NB,ACE,128,0.0,0.0
multiple_runs_NB_HighThreat_2_20260407_101013.csv,multiple_runs_NB_HighThreat_2_20260407_101013.csv,NB,ACE,129,0.0,0.0
multiple_runs_NB_HighThreat_2_20260407_101013.csv,multiple_runs_NB_HighThreat_2_20260407_101013.csv,NB,ACE,130,0.0,0.0
multiple_runs_NB_HighThreat_2_20260407_101013.csv,multiple_runs_NB_HighThreat_2_20260407_101013.csv,NB,ACE,131,0.0,0.0
multiple_runs_NB_HighThreat_2_20260407_101013.csv,multiple_runs_NB_HighThreat_2_20260407_101013.csv,NB,ACE,132,0.0,0.0
multiple_runs_NB_HighThreat_2_20260407_101013.csv,multiple_runs_NB_HighThreat_2_20260407_101013.csv,NB,ACE,133,0.0,0.0
multiple_runs_NB_HighThreat_2_20260407_101013.csv,multiple_runs_NB_HighThreat_2_20260407_101013.csv,NB,ACE,134,0.0,0.0
multiple_runs_NB_HighThreat_2_20260407_101013.csv,multiple_runs_NB_HighThreat_2_20260407_101013.csv,NB,ACE,135,0.0,0.0
multiple_runs_NB_HighThreat_2_20260407_101013.csv,multiple_runs_NB_HighThreat_2_20260407_101013.csv,NB,ACE,136,0.0,0.0
multiple_runs_NB_HighThreat_2_20260407_101013.csv,multiple_runs_NB_HighThreat_2_20260407_101013.csv,NB,ACE,137,0.0,0.0
multiple_runs_NB_HighThreat_2_20260407_101013.csv,multiple_runs_NB_HighThreat_2_20260407_101013.csv,NB,ACE,138,0.0,0.0
multiple_runs_NB_HighThreat_2_20260407_101013.csv,multiple_runs_NB_HighThreat_2_20260407_101013.csv,NB,ACE,139,0.0,0.0
multiple_runs_NB_HighThreat_2_20260407_101013.csv,multiple_runs_NB_HighThreat_2_20260407_101013.csv,NB,ACE,140,0.0,0.0
multiple_runs_NB_HighThreat_2_20260407_101013.csv,multiple_runs_NB_HighThreat_2_20260407_101013.csv,NB,ACE,141,0.0,0.0
multiple_runs_NB_HighThreat_2_20260407_101013.csv,multiple_runs_NB_HighThreat_2_20260407_101013.csv,NB,ACE,142,0.0,0.0
multiple_runs_NB_HighThreat_2_20260407_101013.csv,multiple_runs_NB_HighThreat_2_20260407_101013.csv,NB,ACE,143,0.0,0.0
multiple_runs_NB_HighThreat_2_20260407_101013.csv,multiple_runs_NB_HighThreat_2_20260407_101013.csv,NB,ACE,144,0.0,0.0
multiple_runs_NB_HighThreat_2_20260407_101013.csv,multiple_runs_NB_HighThreat_2_20260407_101013.csv,NB,ACE,145,0.0,0.0
multiple_runs_NB_HighThreat_2_20260407_101013.csv,multiple_runs_NB_HighThreat_2_20260407_101013.csv,NB,ACE,146,0.0,0.0
multiple_runs_NB_HighThreat_2_20260407_101013.csv,multiple_runs_NB_HighThreat_2_20260407_101013.csv,NB,ACE,147,0.0,0.0
multiple_runs_NB_HighThreat_2_20260407_101013.csv,multiple_runs_NB_HighThreat_2_20260407_101013.csv,NB,ACE,148,0.0,0.0
multiple_runs_NB_HighThreat_2_20260407_101013.csv,multiple_runs_NB_HighThreat_2_20260407_101013.csv,NB,ACE,149,0.0,0.0
multiple_runs_NB_HighThreat_2_20260407_101013.csv,multiple_runs_NB_HighThreat_2_20260407_101013.csv,NB,ACE,150,0.0,0.0
multiple_runs_NB_HighThreat_2_20260407_101013.csv,multiple_runs_NB_HighThreat_2_20260407_101013.csv,NB,ACE,151,0.0,0.0
multiple_runs_NB_HighThreat_2_20260407_101013.csv,multiple_runs_NB_HighThreat_2_20260407_101013.csv,NB,ACE,152,0.0,0.0
multiple_runs_NB_HighThreat_2_20260407_101013.csv,multiple_runs_NB_HighThreat_2_20260407_101013.csv,NB,ACE,153,0.0,0.0
multiple_runs_NB_HighThreat_2_20260407_101013.csv,multiple_runs_NB_HighThreat_2_20260407_101013.csv,NB,ACE,154,0.0,0.0
multiple_runs_NB_HighThreat_2_20260407_101013.csv,multiple_runs_NB_HighThreat_2_20260407_101013.csv,NB,ACE,155,0.0,0.0
multiple_runs_NB_HighThreat_2_20260407_101013.csv,multiple_runs_NB_HighThreat_2_20260407_101013.csv,NB,ACE,156,0.0,0.0
multiple_runs_NB_HighThreat_2_20260407_101013.csv,multiple_runs_NB_HighThreat_2_20260407_101013.csv,NB,ACE,157,0.0,0.0
multiple_runs_NB_HighThreat_2_20260407_101013.csv,multiple_runs_NB_HighThreat_2_20260407_101013.csv,NB,ACE,158,0.0,0.0
multiple_runs_NB_HighThreat_2_20260407_101013.csv,multiple_runs_NB_HighThreat_2_20260407_101013.csv,NB,ACE,159,0.0,0.0
multiple_runs_NB_HighThreat_2_20260407_101013.csv,multiple_runs_NB_HighThreat_2_20260407_101013.csv,NB,ACE,160,0.0,0.0
multiple_runs_NB_HighThreat_2_20260407_101013.csv,multiple_runs_NB_HighThreat_2_20260407_101013.csv,NB,ACE,161,0.0,0.0
multiple_runs_NB_HighThreat_2_20260407_101013.csv,multiple_runs_NB_HighThreat_2_20260407_101013.csv,NB,ACE,162,0.0,0.0
multiple_runs_NB_HighThreat_2_20260407_101013.csv,multiple_runs_NB_HighThreat_2_20260407_101013.csv,NB,ACE,163,0.0,0.0
multiple_runs_NB_HighThreat_2_20260407_101013.csv,multiple_runs_NB_HighThreat_2_20260407_101013.csv,NB,ACE,164,0.0,0.0
multiple_runs_NB_HighThreat_2_20260407_101013.csv,multiple_runs_NB_HighThreat_2_20260407_101013.csv,NB,ACE,165,0.0,0.0
multiple_runs_NB_HighThreat_2_20260407_101013.csv,multiple_runs_NB_HighThreat_2_20260407_101013.csv,NB,ACE,166,0.0,0.0
multiple_runs_NB_HighThreat_2_20260407_101013.csv,multiple_runs_NB_HighThreat_2_20260407_101013.csv,NB,ACE,167,0.0,0.0
multiple_runs_NB_HighThreat_2_20260407_101013.csv,multiple_runs_NB_HighThreat_2_20260407_101013.csv,NB,ACE,168,0.0,0.0
multiple_runs_NB_HighThreat_2_20260407_101013.csv,multiple_runs_NB_HighThreat_2_20260407_101013.csv,NB,ACE,169,0.0,0.0
multiple_runs_NB_HighThreat_2_20260407_101013.csv,multiple_runs_NB_HighThreat_2_20260407_101013.csv,NB,ACE,170,0.0,0.0
multiple_runs_NB_HighThreat_2_20260407_101013.csv,multiple_runs_NB_HighThreat_2_20260407_101013.csv,NB,ACE,171,0.0,0.0
multiple_runs_NB_HighThreat_2_20260407_101013.csv,multiple_runs_NB_HighThreat_2_20260407_101013.csv,NB,ACE,172,0.0,0.0
multiple_runs_NB_HighThreat_2_20260407_101013.csv,multiple_runs_NB_HighThreat_2_20260407_101013.csv,NB,ACE,173,0.0,0.0
multiple_runs_NB_HighThreat_2_20260407_101013.csv,multiple_runs_NB_HighThreat_2_20260407_101013.csv,NB,ACE,174,0.0,0.0
multiple_runs_NB_HighThreat_2_20260407_101013.csv,multiple_runs_NB_HighThreat_2_20260407_101013.csv,NB,ACE,175,0.0,0.0
multiple_runs_NB_HighThreat_2_20260407_101013.csv,multiple_runs_NB_HighThreat_2_20260407_101013.csv,NB,ACE,176,0.0,0.0
multiple_runs_NB_HighThreat_2_20260407_101013.csv,multiple_runs_NB_HighThreat_2_20260407_101013.csv,NB,ACE,177,0.0,0.0
multiple_runs_NB_HighThreat_2_20260407_101013.csv,multiple_runs_NB_HighThreat_2_20260407_101013.csv,NB,ACE,178,0.0,0.0
multiple_runs_NB_HighThreat_2_20260407_101013.csv,multiple_runs_NB_HighThreat_2_20260407_101013.csv,NB,ACE,179,0.0,0.0
multiple_runs_NB_HighThreat_2_20260407_101013.csv,multiple_runs_NB_HighThreat_2_20260407_101013.csv,NB,ACE,180,0.0,0.0
multiple_runs_NB_HighThreat_2_20260407_101013.csv,multiple_runs_NB_HighThreat_2_20260407_101013.csv,NB,ACE,181,0.0,0.0
multiple_runs_NB_HighThreat_2_20260407_101013.csv,multiple_runs_NB_HighThreat_2_20260407_101013.csv,NB,ACE,182,0.0,0.0
multiple_runs_NB_HighThreat_2_20260407_101013.csv,multiple_runs_NB_HighThreat_2_20260407_101013.csv,NB,ACE,183,0.0,0.0
multiple_runs_NB_HighThreat_2_20260407_101013.csv,multiple_runs_NB_HighThreat_2_20260407_101013.csv,NB,ACE,184,0.0,0.0
multiple_runs_NB_HighThreat_2_20260407_101013.csv,multiple_runs_NB_HighThreat_2_20260407_101013.csv,NB,ACE,185,0.0,0.0
multiple_runs_NB_HighThreat_2_20260407_101013.csv,multiple_runs_NB_HighThreat_2_20260407_101013.csv,NB,ACE,186,0.0,0.0
multiple_runs_NB_HighThreat_2_20260407_101013.csv,multiple_runs_NB_HighThreat_2_20260407_101013.csv,NB,ACE,187,0.0,0.0
multiple_runs_NB_HighThreat_2_20260407_101013.csv,multiple_runs_NB_HighThreat_2_20260407_101013.csv,NB,ACE,188,0.0,0.0
multiple_runs_NB_HighThreat_2_20260407_101013.csv,multiple_runs_NB_HighThreat_2_20260407_101013.csv,NB,ACE,189,0.0,0.0
multiple_runs_NB_HighThreat_2_20260407_101013.csv,multiple_runs_NB_HighThreat_2_20260407_101013.csv,NB,ACE,190,0.0,0.0
multiple_runs_NB_HighThreat_2_20260407_101013.csv,multiple_runs_NB_HighThreat_2_20260407_101013.csv,NB,ACE,191,0.0,0.0
multiple_runs_NB_HighThreat_2_20260407_101013.csv,multiple_runs_NB_HighThreat_2_20260407_101013.csv,NB,ACE,192,0.0,0.0
multiple_runs_NB_HighThreat_2_20260407_101013.csv,multiple_runs_NB_HighThreat_2_20260407_101013.csv,NB,ACE,193,0.0,0.0
multiple_runs_NB_HighThreat_2_20260407_101013.csv,multiple_runs_NB_HighThreat_2_20260407_101013.csv,NB,ACE,194,0.0,0.0
multiple_runs_NB_HighThreat_2_20260407_101013.csv,multiple_runs_NB_HighThreat_2_20260407_101013.csv,NB,ACE,195,0.0,0.0
multiple_runs_NB_HighThreat_2_20260407_101013.csv,multiple_runs_NB_HighThreat_2_20260407_101013.csv,NB,ACE,196,0.0,0.0
multiple_runs_NB_HighThreat_2_20260407_101013.csv,multiple_runs_NB_HighThreat_2_20260407_101013.csv,NB,ACE,197,0.0,0.0
multiple_runs_NB_HighThreat_2_20260407_101013.csv,multiple_runs_NB_HighThreat_2_20260407_101013.csv,NB,ACE,198,0.0,0.0
multiple_runs_NB_HighThreat_2_20260407_101013.csv,multiple_runs_NB_HighThreat_2_20260407_101013.csv,NB,ACE,199,0.0,0.0
multiple_runs_NB_HighThreat_2_20260407_101013.csv,multiple_runs_NB_HighThreat_2_20260407_101013.csv,NB,ACE,200,0.0,0.0
multiple_runs_NB_LowThreat_2_20260407_130133.csv,multiple_runs_NB_LowThreat_2_20260407_130133.csv,NB,No ACE,1,0.0,0.0
multiple_runs_NB_LowThreat_2_20260407_130133.csv,multiple_runs_NB_LowThreat_2_20260407_130133.csv,NB,No ACE,2,0.0,0.0
multiple_runs_NB_LowThreat_2_20260407_130133.csv,multiple_runs_NB_LowThreat_2_20260407_130133.csv,NB,No ACE,3,0.0,0.0
multiple_runs_NB_LowThreat_2_20260407_130133.csv,multiple_runs_NB_LowThreat_2_20260407_130133.csv,NB,No ACE,4,0.0,0.0
multiple_runs_NB_LowThreat_2_20260407_130133.csv,multiple_runs_NB_LowThreat_2_20260407_130133.csv,NB,No ACE,5,0.0,0.0
multiple_runs_NB_LowThreat_2_20260407_130133.csv,multiple_runs_NB_LowThreat_2_20260407_130133.csv,NB,No ACE,6,0.0,0.0
multiple_runs_NB_LowThreat_2_20260407_130133.csv,multiple_runs_NB_LowThreat_2_20260407_130133.csv,NB,No ACE,7,0.0,0.0
multiple_runs_NB_LowThreat_2_20260407_130133.csv,multiple_runs_NB_LowThreat_2_20260407_130133.csv,NB,No ACE,8,0.0,0.0
multiple_runs_NB_LowThreat_2_20260407_130133.csv,multiple_runs_NB_LowThreat_2_20260407_130133.csv,NB,No ACE,9,0.0,0.0
multiple_runs_NB_LowThreat_2_20260407_130133.csv,multiple_runs_NB_LowThreat_2_20260407_130133.csv,NB,No ACE,10,0.0,0.0
multiple_runs_NB_LowThreat_2_20260407_130133.csv,multiple_runs_NB_LowThreat_2_20260407_130133.csv,NB,No ACE,11,0.0,0.0
multiple_runs_NB_LowThreat_2_20260407_130133.csv,multiple_runs_NB_LowThreat_2_20260407_130133.csv,NB,No ACE,12,0.0,0.0
multiple_runs_NB_LowThreat_2_20260407_130133.csv,multiple_runs_NB_LowThreat_2_20260407_130133.csv,NB,No ACE,13,0.0,0.0
multiple_runs_NB_LowThreat_2_20260407_130133.csv,multiple_runs_NB_LowThreat_2_20260407_130133.csv,NB,No ACE,14,0.0,0.0
multiple_runs_NB_LowThreat_2_20260407_130133.csv,multiple_runs_NB_LowThreat_2_20260407_130133.csv,NB,No ACE,15,0.0,0.0
multiple_runs_NB_LowThreat_2_20260407_130133.csv,multiple_runs_NB_LowThreat_2_20260407_130133.csv,NB,No ACE,16,0.0,0.0
multiple_runs_NB_LowThreat_2_20260407_130133.csv,multiple_runs_NB_LowThreat_2_20260407_130133.csv,NB,No ACE,17,0.0,0.0
multiple_runs_NB_LowThreat_2_20260407_130133.csv,multiple_runs_NB_LowThreat_2_20260407_130133.csv,NB,No ACE,18,0.0,0.0
multiple_runs_NB_LowThreat_2_20260407_130133.csv,multiple_runs_NB_LowThreat_2_20260407_130133.csv,NB,No ACE,19,0.0,0.0
multiple_runs_NB_LowThreat_2_20260407_130133.csv,multiple_runs_NB_LowThreat_2_20260407_130133.csv,NB,No ACE,20,0.0,0.0
multiple_runs_NB_LowThreat_2_20260407_130133.csv,multiple_runs_NB_LowThreat_2_20260407_130133.csv,NB,No ACE,21,0.0,0.0
multiple_runs_NB_LowThreat_2_20260407_130133.csv,multiple_runs_NB_LowThreat_2_20260407_130133.csv,NB,No ACE,22,0.0,0.0
multiple_runs_NB_LowThreat_2_20260407_130133.csv,multiple_runs_NB_LowThreat_2_20260407_130133.csv,NB,No ACE,23,0.0,0.0
multiple_runs_NB_LowThreat_2_20260407_130133.csv,multiple_runs_NB_LowThreat_2_20260407_130133.csv,NB,No ACE,24,0.0,0.0
multiple_runs_NB_LowThreat_2_20260407_130133.csv,multiple_runs_NB_LowThreat_2_20260407_130133.csv,NB,No ACE,25,0.0,0.0
multiple_runs_NB_LowThreat_2_20260407_130133.csv,multiple_runs_NB_LowThreat_2_20260407_130133.csv,NB,No ACE,26,0.0,0.0
multiple_runs_NB_LowThreat_2_20260407_130133.csv,multiple_runs_NB_LowThreat_2_20260407_130133.csv,NB,No ACE,27,0.0,0.0
multiple_runs_NB_LowThreat_2_20260407_130133.csv,multiple_runs_NB_LowThreat_2_20260407_130133.csv,NB,No ACE,28,0.0,0.0
multiple_runs_NB_LowThreat_2_20260407_130133.csv,multiple_runs_NB_LowThreat_2_20260407_130133.csv,NB,No ACE,29,0.0,0.0
multiple_runs_NB_LowThreat_2_20260407_130133.csv,multiple_runs_NB_LowThreat_2_20260407_130133.csv,NB,No ACE,30,0.0,0.0
multiple_runs_NB_LowThreat_2_20260407_130133.csv,multiple_runs_NB_LowThreat_2_20260407_130133.csv,NB,No ACE,31,0.0,0.0
multiple_runs_NB_LowThreat_2_20260407_130133.csv,multiple_runs_NB_LowThreat_2_20260407_130133.csv,NB,No ACE,32,0.0,0.0
multiple_runs_NB_LowThreat_2_20260407_130133.csv,multiple_runs_NB_LowThreat_2_20260407_130133.csv,NB,No ACE,33,0.0,0.0
multiple_runs_NB_LowThreat_2_20260407_130133.csv,multiple_runs_NB_LowThreat_2_20260407_130133.csv,NB,No ACE,34,0.0,0.0
multiple_runs_NB_LowThreat_2_20260407_130133.csv,multiple_runs_NB_LowThreat_2_20260407_130133.csv,NB,No ACE,35,0.0,0.0
multiple_runs_NB_LowThreat_2_20260407_130133.csv,multiple_runs_NB_LowThreat_2_20260407_130133.csv,NB,No ACE,36,0.0,0.0
multiple_runs_NB_LowThreat_2_20260407_130133.csv,multiple_runs_NB_LowThreat_2_20260407_130133.csv,NB,No ACE,37,0.0,0.0
multiple_runs_NB_LowThreat_2_20260407_130133.csv,multiple_runs_NB_LowThreat_2_20260407_130133.csv,NB,No ACE,38,0.0,0.0
multiple_runs_NB_LowThreat_2_20260407_130133.csv,multiple_runs_NB_LowThreat_2_20260407_130133.csv,NB,No ACE,39,0.0,0.0
multiple_runs_NB_LowThreat_2_20260407_130133.csv,multiple_runs_NB_LowThreat_2_20260407_130133.csv,NB,No ACE,40,0.0,0.0
multiple_runs_NB_LowThreat_2_20260407_130133.csv,multiple_runs_NB_LowThreat_2_20260407_130133.csv,NB,No ACE,41,0.0,0.0
multiple_runs_NB_LowThreat_2_20260407_130133.csv,multiple_runs_NB_LowThreat_2_20260407_130133.csv,NB,No ACE,42,0.0,0.0
multiple_runs_NB_LowThreat_2_20260407_130133.csv,multiple_runs_NB_LowThreat_2_20260407_130133.csv,NB,No ACE,43,0.0,0.0
multiple_runs_NB_LowThreat_2_20260407_130133.csv,multiple_runs_NB_LowThreat_2_20260407_130133.csv,NB,No ACE,44,0.0,0.0
multiple_runs_NB_LowThreat_2_20260407_130133.csv,multiple_runs_NB_LowThreat_2_20260407_130133.csv,NB,No ACE,45,0.0,0.0
multiple_runs_NB_LowThreat_2_20260407_130133.csv,multiple_runs_NB_LowThreat_2_20260407_130133.csv,NB,No ACE,46,0.0,0.0
multiple_runs_NB_LowThreat_2_20260407_130133.csv,multiple_runs_NB_LowThreat_2_20260407_130133.csv,NB,No ACE,47,0.0,0.0
multiple_runs_NB_LowThreat_2_20260407_130133.csv,multiple_runs_NB_LowThreat_2_20260407_130133.csv,NB,No ACE,48,0.0,0.0
multiple_runs_NB_LowThreat_2_20260407_130133.csv,multiple_runs_NB_LowThreat_2_20260407_130133.csv,NB,No ACE,49,0.0,0.0
multiple_runs_NB_LowThreat_2_20260407_130133.csv,multiple_runs_NB_LowThreat_2_20260407_130133.csv,NB,No ACE,50,0.0,0.0
multiple_runs_NB_LowThreat_2_20260407_130133.csv,multiple_runs_NB_LowThreat_2_20260407_130133.csv,NB,No ACE,51,0.0,0.0
multiple_runs_NB_LowThreat_2_20260407_130133.csv,multiple_runs_NB_LowThreat_2_20260407_130133.csv,NB,No ACE,52,0.0,0.0
multiple_runs_NB_LowThreat_2_20260407_130133.csv,multiple_runs_NB_LowThreat_2_20260407_130133.csv,NB,No ACE,53,0.0,0.0
multiple_runs_NB_LowThreat_2_20260407_130133.csv,multiple_runs_NB_LowThreat_2_20260407_130133.csv,NB,No ACE,54,0.0,0.0
multiple_runs_NB_LowThreat_2_20260407_130133.csv,multiple_runs_NB_LowThreat_2_20260407_130133.csv,NB,No ACE,55,0.0,0.0
multiple_runs_NB_LowThreat_2_20260407_130133.csv,multiple_runs_NB_LowThreat_2_20260407_130133.csv,NB,No ACE,56,0.0,0.0
multiple_runs_NB_LowThreat_2_20260407_130133.csv,multiple_runs_NB_LowThreat_2_20260407_130133.csv,NB,No ACE,57,0.0,0.0
multiple_runs_NB_LowThreat_2_20260407_130133.csv,multiple_runs_NB_LowThreat_2_20260407_130133.csv,NB,No ACE,58,0.0,0.0
multiple_runs_NB_LowThreat_2_20260407_130133.csv,multiple_runs_NB_LowThreat_2_20260407_130133.csv,NB,No ACE,59,0.0,0.0
multiple_runs_NB_LowThreat_2_20260407_130133.csv,multiple_runs_NB_LowThreat_2_20260407_130133.csv,NB,No ACE,60,0.0,0.0
multiple_runs_NB_LowThreat_2_20260407_130133.csv,multiple_runs_NB_LowThreat_2_20260407_130133.csv,NB,No ACE,61,0.0,0.0
multiple_runs_NB_LowThreat_2_20260407_130133.csv,multiple_runs_NB_LowThreat_2_20260407_130133.csv,NB,No ACE,62,0.0,0.0
multiple_runs_NB_LowThreat_2_20260407_130133.csv,multiple_runs_NB_LowThreat_2_20260407_130133.csv,NB,No ACE,63,0.0,0.0
multiple_runs_NB_LowThreat_2_20260407_130133.csv,multiple_runs_NB_LowThreat_2_20260407_130133.csv,NB,No ACE,64,0.0,0.0
multiple_runs_NB_LowThreat_2_20260407_130133.csv,multiple_runs_NB_LowThreat_2_20260407_130133.csv,NB,No ACE,65,0.0,0.0
multiple_runs_NB_LowThreat_2_20260407_130133.csv,multiple_runs_NB_LowThreat_2_20260407_130133.csv,NB,No ACE,66,0.0,0.0
multiple_runs_NB_LowThreat_2_20260407_130133.csv,multiple_runs_NB_LowThreat_2_20260407_130133.csv,NB,No ACE,67,0.0,0.0
multiple_runs_NB_LowThreat_2_20260407_130133.csv,multiple_runs_NB_LowThreat_2_20260407_130133.csv,NB,No ACE,68,0.0,0.0
multiple_runs_NB_LowThreat_2_20260407_130133.csv,multiple_runs_NB_LowThreat_2_20260407_130133.csv,NB,No ACE,69,0.0,0.0
multiple_runs_NB_LowThreat_2_20260407_130133.csv,multiple_runs_NB_LowThreat_2_20260407_130133.csv,NB,No ACE,70,0.0,0.0
multiple_runs_NB_LowThreat_2_20260407_130133.csv,multiple_runs_NB_LowThreat_2_20260407_130133.csv,NB,No ACE,71,0.0,0.0
multiple_runs_NB_LowThreat_2_20260407_130133.csv,multiple_runs_NB_LowThreat_2_20260407_130133.csv,NB,No ACE,72,0.0,0.0
multiple_runs_NB_LowThreat_2_20260407_130133.csv,multiple_runs_NB_LowThreat_2_20260407_130133.csv,NB,No ACE,73,0.0,0.0
multiple_runs_NB_LowThreat_2_20260407_130133.csv,multiple_runs_NB_LowThreat_2_20260407_130133.csv,NB,No ACE,74,0.0,0.0
multiple_runs_NB_LowThreat_2_20260407_130133.csv,multiple_runs_NB_LowThreat_2_20260407_130133.csv,NB,No ACE,75,0.0,0.0
multiple_runs_NB_LowThreat_2_20260407_130133.csv,multiple_runs_NB_LowThreat_2_20260407_130133.csv,NB,No ACE,76,0.0,0.0
multiple_runs_NB_LowThreat_2_20260407_130133.csv,multiple_runs_NB_LowThreat_2_20260407_130133.csv,NB,No ACE,77,0.0,0.0
multiple_runs_NB_LowThreat_2_20260407_130133.csv,multiple_runs_NB_LowThreat_2_20260407_130133.csv,NB,No ACE,78,0.0,0.0
multiple_runs_NB_LowThreat_2_20260407_130133.csv,multiple_runs_NB_LowThreat_2_20260407_130133.csv,NB,No ACE,79,0.0,0.0
multiple_runs_NB_LowThreat_2_20260407_130133.csv,multiple_runs_NB_LowThreat_2_20260407_130133.csv,NB,No ACE,80,0.0,0.0
multiple_runs_NB_LowThreat_2_20260407_130133.csv,multiple_runs_NB_LowThreat_2_20260407_130133.csv,NB,No ACE,81,0.0,0.0
multiple_runs_NB_LowThreat_2_20260407_130133.csv,multiple_runs_NB_LowThreat_2_20260407_130133.csv,NB,No ACE,82,0.0,0.0
multiple_runs_NB_LowThreat_2_20260407_130133.csv,multiple_runs_NB_LowThreat_2_20260407_130133.csv,NB,No ACE,83,0.0,0.0
multiple_runs_NB_LowThreat_2_20260407_130133.csv,multiple_runs_NB_LowThreat_2_20260407_130133.csv,NB,No ACE,84,0.0,0.0
multiple_runs_NB_LowThreat_2_20260407_130133.csv,multiple_runs_NB_LowThreat_2_20260407_130133.csv,NB,No ACE,85,0.0,0.0
multiple_runs_NB_LowThreat_2_20260407_130133.csv,multiple_runs_NB_LowThreat_2_20260407_130133.csv,NB,No ACE,86,0.0,0.0
multiple_runs_NB_LowThreat_2_20260407_130133.csv,multiple_runs_NB_LowThreat_2_20260407_130133.csv,NB,No ACE,87,0.0,0.0
multiple_runs_NB_LowThreat_2_20260407_130133.csv,multiple_runs_NB_LowThreat_2_20260407_130133.csv,NB,No ACE,88,0.0,0.0
multiple_runs_NB_LowThreat_2_20260407_130133.csv,multiple_runs_NB_LowThreat_2_20260407_130133.csv,NB,No ACE,89,0.0,0.0
multiple_runs_NB_LowThreat_2_20260407_130133.csv,multiple_runs_NB_LowThreat_2_20260407_130133.csv,NB,No ACE,90,0.0,0.0
multiple_runs_NB_LowThreat_2_20260407_130133.csv,multiple_runs_NB_LowThreat_2_20260407_130133.csv,NB,No ACE,91,0.0,0.0
multiple_runs_NB_LowThreat_2_20260407_130133.csv,multiple_runs_NB_LowThreat_2_20260407_130133.csv,NB,No ACE,92,0.0,0.0
multiple_runs_NB_LowThreat_2_20260407_130133.csv,multiple_runs_NB_LowThreat_2_20260407_130133.csv,NB,No ACE,93,0.0,0.0
multiple_runs_NB_LowThreat_2_20260407_130133.csv,multiple_runs_NB_LowThreat_2_20260407_130133.csv,NB,No ACE,94,0.0,0.0
multiple_runs_NB_LowThreat_2_20260407_130133.csv,multiple_runs_NB_LowThreat_2_20260407_130133.csv,NB,No ACE,95,0.0,0.0
multiple_runs_NB_LowThreat_2_20260407_130133.csv,multiple_runs_NB_LowThreat_2_20260407_130133.csv,NB,No ACE,96,0.0,0.0
multiple_runs_NB_LowThreat_2_20260407_130133.csv,multiple_runs_NB_LowThreat_2_20260407_130133.csv,NB,No ACE,97,0.0,0.0
multiple_runs_NB_LowThreat_2_20260407_130133.csv,multiple_runs_NB_LowThreat_2_20260407_130133.csv,NB,No ACE,98,0.0,0.0
multiple_runs_NB_LowThreat_2_20260407_130133.csv,multiple_runs_NB_LowThreat_2_20260407_130133.csv,NB,No ACE,99,0.0,0.0
multiple_runs_NB_LowThreat_2_20260407_130133.csv,multiple_runs_NB_LowThreat_2_20260407_130133.csv,NB,No ACE,100,0.0,0.0
multiple_runs_NB_LowThreat_2_20260407_130133.csv,multiple_runs_NB_LowThreat_2_20260407_130133.csv,NB,No ACE,101,0.0,0.0
multiple_runs_NB_LowThreat_2_20260407_130133.csv,multiple_runs_NB_LowThreat_2_20260407_130133.csv,NB,No ACE,102,0.0,0.0
multiple_runs_NB_LowThreat_2_20260407_130133.csv,multiple_runs_NB_LowThreat_2_20260407_130133.csv,NB,No ACE,103,0.0,0.0
multiple_runs_NB_LowThreat_2_20260407_130133.csv,multiple_runs_NB_LowThreat_2_20260407_130133.csv,NB,No ACE,104,0.0,0.0
multiple_runs_NB_LowThreat_2_20260407_130133.csv,multiple_runs_NB_LowThreat_2_20260407_130133.csv,NB,No ACE,105,0.0,0.0
multiple_runs_NB_LowThreat_2_20260407_130133.csv,multiple_runs_NB_LowThreat_2_20260407_130133.csv,NB,No ACE,106,0.0,0.0
multiple_runs_NB_LowThreat_2_20260407_130133.csv,multiple_runs_NB_LowThreat_2_20260407_130133.csv,NB,No ACE,107,0.0,0.0
multiple_runs_NB_LowThreat_2_20260407_130133.csv,multiple_runs_NB_LowThreat_2_20260407_130133.csv,NB,No ACE,108,0.0,0.0
multiple_runs_NB_LowThreat_2_20260407_130133.csv,multiple_runs_NB_LowThreat_2_20260407_130133.csv,NB,No ACE,109,0.0,0.0
multiple_runs_NB_LowThreat_2_20260407_130133.csv,multiple_runs_NB_LowThreat_2_20260407_130133.csv,NB,No ACE,110,0.0,0.0
multiple_runs_NB_LowThreat_2_20260407_130133.csv,multiple_runs_NB_LowThreat_2_20260407_130133.csv,NB,No ACE,111,0.0,0.0
multiple_runs_NB_LowThreat_2_20260407_130133.csv,multiple_runs_NB_LowThreat_2_20260407_130133.csv,NB,No ACE,112,0.0,0.0
multiple_runs_NB_LowThreat_2_20260407_130133.csv,multiple_runs_NB_LowThreat_2_20260407_130133.csv,NB,No ACE,113,0.0,0.0
multiple_runs_NB_LowThreat_2_20260407_130133.csv,multiple_runs_NB_LowThreat_2_20260407_130133.csv,NB,No ACE,114,0.0,0.0
multiple_runs_NB_LowThreat_2_20260407_130133.csv,multiple_runs_NB_LowThreat_2_20260407_130133.csv,NB,No ACE,115,0.0,0.0
multiple_runs_NB_LowThreat_2_20260407_130133.csv,multiple_runs_NB_LowThreat_2_20260407_130133.csv,NB,No ACE,116,0.0,0.0
multiple_runs_NB_LowThreat_2_20260407_130133.csv,multiple_runs_NB_LowThreat_2_20260407_130133.csv,NB,No ACE,117,0.0,0.0
multiple_runs_NB_LowThreat_2_20260407_130133.csv,multiple_runs_NB_LowThreat_2_20260407_130133.csv,NB,No ACE,118,0.0,0.0
multiple_runs_NB_LowThreat_2_20260407_130133.csv,multiple_runs_NB_LowThreat_2_20260407_130133.csv,NB,No ACE,119,0.0,0.0
multiple_runs_NB_LowThreat_2_20260407_130133.csv,multiple_runs_NB_LowThreat_2_20260407_130133.csv,NB,No ACE,120,0.0,0.0
multiple_runs_NB_LowThreat_2_20260407_130133.csv,multiple_runs_NB_LowThreat_2_20260407_130133.csv,NB,No ACE,121,0.0,0.0
multiple_runs_NB_LowThreat_2_20260407_130133.csv,multiple_runs_NB_LowThreat_2_20260407_130133.csv,NB,No ACE,122,0.0,0.0
multiple_runs_NB_LowThreat_2_20260407_130133.csv,multiple_runs_NB_LowThreat_2_20260407_130133.csv,NB,No ACE,123,0.0,0.0
multiple_runs_NB_LowThreat_2_20260407_130133.csv,multiple_runs_NB_LowThreat_2_20260407_130133.csv,NB,No ACE,124,0.0,0.0
multiple_runs_NB_LowThreat_2_20260407_130133.csv,multiple_runs_NB_LowThreat_2_20260407_130133.csv,NB,No ACE,125,0.0,0.0
multiple_runs_NB_LowThreat_2_20260407_130133.csv,multiple_runs_NB_LowThreat_2_20260407_130133.csv,NB,No ACE,126,0.0,0.0
multiple_runs_NB_LowThreat_2_20260407_130133.csv,multiple_runs_NB_LowThreat_2_20260407_130133.csv,NB,No ACE,127,0.0,0.0
multiple_runs_NB_LowThreat_2_20260407_130133.csv,multiple_runs_NB_LowThreat_2_20260407_130133.csv,NB,No ACE,128,0.0,0.0
multiple_runs_NB_LowThreat_2_20260407_130133.csv,multiple_runs_NB_LowThreat_2_20260407_130133.csv,NB,No ACE,129,0.0,0.0
multiple_runs_NB_LowThreat_2_20260407_130133.csv,multiple_runs_NB_LowThreat_2_20260407_130133.csv,NB,No ACE,130,0.0,0.0
multiple_runs_NB_LowThreat_2_20260407_130133.csv,multiple_runs_NB_LowThreat_2_20260407_130133.csv,NB,No ACE,131,0.0,0.0
multiple_runs_NB_LowThreat_2_20260407_130133.csv,multiple_runs_NB_LowThreat_2_20260407_130133.csv,NB,No ACE,132,0.0,0.0
multiple_runs_NB_LowThreat_2_20260407_130133.csv,multiple_runs_NB_LowThreat_2_20260407_130133.csv,NB,No ACE,133,0.0,0.0
multiple_runs_NB_LowThreat_2_20260407_130133.csv,multiple_runs_NB_LowThreat_2_20260407_130133.csv,NB,No ACE,134,0.0,0.0
multiple_runs_NB_LowThreat_2_20260407_130133.csv,multiple_runs_NB_LowThreat_2_20260407_130133.csv,NB,No ACE,135,0.0,0.0
multiple_runs_NB_LowThreat_2_20260407_130133.csv,multiple_runs_NB_LowThreat_2_20260407_130133.csv,NB,No ACE,136,0.0,0.0
multiple_runs_NB_LowThreat_2_20260407_130133.csv,multiple_runs_NB_LowThreat_2_20260407_130133.csv,NB,No ACE,137,0.0,0.0
multiple_runs_NB_LowThreat_2_20260407_130133.csv,multiple_runs_NB_LowThreat_2_20260407_130133.csv,NB,No ACE,138,0.0,0.0
multiple_runs_NB_LowThreat_2_20260407_130133.csv,multiple_runs_NB_LowThreat_2_20260407_130133.csv,NB,No ACE,139,0.0,0.0
multiple_runs_NB_LowThreat_2_20260407_130133.csv,multiple_runs_NB_LowThreat_2_20260407_130133.csv,NB,No ACE,140,0.0,0.0
multiple_runs_NB_LowThreat_2_20260407_130133.csv,multiple_runs_NB_LowThreat_2_20260407_130133.csv,NB,No ACE,141,0.0,0.0
multiple_runs_NB_LowThreat_2_20260407_130133.csv,multiple_runs_NB_LowThreat_2_20260407_130133.csv,NB,No ACE,142,0.0,0.0
multiple_runs_NB_LowThreat_2_20260407_130133.csv,multiple_runs_NB_LowThreat_2_20260407_130133.csv,NB,No ACE,143,0.0,0.0
multiple_runs_NB_LowThreat_2_20260407_130133.csv,multiple_runs_NB_LowThreat_2_20260407_130133.csv,NB,No ACE,144,0.0,0.0
multiple_runs_NB_LowThreat_2_20260407_130133.csv,multiple_runs_NB_LowThreat_2_20260407_130133.csv,NB,No ACE,145,0.0,0.0
multiple_runs_NB_LowThreat_2_20260407_130133.csv,multiple_runs_NB_LowThreat_2_20260407_130133.csv,NB,No ACE,146,0.0,0.0
multiple_runs_NB_LowThreat_2_20260407_130133.csv,multiple_runs_NB_LowThreat_2_20260407_130133.csv,NB,No ACE,147,0.0,0.0
multiple_runs_NB_LowThreat_2_20260407_130133.csv,multiple_runs_NB_LowThreat_2_20260407_130133.csv,NB,No ACE,148,0.0,0.0
multiple_runs_NB_LowThreat_2_20260407_130133.csv,multiple_runs_NB_LowThreat_2_20260407_130133.csv,NB,No ACE,149,0.0,0.0
multiple_runs_NB_LowThreat_2_20260407_130133.csv,multiple_runs_NB_LowThreat_2_20260407_130133.csv,NB,No ACE,150,0.0,0.0
multiple_runs_NB_LowThreat_2_20260407_130133.csv,multiple_runs_NB_LowThreat_2_20260407_130133.csv,NB,No ACE,151,0.0,0.0
multiple_runs_NB_LowThreat_2_20260407_130133.csv,multiple_runs_NB_LowThreat_2_20260407_130133.csv,NB,No ACE,152,0.0,0.0
multiple_runs_NB_LowThreat_2_20260407_130133.csv,multiple_runs_NB_LowThreat_2_20260407_130133.csv,NB,No ACE,153,0.0,0.0
multiple_runs_NB_LowThreat_2_20260407_130133.csv,multiple_runs_NB_LowThreat_2_20260407_130133.csv,NB,No ACE,154,0.0,0.0
multiple_runs_NB_LowThreat_2_20260407_130133.csv,multiple_runs_NB_LowThreat_2_20260407_130133.csv,NB,No ACE,155,0.0,0.0
multiple_runs_NB_LowThreat_2_20260407_130133.csv,multiple_runs_NB_LowThreat_2_20260407_130133.csv,NB,No ACE,156,0.0,0.0
multiple_runs_NB_LowThreat_2_20260407_130133.csv,multiple_runs_NB_LowThreat_2_20260407_130133.csv,NB,No ACE,157,0.0,0.0
multiple_runs_NB_LowThreat_2_20260407_130133.csv,multiple_runs_NB_LowThreat_2_20260407_130133.csv,NB,No ACE,158,0.0,0.0
multiple_runs_NB_LowThreat_2_20260407_130133.csv,multiple_runs_NB_LowThreat_2_20260407_130133.csv,NB,No ACE,159,0.0,0.0
multiple_runs_NB_LowThreat_2_20260407_130133.csv,multiple_runs_NB_LowThreat_2_20260407_130133.csv,NB,No ACE,160,0.0,0.0
multiple_runs_NB_LowThreat_2_20260407_130133.csv,multiple_runs_NB_LowThreat_2_20260407_130133.csv,NB,No ACE,161,0.0,0.0
multiple_runs_NB_LowThreat_2_20260407_130133.csv,multiple_runs_NB_LowThreat_2_20260407_130133.csv,NB,No ACE,162,0.0,0.0
multiple_runs_NB_LowThreat_2_20260407_130133.csv,multiple_runs_NB_LowThreat_2_20260407_130133.csv,NB,No ACE,163,0.0,0.0
multiple_runs_NB_LowThreat_2_20260407_130133.csv,multiple_runs_NB_LowThreat_2_20260407_130133.csv,NB,No ACE,164,0.0,0.0
multiple_runs_NB_LowThreat_2_20260407_130133.csv,multiple_runs_NB_LowThreat_2_20260407_130133.csv,NB,No ACE,165,0.0,0.0
multiple_runs_NB_LowThreat_2_20260407_130133.csv,multiple_runs_NB_LowThreat_2_20260407_130133.csv,NB,No ACE,166,0.0,0.0
multiple_runs_NB_LowThreat_2_20260407_130133.csv,multiple_runs_NB_LowThreat_2_20260407_130133.csv,NB,No ACE,167,0.0,0.0
multiple_runs_NB_LowThreat_2_20260407_130133.csv,multiple_runs_NB_LowThreat_2_20260407_130133.csv,NB,No ACE,168,0.0,0.0
multiple_runs_NB_LowThreat_2_20260407_130133.csv,multiple_runs_NB_LowThreat_2_20260407_130133.csv,NB,No ACE,169,0.0,0.0
multiple_runs_NB_LowThreat_2_20260407_130133.csv,multiple_runs_NB_LowThreat_2_20260407_130133.csv,NB,No ACE,170,0.0,0.0
multiple_runs_NB_LowThreat_2_20260407_130133.csv,multiple_runs_NB_LowThreat_2_20260407_130133.csv,NB,No ACE,171,0.0,0.0
multiple_runs_NB_LowThreat_2_20260407_130133.csv,multiple_runs_NB_LowThreat_2_20260407_130133.csv,NB,No ACE,172,0.0,0.0
multiple_runs_NB_LowThreat_2_20260407_130133.csv,multiple_runs_NB_LowThreat_2_20260407_130133.csv,NB,No ACE,173,0.0,0.0
multiple_runs_NB_LowThreat_2_20260407_130133.csv,multiple_runs_NB_LowThreat_2_20260407_130133.csv,NB,No ACE,174,0.0,0.0
multiple_runs_NB_LowThreat_2_20260407_130133.csv,multiple_runs_NB_LowThreat_2_20260407_130133.csv,NB,No ACE,175,0.0,0.0
multiple_runs_NB_LowThreat_2_20260407_130133.csv,multiple_runs_NB_LowThreat_2_20260407_130133.csv,NB,No ACE,176,0.0,0.0
multiple_runs_NB_LowThreat_2_20260407_130133.csv,multiple_runs_NB_LowThreat_2_20260407_130133.csv,NB,No ACE,177,0.0,0.0
multiple_runs_NB_LowThreat_2_20260407_130133.csv,multiple_runs_NB_LowThreat_2_20260407_130133.csv,NB,No ACE,178,0.0,0.0
multiple_runs_NB_LowThreat_2_20260407_130133.csv,multiple_runs_NB_LowThreat_2_20260407_130133.csv,NB,No ACE,179,0.0,0.0
multiple_runs_NB_LowThreat_2_20260407_130133.csv,multiple_runs_NB_LowThreat_2_20260407_130133.csv,NB,No ACE,180,0.0,0.0
multiple_runs_NB_LowThreat_2_20260407_130133.csv,multiple_runs_NB_LowThreat_2_20260407_130133.csv,NB,No ACE,181,0.0,0.0
multiple_runs_NB_LowThreat_2_20260407_130133.csv,multiple_runs_NB_LowThreat_2_20260407_130133.csv,NB,No ACE,182,0.0,0.0
multiple_runs_NB_LowThreat_2_20260407_130133.csv,multiple_runs_NB_LowThreat_2_20260407_130133.csv,NB,No ACE,183,0.0,0.0
multiple_runs_NB_LowThreat_2_20260407_130133.csv,multiple_runs_NB_LowThreat_2_20260407_130133.csv,NB,No ACE,184,0.0,0.0
multiple_runs_NB_LowThreat_2_20260407_130133.csv,multiple_runs_NB_LowThreat_2_20260407_130133.csv,NB,No ACE,185,0.0,0.0
multiple_runs_NB_LowThreat_2_20260407_130133.csv,multiple_runs_NB_LowThreat_2_20260407_130133.csv,NB,No ACE,186,0.0,0.0
multiple_runs_NB_LowThreat_2_20260407_130133.csv,multiple_runs_NB_LowThreat_2_20260407_130133.csv,NB,No ACE,187,0.0,0.0
multiple_runs_NB_LowThreat_2_20260407_130133.csv,multiple_runs_NB_LowThreat_2_20260407_130133.csv,NB,No ACE,188,0.0,0.0
multiple_runs_NB_LowThreat_2_20260407_130133.csv,multiple_runs_NB_LowThreat_2_20260407_130133.csv,NB,No ACE,189,0.0,0.0
multiple_runs_NB_LowThreat_2_20260407_130133.csv,multiple_runs_NB_LowThreat_2_20260407_130133.csv,NB,No ACE,190,0.0,0.0
multiple_runs_NB_LowThreat_2_20260407_130133.csv,multiple_runs_NB_LowThreat_2_20260407_130133.csv,NB,No ACE,191,0.0,0.0
multiple_runs_NB_LowThreat_2_20260407_130133.csv,multiple_runs_NB_LowThreat_2_20260407_130133.csv,NB,No ACE,192,0.0,0.0
multiple_runs_NB_LowThreat_2_20260407_130133.csv,multiple_runs_NB_LowThreat_2_20260407_130133.csv,NB,No ACE,193,0.0,0.0
multiple_runs_NB_LowThreat_2_20260407_130133.csv,multiple_runs_NB_LowThreat_2_20260407_130133.csv,NB,No ACE,194,0.0,0.0
multiple_runs_NB_LowThreat_2_20260407_130133.csv,multiple_runs_NB_LowThreat_2_20260407_130133.csv,NB,No ACE,195,0.0,0.0
multiple_runs_NB_LowThreat_2_20260407_130133.csv,multiple_runs_NB_LowThreat_2_20260407_130133.csv,NB,No ACE,196,0.0,0.0
multiple_runs_NB_LowThreat_2_20260407_130133.csv,multiple_runs_NB_LowThreat_2_20260407_130133.csv,NB,No ACE,197,0.0,0.0
multiple_runs_NB_LowThreat_2_20260407_130133.csv,multiple_runs_NB_LowThreat_2_20260407_130133.csv,NB,No ACE,198,0.0,0.0
multiple_runs_NB_LowThreat_2_20260407_130133.csv,multiple_runs_NB_LowThreat_2_20260407_130133.csv,NB,No ACE,199,0.0,0.0
multiple_runs_NB_LowThreat_2_20260407_130133.csv,multiple_runs_NB_LowThreat_2_20260407_130133.csv,NB,No ACE,200,0.0,0.0
multiple_runs_NB_ModerateThreat_20260407_220003.csv,multiple_runs_NB_ModerateThreat_20260407_220003.csv,NB,Moderate adversity,1,0.0,0.0
multiple_runs_NB_ModerateThreat_20260407_220003.csv,multiple_runs_NB_ModerateThreat_20260407_220003.csv,NB,Moderate adversity,2,0.0,0.0
multiple_runs_NB_ModerateThreat_20260407_220003.csv,multiple_runs_NB_ModerateThreat_20260407_220003.csv,NB,Moderate adversity,3,0.0,0.0
multiple_runs_NB_ModerateThreat_20260407_220003.csv,multiple_runs_NB_ModerateThreat_20260407_220003.csv,NB,Moderate adversity,4,0.0,0.0
multiple_runs_NB_ModerateThreat_20260407_220003.csv,multiple_runs_NB_ModerateThreat_20260407_220003.csv,NB,Moderate adversity,5,0.0,0.0
multiple_runs_NB_ModerateThreat_20260407_220003.csv,multiple_runs_NB_ModerateThreat_20260407_220003.csv,NB,Moderate adversity,6,0.0,0.0
multiple_runs_NB_ModerateThreat_20260407_220003.csv,multiple_runs_NB_ModerateThreat_20260407_220003.csv,NB,Moderate adversity,7,0.0,0.0
multiple_runs_NB_ModerateThreat_20260407_220003.csv,multiple_runs_NB_ModerateThreat_20260407_220003.csv,NB,Moderate adversity,8,0.0,0.0
multiple_runs_NB_ModerateThreat_20260407_220003.csv,multiple_runs_NB_ModerateThreat_20260407_220003.csv,NB,Moderate adversity,9,0.0,0.0
multiple_runs_NB_ModerateThreat_20260407_220003.csv,multiple_runs_NB_ModerateThreat_20260407_220003.csv,NB,Moderate adversity,10,0.0,0.0
multiple_runs_NB_ModerateThreat_20260407_220003.csv,multiple_runs_NB_ModerateThreat_20260407_220003.csv,NB,Moderate adversity,11,0.0,0.0
multiple_runs_NB_ModerateThreat_20260407_220003.csv,multiple_runs_NB_ModerateThreat_20260407_220003.csv,NB,Moderate adversity,12,0.0,0.0
multiple_runs_NB_ModerateThreat_20260407_220003.csv,multiple_runs_NB_ModerateThreat_20260407_220003.csv,NB,Moderate adversity,13,0.0,0.0
multiple_runs_NB_ModerateThreat_20260407_220003.csv,multiple_runs_NB_ModerateThreat_20260407_220003.csv,NB,Moderate adversity,14,0.0,0.0
multiple_runs_NB_ModerateThreat_20260407_220003.csv,multiple_runs_NB_ModerateThreat_20260407_220003.csv,NB,Moderate adversity,15,0.0,0.0
multiple_runs_NB_ModerateThreat_20260407_220003.csv,multiple_runs_NB_ModerateThreat_20260407_220003.csv,NB,Moderate adversity,16,0.0,0.0
multiple_runs_NB_ModerateThreat_20260407_220003.csv,multiple_runs_NB_ModerateThreat_20260407_220003.csv,NB,Moderate adversity,17,0.0,0.0
multiple_runs_NB_ModerateThreat_20260407_220003.csv,multiple_runs_NB_ModerateThreat_20260407_220003.csv,NB,Moderate adversity,18,0.0,0.0
multiple_runs_NB_ModerateThreat_20260407_220003.csv,multiple_runs_NB_ModerateThreat_20260407_220003.csv,NB,Moderate adversity,19,0.0,0.0
multiple_runs_NB_ModerateThreat_20260407_220003.csv,multiple_runs_NB_ModerateThreat_20260407_220003.csv,NB,Moderate adversity,20,0.0,0.0
multiple_runs_NB_ModerateThreat_20260407_220003.csv,multiple_runs_NB_ModerateThreat_20260407_220003.csv,NB,Moderate adversity,21,0.0,0.0
multiple_runs_NB_ModerateThreat_20260407_220003.csv,multiple_runs_NB_ModerateThreat_20260407_220003.csv,NB,Moderate adversity,22,0.0,0.0
multiple_runs_NB_ModerateThreat_20260407_220003.csv,multiple_runs_NB_ModerateThreat_20260407_220003.csv,NB,Moderate adversity,23,0.0,0.0
multiple_runs_NB_ModerateThreat_20260407_220003.csv,multiple_runs_NB_ModerateThreat_20260407_220003.csv,NB,Moderate adversity,24,0.0,0.0
multiple_runs_NB_ModerateThreat_20260407_220003.csv,multiple_runs_NB_ModerateThreat_20260407_220003.csv,NB,Moderate adversity,25,0.0,0.0
multiple_runs_NB_ModerateThreat_20260407_220003.csv,multiple_runs_NB_ModerateThreat_20260407_220003.csv,NB,Moderate adversity,26,0.0,0.0
multiple_runs_NB_ModerateThreat_20260407_220003.csv,multiple_runs_NB_ModerateThreat_20260407_220003.csv,NB,Moderate adversity,27,0.0,0.0
multiple_runs_NB_ModerateThreat_20260407_220003.csv,multiple_runs_NB_ModerateThreat_20260407_220003.csv,NB,Moderate adversity,28,0.0,0.0
multiple_runs_NB_ModerateThreat_20260407_220003.csv,multiple_runs_NB_ModerateThreat_20260407_220003.csv,NB,Moderate adversity,29,0.0,0.0
multiple_runs_NB_ModerateThreat_20260407_220003.csv,multiple_runs_NB_ModerateThreat_20260407_220003.csv,NB,Moderate adversity,30,0.0,0.0
multiple_runs_NB_ModerateThreat_20260407_220003.csv,multiple_runs_NB_ModerateThreat_20260407_220003.csv,NB,Moderate adversity,31,0.0,0.0
multiple_runs_NB_ModerateThreat_20260407_220003.csv,multiple_runs_NB_ModerateThreat_20260407_220003.csv,NB,Moderate adversity,32,0.0,0.0
multiple_runs_NB_ModerateThreat_20260407_220003.csv,multiple_runs_NB_ModerateThreat_20260407_220003.csv,NB,Moderate adversity,33,0.0,0.0
multiple_runs_NB_ModerateThreat_20260407_220003.csv,multiple_runs_NB_ModerateThreat_20260407_220003.csv,NB,Moderate adversity,34,0.0,0.0
multiple_runs_NB_ModerateThreat_20260407_220003.csv,multiple_runs_NB_ModerateThreat_20260407_220003.csv,NB,Moderate adversity,35,0.0,0.0
multiple_runs_NB_ModerateThreat_20260407_220003.csv,multiple_runs_NB_ModerateThreat_20260407_220003.csv,NB,Moderate adversity,36,0.0,0.0
multiple_runs_NB_ModerateThreat_20260407_220003.csv,multiple_runs_NB_ModerateThreat_20260407_220003.csv,NB,Moderate adversity,37,0.0,0.0
multiple_runs_NB_ModerateThreat_20260407_220003.csv,multiple_runs_NB_ModerateThreat_20260407_220003.csv,NB,Moderate adversity,38,0.0,0.0
multiple_runs_NB_ModerateThreat_20260407_220003.csv,multiple_runs_NB_ModerateThreat_20260407_220003.csv,NB,Moderate adversity,39,0.0,0.0
multiple_runs_NB_ModerateThreat_20260407_220003.csv,multiple_runs_NB_ModerateThreat_20260407_220003.csv,NB,Moderate adversity,40,0.0,0.0
multiple_runs_NB_ModerateThreat_20260407_220003.csv,multiple_runs_NB_ModerateThreat_20260407_220003.csv,NB,Moderate adversity,41,0.0,0.0
multiple_runs_NB_ModerateThreat_20260407_220003.csv,multiple_runs_NB_ModerateThreat_20260407_220003.csv,NB,Moderate adversity,42,0.0,0.0
multiple_runs_NB_ModerateThreat_20260407_220003.csv,multiple_runs_NB_ModerateThreat_20260407_220003.csv,NB,Moderate adversity,43,0.0,0.0
multiple_runs_NB_ModerateThreat_20260407_220003.csv,multiple_runs_NB_ModerateThreat_20260407_220003.csv,NB,Moderate adversity,44,0.0,0.0
multiple_runs_NB_ModerateThreat_20260407_220003.csv,multiple_runs_NB_ModerateThreat_20260407_220003.csv,NB,Moderate adversity,45,0.0,0.0
multiple_runs_NB_ModerateThreat_20260407_220003.csv,multiple_runs_NB_ModerateThreat_20260407_220003.csv,NB,Moderate adversity,46,0.0,0.0
multiple_runs_NB_ModerateThreat_20260407_220003.csv,multiple_runs_NB_ModerateThreat_20260407_220003.csv,NB,Moderate adversity,47,0.0,0.0
multiple_runs_NB_ModerateThreat_20260407_220003.csv,multiple_runs_NB_ModerateThreat_20260407_220003.csv,NB,Moderate adversity,48,0.0,0.0
multiple_runs_NB_ModerateThreat_20260407_220003.csv,multiple_runs_NB_ModerateThreat_20260407_220003.csv,NB,Moderate adversity,49,0.0,0.0
multiple_runs_NB_ModerateThreat_20260407_220003.csv,multiple_runs_NB_ModerateThreat_20260407_220003.csv,NB,Moderate adversity,50,0.0,0.0
multiple_runs_NB_ModerateThreat_20260407_220003.csv,multiple_runs_NB_ModerateThreat_20260407_220003.csv,NB,Moderate adversity,51,0.0,0.0
multiple_runs_NB_ModerateThreat_20260407_220003.csv,multiple_runs_NB_ModerateThreat_20260407_220003.csv,NB,Moderate adversity,52,0.0,0.0
multiple_runs_NB_ModerateThreat_20260407_220003.csv,multiple_runs_NB_ModerateThreat_20260407_220003.csv,NB,Moderate adversity,53,0.0,0.0
multiple_runs_NB_ModerateThreat_20260407_220003.csv,multiple_runs_NB_ModerateThreat_20260407_220003.csv,NB,Moderate adversity,54,0.0,0.0
multiple_runs_NB_ModerateThreat_20260407_220003.csv,multiple_runs_NB_ModerateThreat_20260407_220003.csv,NB,Moderate adversity,55,0.0,0.0
multiple_runs_NB_ModerateThreat_20260407_220003.csv,multiple_runs_NB_ModerateThreat_20260407_220003.csv,NB,Moderate adversity,56,0.0,0.0
multiple_runs_NB_ModerateThreat_20260407_220003.csv,multiple_runs_NB_ModerateThreat_20260407_220003.csv,NB,Moderate adversity,57,0.0,0.0
multiple_runs_NB_ModerateThreat_20260407_220003.csv,multiple_runs_NB_ModerateThreat_20260407_220003.csv,NB,Moderate adversity,58,0.0,0.0
multiple_runs_NB_ModerateThreat_20260407_220003.csv,multiple_runs_NB_ModerateThreat_20260407_220003.csv,NB,Moderate adversity,59,0.0,0.0
multiple_runs_NB_ModerateThreat_20260407_220003.csv,multiple_runs_NB_ModerateThreat_20260407_220003.csv,NB,Moderate adversity,60,0.0,0.0
multiple_runs_NB_ModerateThreat_20260407_220003.csv,multiple_runs_NB_ModerateThreat_20260407_220003.csv,NB,Moderate adversity,61,0.0,0.0
multiple_runs_NB_ModerateThreat_20260407_220003.csv,multiple_runs_NB_ModerateThreat_20260407_220003.csv,NB,Moderate adversity,62,0.0,0.0
multiple_runs_NB_ModerateThreat_20260407_220003.csv,multiple_runs_NB_ModerateThreat_20260407_220003.csv,NB,Moderate adversity,63,0.0,0.0
multiple_runs_NB_ModerateThreat_20260407_220003.csv,multiple_runs_NB_ModerateThreat_20260407_220003.csv,NB,Moderate adversity,64,0.0,0.0
multiple_runs_NB_ModerateThreat_20260407_220003.csv,multiple_runs_NB_ModerateThreat_20260407_220003.csv,NB,Moderate adversity,65,0.0,0.0
multiple_runs_NB_ModerateThreat_20260407_220003.csv,multiple_runs_NB_ModerateThreat_20260407_220003.csv,NB,Moderate adversity,66,0.0,0.0
multiple_runs_NB_ModerateThreat_20260407_220003.csv,multiple_runs_NB_ModerateThreat_20260407_220003.csv,NB,Moderate adversity,67,0.0,0.0
multiple_runs_NB_ModerateThreat_20260407_220003.csv,multiple_runs_NB_ModerateThreat_20260407_220003.csv,NB,Moderate adversity,68,0.0,0.0
multiple_runs_NB_ModerateThreat_20260407_220003.csv,multiple_runs_NB_ModerateThreat_20260407_220003.csv,NB,Moderate adversity,69,0.0,0.0
multiple_runs_NB_ModerateThreat_20260407_220003.csv,multiple_runs_NB_ModerateThreat_20260407_220003.csv,NB,Moderate adversity,70,0.0,0.0
multiple_runs_NB_ModerateThreat_20260407_220003.csv,multiple_runs_NB_ModerateThreat_20260407_220003.csv,NB,Moderate adversity,71,0.0,0.0
multiple_runs_NB_ModerateThreat_20260407_220003.csv,multiple_runs_NB_ModerateThreat_20260407_220003.csv,NB,Moderate adversity,72,0.0,0.0
multiple_runs_NB_ModerateThreat_20260407_220003.csv,multiple_runs_NB_ModerateThreat_20260407_220003.csv,NB,Moderate adversity,73,0.0,0.0
multiple_runs_NB_ModerateThreat_20260407_220003.csv,multiple_runs_NB_ModerateThreat_20260407_220003.csv,NB,Moderate adversity,74,0.0,0.0
multiple_runs_NB_ModerateThreat_20260407_220003.csv,multiple_runs_NB_ModerateThreat_20260407_220003.csv,NB,Moderate adversity,75,0.0,0.0
multiple_runs_NB_ModerateThreat_20260407_220003.csv,multiple_runs_NB_ModerateThreat_20260407_220003.csv,NB,Moderate adversity,76,0.0,0.0
multiple_runs_NB_ModerateThreat_20260407_220003.csv,multiple_runs_NB_ModerateThreat_20260407_220003.csv,NB,Moderate adversity,77,0.0,0.0
multiple_runs_NB_ModerateThreat_20260407_220003.csv,multiple_runs_NB_ModerateThreat_20260407_220003.csv,NB,Moderate adversity,78,0.0,0.0
multiple_runs_NB_ModerateThreat_20260407_220003.csv,multiple_runs_NB_ModerateThreat_20260407_220003.csv,NB,Moderate adversity,79,0.0,0.0
multiple_runs_NB_ModerateThreat_20260407_220003.csv,multiple_runs_NB_ModerateThreat_20260407_220003.csv,NB,Moderate adversity,80,0.0,0.0
multiple_runs_NB_ModerateThreat_20260407_220003.csv,multiple_runs_NB_ModerateThreat_20260407_220003.csv,NB,Moderate adversity,81,0.0,0.0
multiple_runs_NB_ModerateThreat_20260407_220003.csv,multiple_runs_NB_ModerateThreat_20260407_220003.csv,NB,Moderate adversity,82,0.0,0.0
multiple_runs_NB_ModerateThreat_20260407_220003.csv,multiple_runs_NB_ModerateThreat_20260407_220003.csv,NB,Moderate adversity,83,0.0,0.0
multiple_runs_NB_ModerateThreat_20260407_220003.csv,multiple_runs_NB_ModerateThreat_20260407_220003.csv,NB,Moderate adversity,84,0.0,0.0
multiple_runs_NB_ModerateThreat_20260407_220003.csv,multiple_runs_NB_ModerateThreat_20260407_220003.csv,NB,Moderate adversity,85,0.0,0.0
multiple_runs_NB_ModerateThreat_20260407_220003.csv,multiple_runs_NB_ModerateThreat_20260407_220003.csv,NB,Moderate adversity,86,0.0,0.0
multiple_runs_NB_ModerateThreat_20260407_220003.csv,multiple_runs_NB_ModerateThreat_20260407_220003.csv,NB,Moderate adversity,87,0.0,0.0
multiple_runs_NB_ModerateThreat_20260407_220003.csv,multiple_runs_NB_ModerateThreat_20260407_220003.csv,NB,Moderate adversity,88,0.0,0.0
multiple_runs_NB_ModerateThreat_20260407_220003.csv,multiple_runs_NB_ModerateThreat_20260407_220003.csv,NB,Moderate adversity,89,0.0,0.0
multiple_runs_NB_ModerateThreat_20260407_220003.csv,multiple_runs_NB_ModerateThreat_20260407_220003.csv,NB,Moderate adversity,90,0.0,0.0
multiple_runs_NB_ModerateThreat_20260407_220003.csv,multiple_runs_NB_ModerateThreat_20260407_220003.csv,NB,Moderate adversity,91,0.0,0.0
multiple_runs_NB_ModerateThreat_20260407_220003.csv,multiple_runs_NB_ModerateThreat_20260407_220003.csv,NB,Moderate adversity,92,0.0,0.0
multiple_runs_NB_ModerateThreat_20260407_220003.csv,multiple_runs_NB_ModerateThreat_20260407_220003.csv,NB,Moderate adversity,93,0.0,0.0
multiple_runs_NB_ModerateThreat_20260407_220003.csv,multiple_runs_NB_ModerateThreat_20260407_220003.csv,NB,Moderate adversity,94,0.0,0.0
multiple_runs_NB_ModerateThreat_20260407_220003.csv,multiple_runs_NB_ModerateThreat_20260407_220003.csv,NB,Moderate adversity,95,0.0,0.0
multiple_runs_NB_ModerateThreat_20260407_220003.csv,multiple_runs_NB_ModerateThreat_20260407_220003.csv,NB,Moderate adversity,96,0.0,0.0
multiple_runs_NB_ModerateThreat_20260407_220003.csv,multiple_runs_NB_ModerateThreat_20260407_220003.csv,NB,Moderate adversity,97,0.0,0.0
multiple_runs_NB_ModerateThreat_20260407_220003.csv,multiple_runs_NB_ModerateThreat_20260407_220003.csv,NB,Moderate adversity,98,0.0,0.0
multiple_runs_NB_ModerateThreat_20260407_220003.csv,multiple_runs_NB_ModerateThreat_20260407_220003.csv,NB,Moderate adversity,99,0.0,0.0
multiple_runs_NB_ModerateThreat_20260407_220003.csv,multiple_runs_NB_ModerateThreat_20260407_220003.csv,NB,Moderate adversity,100,0.0,0.0
multiple_runs_NB_ModerateThreat_20260407_220003.csv,multiple_runs_NB_ModerateThreat_20260407_220003.csv,NB,Moderate adversity,101,0.0,0.0
multiple_runs_NB_ModerateThreat_20260407_220003.csv,multiple_runs_NB_ModerateThreat_20260407_220003.csv,NB,Moderate adversity,102,0.0,0.0
multiple_runs_NB_ModerateThreat_20260407_220003.csv,multiple_runs_NB_ModerateThreat_20260407_220003.csv,NB,Moderate adversity,103,0.0,0.0
multiple_runs_NB_ModerateThreat_20260407_220003.csv,multiple_runs_NB_ModerateThreat_20260407_220003.csv,NB,Moderate adversity,104,0.0,0.0
multiple_runs_NB_ModerateThreat_20260407_220003.csv,multiple_runs_NB_ModerateThreat_20260407_220003.csv,NB,Moderate adversity,105,0.0,0.0
multiple_runs_NB_ModerateThreat_20260407_220003.csv,multiple_runs_NB_ModerateThreat_20260407_220003.csv,NB,Moderate adversity,106,0.0,0.0
multiple_runs_NB_ModerateThreat_20260407_220003.csv,multiple_runs_NB_ModerateThreat_20260407_220003.csv,NB,Moderate adversity,107,0.0,0.0
multiple_runs_NB_ModerateThreat_20260407_220003.csv,multiple_runs_NB_ModerateThreat_20260407_220003.csv,NB,Moderate adversity,108,0.0,0.0
multiple_runs_NB_ModerateThreat_20260407_220003.csv,multiple_runs_NB_ModerateThreat_20260407_220003.csv,NB,Moderate adversity,109,0.0,0.0
multiple_runs_NB_ModerateThreat_20260407_220003.csv,multiple_runs_NB_ModerateThreat_20260407_220003.csv,NB,Moderate adversity,110,0.0,0.0
multiple_runs_NB_ModerateThreat_20260407_220003.csv,multiple_runs_NB_ModerateThreat_20260407_220003.csv,NB,Moderate adversity,111,0.0,0.0
multiple_runs_NB_ModerateThreat_20260407_220003.csv,multiple_runs_NB_ModerateThreat_20260407_220003.csv,NB,Moderate adversity,112,0.0,0.0
multiple_runs_NB_ModerateThreat_20260407_220003.csv,multiple_runs_NB_ModerateThreat_20260407_220003.csv,NB,Moderate adversity,113,0.0,0.0
multiple_runs_NB_ModerateThreat_20260407_220003.csv,multiple_runs_NB_ModerateThreat_20260407_220003.csv,NB,Moderate adversity,114,0.0,0.0
multiple_runs_NB_ModerateThreat_20260407_220003.csv,multiple_runs_NB_ModerateThreat_20260407_220003.csv,NB,Moderate adversity,115,0.0,0.0
multiple_runs_NB_ModerateThreat_20260407_220003.csv,multiple_runs_NB_ModerateThreat_20260407_220003.csv,NB,Moderate adversity,116,0.0,0.0
multiple_runs_NB_ModerateThreat_20260407_220003.csv,multiple_runs_NB_ModerateThreat_20260407_220003.csv,NB,Moderate adversity,117,0.0,0.0
multiple_runs_NB_ModerateThreat_20260407_220003.csv,multiple_runs_NB_ModerateThreat_20260407_220003.csv,NB,Moderate adversity,118,0.0,0.0
multiple_runs_NB_ModerateThreat_20260407_220003.csv,multiple_runs_NB_ModerateThreat_20260407_220003.csv,NB,Moderate adversity,119,0.0,0.0
multiple_runs_NB_ModerateThreat_20260407_220003.csv,multiple_runs_NB_ModerateThreat_20260407_220003.csv,NB,Moderate adversity,120,0.0,0.0
multiple_runs_NB_ModerateThreat_20260407_220003.csv,multiple_runs_NB_ModerateThreat_20260407_220003.csv,NB,Moderate adversity,121,0.0,0.0
multiple_runs_NB_ModerateThreat_20260407_220003.csv,multiple_runs_NB_ModerateThreat_20260407_220003.csv,NB,Moderate adversity,122,0.0,0.0
multiple_runs_NB_ModerateThreat_20260407_220003.csv,multiple_runs_NB_ModerateThreat_20260407_220003.csv,NB,Moderate adversity,123,0.0,0.0
multiple_runs_NB_ModerateThreat_20260407_220003.csv,multiple_runs_NB_ModerateThreat_20260407_220003.csv,NB,Moderate adversity,124,0.0,0.0
multiple_runs_NB_ModerateThreat_20260407_220003.csv,multiple_runs_NB_ModerateThreat_20260407_220003.csv,NB,Moderate adversity,125,0.0,0.0
multiple_runs_NB_ModerateThreat_20260407_220003.csv,multiple_runs_NB_ModerateThreat_20260407_220003.csv,NB,Moderate adversity,126,0.0,0.0
multiple_runs_NB_ModerateThreat_20260407_220003.csv,multiple_runs_NB_ModerateThreat_20260407_220003.csv,NB,Moderate adversity,127,0.0,0.0
multiple_runs_NB_ModerateThreat_20260407_220003.csv,multiple_runs_NB_ModerateThreat_20260407_220003.csv,NB,Moderate adversity,128,0.0,0.0
multiple_runs_NB_ModerateThreat_20260407_220003.csv,multiple_runs_NB_ModerateThreat_20260407_220003.csv,NB,Moderate adversity,129,0.0,0.0
multiple_runs_NB_ModerateThreat_20260407_220003.csv,multiple_runs_NB_ModerateThreat_20260407_220003.csv,NB,Moderate adversity,130,0.0,0.0
multiple_runs_NB_ModerateThreat_20260407_220003.csv,multiple_runs_NB_ModerateThreat_20260407_220003.csv,NB,Moderate adversity,131,0.0,0.0
multiple_runs_NB_ModerateThreat_20260407_220003.csv,multiple_runs_NB_ModerateThreat_20260407_220003.csv,NB,Moderate adversity,132,0.0,0.0
multiple_runs_NB_ModerateThreat_20260407_220003.csv,multiple_runs_NB_ModerateThreat_20260407_220003.csv,NB,Moderate adversity,133,0.0,0.0
multiple_runs_NB_ModerateThreat_20260407_220003.csv,multiple_runs_NB_ModerateThreat_20260407_220003.csv,NB,Moderate adversity,134,0.0,0.0
multiple_runs_NB_ModerateThreat_20260407_220003.csv,multiple_runs_NB_ModerateThreat_20260407_220003.csv,NB,Moderate adversity,135,0.0,0.0
multiple_runs_NB_ModerateThreat_20260407_220003.csv,multiple_runs_NB_ModerateThreat_20260407_220003.csv,NB,Moderate adversity,136,0.0,0.0
multiple_runs_NB_ModerateThreat_20260407_220003.csv,multiple_runs_NB_ModerateThreat_20260407_220003.csv,NB,Moderate adversity,137,0.0,0.0
multiple_runs_NB_ModerateThreat_20260407_220003.csv,multiple_runs_NB_ModerateThreat_20260407_220003.csv,NB,Moderate adversity,138,0.0,0.0
multiple_runs_NB_ModerateThreat_20260407_220003.csv,multiple_runs_NB_ModerateThreat_20260407_220003.csv,NB,Moderate adversity,139,0.0,0.0
multiple_runs_NB_ModerateThreat_20260407_220003.csv,multiple_runs_NB_ModerateThreat_20260407_220003.csv,NB,Moderate adversity,140,0.0,0.0
multiple_runs_NB_ModerateThreat_20260407_220003.csv,multiple_runs_NB_ModerateThreat_20260407_220003.csv,NB,Moderate adversity,141,0.0,0.0
multiple_runs_NB_ModerateThreat_20260407_220003.csv,multiple_runs_NB_ModerateThreat_20260407_220003.csv,NB,Moderate adversity,142,0.0,0.0
multiple_runs_NB_ModerateThreat_20260407_220003.csv,multiple_runs_NB_ModerateThreat_20260407_220003.csv,NB,Moderate adversity,143,0.0,0.0
multiple_runs_NB_ModerateThreat_20260407_220003.csv,multiple_runs_NB_ModerateThreat_20260407_220003.csv,NB,Moderate adversity,144,0.0,0.0
multiple_runs_NB_ModerateThreat_20260407_220003.csv,multiple_runs_NB_ModerateThreat_20260407_220003.csv,NB,Moderate adversity,145,0.0,0.0
multiple_runs_NB_ModerateThreat_20260407_220003.csv,multiple_runs_NB_ModerateThreat_20260407_220003.csv,NB,Moderate adversity,146,0.0,0.0
multiple_runs_NB_ModerateThreat_20260407_220003.csv,multiple_runs_NB_ModerateThreat_20260407_220003.csv,NB,Moderate adversity,147,0.0,0.0
multiple_runs_NB_ModerateThreat_20260407_220003.csv,multiple_runs_NB_ModerateThreat_20260407_220003.csv,NB,Moderate adversity,148,0.0,0.0
multiple_runs_NB_ModerateThreat_20260407_220003.csv,multiple_runs_NB_ModerateThreat_20260407_220003.csv,NB,Moderate adversity,149,0.0,0.0
multiple_runs_NB_ModerateThreat_20260407_220003.csv,multiple_runs_NB_ModerateThreat_20260407_220003.csv,NB,Moderate adversity,150,0.0,0.0
multiple_runs_NB_ModerateThreat_20260407_220003.csv,multiple_runs_NB_ModerateThreat_20260407_220003.csv,NB,Moderate adversity,151,0.0,0.0
multiple_runs_NB_ModerateThreat_20260407_220003.csv,multiple_runs_NB_ModerateThreat_20260407_220003.csv,NB,Moderate adversity,152,0.0,0.0
multiple_runs_NB_ModerateThreat_20260407_220003.csv,multiple_runs_NB_ModerateThreat_20260407_220003.csv,NB,Moderate adversity,153,0.0,0.0
multiple_runs_NB_ModerateThreat_20260407_220003.csv,multiple_runs_NB_ModerateThreat_20260407_220003.csv,NB,Moderate adversity,154,0.0,0.0
multiple_runs_NB_ModerateThreat_20260407_220003.csv,multiple_runs_NB_ModerateThreat_20260407_220003.csv,NB,Moderate adversity,155,0.0,0.0
multiple_runs_NB_ModerateThreat_20260407_220003.csv,multiple_runs_NB_ModerateThreat_20260407_220003.csv,NB,Moderate adversity,156,0.0,0.0
multiple_runs_NB_ModerateThreat_20260407_220003.csv,multiple_runs_NB_ModerateThreat_20260407_220003.csv,NB,Moderate adversity,157,0.0,0.0
multiple_runs_NB_ModerateThreat_20260407_220003.csv,multiple_runs_NB_ModerateThreat_20260407_220003.csv,NB,Moderate adversity,158,0.0,0.0
multiple_runs_NB_ModerateThreat_20260407_220003.csv,multiple_runs_NB_ModerateThreat_20260407_220003.csv,NB,Moderate adversity,159,0.0,0.0
multiple_runs_NB_ModerateThreat_20260407_220003.csv,multiple_runs_NB_ModerateThreat_20260407_220003.csv,NB,Moderate adversity,160,0.0,0.0
multiple_runs_NB_ModerateThreat_20260407_220003.csv,multiple_runs_NB_ModerateThreat_20260407_220003.csv,NB,Moderate adversity,161,0.0,0.0
multiple_runs_NB_ModerateThreat_20260407_220003.csv,multiple_runs_NB_ModerateThreat_20260407_220003.csv,NB,Moderate adversity,162,0.0,0.0
multiple_runs_NB_ModerateThreat_20260407_220003.csv,multiple_runs_NB_ModerateThreat_20260407_220003.csv,NB,Moderate adversity,163,0.0,0.0
multiple_runs_NB_ModerateThreat_20260407_220003.csv,multiple_runs_NB_ModerateThreat_20260407_220003.csv,NB,Moderate adversity,164,0.0,0.0
multiple_runs_NB_ModerateThreat_20260407_220003.csv,multiple_runs_NB_ModerateThreat_20260407_220003.csv,NB,Moderate adversity,165,0.0,0.0
multiple_runs_NB_ModerateThreat_20260407_220003.csv,multiple_runs_NB_ModerateThreat_20260407_220003.csv,NB,Moderate adversity,166,0.0,0.0
multiple_runs_NB_ModerateThreat_20260407_220003.csv,multiple_runs_NB_ModerateThreat_20260407_220003.csv,NB,Moderate adversity,167,0.0,0.0
multiple_runs_NB_ModerateThreat_20260407_220003.csv,multiple_runs_NB_ModerateThreat_20260407_220003.csv,NB,Moderate adversity,168,0.0,0.0
multiple_runs_NB_ModerateThreat_20260407_220003.csv,multiple_runs_NB_ModerateThreat_20260407_220003.csv,NB,Moderate adversity,169,0.0,0.0
multiple_runs_NB_ModerateThreat_20260407_220003.csv,multiple_runs_NB_ModerateThreat_20260407_220003.csv,NB,Moderate adversity,170,0.0,0.0
multiple_runs_NB_ModerateThreat_20260407_220003.csv,multiple_runs_NB_ModerateThreat_20260407_220003.csv,NB,Moderate adversity,171,0.0,0.0
multiple_runs_NB_ModerateThreat_20260407_220003.csv,multiple_runs_NB_ModerateThreat_20260407_220003.csv,NB,Moderate adversity,172,0.0,0.0
multiple_runs_NB_ModerateThreat_20260407_220003.csv,multiple_runs_NB_ModerateThreat_20260407_220003.csv,NB,Moderate adversity,173,0.0,0.0
multiple_runs_NB_ModerateThreat_20260407_220003.csv,multiple_runs_NB_ModerateThreat_20260407_220003.csv,NB,Moderate adversity,174,0.0,0.0
multiple_runs_NB_ModerateThreat_20260407_220003.csv,multiple_runs_NB_ModerateThreat_20260407_220003.csv,NB,Moderate adversity,175,0.0,0.0
multiple_runs_NB_ModerateThreat_20260407_220003.csv,multiple_runs_NB_ModerateThreat_20260407_220003.csv,NB,Moderate adversity,176,0.0,0.0
multiple_runs_NB_ModerateThreat_20260407_220003.csv,multiple_runs_NB_ModerateThreat_20260407_220003.csv,NB,Moderate adversity,177,0.0,0.0
multiple_runs_NB_ModerateThreat_20260407_220003.csv,multiple_runs_NB_ModerateThreat_20260407_220003.csv,NB,Moderate adversity,178,0.0,0.0
multiple_runs_NB_ModerateThreat_20260407_220003.csv,multiple_runs_NB_ModerateThreat_20260407_220003.csv,NB,Moderate adversity,179,0.0,0.0
multiple_runs_NB_ModerateThreat_20260407_220003.csv,multiple_runs_NB_ModerateThreat_20260407_220003.csv,NB,Moderate adversity,180,0.0,0.0
multiple_runs_NB_ModerateThreat_20260407_220003.csv,multiple_runs_NB_ModerateThreat_20260407_220003.csv,NB,Moderate adversity,181,0.0,0.0
multiple_runs_NB_ModerateThreat_20260407_220003.csv,multiple_runs_NB_ModerateThreat_20260407_220003.csv,NB,Moderate adversity,182,0.0,0.0
multiple_runs_NB_ModerateThreat_20260407_220003.csv,multiple_runs_NB_ModerateThreat_20260407_220003.csv,NB,Moderate adversity,183,0.0,0.0
multiple_runs_NB_ModerateThreat_20260407_220003.csv,multiple_runs_NB_ModerateThreat_20260407_220003.csv,NB,Moderate adversity,184,0.0,0.0
multiple_runs_NB_ModerateThreat_20260407_220003.csv,multiple_runs_NB_ModerateThreat_20260407_220003.csv,NB,Moderate adversity,185,0.0,0.0
multiple_runs_NB_ModerateThreat_20260407_220003.csv,multiple_runs_NB_ModerateThreat_20260407_220003.csv,NB,Moderate adversity,186,0.0,0.0
multiple_runs_NB_ModerateThreat_20260407_220003.csv,multiple_runs_NB_ModerateThreat_20260407_220003.csv,NB,Moderate adversity,187,0.0,0.0
multiple_runs_NB_ModerateThreat_20260407_220003.csv,multiple_runs_NB_ModerateThreat_20260407_220003.csv,NB,Moderate adversity,188,0.0,0.0
multiple_runs_NB_ModerateThreat_20260407_220003.csv,multiple_runs_NB_ModerateThreat_20260407_220003.csv,NB,Moderate adversity,189,0.0,0.0
multiple_runs_NB_ModerateThreat_20260407_220003.csv,multiple_runs_NB_ModerateThreat_20260407_220003.csv,NB,Moderate adversity,190,0.0,0.0
multiple_runs_NB_ModerateThreat_20260407_220003.csv,multiple_runs_NB_ModerateThreat_20260407_220003.csv,NB,Moderate adversity,191,0.0,0.0
multiple_runs_NB_ModerateThreat_20260407_220003.csv,multiple_runs_NB_ModerateThreat_20260407_220003.csv,NB,Moderate adversity,192,0.0,0.0
multiple_runs_NB_ModerateThreat_20260407_220003.csv,multiple_runs_NB_ModerateThreat_20260407_220003.csv,NB,Moderate adversity,193,0.0,0.0
multiple_runs_NB_ModerateThreat_20260407_220003.csv,multiple_runs_NB_ModerateThreat_20260407_220003.csv,NB,Moderate adversity,194,0.0,0.0
multiple_runs_NB_ModerateThreat_20260407_220003.csv,multiple_runs_NB_ModerateThreat_20260407_220003.csv,NB,Moderate adversity,195,0.0,0.0
multiple_runs_NB_ModerateThreat_20260407_220003.csv,multiple_runs_NB_ModerateThreat_20260407_220003.csv,NB,Moderate adversity,196,0.0,0.0
multiple_runs_NB_ModerateThreat_20260407_220003.csv,multiple_runs_NB_ModerateThreat_20260407_220003.csv,NB,Moderate adversity,197,0.0,0.0
multiple_runs_NB_ModerateThreat_20260407_220003.csv,multiple_runs_NB_ModerateThreat_20260407_220003.csv,NB,Moderate adversity,198,0.0,0.0
multiple_runs_NB_ModerateThreat_20260407_220003.csv,multiple_runs_NB_ModerateThreat_20260407_220003.csv,NB,Moderate adversity,199,0.0,0.0
multiple_runs_NB_ModerateThreat_20260407_220003.csv,multiple_runs_NB_ModerateThreat_20260407_220003.csv,NB,Moderate adversity,200,0.0,0.0
multiple_runs_DB_HighThreat_2_20260407_031225.csv,multiple_runs_DB_HighThreat_2_20260407_031225.csv,DB,ACE,1,0.7092198581560284,0.0
multiple_runs_DB_HighThreat_2_20260407_031225.csv,multiple_runs_DB_HighThreat_2_20260407_031225.csv,DB,ACE,2,5.648720211827008,0.0
multiple_runs_DB_HighThreat_2_20260407_031225.csv,multiple_runs_DB_HighThreat_2_20260407_031225.csv,DB,ACE,3,7.575757575757576,0.0
multiple_runs_DB_HighThreat_2_20260407_031225.csv,multiple_runs_DB_HighThreat_2_20260407_031225.csv,DB,ACE,4,18.285714285714285,0.0
multiple_runs_DB_HighThreat_2_20260407_031225.csv,multiple_runs_DB_HighThreat_2_20260407_031225.csv,DB,ACE,5,0.0,0.0
multiple_runs_DB_HighThreat_2_20260407_031225.csv,multiple_runs_DB_HighThreat_2_20260407_031225.csv,DB,ACE,6,19.25287356321839,0.0
multiple_runs_DB_HighThreat_2_20260407_031225.csv,multiple_runs_DB_HighThreat_2_20260407_031225.csv,DB,ACE,7,15.934065934065933,0.0
multiple_runs_DB_HighThreat_2_20260407_031225.csv,multiple_runs_DB_HighThreat_2_20260407_031225.csv,DB,ACE,8,15.651558073654389,0.0
multiple_runs_DB_HighThreat_2_20260407_031225.csv,multiple_runs_DB_HighThreat_2_20260407_031225.csv,DB,ACE,9,20.962962962962965,0.0
multiple_runs_DB_HighThreat_2_20260407_031225.csv,multiple_runs_DB_HighThreat_2_20260407_031225.csv,DB,ACE,10,2.972195589645254,0.0
multiple_runs_DB_HighThreat_2_20260407_031225.csv,multiple_runs_DB_HighThreat_2_20260407_031225.csv,DB,ACE,11,19.398711524695777,0.0
multiple_runs_DB_HighThreat_2_20260407_031225.csv,multiple_runs_DB_HighThreat_2_20260407_031225.csv,DB,ACE,12,0.0,0.0
multiple_runs_DB_HighThreat_2_20260407_031225.csv,multiple_runs_DB_HighThreat_2_20260407_031225.csv,DB,ACE,13,4.07149950347567,0.0
multiple_runs_DB_HighThreat_2_20260407_031225.csv,multiple_runs_DB_HighThreat_2_20260407_031225.csv,DB,ACE,14,15.213946117274169,0.0
multiple_runs_DB_HighThreat_2_20260407_031225.csv,multiple_runs_DB_HighThreat_2_20260407_031225.csv,DB,ACE,15,19.710806697108065,0.0
multiple_runs_DB_HighThreat_2_20260407_031225.csv,multiple_runs_DB_HighThreat_2_20260407_031225.csv,DB,ACE,16,17.011834319526628,0.0
multiple_runs_DB_HighThreat_2_20260407_031225.csv,multiple_runs_DB_HighThreat_2_20260407_031225.csv,DB,ACE,17,15.160349854227405,0.0
multiple_runs_DB_HighThreat_2_20260407_031225.csv,multiple_runs_DB_HighThreat_2_20260407_031225.csv,DB,ACE,18,18.116975748930102,0.0
multiple_runs_DB_HighThreat_2_20260407_031225.csv,multiple_runs_DB_HighThreat_2_20260407_031225.csv,DB,ACE,19,0.3777148253068933,0.0
multiple_runs_DB_HighThreat_2_20260407_031225.csv,multiple_runs_DB_HighThreat_2_20260407_031225.csv,DB,ACE,20,19.366450683945285,0.0
multiple_runs_DB_HighThreat_2_20260407_031225.csv,multiple_runs_DB_HighThreat_2_20260407_031225.csv,DB,ACE,21,5.963699222126189,0.0
multiple_runs_DB_HighThreat_2_20260407_031225.csv,multiple_runs_DB_HighThreat_2_20260407_031225.csv,DB,ACE,22,19.32227829848594,0.0
multiple_runs_DB_HighThreat_2_20260407_031225.csv,multiple_runs_DB_HighThreat_2_20260407_031225.csv,DB,ACE,23,0.8097165991902834,0.0
multiple_runs_DB_HighThreat_2_20260407_031225.csv,multiple_runs_DB_HighThreat_2_20260407_031225.csv,DB,ACE,24,15.42816702052371,0.0
multiple_runs_DB_HighThreat_2_20260407_031225.csv,multiple_runs_DB_HighThreat_2_20260407_031225.csv,DB,ACE,25,19.94322214336409,0.0
multiple_runs_DB_HighThreat_2_20260407_031225.csv,multiple_runs_DB_HighThreat_2_20260407_031225.csv,DB,ACE,26,11.705685618729097,0.0
multiple_runs_DB_HighThreat_2_20260407_031225.csv,multiple_runs_DB_HighThreat_2_20260407_031225.csv,DB,ACE,27,16.170212765957448,0.0
multiple_runs_DB_HighThreat_2_20260407_031225.csv,multiple_runs_DB_HighThreat_2_20260407_031225.csv,DB,ACE,28,15.858073859522085,0.0
multiple_runs_DB_HighThreat_2_20260407_031225.csv,multiple_runs_DB_HighThreat_2_20260407_031225.csv,DB,ACE,29,18.848920863309353,0.0
multiple_runs_DB_HighThreat_2_20260407_031225.csv,multiple_runs_DB_HighThreat_2_20260407_031225.csv,DB,ACE,30,16.666666666666664,0.0
multiple_runs_DB_HighThreat_2_20260407_031225.csv,multiple_runs_DB_HighThreat_2_20260407_031225.csv,DB,ACE,31,10.687022900763358,0.0
multiple_runs_DB_HighThreat_2_20260407_031225.csv,multiple_runs_DB_HighThreat_2_20260407_031225.csv,DB,ACE,32,0.10131712259371835,0.0
multiple_runs_DB_HighThreat_2_20260407_031225.csv,multiple_runs_DB_HighThreat_2_20260407_031225.csv,DB,ACE,33,13.717128642501777,0.0
multiple_runs_DB_HighThreat_2_20260407_031225.csv,multiple_runs_DB_HighThreat_2_20260407_031225.csv,DB,ACE,34,0.0,0.0
multiple_runs_DB_HighThreat_2_20260407_031225.csv,multiple_runs_DB_HighThreat_2_20260407_031225.csv,DB,ACE,35,18.821022727272727,0.0
multiple_runs_DB_HighThreat_2_20260407_031225.csv,multiple_runs_DB_HighThreat_2_20260407_031225.csv,DB,ACE,36,0.8982035928143712,0.0
multiple_runs_DB_HighThreat_2_20260407_031225.csv,multiple_runs_DB_HighThreat_2_20260407_031225.csv,DB,ACE,37,0.10152284263959391,0.0
multiple_runs_DB_HighThreat_2_20260407_031225.csv,multiple_runs_DB_HighThreat_2_20260407_031225.csv,DB,ACE,38,8.913412563667231,0.0
multiple_runs_DB_HighThreat_2_20260407_031225.csv,multiple_runs_DB_HighThreat_2_20260407_031225.csv,DB,ACE,39,15.053763440860216,0.0
multiple_runs_DB_HighThreat_2_20260407_031225.csv,multiple_runs_DB_HighThreat_2_20260407_031225.csv,DB,ACE,40,0.0,0.0
multiple_runs_DB_HighThreat_2_20260407_031225.csv,multiple_runs_DB_HighThreat_2_20260407_031225.csv,DB,ACE,41,0.0,0.0
multiple_runs_DB_HighThreat_2_20260407_031225.csv,multiple_runs_DB_HighThreat_2_20260407_031225.csv,DB,ACE,42,6.656694091249066,0.0
multiple_runs_DB_HighThreat_2_20260407_031225.csv,multiple_runs_DB_HighThreat_2_20260407_031225.csv,DB,ACE,43,18.942101501072194,0.0
multiple_runs_DB_HighThreat_2_20260407_031225.csv,multiple_runs_DB_HighThreat_2_20260407_031225.csv,DB,ACE,44,19.704433497536947,0.0
multiple_runs_DB_HighThreat_2_20260407_031225.csv,multiple_runs_DB_HighThreat_2_20260407_031225.csv,DB,ACE,45,0.0,0.0
multiple_runs_DB_HighThreat_2_20260407_031225.csv,multiple_runs_DB_HighThreat_2_20260407_031225.csv,DB,ACE,46,0.0,0.0
multiple_runs_DB_HighThreat_2_20260407_031225.csv,multiple_runs_DB_HighThreat_2_20260407_031225.csv,DB,ACE,47,20.544022906227628,0.0
multiple_runs_DB_HighThreat_2_20260407_031225.csv,multiple_runs_DB_HighThreat_2_20260407_031225.csv,DB,ACE,48,9.307520476545049,0.0
multiple_runs_DB_HighThreat_2_20260407_031225.csv,multiple_runs_DB_HighThreat_2_20260407_031225.csv,DB,ACE,49,21.139971139971138,0.0
multiple_runs_DB_HighThreat_2_20260407_031225.csv,multiple_runs_DB_HighThreat_2_20260407_031225.csv,DB,ACE,50,0.4659832246039142,0.0
multiple_runs_DB_HighThreat_2_20260407_031225.csv,multiple_runs_DB_HighThreat_2_20260407_031225.csv,DB,ACE,51,18.58600583090379,0.0
multiple_runs_DB_HighThreat_2_20260407_031225.csv,multiple_runs_DB_HighThreat_2_20260407_031225.csv,DB,ACE,52,21.365638766519822,0.0
multiple_runs_DB_HighThreat_2_20260407_031225.csv,multiple_runs_DB_HighThreat_2_20260407_031225.csv,DB,ACE,53,1.071080817916261,0.0
multiple_runs_DB_HighThreat_2_20260407_031225.csv,multiple_runs_DB_HighThreat_2_20260407_031225.csv,DB,ACE,54,13.343108504398826,0.0
multiple_runs_DB_HighThreat_2_20260407_031225.csv,multiple_runs_DB_HighThreat_2_20260407_031225.csv,DB,ACE,55,0.19743336623889435,0.0
multiple_runs_DB_HighThreat_2_20260407_031225.csv,multiple_runs_DB_HighThreat_2_20260407_031225.csv,DB,ACE,56,18.763326226012794,0.0
multiple_runs_DB_HighThreat_2_20260407_031225.csv,multiple_runs_DB_HighThreat_2_20260407_031225.csv,DB,ACE,57,0.0,0.0
multiple_runs_DB_HighThreat_2_20260407_031225.csv,multiple_runs_DB_HighThreat_2_20260407_031225.csv,DB,ACE,58,1.0826771653543308,0.0
multiple_runs_DB_HighThreat_2_20260407_031225.csv,multiple_runs_DB_HighThreat_2_20260407_031225.csv,DB,ACE,59,17.331399564902103,0.0
multiple_runs_DB_HighThreat_2_20260407_031225.csv,multiple_runs_DB_HighThreat_2_20260407_031225.csv,DB,ACE,60,17.63869132290185,0.0
multiple_runs_DB_HighThreat_2_20260407_031225.csv,multiple_runs_DB_HighThreat_2_20260407_031225.csv,DB,ACE,61,16.93834160170092,0.0
multiple_runs_DB_HighThreat_2_20260407_031225.csv,multiple_runs_DB_HighThreat_2_20260407_031225.csv,DB,ACE,62,20.527441197434072,0.0
multiple_runs_DB_HighThreat_2_20260407_031225.csv,multiple_runs_DB_HighThreat_2_20260407_031225.csv,DB,ACE,63,9.098039215686274,0.0
multiple_runs_DB_HighThreat_2_20260407_031225.csv,multiple_runs_DB_HighThreat_2_20260407_031225.csv,DB,ACE,64,16.58069270449521,0.0
multiple_runs_DB_HighThreat_2_20260407_031225.csv,multiple_runs_DB_HighThreat_2_20260407_031225.csv,DB,ACE,65,0.6641366223908919,0.0
multiple_runs_DB_HighThreat_2_20260407_031225.csv,multiple_runs_DB_HighThreat_2_20260407_031225.csv,DB,ACE,66,17.416131334760884,0.0
multiple_runs_DB_HighThreat_2_20260407_031225.csv,multiple_runs_DB_HighThreat_2_20260407_031225.csv,DB,ACE,67,20.190197512801756,0.0
multiple_runs_DB_HighThreat_2_20260407_031225.csv,multiple_runs_DB_HighThreat_2_20260407_031225.csv,DB,ACE,68,21.270521056388294,0.0
multiple_runs_DB_HighThreat_2_20260407_031225.csv,multiple_runs_DB_HighThreat_2_20260407_031225.csv,DB,ACE,69,6.71875,0.0
multiple_runs_DB_HighThreat_2_20260407_031225.csv,multiple_runs_DB_HighThreat_2_20260407_031225.csv,DB,ACE,70,17.79788838612368,0.0
multiple_runs_DB_HighThreat_2_20260407_031225.csv,multiple_runs_DB_HighThreat_2_20260407_031225.csv,DB,ACE,71,0.3988035892323031,0.0
multiple_runs_DB_HighThreat_2_20260407_031225.csv,multiple_runs_DB_HighThreat_2_20260407_031225.csv,DB,ACE,72,17.617689015691866,0.0
multiple_runs_DB_HighThreat_2_20260407_031225.csv,multiple_runs_DB_HighThreat_2_20260407_031225.csv,DB,ACE,73,7.212317666126418,0.0
multiple_runs_DB_HighThreat_2_20260407_031225.csv,multiple_runs_DB_HighThreat_2_20260407_031225.csv,DB,ACE,74,18.606321839080458,0.0
multiple_runs_DB_HighThreat_2_20260407_031225.csv,multiple_runs_DB_HighThreat_2_20260407_031225.csv,DB,ACE,75,0.0,0.0
multiple_runs_DB_HighThreat_2_20260407_031225.csv,multiple_runs_DB_HighThreat_2_20260407_031225.csv,DB,ACE,76,17.134629229661627,0.0
multiple_runs_DB_HighThreat_2_20260407_031225.csv,multiple_runs_DB_HighThreat_2_20260407_031225.csv,DB,ACE,77,16.272401433691755,0.0
multiple_runs_DB_HighThreat_2_20260407_031225.csv,multiple_runs_DB_HighThreat_2_20260407_031225.csv,DB,ACE,78,14.402985074626864,0.0
multiple_runs_DB_HighThreat_2_20260407_031225.csv,multiple_runs_DB_HighThreat_2_20260407_031225.csv,DB,ACE,79,18.385003604902668,0.0
multiple_runs_DB_HighThreat_2_20260407_031225.csv,multiple_runs_DB_HighThreat_2_20260407_031225.csv,DB,ACE,80,0.09216589861751152,0.0
multiple_runs_DB_HighThreat_2_20260407_031225.csv,multiple_runs_DB_HighThreat_2_20260407_031225.csv,DB,ACE,81,0.5791505791505791,0.0
multiple_runs_DB_HighThreat_2_20260407_031225.csv,multiple_runs_DB_HighThreat_2_20260407_031225.csv,DB,ACE,82,19.797687861271676,0.0
multiple_runs_DB_HighThreat_2_20260407_031225.csv,multiple_runs_DB_HighThreat_2_20260407_031225.csv,DB,ACE,83,18.039772727272727,0.0
multiple_runs_DB_HighThreat_2_20260407_031225.csv,multiple_runs_DB_HighThreat_2_20260407_031225.csv,DB,ACE,84,0.0,0.0
multiple_runs_DB_HighThreat_2_20260407_031225.csv,multiple_runs_DB_HighThreat_2_20260407_031225.csv,DB,ACE,85,4.99519692603266,0.0
multiple_runs_DB_HighThreat_2_20260407_031225.csv,multiple_runs_DB_HighThreat_2_20260407_031225.csv,DB,ACE,86,16.726489590811198,0.0
multiple_runs_DB_HighThreat_2_20260407_031225.csv,multiple_runs_DB_HighThreat_2_20260407_031225.csv,DB,ACE,87,0.09718172983479105,0.0
multiple_runs_DB_HighThreat_2_20260407_031225.csv,multiple_runs_DB_HighThreat_2_20260407_031225.csv,DB,ACE,88,17.56373937677054,0.0
multiple_runs_DB_HighThreat_2_20260407_031225.csv,multiple_runs_DB_HighThreat_2_20260407_031225.csv,DB,ACE,89,14.089595375722544,0.0
multiple_runs_DB_HighThreat_2_20260407_031225.csv,multiple_runs_DB_HighThreat_2_20260407_031225.csv,DB,ACE,90,17.060931899641577,0.0
multiple_runs_DB_HighThreat_2_20260407_031225.csv,multiple_runs_DB_HighThreat_2_20260407_031225.csv,DB,ACE,91,19.28571428571429,0.0
multiple_runs_DB_HighThreat_2_20260407_031225.csv,multiple_runs_DB_HighThreat_2_20260407_031225.csv,DB,ACE,92,15.492957746478872,0.0
multiple_runs_DB_HighThreat_2_20260407_031225.csv,multiple_runs_DB_HighThreat_2_20260407_031225.csv,DB,ACE,93,0.0,0.0
multiple_runs_DB_HighThreat_2_20260407_031225.csv,multiple_runs_DB_HighThreat_2_20260407_031225.csv,DB,ACE,94,18.33213515456506,0.0
multiple_runs_DB_HighThreat_2_20260407_031225.csv,multiple_runs_DB_HighThreat_2_20260407_031225.csv,DB,ACE,95,0.0,0.0
multiple_runs_DB_HighThreat_2_20260407_031225.csv,multiple_runs_DB_HighThreat_2_20260407_031225.csv,DB,ACE,96,19.87281399046105,0.0
multiple_runs_DB_HighThreat_2_20260407_031225.csv,multiple_runs_DB_HighThreat_2_20260407_031225.csv,DB,ACE,97,1.5416238437821173,0.0
multiple_runs_DB_HighThreat_2_20260407_031225.csv,multiple_runs_DB_HighThreat_2_20260407_031225.csv,DB,ACE,98,3.2878909382518042,0.0
multiple_runs_DB_HighThreat_2_20260407_031225.csv,multiple_runs_DB_HighThreat_2_20260407_031225.csv,DB,ACE,99,17.11915535444947,0.0
multiple_runs_DB_HighThreat_2_20260407_031225.csv,multiple_runs_DB_HighThreat_2_20260407_031225.csv,DB,ACE,100,0.19047619047619047,0.0
multiple_runs_DB_HighThreat_2_20260407_031225.csv,multiple_runs_DB_HighThreat_2_20260407_031225.csv,DB,ACE,101,14.074074074074074,0.0
multiple_runs_DB_HighThreat_2_20260407_031225.csv,multiple_runs_DB_HighThreat_2_20260407_031225.csv,DB,ACE,102,6.991869918699186,0.0
multiple_runs_DB_HighThreat_2_20260407_031225.csv,multiple_runs_DB_HighThreat_2_20260407_031225.csv,DB,ACE,103,0.0,0.0
multiple_runs_DB_HighThreat_2_20260407_031225.csv,multiple_runs_DB_HighThreat_2_20260407_031225.csv,DB,ACE,104,16.887905604719762,0.0
multiple_runs_DB_HighThreat_2_20260407_031225.csv,multiple_runs_DB_HighThreat_2_20260407_031225.csv,DB,ACE,105,17.470760233918128,0.0
multiple_runs_DB_HighThreat_2_20260407_031225.csv,multiple_runs_DB_HighThreat_2_20260407_031225.csv,DB,ACE,106,16.879432624113473,0.0
multiple_runs_DB_HighThreat_2_20260407_031225.csv,multiple_runs_DB_HighThreat_2_20260407_031225.csv,DB,ACE,107,16.280752532561504,0.0
multiple_runs_DB_HighThreat_2_20260407_031225.csv,multiple_runs_DB_HighThreat_2_20260407_031225.csv,DB,ACE,108,0.0,0.0
multiple_runs_DB_HighThreat_2_20260407_031225.csv,multiple_runs_DB_HighThreat_2_20260407_031225.csv,DB,ACE,109,1.3360739979445015,0.0
multiple_runs_DB_HighThreat_2_20260407_031225.csv,multiple_runs_DB_HighThreat_2_20260407_031225.csv,DB,ACE,110,17.590539541759053,0.0
multiple_runs_DB_HighThreat_2_20260407_031225.csv,multiple_runs_DB_HighThreat_2_20260407_031225.csv,DB,ACE,111,0.0,0.0
multiple_runs_DB_HighThreat_2_20260407_031225.csv,multiple_runs_DB_HighThreat_2_20260407_031225.csv,DB,ACE,112,20.827285921625542,0.0
multiple_runs_DB_HighThreat_2_20260407_031225.csv,multiple_runs_DB_HighThreat_2_20260407_031225.csv,DB,ACE,113,19.162526614620297,0.0
multiple_runs_DB_HighThreat_2_20260407_031225.csv,multiple_runs_DB_HighThreat_2_20260407_031225.csv,DB,ACE,114,2.0972354623450906,0.0
multiple_runs_DB_HighThreat_2_20260407_031225.csv,multiple_runs_DB_HighThreat_2_20260407_031225.csv,DB,ACE,115,17.97432239657632,0.0
multiple_runs_DB_HighThreat_2_20260407_031225.csv,multiple_runs_DB_HighThreat_2_20260407_031225.csv,DB,ACE,116,0.0,0.0
multiple_runs_DB_HighThreat_2_20260407_031225.csv,multiple_runs_DB_HighThreat_2_20260407_031225.csv,DB,ACE,117,19.227799227799228,0.0
multiple_runs_DB_HighThreat_2_20260407_031225.csv,multiple_runs_DB_HighThreat_2_20260407_031225.csv,DB,ACE,118,17.397555715312723,0.0
multiple_runs_DB_HighThreat_2_20260407_031225.csv,multiple_runs_DB_HighThreat_2_20260407_031225.csv,DB,ACE,119,19.54022988505747,0.0
multiple_runs_DB_HighThreat_2_20260407_031225.csv,multiple_runs_DB_HighThreat_2_20260407_031225.csv,DB,ACE,120,18.071428571428573,0.0
multiple_runs_DB_HighThreat_2_20260407_031225.csv,multiple_runs_DB_HighThreat_2_20260407_031225.csv,DB,ACE,121,0.0,0.0
multiple_runs_DB_HighThreat_2_20260407_031225.csv,multiple_runs_DB_HighThreat_2_20260407_031225.csv,DB,ACE,122,0.0,0.0
multiple_runs_DB_HighThreat_2_20260407_031225.csv,multiple_runs_DB_HighThreat_2_20260407_031225.csv,DB,ACE,123,0.48030739673390976,0.0
multiple_runs_DB_HighThreat_2_20260407_031225.csv,multiple_runs_DB_HighThreat_2_20260407_031225.csv,DB,ACE,124,3.298774740810556,0.0
multiple_runs_DB_HighThreat_2_20260407_031225.csv,multiple_runs_DB_HighThreat_2_20260407_031225.csv,DB,ACE,125,10.408326661329063,0.0
multiple_runs_DB_HighThreat_2_20260407_031225.csv,multiple_runs_DB_HighThreat_2_20260407_031225.csv,DB,ACE,126,19.054340155257588,0.0
multiple_runs_DB_HighThreat_2_20260407_031225.csv,multiple_runs_DB_HighThreat_2_20260407_031225.csv,DB,ACE,127,1.2879484820607177,0.0
multiple_runs_DB_HighThreat_2_20260407_031225.csv,multiple_runs_DB_HighThreat_2_20260407_031225.csv,DB,ACE,128,17.988668555240793,0.0
multiple_runs_DB_HighThreat_2_20260407_031225.csv,multiple_runs_DB_HighThreat_2_20260407_031225.csv,DB,ACE,129,1.977401129943503,0.0
multiple_runs_DB_HighThreat_2_20260407_031225.csv,multiple_runs_DB_HighThreat_2_20260407_031225.csv,DB,ACE,130,17.45689655172414,0.0
multiple_runs_DB_HighThreat_2_20260407_031225.csv,multiple_runs_DB_HighThreat_2_20260407_031225.csv,DB,ACE,131,16.76096181046676,0.0
multiple_runs_DB_HighThreat_2_20260407_031225.csv,multiple_runs_DB_HighThreat_2_20260407_031225.csv,DB,ACE,132,17.280453257790366,0.0
multiple_runs_DB_HighThreat_2_20260407_031225.csv,multiple_runs_DB_HighThreat_2_20260407_031225.csv,DB,ACE,133,0.0,0.0
multiple_runs_DB_HighThreat_2_20260407_031225.csv,multiple_runs_DB_HighThreat_2_20260407_031225.csv,DB,ACE,134,20.416966211358734,0.0
multiple_runs_DB_HighThreat_2_20260407_031225.csv,multiple_runs_DB_HighThreat_2_20260407_031225.csv,DB,ACE,135,0.3686635944700461,0.0
multiple_runs_DB_HighThreat_2_20260407_031225.csv,multiple_runs_DB_HighThreat_2_20260407_031225.csv,DB,ACE,136,17.660044150110377,0.0
multiple_runs_DB_HighThreat_2_20260407_031225.csv,multiple_runs_DB_HighThreat_2_20260407_031225.csv,DB,ACE,137,18.143160878809354,0.0
multiple_runs_DB_HighThreat_2_20260407_031225.csv,multiple_runs_DB_HighThreat_2_20260407_031225.csv,DB,ACE,138,0.0,0.0
multiple_runs_DB_HighThreat_2_20260407_031225.csv,multiple_runs_DB_HighThreat_2_20260407_031225.csv,DB,ACE,139,0.0,0.0
multiple_runs_DB_HighThreat_2_20260407_031225.csv,multiple_runs_DB_HighThreat_2_20260407_031225.csv,DB,ACE,140,19.34566145092461,0.0
multiple_runs_DB_HighThreat_2_20260407_031225.csv,multiple_runs_DB_HighThreat_2_20260407_031225.csv,DB,ACE,141,0.0,0.0
multiple_runs_DB_HighThreat_2_20260407_031225.csv,multiple_runs_DB_HighThreat_2_20260407_031225.csv,DB,ACE,142,15.221987315010571,0.0
multiple_runs_DB_HighThreat_2_20260407_031225.csv,multiple_runs_DB_HighThreat_2_20260407_031225.csv,DB,ACE,143,7.712082262210797,0.0
multiple_runs_DB_HighThreat_2_20260407_031225.csv,multiple_runs_DB_HighThreat_2_20260407_031225.csv,DB,ACE,144,0.20408163265306123,0.0
multiple_runs_DB_HighThreat_2_20260407_031225.csv,multiple_runs_DB_HighThreat_2_20260407_031225.csv,DB,ACE,145,18.05852962169879,0.0
multiple_runs_DB_HighThreat_2_20260407_031225.csv,multiple_runs_DB_HighThreat_2_20260407_031225.csv,DB,ACE,146,18.326118326118326,0.0
multiple_runs_DB_HighThreat_2_20260407_031225.csv,multiple_runs_DB_HighThreat_2_20260407_031225.csv,DB,ACE,147,2.0348837209302326,0.0
multiple_runs_DB_HighThreat_2_20260407_031225.csv,multiple_runs_DB_HighThreat_2_20260407_031225.csv,DB,ACE,148,11.035525321239607,0.0
multiple_runs_DB_HighThreat_2_20260407_031225.csv,multiple_runs_DB_HighThreat_2_20260407_031225.csv,DB,ACE,149,0.0,0.0
multiple_runs_DB_HighThreat_2_20260407_031225.csv,multiple_runs_DB_HighThreat_2_20260407_031225.csv,DB,ACE,150,9.367296631059983,0.0
multiple_runs_DB_HighThreat_2_20260407_031225.csv,multiple_runs_DB_HighThreat_2_20260407_031225.csv,DB,ACE,151,1.968503937007874,0.0
multiple_runs_DB_HighThreat_2_20260407_031225.csv,multiple_runs_DB_HighThreat_2_20260407_031225.csv,DB,ACE,152,17.331399564902103,0.0
multiple_runs_DB_HighThreat_2_20260407_031225.csv,multiple_runs_DB_HighThreat_2_20260407_031225.csv,DB,ACE,153,19.301994301994302,0.0
multiple_runs_DB_HighThreat_2_20260407_031225.csv,multiple_runs_DB_HighThreat_2_20260407_031225.csv,DB,ACE,154,21.078779276082326,0.0
multiple_runs_DB_HighThreat_2_20260407_031225.csv,multiple_runs_DB_HighThreat_2_20260407_031225.csv,DB,ACE,155,16.704631738800305,0.0
multiple_runs_DB_HighThreat_2_20260407_031225.csv,multiple_runs_DB_HighThreat_2_20260407_031225.csv,DB,ACE,156,16.654804270462634,0.0
multiple_runs_DB_HighThreat_2_20260407_031225.csv,multiple_runs_DB_HighThreat_2_20260407_031225.csv,DB,ACE,157,0.2884615384615385,0.0
multiple_runs_DB_HighThreat_2_20260407_031225.csv,multiple_runs_DB_HighThreat_2_20260407_031225.csv,DB,ACE,158,5.380794701986755,0.0
multiple_runs_DB_HighThreat_2_20260407_031225.csv,multiple_runs_DB_HighThreat_2_20260407_031225.csv,DB,ACE,159,21.16212338593974,0.0
multiple_runs_DB_HighThreat_2_20260407_031225.csv,multiple_runs_DB_HighThreat_2_20260407_031225.csv,DB,ACE,160,19.582433405327574,0.0
multiple_runs_DB_HighThreat_2_20260407_031225.csv,multiple_runs_DB_HighThreat_2_20260407_031225.csv,DB,ACE,161,18.33213515456506,0.0
multiple_runs_DB_HighThreat_2_20260407_031225.csv,multiple_runs_DB_HighThreat_2_20260407_031225.csv,DB,ACE,162,18.87062187276626,0.0
multiple_runs_DB_HighThreat_2_20260407_031225.csv,multiple_runs_DB_HighThreat_2_20260407_031225.csv,DB,ACE,163,19.14590747330961,0.0
multiple_runs_DB_HighThreat_2_20260407_031225.csv,multiple_runs_DB_HighThreat_2_20260407_031225.csv,DB,ACE,164,0.0,0.0
multiple_runs_DB_HighThreat_2_20260407_031225.csv,multiple_runs_DB_HighThreat_2_20260407_031225.csv,DB,ACE,165,20.67238912732475,0.0
multiple_runs_DB_HighThreat_2_20260407_031225.csv,multiple_runs_DB_HighThreat_2_20260407_031225.csv,DB,ACE,166,16.883116883116884,0.0
multiple_runs_DB_HighThreat_2_20260407_031225.csv,multiple_runs_DB_HighThreat_2_20260407_031225.csv,DB,ACE,167,17.151162790697676,0.0
multiple_runs_DB_HighThreat_2_20260407_031225.csv,multiple_runs_DB_HighThreat_2_20260407_031225.csv,DB,ACE,168,18.586572438162545,0.0
multiple_runs_DB_HighThreat_2_20260407_031225.csv,multiple_runs_DB_HighThreat_2_20260407_031225.csv,DB,ACE,169,16.919739696312362,0.0
multiple_runs_DB_HighThreat_2_20260407_031225.csv,multiple_runs_DB_HighThreat_2_20260407_031225.csv,DB,ACE,170,16.35311143270622,0.0
multiple_runs_DB_HighThreat_2_20260407_031225.csv,multiple_runs_DB_HighThreat_2_20260407_031225.csv,DB,ACE,171,2.2200772200772203,0.0
multiple_runs_DB_HighThreat_2_20260407_031225.csv,multiple_runs_DB_HighThreat_2_20260407_031225.csv,DB,ACE,172,17.14490674318508,0.0
multiple_runs_DB_HighThreat_2_20260407_031225.csv,multiple_runs_DB_HighThreat_2_20260407_031225.csv,DB,ACE,173,0.4955401387512388,0.0
multiple_runs_DB_HighThreat_2_20260407_031225.csv,multiple_runs_DB_HighThreat_2_20260407_031225.csv,DB,ACE,174,0.0,0.0
multiple_runs_DB_HighThreat_2_20260407_031225.csv,multiple_runs_DB_HighThreat_2_20260407_031225.csv,DB,ACE,175,2.131979695431472,0.0
multiple_runs_DB_HighThreat_2_20260407_031225.csv,multiple_runs_DB_HighThreat_2_20260407_031225.csv,DB,ACE,176,19.22796795338674,0.0
multiple_runs_DB_HighThreat_2_20260407_031225.csv,multiple_runs_DB_HighThreat_2_20260407_031225.csv,DB,ACE,177,15.577889447236181,0.0
multiple_runs_DB_HighThreat_2_20260407_031225.csv,multiple_runs_DB_HighThreat_2_20260407_031225.csv,DB,ACE,178,17.647058823529413,0.0
multiple_runs_DB_HighThreat_2_20260407_031225.csv,multiple_runs_DB_HighThreat_2_20260407_031225.csv,DB,ACE,179,12.886597938144329,0.0
multiple_runs_DB_HighThreat_2_20260407_031225.csv,multiple_runs_DB_HighThreat_2_20260407_031225.csv,DB,ACE,180,0.28763183125599234,0.0
multiple_runs_DB_HighThreat_2_20260407_031225.csv,multiple_runs_DB_HighThreat_2_20260407_031225.csv,DB,ACE,181,0.0,0.0
multiple_runs_DB_HighThreat_2_20260407_031225.csv,multiple_runs_DB_HighThreat_2_20260407_031225.csv,DB,ACE,182,17.647058823529413,0.0
multiple_runs_DB_HighThreat_2_20260407_031225.csv,multiple_runs_DB_HighThreat_2_20260407_031225.csv,DB,ACE,183,18.117480537862704,0.0
multiple_runs_DB_HighThreat_2_20260407_031225.csv,multiple_runs_DB_HighThreat_2_20260407_031225.csv,DB,ACE,184,17.55280407865987,0.0
multiple_runs_DB_HighThreat_2_20260407_031225.csv,multiple_runs_DB_HighThreat_2_20260407_031225.csv,DB,ACE,185,1.6683022571148183,0.0
multiple_runs_DB_HighThreat_2_20260407_031225.csv,multiple_runs_DB_HighThreat_2_20260407_031225.csv,DB,ACE,186,18.407596785975162,0.0
multiple_runs_DB_HighThreat_2_20260407_031225.csv,multiple_runs_DB_HighThreat_2_20260407_031225.csv,DB,ACE,187,18.494152046783626,0.0
multiple_runs_DB_HighThreat_2_20260407_031225.csv,multiple_runs_DB_HighThreat_2_20260407_031225.csv,DB,ACE,188,0.0,0.0
multiple_runs_DB_HighThreat_2_20260407_031225.csv,multiple_runs_DB_HighThreat_2_20260407_031225.csv,DB,ACE,189,17.17391304347826,0.0
multiple_runs_DB_HighThreat_2_20260407_031225.csv,multiple_runs_DB_HighThreat_2_20260407_031225.csv,DB,ACE,190,17.033773861967695,0.0
multiple_runs_DB_HighThreat_2_20260407_031225.csv,multiple_runs_DB_HighThreat_2_20260407_031225.csv,DB,ACE,191,16.85878962536023,0.0
multiple_runs_DB_HighThreat_2_20260407_031225.csv,multiple_runs_DB_HighThreat_2_20260407_031225.csv,DB,ACE,192,18.841642228739,0.0
multiple_runs_DB_HighThreat_2_20260407_031225.csv,multiple_runs_DB_HighThreat_2_20260407_031225.csv,DB,ACE,193,17.851959361393323,0.0
multiple_runs_DB_HighThreat_2_20260407_031225.csv,multiple_runs_DB_HighThreat_2_20260407_031225.csv,DB,ACE,194,18.050541516245488,0.0
multiple_runs_DB_HighThreat_2_20260407_031225.csv,multiple_runs_DB_HighThreat_2_20260407_031225.csv,DB,ACE,195,0.3710575139146568,0.0
multiple_runs_DB_HighThreat_2_20260407_031225.csv,multiple_runs_DB_HighThreat_2_20260407_031225.csv,DB,ACE,196,17.769784172661872,0.0
multiple_runs_DB_HighThreat_2_20260407_031225.csv,multiple_runs_DB_HighThreat_2_20260407_031225.csv,DB,ACE,197,12.793733681462141,0.0
multiple_runs_DB_HighThreat_2_20260407_031225.csv,multiple_runs_DB_HighThreat_2_20260407_031225.csv,DB,ACE,198,18.536931818181817,0.0
multiple_runs_DB_HighThreat_2_20260407_031225.csv,multiple_runs_DB_HighThreat_2_20260407_031225.csv,DB,ACE,199,0.8333333333333334,0.0
multiple_runs_DB_HighThreat_2_20260407_031225.csv,multiple_runs_DB_HighThreat_2_20260407_031225.csv,DB,ACE,200,0.0,0.0
multiple_runs_DB_LowThreat_2_20260407_163954.csv,multiple_runs_DB_LowThreat_2_20260407_163954.csv,DB,No ACE,1,0.0,0.0
multiple_runs_DB_LowThreat_2_20260407_163954.csv,multiple_runs_DB_LowThreat_2_20260407_163954.csv,DB,No ACE,2,0.0,0.0
multiple_runs_DB_LowThreat_2_20260407_163954.csv,multiple_runs_DB_LowThreat_2_20260407_163954.csv,DB,No ACE,3,0.0,0.0
multiple_runs_DB_LowThreat_2_20260407_163954.csv,multiple_runs_DB_LowThreat_2_20260407_163954.csv,DB,No ACE,4,0.0,0.0
multiple_runs_DB_LowThreat_2_20260407_163954.csv,multiple_runs_DB_LowThreat_2_20260407_163954.csv,DB,No ACE,5,0.0,0.0
multiple_runs_DB_LowThreat_2_20260407_163954.csv,multiple_runs_DB_LowThreat_2_20260407_163954.csv,DB,No ACE,6,0.0,0.0
multiple_runs_DB_LowThreat_2_20260407_163954.csv,multiple_runs_DB_LowThreat_2_20260407_163954.csv,DB,No ACE,7,0.0,0.0
multiple_runs_DB_LowThreat_2_20260407_163954.csv,multiple_runs_DB_LowThreat_2_20260407_163954.csv,DB,No ACE,8,0.0,0.0
multiple_runs_DB_LowThreat_2_20260407_163954.csv,multiple_runs_DB_LowThreat_2_20260407_163954.csv,DB,No ACE,9,0.0,0.0
multiple_runs_DB_LowThreat_2_20260407_163954.csv,multiple_runs_DB_LowThreat_2_20260407_163954.csv,DB,No ACE,10,0.0,0.0
multiple_runs_DB_LowThreat_2_20260407_163954.csv,multiple_runs_DB_LowThreat_2_20260407_163954.csv,DB,No ACE,11,0.0,0.0
multiple_runs_DB_LowThreat_2_20260407_163954.csv,multiple_runs_DB_LowThreat_2_20260407_163954.csv,DB,No ACE,12,0.0,0.0
multiple_runs_DB_LowThreat_2_20260407_163954.csv,multiple_runs_DB_LowThreat_2_20260407_163954.csv,DB,No ACE,13,0.0,0.0
multiple_runs_DB_LowThreat_2_20260407_163954.csv,multiple_runs_DB_LowThreat_2_20260407_163954.csv,DB,No ACE,14,0.0,0.0
multiple_runs_DB_LowThreat_2_20260407_163954.csv,multiple_runs_DB_LowThreat_2_20260407_163954.csv,DB,No ACE,15,0.0,0.0
multiple_runs_DB_LowThreat_2_20260407_163954.csv,multiple_runs_DB_LowThreat_2_20260407_163954.csv,DB,No ACE,16,0.0,0.0
multiple_runs_DB_LowThreat_2_20260407_163954.csv,multiple_runs_DB_LowThreat_2_20260407_163954.csv,DB,No ACE,17,0.0,0.0
multiple_runs_DB_LowThreat_2_20260407_163954.csv,multiple_runs_DB_LowThreat_2_20260407_163954.csv,DB,No ACE,18,0.0,0.0
multiple_runs_DB_LowThreat_2_20260407_163954.csv,multiple_runs_DB_LowThreat_2_20260407_163954.csv,DB,No ACE,19,0.0,0.0
multiple_runs_DB_LowThreat_2_20260407_163954.csv,multiple_runs_DB_LowThreat_2_20260407_163954.csv,DB,No ACE,20,0.0,0.0
multiple_runs_DB_LowThreat_2_20260407_163954.csv,multiple_runs_DB_LowThreat_2_20260407_163954.csv,DB,No ACE,21,0.0,0.0
multiple_runs_DB_LowThreat_2_20260407_163954.csv,multiple_runs_DB_LowThreat_2_20260407_163954.csv,DB,No ACE,22,0.0,0.0
multiple_runs_DB_LowThreat_2_20260407_163954.csv,multiple_runs_DB_LowThreat_2_20260407_163954.csv,DB,No ACE,23,0.0,0.0
multiple_runs_DB_LowThreat_2_20260407_163954.csv,multiple_runs_DB_LowThreat_2_20260407_163954.csv,DB,No ACE,24,0.0,0.0
multiple_runs_DB_LowThreat_2_20260407_163954.csv,multiple_runs_DB_LowThreat_2_20260407_163954.csv,DB,No ACE,25,0.0,0.0
multiple_runs_DB_LowThreat_2_20260407_163954.csv,multiple_runs_DB_LowThreat_2_20260407_163954.csv,DB,No ACE,26,0.0,0.0
multiple_runs_DB_LowThreat_2_20260407_163954.csv,multiple_runs_DB_LowThreat_2_20260407_163954.csv,DB,No ACE,27,0.0,0.0
multiple_runs_DB_LowThreat_2_20260407_163954.csv,multiple_runs_DB_LowThreat_2_20260407_163954.csv,DB,No ACE,28,0.0,0.0
multiple_runs_DB_LowThreat_2_20260407_163954.csv,multiple_runs_DB_LowThreat_2_20260407_163954.csv,DB,No ACE,29,0.0,0.0
multiple_runs_DB_LowThreat_2_20260407_163954.csv,multiple_runs_DB_LowThreat_2_20260407_163954.csv,DB,No ACE,30,0.0,0.0
multiple_runs_DB_LowThreat_2_20260407_163954.csv,multiple_runs_DB_LowThreat_2_20260407_163954.csv,DB,No ACE,31,0.0,0.0
multiple_runs_DB_LowThreat_2_20260407_163954.csv,multiple_runs_DB_LowThreat_2_20260407_163954.csv,DB,No ACE,32,0.0,0.0
multiple_runs_DB_LowThreat_2_20260407_163954.csv,multiple_runs_DB_LowThreat_2_20260407_163954.csv,DB,No ACE,33,0.0,0.0
multiple_runs_DB_LowThreat_2_20260407_163954.csv,multiple_runs_DB_LowThreat_2_20260407_163954.csv,DB,No ACE,34,0.0,0.0
multiple_runs_DB_LowThreat_2_20260407_163954.csv,multiple_runs_DB_LowThreat_2_20260407_163954.csv,DB,No ACE,35,0.0,0.0
multiple_runs_DB_LowThreat_2_20260407_163954.csv,multiple_runs_DB_LowThreat_2_20260407_163954.csv,DB,No ACE,36,0.0,0.0
multiple_runs_DB_LowThreat_2_20260407_163954.csv,multiple_runs_DB_LowThreat_2_20260407_163954.csv,DB,No ACE,37,0.0,0.0
multiple_runs_DB_LowThreat_2_20260407_163954.csv,multiple_runs_DB_LowThreat_2_20260407_163954.csv,DB,No ACE,38,0.0,0.0
multiple_runs_DB_LowThreat_2_20260407_163954.csv,multiple_runs_DB_LowThreat_2_20260407_163954.csv,DB,No ACE,39,0.0,0.0
multiple_runs_DB_LowThreat_2_20260407_163954.csv,multiple_runs_DB_LowThreat_2_20260407_163954.csv,DB,No ACE,40,0.0,0.0
multiple_runs_DB_LowThreat_2_20260407_163954.csv,multiple_runs_DB_LowThreat_2_20260407_163954.csv,DB,No ACE,41,0.0,0.0
multiple_runs_DB_LowThreat_2_20260407_163954.csv,multiple_runs_DB_LowThreat_2_20260407_163954.csv,DB,No ACE,42,0.0,0.0
multiple_runs_DB_LowThreat_2_20260407_163954.csv,multiple_runs_DB_LowThreat_2_20260407_163954.csv,DB,No ACE,43,0.0,0.0
multiple_runs_DB_LowThreat_2_20260407_163954.csv,multiple_runs_DB_LowThreat_2_20260407_163954.csv,DB,No ACE,44,0.0,0.0
multiple_runs_DB_LowThreat_2_20260407_163954.csv,multiple_runs_DB_LowThreat_2_20260407_163954.csv,DB,No ACE,45,0.0,0.0
multiple_runs_DB_LowThreat_2_20260407_163954.csv,multiple_runs_DB_LowThreat_2_20260407_163954.csv,DB,No ACE,46,0.0,0.0
multiple_runs_DB_LowThreat_2_20260407_163954.csv,multiple_runs_DB_LowThreat_2_20260407_163954.csv,DB,No ACE,47,0.0,0.0
multiple_runs_DB_LowThreat_2_20260407_163954.csv,multiple_runs_DB_LowThreat_2_20260407_163954.csv,DB,No ACE,48,0.0,0.0
multiple_runs_DB_LowThreat_2_20260407_163954.csv,multiple_runs_DB_LowThreat_2_20260407_163954.csv,DB,No ACE,49,0.0,0.0
multiple_runs_DB_LowThreat_2_20260407_163954.csv,multiple_runs_DB_LowThreat_2_20260407_163954.csv,DB,No ACE,50,0.0,0.0
multiple_runs_DB_LowThreat_2_20260407_163954.csv,multiple_runs_DB_LowThreat_2_20260407_163954.csv,DB,No ACE,51,0.0,0.0
multiple_runs_DB_LowThreat_2_20260407_163954.csv,multiple_runs_DB_LowThreat_2_20260407_163954.csv,DB,No ACE,52,0.0,0.0
multiple_runs_DB_LowThreat_2_20260407_163954.csv,multiple_runs_DB_LowThreat_2_20260407_163954.csv,DB,No ACE,53,0.0,0.0
multiple_runs_DB_LowThreat_2_20260407_163954.csv,multiple_runs_DB_LowThreat_2_20260407_163954.csv,DB,No ACE,54,0.0,0.0
multiple_runs_DB_LowThreat_2_20260407_163954.csv,multiple_runs_DB_LowThreat_2_20260407_163954.csv,DB,No ACE,55,0.0,0.0
multiple_runs_DB_LowThreat_2_20260407_163954.csv,multiple_runs_DB_LowThreat_2_20260407_163954.csv,DB,No ACE,56,0.0,0.0
multiple_runs_DB_LowThreat_2_20260407_163954.csv,multiple_runs_DB_LowThreat_2_20260407_163954.csv,DB,No ACE,57,0.0,0.0
multiple_runs_DB_LowThreat_2_20260407_163954.csv,multiple_runs_DB_LowThreat_2_20260407_163954.csv,DB,No ACE,58,0.0,0.0
multiple_runs_DB_LowThreat_2_20260407_163954.csv,multiple_runs_DB_LowThreat_2_20260407_163954.csv,DB,No ACE,59,0.0,0.0
multiple_runs_DB_LowThreat_2_20260407_163954.csv,multiple_runs_DB_LowThreat_2_20260407_163954.csv,DB,No ACE,60,0.0,0.0
multiple_runs_DB_LowThreat_2_20260407_163954.csv,multiple_runs_DB_LowThreat_2_20260407_163954.csv,DB,No ACE,61,0.0,0.0
multiple_runs_DB_LowThreat_2_20260407_163954.csv,multiple_runs_DB_LowThreat_2_20260407_163954.csv,DB,No ACE,62,0.0,0.0
multiple_runs_DB_LowThreat_2_20260407_163954.csv,multiple_runs_DB_LowThreat_2_20260407_163954.csv,DB,No ACE,63,0.0,0.0
multiple_runs_DB_LowThreat_2_20260407_163954.csv,multiple_runs_DB_LowThreat_2_20260407_163954.csv,DB,No ACE,64,0.0,0.0
multiple_runs_DB_LowThreat_2_20260407_163954.csv,multiple_runs_DB_LowThreat_2_20260407_163954.csv,DB,No ACE,65,0.0,0.0
multiple_runs_DB_LowThreat_2_20260407_163954.csv,multiple_runs_DB_LowThreat_2_20260407_163954.csv,DB,No ACE,66,0.0,0.0
multiple_runs_DB_LowThreat_2_20260407_163954.csv,multiple_runs_DB_LowThreat_2_20260407_163954.csv,DB,No ACE,67,0.0,0.0
multiple_runs_DB_LowThreat_2_20260407_163954.csv,multiple_runs_DB_LowThreat_2_20260407_163954.csv,DB,No ACE,68,0.0,0.0
multiple_runs_DB_LowThreat_2_20260407_163954.csv,multiple_runs_DB_LowThreat_2_20260407_163954.csv,DB,No ACE,69,0.0,0.0
multiple_runs_DB_LowThreat_2_20260407_163954.csv,multiple_runs_DB_LowThreat_2_20260407_163954.csv,DB,No ACE,70,0.0,0.0
multiple_runs_DB_LowThreat_2_20260407_163954.csv,multiple_runs_DB_LowThreat_2_20260407_163954.csv,DB,No ACE,71,0.0,0.0
multiple_runs_DB_LowThreat_2_20260407_163954.csv,multiple_runs_DB_LowThreat_2_20260407_163954.csv,DB,No ACE,72,0.0,0.0
multiple_runs_DB_LowThreat_2_20260407_163954.csv,multiple_runs_DB_LowThreat_2_20260407_163954.csv,DB,No ACE,73,0.0,0.0
multiple_runs_DB_LowThreat_2_20260407_163954.csv,multiple_runs_DB_LowThreat_2_20260407_163954.csv,DB,No ACE,74,0.0,0.0
multiple_runs_DB_LowThreat_2_20260407_163954.csv,multiple_runs_DB_LowThreat_2_20260407_163954.csv,DB,No ACE,75,0.0,0.0
multiple_runs_DB_LowThreat_2_20260407_163954.csv,multiple_runs_DB_LowThreat_2_20260407_163954.csv,DB,No ACE,76,0.0,0.0
multiple_runs_DB_LowThreat_2_20260407_163954.csv,multiple_runs_DB_LowThreat_2_20260407_163954.csv,DB,No ACE,77,0.0,0.0
multiple_runs_DB_LowThreat_2_20260407_163954.csv,multiple_runs_DB_LowThreat_2_20260407_163954.csv,DB,No ACE,78,0.0,0.0
multiple_runs_DB_LowThreat_2_20260407_163954.csv,multiple_runs_DB_LowThreat_2_20260407_163954.csv,DB,No ACE,79,0.0,0.0
multiple_runs_DB_LowThreat_2_20260407_163954.csv,multiple_runs_DB_LowThreat_2_20260407_163954.csv,DB,No ACE,80,0.0,0.0
multiple_runs_DB_LowThreat_2_20260407_163954.csv,multiple_runs_DB_LowThreat_2_20260407_163954.csv,DB,No ACE,81,0.0,0.0
multiple_runs_DB_LowThreat_2_20260407_163954.csv,multiple_runs_DB_LowThreat_2_20260407_163954.csv,DB,No ACE,82,0.0,0.0
multiple_runs_DB_LowThreat_2_20260407_163954.csv,multiple_runs_DB_LowThreat_2_20260407_163954.csv,DB,No ACE,83,0.0,0.0
multiple_runs_DB_LowThreat_2_20260407_163954.csv,multiple_runs_DB_LowThreat_2_20260407_163954.csv,DB,No ACE,84,0.0,0.0
multiple_runs_DB_LowThreat_2_20260407_163954.csv,multiple_runs_DB_LowThreat_2_20260407_163954.csv,DB,No ACE,85,0.0,0.0
multiple_runs_DB_LowThreat_2_20260407_163954.csv,multiple_runs_DB_LowThreat_2_20260407_163954.csv,DB,No ACE,86,0.0,0.0
multiple_runs_DB_LowThreat_2_20260407_163954.csv,multiple_runs_DB_LowThreat_2_20260407_163954.csv,DB,No ACE,87,0.0,0.0
multiple_runs_DB_LowThreat_2_20260407_163954.csv,multiple_runs_DB_LowThreat_2_20260407_163954.csv,DB,No ACE,88,0.0,0.0
multiple_runs_DB_LowThreat_2_20260407_163954.csv,multiple_runs_DB_LowThreat_2_20260407_163954.csv,DB,No ACE,89,0.0,0.0
multiple_runs_DB_LowThreat_2_20260407_163954.csv,multiple_runs_DB_LowThreat_2_20260407_163954.csv,DB,No ACE,90,0.0,0.0
multiple_runs_DB_LowThreat_2_20260407_163954.csv,multiple_runs_DB_LowThreat_2_20260407_163954.csv,DB,No ACE,91,0.0,0.0
multiple_runs_DB_LowThreat_2_20260407_163954.csv,multiple_runs_DB_LowThreat_2_20260407_163954.csv,DB,No ACE,92,0.0,0.0
multiple_runs_DB_LowThreat_2_20260407_163954.csv,multiple_runs_DB_LowThreat_2_20260407_163954.csv,DB,No ACE,93,0.0,0.0
multiple_runs_DB_LowThreat_2_20260407_163954.csv,multiple_runs_DB_LowThreat_2_20260407_163954.csv,DB,No ACE,94,0.0,0.0
multiple_runs_DB_LowThreat_2_20260407_163954.csv,multiple_runs_DB_LowThreat_2_20260407_163954.csv,DB,No ACE,95,0.0,0.0
multiple_runs_DB_LowThreat_2_20260407_163954.csv,multiple_runs_DB_LowThreat_2_20260407_163954.csv,DB,No ACE,96,0.0,0.0
multiple_runs_DB_LowThreat_2_20260407_163954.csv,multiple_runs_DB_LowThreat_2_20260407_163954.csv,DB,No ACE,97,0.0,0.0
multiple_runs_DB_LowThreat_2_20260407_163954.csv,multiple_runs_DB_LowThreat_2_20260407_163954.csv,DB,No ACE,98,0.0,0.0
multiple_runs_DB_LowThreat_2_20260407_163954.csv,multiple_runs_DB_LowThreat_2_20260407_163954.csv,DB,No ACE,99,0.0,0.0
multiple_runs_DB_LowThreat_2_20260407_163954.csv,multiple_runs_DB_LowThreat_2_20260407_163954.csv,DB,No ACE,100,0.0,0.0
multiple_runs_DB_LowThreat_2_20260407_163954.csv,multiple_runs_DB_LowThreat_2_20260407_163954.csv,DB,No ACE,101,0.0,0.0
multiple_runs_DB_LowThreat_2_20260407_163954.csv,multiple_runs_DB_LowThreat_2_20260407_163954.csv,DB,No ACE,102,0.0,0.0
multiple_runs_DB_LowThreat_2_20260407_163954.csv,multiple_runs_DB_LowThreat_2_20260407_163954.csv,DB,No ACE,103,0.0,0.0
multiple_runs_DB_LowThreat_2_20260407_163954.csv,multiple_runs_DB_LowThreat_2_20260407_163954.csv,DB,No ACE,104,0.0,0.0
multiple_runs_DB_LowThreat_2_20260407_163954.csv,multiple_runs_DB_LowThreat_2_20260407_163954.csv,DB,No ACE,105,0.0,0.0
multiple_runs_DB_LowThreat_2_20260407_163954.csv,multiple_runs_DB_LowThreat_2_20260407_163954.csv,DB,No ACE,106,0.0,0.0
multiple_runs_DB_LowThreat_2_20260407_163954.csv,multiple_runs_DB_LowThreat_2_20260407_163954.csv,DB,No ACE,107,0.0,0.0
multiple_runs_DB_LowThreat_2_20260407_163954.csv,multiple_runs_DB_LowThreat_2_20260407_163954.csv,DB,No ACE,108,0.0,0.0
multiple_runs_DB_LowThreat_2_20260407_163954.csv,multiple_runs_DB_LowThreat_2_20260407_163954.csv,DB,No ACE,109,0.0,0.0
multiple_runs_DB_LowThreat_2_20260407_163954.csv,multiple_runs_DB_LowThreat_2_20260407_163954.csv,DB,No ACE,110,0.0,0.0
multiple_runs_DB_LowThreat_2_20260407_163954.csv,multiple_runs_DB_LowThreat_2_20260407_163954.csv,DB,No ACE,111,0.0,0.0
multiple_runs_DB_LowThreat_2_20260407_163954.csv,multiple_runs_DB_LowThreat_2_20260407_163954.csv,DB,No ACE,112,0.0,0.0
multiple_runs_DB_LowThreat_2_20260407_163954.csv,multiple_runs_DB_LowThreat_2_20260407_163954.csv,DB,No ACE,113,0.0,0.0
multiple_runs_DB_LowThreat_2_20260407_163954.csv,multiple_runs_DB_LowThreat_2_20260407_163954.csv,DB,No ACE,114,0.0,0.0
multiple_runs_DB_LowThreat_2_20260407_163954.csv,multiple_runs_DB_LowThreat_2_20260407_163954.csv,DB,No ACE,115,0.0,0.0
multiple_runs_DB_LowThreat_2_20260407_163954.csv,multiple_runs_DB_LowThreat_2_20260407_163954.csv,DB,No ACE,116,0.0,0.0
multiple_runs_DB_LowThreat_2_20260407_163954.csv,multiple_runs_DB_LowThreat_2_20260407_163954.csv,DB,No ACE,117,0.0,0.0
multiple_runs_DB_LowThreat_2_20260407_163954.csv,multiple_runs_DB_LowThreat_2_20260407_163954.csv,DB,No ACE,118,0.0,0.0
multiple_runs_DB_LowThreat_2_20260407_163954.csv,multiple_runs_DB_LowThreat_2_20260407_163954.csv,DB,No ACE,119,0.0,0.0
multiple_runs_DB_LowThreat_2_20260407_163954.csv,multiple_runs_DB_LowThreat_2_20260407_163954.csv,DB,No ACE,120,0.0,0.0
multiple_runs_DB_LowThreat_2_20260407_163954.csv,multiple_runs_DB_LowThreat_2_20260407_163954.csv,DB,No ACE,121,0.0,0.0
multiple_runs_DB_LowThreat_2_20260407_163954.csv,multiple_runs_DB_LowThreat_2_20260407_163954.csv,DB,No ACE,122,0.0,0.0
multiple_runs_DB_LowThreat_2_20260407_163954.csv,multiple_runs_DB_LowThreat_2_20260407_163954.csv,DB,No ACE,123,0.0,0.0
multiple_runs_DB_LowThreat_2_20260407_163954.csv,multiple_runs_DB_LowThreat_2_20260407_163954.csv,DB,No ACE,124,0.0,0.0
multiple_runs_DB_LowThreat_2_20260407_163954.csv,multiple_runs_DB_LowThreat_2_20260407_163954.csv,DB,No ACE,125,0.0,0.0
multiple_runs_DB_LowThreat_2_20260407_163954.csv,multiple_runs_DB_LowThreat_2_20260407_163954.csv,DB,No ACE,126,0.0,0.0
multiple_runs_DB_LowThreat_2_20260407_163954.csv,multiple_runs_DB_LowThreat_2_20260407_163954.csv,DB,No ACE,127,0.0,0.0
multiple_runs_DB_LowThreat_2_20260407_163954.csv,multiple_runs_DB_LowThreat_2_20260407_163954.csv,DB,No ACE,128,0.0,0.0
multiple_runs_DB_LowThreat_2_20260407_163954.csv,multiple_runs_DB_LowThreat_2_20260407_163954.csv,DB,No ACE,129,0.0,0.0
multiple_runs_DB_LowThreat_2_20260407_163954.csv,multiple_runs_DB_LowThreat_2_20260407_163954.csv,DB,No ACE,130,0.0,0.0
multiple_runs_DB_LowThreat_2_20260407_163954.csv,multiple_runs_DB_LowThreat_2_20260407_163954.csv,DB,No ACE,131,0.0,0.0
multiple_runs_DB_LowThreat_2_20260407_163954.csv,multiple_runs_DB_LowThreat_2_20260407_163954.csv,DB,No ACE,132,0.0,0.0
multiple_runs_DB_LowThreat_2_20260407_163954.csv,multiple_runs_DB_LowThreat_2_20260407_163954.csv,DB,No ACE,133,0.0,0.0
multiple_runs_DB_LowThreat_2_20260407_163954.csv,multiple_runs_DB_LowThreat_2_20260407_163954.csv,DB,No ACE,134,0.0,0.0
multiple_runs_DB_LowThreat_2_20260407_163954.csv,multiple_runs_DB_LowThreat_2_20260407_163954.csv,DB,No ACE,135,0.0,0.0
multiple_runs_DB_LowThreat_2_20260407_163954.csv,multiple_runs_DB_LowThreat_2_20260407_163954.csv,DB,No ACE,136,0.0,0.0
multiple_runs_DB_LowThreat_2_20260407_163954.csv,multiple_runs_DB_LowThreat_2_20260407_163954.csv,DB,No ACE,137,0.0,0.0
multiple_runs_DB_LowThreat_2_20260407_163954.csv,multiple_runs_DB_LowThreat_2_20260407_163954.csv,DB,No ACE,138,0.0,0.0
multiple_runs_DB_LowThreat_2_20260407_163954.csv,multiple_runs_DB_LowThreat_2_20260407_163954.csv,DB,No ACE,139,0.0,0.0
multiple_runs_DB_LowThreat_2_20260407_163954.csv,multiple_runs_DB_LowThreat_2_20260407_163954.csv,DB,No ACE,140,0.0,0.0
multiple_runs_DB_LowThreat_2_20260407_163954.csv,multiple_runs_DB_LowThreat_2_20260407_163954.csv,DB,No ACE,141,0.0,0.0
multiple_runs_DB_LowThreat_2_20260407_163954.csv,multiple_runs_DB_LowThreat_2_20260407_163954.csv,DB,No ACE,142,0.0,0.0
multiple_runs_DB_LowThreat_2_20260407_163954.csv,multiple_runs_DB_LowThreat_2_20260407_163954.csv,DB,No ACE,143,0.0,0.0
multiple_runs_DB_LowThreat_2_20260407_163954.csv,multiple_runs_DB_LowThreat_2_20260407_163954.csv,DB,No ACE,144,0.0,0.0
multiple_runs_DB_LowThreat_2_20260407_163954.csv,multiple_runs_DB_LowThreat_2_20260407_163954.csv,DB,No ACE,145,0.0,0.0
multiple_runs_DB_LowThreat_2_20260407_163954.csv,multiple_runs_DB_LowThreat_2_20260407_163954.csv,DB,No ACE,146,0.0,0.0
multiple_runs_DB_LowThreat_2_20260407_163954.csv,multiple_runs_DB_LowThreat_2_20260407_163954.csv,DB,No ACE,147,0.0,0.0
multiple_runs_DB_LowThreat_2_20260407_163954.csv,multiple_runs_DB_LowThreat_2_20260407_163954.csv,DB,No ACE,148,0.0,0.0
multiple_runs_DB_LowThreat_2_20260407_163954.csv,multiple_runs_DB_LowThreat_2_20260407_163954.csv,DB,No ACE,149,0.0,0.0
multiple_runs_DB_LowThreat_2_20260407_163954.csv,multiple_runs_DB_LowThreat_2_20260407_163954.csv,DB,No ACE,150,0.0,0.0
multiple_runs_DB_LowThreat_2_20260407_163954.csv,multiple_runs_DB_LowThreat_2_20260407_163954.csv,DB,No ACE,151,0.0,0.0
multiple_runs_DB_LowThreat_2_20260407_163954.csv,multiple_runs_DB_LowThreat_2_20260407_163954.csv,DB,No ACE,152,0.0,0.0
multiple_runs_DB_LowThreat_2_20260407_163954.csv,multiple_runs_DB_LowThreat_2_20260407_163954.csv,DB,No ACE,153,0.0,0.0
multiple_runs_DB_LowThreat_2_20260407_163954.csv,multiple_runs_DB_LowThreat_2_20260407_163954.csv,DB,No ACE,154,0.0,0.0
multiple_runs_DB_LowThreat_2_20260407_163954.csv,multiple_runs_DB_LowThreat_2_20260407_163954.csv,DB,No ACE,155,0.0,0.0
multiple_runs_DB_LowThreat_2_20260407_163954.csv,multiple_runs_DB_LowThreat_2_20260407_163954.csv,DB,No ACE,156,0.0,0.0
multiple_runs_DB_LowThreat_2_20260407_163954.csv,multiple_runs_DB_LowThreat_2_20260407_163954.csv,DB,No ACE,157,0.0,0.0
multiple_runs_DB_LowThreat_2_20260407_163954.csv,multiple_runs_DB_LowThreat_2_20260407_163954.csv,DB,No ACE,158,0.0,0.0
multiple_runs_DB_LowThreat_2_20260407_163954.csv,multiple_runs_DB_LowThreat_2_20260407_163954.csv,DB,No ACE,159,0.0,0.0
multiple_runs_DB_LowThreat_2_20260407_163954.csv,multiple_runs_DB_LowThreat_2_20260407_163954.csv,DB,No ACE,160,0.0,0.0
multiple_runs_DB_LowThreat_2_20260407_163954.csv,multiple_runs_DB_LowThreat_2_20260407_163954.csv,DB,No ACE,161,0.0,0.0
multiple_runs_DB_LowThreat_2_20260407_163954.csv,multiple_runs_DB_LowThreat_2_20260407_163954.csv,DB,No ACE,162,0.0,0.0
multiple_runs_DB_LowThreat_2_20260407_163954.csv,multiple_runs_DB_LowThreat_2_20260407_163954.csv,DB,No ACE,163,0.0,0.0
multiple_runs_DB_LowThreat_2_20260407_163954.csv,multiple_runs_DB_LowThreat_2_20260407_163954.csv,DB,No ACE,164,0.0,0.0
multiple_runs_DB_LowThreat_2_20260407_163954.csv,multiple_runs_DB_LowThreat_2_20260407_163954.csv,DB,No ACE,165,0.0,0.0
multiple_runs_DB_LowThreat_2_20260407_163954.csv,multiple_runs_DB_LowThreat_2_20260407_163954.csv,DB,No ACE,166,0.0,0.0
multiple_runs_DB_LowThreat_2_20260407_163954.csv,multiple_runs_DB_LowThreat_2_20260407_163954.csv,DB,No ACE,167,0.0,0.0
multiple_runs_DB_LowThreat_2_20260407_163954.csv,multiple_runs_DB_LowThreat_2_20260407_163954.csv,DB,No ACE,168,0.0,0.0
multiple_runs_DB_LowThreat_2_20260407_163954.csv,multiple_runs_DB_LowThreat_2_20260407_163954.csv,DB,No ACE,169,0.0,0.0
multiple_runs_DB_LowThreat_2_20260407_163954.csv,multiple_runs_DB_LowThreat_2_20260407_163954.csv,DB,No ACE,170,0.0,0.0
multiple_runs_DB_LowThreat_2_20260407_163954.csv,multiple_runs_DB_LowThreat_2_20260407_163954.csv,DB,No ACE,171,0.0,0.0
multiple_runs_DB_LowThreat_2_20260407_163954.csv,multiple_runs_DB_LowThreat_2_20260407_163954.csv,DB,No ACE,172,0.0,0.0
multiple_runs_DB_LowThreat_2_20260407_163954.csv,multiple_runs_DB_LowThreat_2_20260407_163954.csv,DB,No ACE,173,0.0,0.0
multiple_runs_DB_LowThreat_2_20260407_163954.csv,multiple_runs_DB_LowThreat_2_20260407_163954.csv,DB,No ACE,174,0.0,0.0
multiple_runs_DB_LowThreat_2_20260407_163954.csv,multiple_runs_DB_LowThreat_2_20260407_163954.csv,DB,No ACE,175,0.0,0.0
multiple_runs_DB_LowThreat_2_20260407_163954.csv,multiple_runs_DB_LowThreat_2_20260407_163954.csv,DB,No ACE,176,0.0,0.0
multiple_runs_DB_LowThreat_2_20260407_163954.csv,multiple_runs_DB_LowThreat_2_20260407_163954.csv,DB,No ACE,177,0.0,0.0
multiple_runs_DB_LowThreat_2_20260407_163954.csv,multiple_runs_DB_LowThreat_2_20260407_163954.csv,DB,No ACE,178,0.0,0.0
multiple_runs_DB_LowThreat_2_20260407_163954.csv,multiple_runs_DB_LowThreat_2_20260407_163954.csv,DB,No ACE,179,0.0,0.0
multiple_runs_DB_LowThreat_2_20260407_163954.csv,multiple_runs_DB_LowThreat_2_20260407_163954.csv,DB,No ACE,180,0.0,0.0
multiple_runs_DB_LowThreat_2_20260407_163954.csv,multiple_runs_DB_LowThreat_2_20260407_163954.csv,DB,No ACE,181,0.0,0.0
multiple_runs_DB_LowThreat_2_20260407_163954.csv,multiple_runs_DB_LowThreat_2_20260407_163954.csv,DB,No ACE,182,0.0,0.0
multiple_runs_DB_LowThreat_2_20260407_163954.csv,multiple_runs_DB_LowThreat_2_20260407_163954.csv,DB,No ACE,183,0.0,0.0
multiple_runs_DB_LowThreat_2_20260407_163954.csv,multiple_runs_DB_LowThreat_2_20260407_163954.csv,DB,No ACE,184,0.0,0.0
multiple_runs_DB_LowThreat_2_20260407_163954.csv,multiple_runs_DB_LowThreat_2_20260407_163954.csv,DB,No ACE,185,0.0,0.0
multiple_runs_DB_LowThreat_2_20260407_163954.csv,multiple_runs_DB_LowThreat_2_20260407_163954.csv,DB,No ACE,186,0.0,0.0
multiple_runs_DB_LowThreat_2_20260407_163954.csv,multiple_runs_DB_LowThreat_2_20260407_163954.csv,DB,No ACE,187,0.0,0.0
multiple_runs_DB_LowThreat_2_20260407_163954.csv,multiple_runs_DB_LowThreat_2_20260407_163954.csv,DB,No ACE,188,0.0,0.0
multiple_runs_DB_LowThreat_2_20260407_163954.csv,multiple_runs_DB_LowThreat_2_20260407_163954.csv,DB,No ACE,189,0.0,0.0
multiple_runs_DB_LowThreat_2_20260407_163954.csv,multiple_runs_DB_LowThreat_2_20260407_163954.csv,DB,No ACE,190,0.0,0.0
multiple_runs_DB_LowThreat_2_20260407_163954.csv,multiple_runs_DB_LowThreat_2_20260407_163954.csv,DB,No ACE,191,0.0,0.0
multiple_runs_DB_LowThreat_2_20260407_163954.csv,multiple_runs_DB_LowThreat_2_20260407_163954.csv,DB,No ACE,192,0.0,0.0
multiple_runs_DB_LowThreat_2_20260407_163954.csv,multiple_runs_DB_LowThreat_2_20260407_163954.csv,DB,No ACE,193,0.0,0.0
multiple_runs_DB_LowThreat_2_20260407_163954.csv,multiple_runs_DB_LowThreat_2_20260407_163954.csv,DB,No ACE,194,0.0,0.0
multiple_runs_DB_LowThreat_2_20260407_163954.csv,multiple_runs_DB_LowThreat_2_20260407_163954.csv,DB,No ACE,195,0.0,0.0
multiple_runs_DB_LowThreat_2_20260407_163954.csv,multiple_runs_DB_LowThreat_2_20260407_163954.csv,DB,No ACE,196,0.0,0.0
multiple_runs_DB_LowThreat_2_20260407_163954.csv,multiple_runs_DB_LowThreat_2_20260407_163954.csv,DB,No ACE,197,0.0,0.0
multiple_runs_DB_LowThreat_2_20260407_163954.csv,multiple_runs_DB_LowThreat_2_20260407_163954.csv,DB,No ACE,198,0.0,0.0
multiple_runs_DB_LowThreat_2_20260407_163954.csv,multiple_runs_DB_LowThreat_2_20260407_163954.csv,DB,No ACE,199,0.0,0.0
multiple_runs_DB_LowThreat_2_20260407_163954.csv,multiple_runs_DB_LowThreat_2_20260407_163954.csv,DB,No ACE,200,0.0,0.0
multiple_runs_DB_ModerateThreat_20260407_174756.csv,multiple_runs_DB_ModerateThreat_20260407_174756.csv,DB,Moderate adversity,1,0.0,0.0
multiple_runs_DB_ModerateThreat_20260407_174756.csv,multiple_runs_DB_ModerateThreat_20260407_174756.csv,DB,Moderate adversity,2,0.0,0.0
multiple_runs_DB_ModerateThreat_20260407_174756.csv,multiple_runs_DB_ModerateThreat_20260407_174756.csv,DB,Moderate adversity,3,0.0,0.0
multiple_runs_DB_ModerateThreat_20260407_174756.csv,multiple_runs_DB_ModerateThreat_20260407_174756.csv,DB,Moderate adversity,4,0.0,0.0
multiple_runs_DB_ModerateThreat_20260407_174756.csv,multiple_runs_DB_ModerateThreat_20260407_174756.csv,DB,Moderate adversity,5,0.0,0.0
multiple_runs_DB_ModerateThreat_20260407_174756.csv,multiple_runs_DB_ModerateThreat_20260407_174756.csv,DB,Moderate adversity,6,0.0,0.0
multiple_runs_DB_ModerateThreat_20260407_174756.csv,multiple_runs_DB_ModerateThreat_20260407_174756.csv,DB,Moderate adversity,7,0.0,0.0
multiple_runs_DB_ModerateThreat_20260407_174756.csv,multiple_runs_DB_ModerateThreat_20260407_174756.csv,DB,Moderate adversity,8,0.0,0.0
multiple_runs_DB_ModerateThreat_20260407_174756.csv,multiple_runs_DB_ModerateThreat_20260407_174756.csv,DB,Moderate adversity,9,0.0,0.0
multiple_runs_DB_ModerateThreat_20260407_174756.csv,multiple_runs_DB_ModerateThreat_20260407_174756.csv,DB,Moderate adversity,10,0.0,0.0
multiple_runs_DB_ModerateThreat_20260407_174756.csv,multiple_runs_DB_ModerateThreat_20260407_174756.csv,DB,Moderate adversity,11,0.0,0.0
multiple_runs_DB_ModerateThreat_20260407_174756.csv,multiple_runs_DB_ModerateThreat_20260407_174756.csv,DB,Moderate adversity,12,0.0,0.0
multiple_runs_DB_ModerateThreat_20260407_174756.csv,multiple_runs_DB_ModerateThreat_20260407_174756.csv,DB,Moderate adversity,13,0.0,0.0
multiple_runs_DB_ModerateThreat_20260407_174756.csv,multiple_runs_DB_ModerateThreat_20260407_174756.csv,DB,Moderate adversity,14,0.0,0.0
multiple_runs_DB_ModerateThreat_20260407_174756.csv,multiple_runs_DB_ModerateThreat_20260407_174756.csv,DB,Moderate adversity,15,0.0,0.0
multiple_runs_DB_ModerateThreat_20260407_174756.csv,multiple_runs_DB_ModerateThreat_20260407_174756.csv,DB,Moderate adversity,16,0.0,0.0
multiple_runs_DB_ModerateThreat_20260407_174756.csv,multiple_runs_DB_ModerateThreat_20260407_174756.csv,DB,Moderate adversity,17,0.0,0.0
multiple_runs_DB_ModerateThreat_20260407_174756.csv,multiple_runs_DB_ModerateThreat_20260407_174756.csv,DB,Moderate adversity,18,0.0,0.0
multiple_runs_DB_ModerateThreat_20260407_174756.csv,multiple_runs_DB_ModerateThreat_20260407_174756.csv,DB,Moderate adversity,19,0.0,0.0
multiple_runs_DB_ModerateThreat_20260407_174756.csv,multiple_runs_DB_ModerateThreat_20260407_174756.csv,DB,Moderate adversity,20,0.0,0.0
multiple_runs_DB_ModerateThreat_20260407_174756.csv,multiple_runs_DB_ModerateThreat_20260407_174756.csv,DB,Moderate adversity,21,0.0,0.0
multiple_runs_DB_ModerateThreat_20260407_174756.csv,multiple_runs_DB_ModerateThreat_20260407_174756.csv,DB,Moderate adversity,22,0.0,0.0
multiple_runs_DB_ModerateThreat_20260407_174756.csv,multiple_runs_DB_ModerateThreat_20260407_174756.csv,DB,Moderate adversity,23,0.0,0.0
multiple_runs_DB_ModerateThreat_20260407_174756.csv,multiple_runs_DB_ModerateThreat_20260407_174756.csv,DB,Moderate adversity,24,0.0,0.0
multiple_runs_DB_ModerateThreat_20260407_174756.csv,multiple_runs_DB_ModerateThreat_20260407_174756.csv,DB,Moderate adversity,25,0.0,0.0
multiple_runs_DB_ModerateThreat_20260407_174756.csv,multiple_runs_DB_ModerateThreat_20260407_174756.csv,DB,Moderate adversity,26,0.0,0.0
multiple_runs_DB_ModerateThreat_20260407_174756.csv,multiple_runs_DB_ModerateThreat_20260407_174756.csv,DB,Moderate adversity,27,0.0,0.0
multiple_runs_DB_ModerateThreat_20260407_174756.csv,multiple_runs_DB_ModerateThreat_20260407_174756.csv,DB,Moderate adversity,28,0.0,0.0
multiple_runs_DB_ModerateThreat_20260407_174756.csv,multiple_runs_DB_ModerateThreat_20260407_174756.csv,DB,Moderate adversity,29,0.0,0.0
multiple_runs_DB_ModerateThreat_20260407_174756.csv,multiple_runs_DB_ModerateThreat_20260407_174756.csv,DB,Moderate adversity,30,0.0,0.0
multiple_runs_DB_ModerateThreat_20260407_174756.csv,multiple_runs_DB_ModerateThreat_20260407_174756.csv,DB,Moderate adversity,31,0.0,0.0
multiple_runs_DB_ModerateThreat_20260407_174756.csv,multiple_runs_DB_ModerateThreat_20260407_174756.csv,DB,Moderate adversity,32,0.0,0.0
multiple_runs_DB_ModerateThreat_20260407_174756.csv,multiple_runs_DB_ModerateThreat_20260407_174756.csv,DB,Moderate adversity,33,0.0,0.0
multiple_runs_DB_ModerateThreat_20260407_174756.csv,multiple_runs_DB_ModerateThreat_20260407_174756.csv,DB,Moderate adversity,34,0.0,0.0
multiple_runs_DB_ModerateThreat_20260407_174756.csv,multiple_runs_DB_ModerateThreat_20260407_174756.csv,DB,Moderate adversity,35,0.0,0.0
multiple_runs_DB_ModerateThreat_20260407_174756.csv,multiple_runs_DB_ModerateThreat_20260407_174756.csv,DB,Moderate adversity,36,0.0,0.0
multiple_runs_DB_ModerateThreat_20260407_174756.csv,multiple_runs_DB_ModerateThreat_20260407_174756.csv,DB,Moderate adversity,37,0.0,0.0
multiple_runs_DB_ModerateThreat_20260407_174756.csv,multiple_runs_DB_ModerateThreat_20260407_174756.csv,DB,Moderate adversity,38,0.0,0.0
multiple_runs_DB_ModerateThreat_20260407_174756.csv,multiple_runs_DB_ModerateThreat_20260407_174756.csv,DB,Moderate adversity,39,0.0,0.0
multiple_runs_DB_ModerateThreat_20260407_174756.csv,multiple_runs_DB_ModerateThreat_20260407_174756.csv,DB,Moderate adversity,40,0.0,0.0
multiple_runs_DB_ModerateThreat_20260407_174756.csv,multiple_runs_DB_ModerateThreat_20260407_174756.csv,DB,Moderate adversity,41,0.0,0.0
multiple_runs_DB_ModerateThreat_20260407_174756.csv,multiple_runs_DB_ModerateThreat_20260407_174756.csv,DB,Moderate adversity,42,0.0,0.0
multiple_runs_DB_ModerateThreat_20260407_174756.csv,multiple_runs_DB_ModerateThreat_20260407_174756.csv,DB,Moderate adversity,43,0.0,0.0
multiple_runs_DB_ModerateThreat_20260407_174756.csv,multiple_runs_DB_ModerateThreat_20260407_174756.csv,DB,Moderate adversity,44,0.0,0.0
multiple_runs_DB_ModerateThreat_20260407_174756.csv,multiple_runs_DB_ModerateThreat_20260407_174756.csv,DB,Moderate adversity,45,0.0,0.0
multiple_runs_DB_ModerateThreat_20260407_174756.csv,multiple_runs_DB_ModerateThreat_20260407_174756.csv,DB,Moderate adversity,46,0.0,0.0
multiple_runs_DB_ModerateThreat_20260407_174756.csv,multiple_runs_DB_ModerateThreat_20260407_174756.csv,DB,Moderate adversity,47,0.0,0.0
multiple_runs_DB_ModerateThreat_20260407_174756.csv,multiple_runs_DB_ModerateThreat_20260407_174756.csv,DB,Moderate adversity,48,0.0,0.0
multiple_runs_DB_ModerateThreat_20260407_174756.csv,multiple_runs_DB_ModerateThreat_20260407_174756.csv,DB,Moderate adversity,49,0.0,0.0
multiple_runs_DB_ModerateThreat_20260407_174756.csv,multiple_runs_DB_ModerateThreat_20260407_174756.csv,DB,Moderate adversity,50,0.0,0.0
multiple_runs_DB_ModerateThreat_20260407_174756.csv,multiple_runs_DB_ModerateThreat_20260407_174756.csv,DB,Moderate adversity,51,0.0,0.0
multiple_runs_DB_ModerateThreat_20260407_174756.csv,multiple_runs_DB_ModerateThreat_20260407_174756.csv,DB,Moderate adversity,52,0.0,0.0
multiple_runs_DB_ModerateThreat_20260407_174756.csv,multiple_runs_DB_ModerateThreat_20260407_174756.csv,DB,Moderate adversity,53,0.0,0.0
multiple_runs_DB_ModerateThreat_20260407_174756.csv,multiple_runs_DB_ModerateThreat_20260407_174756.csv,DB,Moderate adversity,54,0.0,0.0
multiple_runs_DB_ModerateThreat_20260407_174756.csv,multiple_runs_DB_ModerateThreat_20260407_174756.csv,DB,Moderate adversity,55,0.0,0.0
multiple_runs_DB_ModerateThreat_20260407_174756.csv,multiple_runs_DB_ModerateThreat_20260407_174756.csv,DB,Moderate adversity,56,0.0,0.0
multiple_runs_DB_ModerateThreat_20260407_174756.csv,multiple_runs_DB_ModerateThreat_20260407_174756.csv,DB,Moderate adversity,57,0.0,0.0
multiple_runs_DB_ModerateThreat_20260407_174756.csv,multiple_runs_DB_ModerateThreat_20260407_174756.csv,DB,Moderate adversity,58,0.0,0.0
multiple_runs_DB_ModerateThreat_20260407_174756.csv,multiple_runs_DB_ModerateThreat_20260407_174756.csv,DB,Moderate adversity,59,0.0,0.0
multiple_runs_DB_ModerateThreat_20260407_174756.csv,multiple_runs_DB_ModerateThreat_20260407_174756.csv,DB,Moderate adversity,60,0.0,0.0
multiple_runs_DB_ModerateThreat_20260407_174756.csv,multiple_runs_DB_ModerateThreat_20260407_174756.csv,DB,Moderate adversity,61,0.0,0.0
multiple_runs_DB_ModerateThreat_20260407_174756.csv,multiple_runs_DB_ModerateThreat_20260407_174756.csv,DB,Moderate adversity,62,0.0,0.0
multiple_runs_DB_ModerateThreat_20260407_174756.csv,multiple_runs_DB_ModerateThreat_20260407_174756.csv,DB,Moderate adversity,63,0.0,0.0
multiple_runs_DB_ModerateThreat_20260407_174756.csv,multiple_runs_DB_ModerateThreat_20260407_174756.csv,DB,Moderate adversity,64,0.0,0.0
multiple_runs_DB_ModerateThreat_20260407_174756.csv,multiple_runs_DB_ModerateThreat_20260407_174756.csv,DB,Moderate adversity,65,0.0,0.0
multiple_runs_DB_ModerateThreat_20260407_174756.csv,multiple_runs_DB_ModerateThreat_20260407_174756.csv,DB,Moderate adversity,66,0.0,0.0
multiple_runs_DB_ModerateThreat_20260407_174756.csv,multiple_runs_DB_ModerateThreat_20260407_174756.csv,DB,Moderate adversity,67,0.0,0.0
multiple_runs_DB_ModerateThreat_20260407_174756.csv,multiple_runs_DB_ModerateThreat_20260407_174756.csv,DB,Moderate adversity,68,0.0,0.0
multiple_runs_DB_ModerateThreat_20260407_174756.csv,multiple_runs_DB_ModerateThreat_20260407_174756.csv,DB,Moderate adversity,69,0.0,0.0
multiple_runs_DB_ModerateThreat_20260407_174756.csv,multiple_runs_DB_ModerateThreat_20260407_174756.csv,DB,Moderate adversity,70,0.0,0.0
multiple_runs_DB_ModerateThreat_20260407_174756.csv,multiple_runs_DB_ModerateThreat_20260407_174756.csv,DB,Moderate adversity,71,0.0,0.0
multiple_runs_DB_ModerateThreat_20260407_174756.csv,multiple_runs_DB_ModerateThreat_20260407_174756.csv,DB,Moderate adversity,72,0.0,0.0
multiple_runs_DB_ModerateThreat_20260407_174756.csv,multiple_runs_DB_ModerateThreat_20260407_174756.csv,DB,Moderate adversity,73,0.0,0.0
multiple_runs_DB_ModerateThreat_20260407_174756.csv,multiple_runs_DB_ModerateThreat_20260407_174756.csv,DB,Moderate adversity,74,0.0,0.0
multiple_runs_DB_ModerateThreat_20260407_174756.csv,multiple_runs_DB_ModerateThreat_20260407_174756.csv,DB,Moderate adversity,75,0.0,0.0
multiple_runs_DB_ModerateThreat_20260407_174756.csv,multiple_runs_DB_ModerateThreat_20260407_174756.csv,DB,Moderate adversity,76,0.0,0.0
multiple_runs_DB_ModerateThreat_20260407_174756.csv,multiple_runs_DB_ModerateThreat_20260407_174756.csv,DB,Moderate adversity,77,0.0,0.0
multiple_runs_DB_ModerateThreat_20260407_174756.csv,multiple_runs_DB_ModerateThreat_20260407_174756.csv,DB,Moderate adversity,78,0.0,0.0
multiple_runs_DB_ModerateThreat_20260407_174756.csv,multiple_runs_DB_ModerateThreat_20260407_174756.csv,DB,Moderate adversity,79,0.0,0.0
multiple_runs_DB_ModerateThreat_20260407_174756.csv,multiple_runs_DB_ModerateThreat_20260407_174756.csv,DB,Moderate adversity,80,0.0,0.0
multiple_runs_DB_ModerateThreat_20260407_174756.csv,multiple_runs_DB_ModerateThreat_20260407_174756.csv,DB,Moderate adversity,81,0.0,0.0
multiple_runs_DB_ModerateThreat_20260407_174756.csv,multiple_runs_DB_ModerateThreat_20260407_174756.csv,DB,Moderate adversity,82,0.0,0.0
multiple_runs_DB_ModerateThreat_20260407_174756.csv,multiple_runs_DB_ModerateThreat_20260407_174756.csv,DB,Moderate adversity,83,0.0,0.0
multiple_runs_DB_ModerateThreat_20260407_174756.csv,multiple_runs_DB_ModerateThreat_20260407_174756.csv,DB,Moderate adversity,84,0.0,0.0
multiple_runs_DB_ModerateThreat_20260407_174756.csv,multiple_runs_DB_ModerateThreat_20260407_174756.csv,DB,Moderate adversity,85,0.0,0.0
multiple_runs_DB_ModerateThreat_20260407_174756.csv,multiple_runs_DB_ModerateThreat_20260407_174756.csv,DB,Moderate adversity,86,0.0,0.0
multiple_runs_DB_ModerateThreat_20260407_174756.csv,multiple_runs_DB_ModerateThreat_20260407_174756.csv,DB,Moderate adversity,87,0.0,0.0
multiple_runs_DB_ModerateThreat_20260407_174756.csv,multiple_runs_DB_ModerateThreat_20260407_174756.csv,DB,Moderate adversity,88,0.0,0.0
multiple_runs_DB_ModerateThreat_20260407_174756.csv,multiple_runs_DB_ModerateThreat_20260407_174756.csv,DB,Moderate adversity,89,0.0,0.0
multiple_runs_DB_ModerateThreat_20260407_174756.csv,multiple_runs_DB_ModerateThreat_20260407_174756.csv,DB,Moderate adversity,90,0.0,0.0
multiple_runs_DB_ModerateThreat_20260407_174756.csv,multiple_runs_DB_ModerateThreat_20260407_174756.csv,DB,Moderate adversity,91,0.0,0.0
multiple_runs_DB_ModerateThreat_20260407_174756.csv,multiple_runs_DB_ModerateThreat_20260407_174756.csv,DB,Moderate adversity,92,0.0,0.0
multiple_runs_DB_ModerateThreat_20260407_174756.csv,multiple_runs_DB_ModerateThreat_20260407_174756.csv,DB,Moderate adversity,93,0.0,0.0
multiple_runs_DB_ModerateThreat_20260407_174756.csv,multiple_runs_DB_ModerateThreat_20260407_174756.csv,DB,Moderate adversity,94,0.0,0.0
multiple_runs_DB_ModerateThreat_20260407_174756.csv,multiple_runs_DB_ModerateThreat_20260407_174756.csv,DB,Moderate adversity,95,0.0,0.0
multiple_runs_DB_ModerateThreat_20260407_174756.csv,multiple_runs_DB_ModerateThreat_20260407_174756.csv,DB,Moderate adversity,96,0.0,0.0
multiple_runs_DB_ModerateThreat_20260407_174756.csv,multiple_runs_DB_ModerateThreat_20260407_174756.csv,DB,Moderate adversity,97,0.0,0.0
multiple_runs_DB_ModerateThreat_20260407_174756.csv,multiple_runs_DB_ModerateThreat_20260407_174756.csv,DB,Moderate adversity,98,0.0,0.0
multiple_runs_DB_ModerateThreat_20260407_174756.csv,multiple_runs_DB_ModerateThreat_20260407_174756.csv,DB,Moderate adversity,99,0.0,0.0
multiple_runs_DB_ModerateThreat_20260407_174756.csv,multiple_runs_DB_ModerateThreat_20260407_174756.csv,DB,Moderate adversity,100,0.0,0.0
multiple_runs_DB_ModerateThreat_20260407_174756.csv,multiple_runs_DB_ModerateThreat_20260407_174756.csv,DB,Moderate adversity,101,0.0,0.0
multiple_runs_DB_ModerateThreat_20260407_174756.csv,multiple_runs_DB_ModerateThreat_20260407_174756.csv,DB,Moderate adversity,102,0.0,0.0
multiple_runs_DB_ModerateThreat_20260407_174756.csv,multiple_runs_DB_ModerateThreat_20260407_174756.csv,DB,Moderate adversity,103,0.0,0.0
multiple_runs_DB_ModerateThreat_20260407_174756.csv,multiple_runs_DB_ModerateThreat_20260407_174756.csv,DB,Moderate adversity,104,0.0,0.0
multiple_runs_DB_ModerateThreat_20260407_174756.csv,multiple_runs_DB_ModerateThreat_20260407_174756.csv,DB,Moderate adversity,105,0.0,0.0
multiple_runs_DB_ModerateThreat_20260407_174756.csv,multiple_runs_DB_ModerateThreat_20260407_174756.csv,DB,Moderate adversity,106,0.0,0.0
multiple_runs_DB_ModerateThreat_20260407_174756.csv,multiple_runs_DB_ModerateThreat_20260407_174756.csv,DB,Moderate adversity,107,0.0,0.0
multiple_runs_DB_ModerateThreat_20260407_174756.csv,multiple_runs_DB_ModerateThreat_20260407_174756.csv,DB,Moderate adversity,108,0.0,0.0
multiple_runs_DB_ModerateThreat_20260407_174756.csv,multiple_runs_DB_ModerateThreat_20260407_174756.csv,DB,Moderate adversity,109,0.0,0.0
multiple_runs_DB_ModerateThreat_20260407_174756.csv,multiple_runs_DB_ModerateThreat_20260407_174756.csv,DB,Moderate adversity,110,0.0,0.0
multiple_runs_DB_ModerateThreat_20260407_174756.csv,multiple_runs_DB_ModerateThreat_20260407_174756.csv,DB,Moderate adversity,111,0.0,0.0
multiple_runs_DB_ModerateThreat_20260407_174756.csv,multiple_runs_DB_ModerateThreat_20260407_174756.csv,DB,Moderate adversity,112,0.0,0.0
multiple_runs_DB_ModerateThreat_20260407_174756.csv,multiple_runs_DB_ModerateThreat_20260407_174756.csv,DB,Moderate adversity,113,0.0,0.0
multiple_runs_DB_ModerateThreat_20260407_174756.csv,multiple_runs_DB_ModerateThreat_20260407_174756.csv,DB,Moderate adversity,114,0.0,0.0
multiple_runs_DB_ModerateThreat_20260407_174756.csv,multiple_runs_DB_ModerateThreat_20260407_174756.csv,DB,Moderate adversity,115,0.0,0.0
multiple_runs_DB_ModerateThreat_20260407_174756.csv,multiple_runs_DB_ModerateThreat_20260407_174756.csv,DB,Moderate adversity,116,0.0,0.0
multiple_runs_DB_ModerateThreat_20260407_174756.csv,multiple_runs_DB_ModerateThreat_20260407_174756.csv,DB,Moderate adversity,117,0.0,0.0
multiple_runs_DB_ModerateThreat_20260407_174756.csv,multiple_runs_DB_ModerateThreat_20260407_174756.csv,DB,Moderate adversity,118,0.0,0.0
multiple_runs_DB_ModerateThreat_20260407_174756.csv,multiple_runs_DB_ModerateThreat_20260407_174756.csv,DB,Moderate adversity,119,0.0,0.0
multiple_runs_DB_ModerateThreat_20260407_174756.csv,multiple_runs_DB_ModerateThreat_20260407_174756.csv,DB,Moderate adversity,120,0.0,0.0
multiple_runs_DB_ModerateThreat_20260407_174756.csv,multiple_runs_DB_ModerateThreat_20260407_174756.csv,DB,Moderate adversity,121,0.0,0.0
multiple_runs_DB_ModerateThreat_20260407_174756.csv,multiple_runs_DB_ModerateThreat_20260407_174756.csv,DB,Moderate adversity,122,0.0,0.0
multiple_runs_DB_ModerateThreat_20260407_174756.csv,multiple_runs_DB_ModerateThreat_20260407_174756.csv,DB,Moderate adversity,123,0.0,0.0
multiple_runs_DB_ModerateThreat_20260407_174756.csv,multiple_runs_DB_ModerateThreat_20260407_174756.csv,DB,Moderate adversity,124,0.0,0.0
multiple_runs_DB_ModerateThreat_20260407_174756.csv,multiple_runs_DB_ModerateThreat_20260407_174756.csv,DB,Moderate adversity,125,0.0,0.0
multiple_runs_DB_ModerateThreat_20260407_174756.csv,multiple_runs_DB_ModerateThreat_20260407_174756.csv,DB,Moderate adversity,126,0.0,0.0
multiple_runs_DB_ModerateThreat_20260407_174756.csv,multiple_runs_DB_ModerateThreat_20260407_174756.csv,DB,Moderate adversity,127,0.0,0.0
multiple_runs_DB_ModerateThreat_20260407_174756.csv,multiple_runs_DB_ModerateThreat_20260407_174756.csv,DB,Moderate adversity,128,0.0,0.0
multiple_runs_DB_ModerateThreat_20260407_174756.csv,multiple_runs_DB_ModerateThreat_20260407_174756.csv,DB,Moderate adversity,129,0.0,0.0
multiple_runs_DB_ModerateThreat_20260407_174756.csv,multiple_runs_DB_ModerateThreat_20260407_174756.csv,DB,Moderate adversity,130,0.0,0.0
multiple_runs_DB_ModerateThreat_20260407_174756.csv,multiple_runs_DB_ModerateThreat_20260407_174756.csv,DB,Moderate adversity,131,0.0,0.0
multiple_runs_DB_ModerateThreat_20260407_174756.csv,multiple_runs_DB_ModerateThreat_20260407_174756.csv,DB,Moderate adversity,132,0.0,0.0
multiple_runs_DB_ModerateThreat_20260407_174756.csv,multiple_runs_DB_ModerateThreat_20260407_174756.csv,DB,Moderate adversity,133,0.0,0.0
multiple_runs_DB_ModerateThreat_20260407_174756.csv,multiple_runs_DB_ModerateThreat_20260407_174756.csv,DB,Moderate adversity,134,0.0,0.0
multiple_runs_DB_ModerateThreat_20260407_174756.csv,multiple_runs_DB_ModerateThreat_20260407_174756.csv,DB,Moderate adversity,135,0.0,0.0
multiple_runs_DB_ModerateThreat_20260407_174756.csv,multiple_runs_DB_ModerateThreat_20260407_174756.csv,DB,Moderate adversity,136,0.0,0.0
multiple_runs_DB_ModerateThreat_20260407_174756.csv,multiple_runs_DB_ModerateThreat_20260407_174756.csv,DB,Moderate adversity,137,0.0,0.0
multiple_runs_DB_ModerateThreat_20260407_174756.csv,multiple_runs_DB_ModerateThreat_20260407_174756.csv,DB,Moderate adversity,138,0.0,0.0
multiple_runs_DB_ModerateThreat_20260407_174756.csv,multiple_runs_DB_ModerateThreat_20260407_174756.csv,DB,Moderate adversity,139,0.0,0.0
multiple_runs_DB_ModerateThreat_20260407_174756.csv,multiple_runs_DB_ModerateThreat_20260407_174756.csv,DB,Moderate adversity,140,0.0,0.0
multiple_runs_DB_ModerateThreat_20260407_174756.csv,multiple_runs_DB_ModerateThreat_20260407_174756.csv,DB,Moderate adversity,141,0.0,0.0
multiple_runs_DB_ModerateThreat_20260407_174756.csv,multiple_runs_DB_ModerateThreat_20260407_174756.csv,DB,Moderate adversity,142,0.0,0.0
multiple_runs_DB_ModerateThreat_20260407_174756.csv,multiple_runs_DB_ModerateThreat_20260407_174756.csv,DB,Moderate adversity,143,0.0,0.0
multiple_runs_DB_ModerateThreat_20260407_174756.csv,multiple_runs_DB_ModerateThreat_20260407_174756.csv,DB,Moderate adversity,144,0.0,0.0
multiple_runs_DB_ModerateThreat_20260407_174756.csv,multiple_runs_DB_ModerateThreat_20260407_174756.csv,DB,Moderate adversity,145,0.0,0.0
multiple_runs_DB_ModerateThreat_20260407_174756.csv,multiple_runs_DB_ModerateThreat_20260407_174756.csv,DB,Moderate adversity,146,0.0,0.0
multiple_runs_DB_ModerateThreat_20260407_174756.csv,multiple_runs_DB_ModerateThreat_20260407_174756.csv,DB,Moderate adversity,147,0.0,0.0
multiple_runs_DB_ModerateThreat_20260407_174756.csv,multiple_runs_DB_ModerateThreat_20260407_174756.csv,DB,Moderate adversity,148,0.0,0.0
multiple_runs_DB_ModerateThreat_20260407_174756.csv,multiple_runs_DB_ModerateThreat_20260407_174756.csv,DB,Moderate adversity,149,0.0,0.0
multiple_runs_DB_ModerateThreat_20260407_174756.csv,multiple_runs_DB_ModerateThreat_20260407_174756.csv,DB,Moderate adversity,150,0.0,0.0
multiple_runs_DB_ModerateThreat_20260407_174756.csv,multiple_runs_DB_ModerateThreat_20260407_174756.csv,DB,Moderate adversity,151,0.0,0.0
multiple_runs_DB_ModerateThreat_20260407_174756.csv,multiple_runs_DB_ModerateThreat_20260407_174756.csv,DB,Moderate adversity,152,0.0,0.0
multiple_runs_DB_ModerateThreat_20260407_174756.csv,multiple_runs_DB_ModerateThreat_20260407_174756.csv,DB,Moderate adversity,153,0.0,0.0
multiple_runs_DB_ModerateThreat_20260407_174756.csv,multiple_runs_DB_ModerateThreat_20260407_174756.csv,DB,Moderate adversity,154,0.0,0.0
multiple_runs_DB_ModerateThreat_20260407_174756.csv,multiple_runs_DB_ModerateThreat_20260407_174756.csv,DB,Moderate adversity,155,0.0,0.0
multiple_runs_DB_ModerateThreat_20260407_174756.csv,multiple_runs_DB_ModerateThreat_20260407_174756.csv,DB,Moderate adversity,156,0.0,0.0
multiple_runs_DB_ModerateThreat_20260407_174756.csv,multiple_runs_DB_ModerateThreat_20260407_174756.csv,DB,Moderate adversity,157,0.0,0.0
multiple_runs_DB_ModerateThreat_20260407_174756.csv,multiple_runs_DB_ModerateThreat_20260407_174756.csv,DB,Moderate adversity,158,0.0,0.0
multiple_runs_DB_ModerateThreat_20260407_174756.csv,multiple_runs_DB_ModerateThreat_20260407_174756.csv,DB,Moderate adversity,159,0.0,0.0
multiple_runs_DB_ModerateThreat_20260407_174756.csv,multiple_runs_DB_ModerateThreat_20260407_174756.csv,DB,Moderate adversity,160,0.0,0.0
multiple_runs_DB_ModerateThreat_20260407_174756.csv,multiple_runs_DB_ModerateThreat_20260407_174756.csv,DB,Moderate adversity,161,0.0,0.0
multiple_runs_DB_ModerateThreat_20260407_174756.csv,multiple_runs_DB_ModerateThreat_20260407_174756.csv,DB,Moderate adversity,162,0.0,0.0
multiple_runs_DB_ModerateThreat_20260407_174756.csv,multiple_runs_DB_ModerateThreat_20260407_174756.csv,DB,Moderate adversity,163,0.0,0.0
multiple_runs_DB_ModerateThreat_20260407_174756.csv,multiple_runs_DB_ModerateThreat_20260407_174756.csv,DB,Moderate adversity,164,0.0,0.0
multiple_runs_DB_ModerateThreat_20260407_174756.csv,multiple_runs_DB_ModerateThreat_20260407_174756.csv,DB,Moderate adversity,165,0.0,0.0
multiple_runs_DB_ModerateThreat_20260407_174756.csv,multiple_runs_DB_ModerateThreat_20260407_174756.csv,DB,Moderate adversity,166,0.0,0.0
multiple_runs_DB_ModerateThreat_20260407_174756.csv,multiple_runs_DB_ModerateThreat_20260407_174756.csv,DB,Moderate adversity,167,0.0,0.0
multiple_runs_DB_ModerateThreat_20260407_174756.csv,multiple_runs_DB_ModerateThreat_20260407_174756.csv,DB,Moderate adversity,168,0.0,0.0
multiple_runs_DB_ModerateThreat_20260407_174756.csv,multiple_runs_DB_ModerateThreat_20260407_174756.csv,DB,Moderate adversity,169,0.0,0.0
multiple_runs_DB_ModerateThreat_20260407_174756.csv,multiple_runs_DB_ModerateThreat_20260407_174756.csv,DB,Moderate adversity,170,0.0,0.0
multiple_runs_DB_ModerateThreat_20260407_174756.csv,multiple_runs_DB_ModerateThreat_20260407_174756.csv,DB,Moderate adversity,171,0.0,0.0
multiple_runs_DB_ModerateThreat_20260407_174756.csv,multiple_runs_DB_ModerateThreat_20260407_174756.csv,DB,Moderate adversity,172,0.0,0.0
multiple_runs_DB_ModerateThreat_20260407_174756.csv,multiple_runs_DB_ModerateThreat_20260407_174756.csv,DB,Moderate adversity,173,0.0,0.0
multiple_runs_DB_ModerateThreat_20260407_174756.csv,multiple_runs_DB_ModerateThreat_20260407_174756.csv,DB,Moderate adversity,174,0.0,0.0
multiple_runs_DB_ModerateThreat_20260407_174756.csv,multiple_runs_DB_ModerateThreat_20260407_174756.csv,DB,Moderate adversity,175,0.0,0.0
multiple_runs_DB_ModerateThreat_20260407_174756.csv,multiple_runs_DB_ModerateThreat_20260407_174756.csv,DB,Moderate adversity,176,0.0,0.0
multiple_runs_DB_ModerateThreat_20260407_174756.csv,multiple_runs_DB_ModerateThreat_20260407_174756.csv,DB,Moderate adversity,177,0.0,0.0
multiple_runs_DB_ModerateThreat_20260407_174756.csv,multiple_runs_DB_ModerateThreat_20260407_174756.csv,DB,Moderate adversity,178,0.0,0.0
multiple_runs_DB_ModerateThreat_20260407_174756.csv,multiple_runs_DB_ModerateThreat_20260407_174756.csv,DB,Moderate adversity,179,0.0,0.0
multiple_runs_DB_ModerateThreat_20260407_174756.csv,multiple_runs_DB_ModerateThreat_20260407_174756.csv,DB,Moderate adversity,180,0.0,0.0
multiple_runs_DB_ModerateThreat_20260407_174756.csv,multiple_runs_DB_ModerateThreat_20260407_174756.csv,DB,Moderate adversity,181,0.0,0.0
multiple_runs_DB_ModerateThreat_20260407_174756.csv,multiple_runs_DB_ModerateThreat_20260407_174756.csv,DB,Moderate adversity,182,0.0,0.0
multiple_runs_DB_ModerateThreat_20260407_174756.csv,multiple_runs_DB_ModerateThreat_20260407_174756.csv,DB,Moderate adversity,183,0.0,0.0
multiple_runs_DB_ModerateThreat_20260407_174756.csv,multiple_runs_DB_ModerateThreat_20260407_174756.csv,DB,Moderate adversity,184,0.0,0.0
multiple_runs_DB_ModerateThreat_20260407_174756.csv,multiple_runs_DB_ModerateThreat_20260407_174756.csv,DB,Moderate adversity,185,0.0,0.0
multiple_runs_DB_ModerateThreat_20260407_174756.csv,multiple_runs_DB_ModerateThreat_20260407_174756.csv,DB,Moderate adversity,186,0.0,0.0
multiple_runs_DB_ModerateThreat_20260407_174756.csv,multiple_runs_DB_ModerateThreat_20260407_174756.csv,DB,Moderate adversity,187,0.0,0.0
multiple_runs_DB_ModerateThreat_20260407_174756.csv,multiple_runs_DB_ModerateThreat_20260407_174756.csv,DB,Moderate adversity,188,0.0,0.0
multiple_runs_DB_ModerateThreat_20260407_174756.csv,multiple_runs_DB_ModerateThreat_20260407_174756.csv,DB,Moderate adversity,189,0.0,0.0
multiple_runs_DB_ModerateThreat_20260407_174756.csv,multiple_runs_DB_ModerateThreat_20260407_174756.csv,DB,Moderate adversity,190,0.0,0.0
multiple_runs_DB_ModerateThreat_20260407_174756.csv,multiple_runs_DB_ModerateThreat_20260407_174756.csv,DB,Moderate adversity,191,0.0,0.0
multiple_runs_DB_ModerateThreat_20260407_174756.csv,multiple_runs_DB_ModerateThreat_20260407_174756.csv,DB,Moderate adversity,192,0.0,0.0
multiple_runs_DB_ModerateThreat_20260407_174756.csv,multiple_runs_DB_ModerateThreat_20260407_174756.csv,DB,Moderate adversity,193,0.0,0.0
multiple_runs_DB_ModerateThreat_20260407_174756.csv,multiple_runs_DB_ModerateThreat_20260407_174756.csv,DB,Moderate adversity,194,0.0,0.0
multiple_runs_DB_ModerateThreat_20260407_174756.csv,multiple_runs_DB_ModerateThreat_20260407_174756.csv,DB,Moderate adversity,195,0.0,0.0
multiple_runs_DB_ModerateThreat_20260407_174756.csv,multiple_runs_DB_ModerateThreat_20260407_174756.csv,DB,Moderate adversity,196,0.0,0.0
multiple_runs_DB_ModerateThreat_20260407_174756.csv,multiple_runs_DB_ModerateThreat_20260407_174756.csv,DB,Moderate adversity,197,0.0,0.0
multiple_runs_DB_ModerateThreat_20260407_174756.csv,multiple_runs_DB_ModerateThreat_20260407_174756.csv,DB,Moderate adversity,198,0.0,0.0
multiple_runs_DB_ModerateThreat_20260407_174756.csv,multiple_runs_DB_ModerateThreat_20260407_174756.csv,DB,Moderate adversity,199,0.0,0.0
multiple_runs_DB_ModerateThreat_20260407_174756.csv,multiple_runs_DB_ModerateThreat_20260407_174756.csv,DB,Moderate adversity,200,0.0,0.0
