source_file,source_path,agent_type,condition,run,selected_complex_total,total_expectancy,healthy_friendliness,healthy_friendliness_count,healthy_friendliness_denominator,protective_behavior,protective_behavior_count,protective_behavior_denominator,hopefulness,hopefulness_count,hopefulness_denominator,community_trusting_vulnerability,community_trusting_vulnerability_count,community_trusting_vulnerability_denominator,willingness_to_flee,willingness_to_flee_count,willingness_to_flee_denominator,fearful_withdrawn_relationship,fearful_withdrawn_relationship_count,fearful_withdrawn_relationship_denominator,bully_behavior,bully_behavior_count,bully_behavior_denominator,aggressive_withdrawn_relationship,aggressive_withdrawn_relationship_count,aggressive_withdrawn_relationship_denominator,dangerous_trust,dangerous_trust_count,dangerous_trust_denominator,cynical,cynical_count,cynical_denominator,learned_helplessness,learned_helplessness_count,learned_helplessness_denominator
multiple_runs_DB_HighThreat_Series_20260501_214553.csv,multiple_runs_DB_HighThreat_Series_20260501_214553.csv,DB,ACE,1,923.0,1202.0,33.58613217768147,310.0,923.0,34.34452871072589,317.0,923.0,91.26455906821963,1097.0,1202.0,0.0,0.0,923.0,2.8169014084507045,26.0,923.0,0.0,0.0,923.0,17.768147345612135,164.0,923.0,7.258938244853738,67.0,923.0,4.117009750812568,38.0,923.0,8.735440931780367,105.0,1202.0,0.10834236186348861,1.0,923.0
multiple_runs_DB_HighThreat_Series_20260501_214553.csv,multiple_runs_DB_HighThreat_Series_20260501_214553.csv,DB,ACE,2,1214.0,1192.0,8.5667215815486,104.0,1214.0,7.990115321252059,97.0,1214.0,60.23489932885906,718.0,1192.0,0.0,0.0,1214.0,1.9769357495881383,24.0,1214.0,0.41186161449752884,5.0,1214.0,35.83196046128501,435.0,1214.0,24.464579901153215,297.0,1214.0,3.3772652388797364,41.0,1214.0,39.76510067114094,474.0,1192.0,17.380560131795715,211.0,1214.0
multiple_runs_DB_HighThreat_Series_20260501_214553.csv,multiple_runs_DB_HighThreat_Series_20260501_214553.csv,DB,ACE,3,949.0,1198.0,37.61854583772392,357.0,949.0,28.87249736564805,274.0,949.0,86.72787979966611,1039.0,1198.0,0.0,0.0,949.0,1.5806111696522658,15.0,949.0,0.10537407797681769,1.0,949.0,19.704952581664912,187.0,949.0,6.322444678609063,60.0,949.0,3.477344573234984,33.0,949.0,13.27212020033389,159.0,1198.0,2.3182297154899896,22.0,949.0
multiple_runs_DB_HighThreat_Series_20260501_214553.csv,multiple_runs_DB_HighThreat_Series_20260501_214553.csv,DB,ACE,4,1034.0,1213.0,40.03868471953578,414.0,1034.0,27.36943907156673,283.0,1034.0,75.18549051937346,912.0,1213.0,0.0,0.0,1034.0,3.771760154738878,39.0,1034.0,0.0,0.0,1034.0,24.564796905222437,254.0,1034.0,0.5802707930367506,6.0,1034.0,3.1914893617021276,33.0,1034.0,24.814509480626544,301.0,1213.0,0.4835589941972921,5.0,1034.0
multiple_runs_DB_HighThreat_Series_20260501_214553.csv,multiple_runs_DB_HighThreat_Series_20260501_214553.csv,DB,ACE,5,1028.0,1209.0,35.797665369649806,368.0,1028.0,32.295719844357976,332.0,1028.0,89.90901571546733,1087.0,1209.0,0.0,0.0,1028.0,1.0700389105058365,11.0,1028.0,0.0,0.0,1028.0,23.73540856031128,244.0,1028.0,4.085603112840467,42.0,1028.0,3.0155642023346303,31.0,1028.0,10.090984284532672,122.0,1209.0,0.0,0.0,1028.0
multiple_runs_DB_HighThreat_Series_20260501_214553.csv,multiple_runs_DB_HighThreat_Series_20260501_214553.csv,DB,ACE,6,1302.0,1212.0,0.7680491551459293,10.0,1302.0,3.6098310291858677,47.0,1302.0,63.11881188118812,765.0,1212.0,0.0,0.0,1302.0,2.6881720430107525,35.0,1302.0,0.5376344086021506,7.0,1302.0,43.16436251920123,562.0,1302.0,29.80030721966206,388.0,1302.0,1.3824884792626728,18.0,1302.0,36.88118811881188,447.0,1212.0,18.049155145929337,235.0,1302.0
multiple_runs_DB_HighThreat_Series_20260501_214553.csv,multiple_runs_DB_HighThreat_Series_20260501_214553.csv,DB,ACE,7,861.0,1198.0,37.97909407665505,327.0,861.0,33.91405342624855,292.0,861.0,78.96494156928213,946.0,1198.0,0.0,0.0,861.0,0.9291521486643438,8.0,861.0,0.0,0.0,861.0,13.356562137049943,115.0,861.0,8.710801393728223,75.0,861.0,3.1358885017421603,27.0,861.0,21.03505843071786,252.0,1198.0,1.9744483159117305,17.0,861.0
multiple_runs_DB_HighThreat_Series_20260501_214553.csv,multiple_runs_DB_HighThreat_Series_20260501_214553.csv,DB,ACE,8,1363.0,1210.0,5.135730007336757,70.0,1363.0,3.4482758620689653,47.0,1363.0,67.76859504132231,820.0,1210.0,0.0,0.0,1363.0,1.9075568598679384,26.0,1363.0,0.0,0.0,1363.0,44.46074834922964,606.0,1363.0,24.50476889214967,334.0,1363.0,2.5678650036683783,35.0,1363.0,32.231404958677686,390.0,1210.0,17.97505502567865,245.0,1363.0
multiple_runs_DB_HighThreat_Series_20260501_214553.csv,multiple_runs_DB_HighThreat_Series_20260501_214553.csv,DB,ACE,9,1080.0,1201.0,16.48148148148148,178.0,1080.0,17.59259259259259,190.0,1080.0,62.94754371357202,756.0,1201.0,0.0,0.0,1080.0,1.574074074074074,17.0,1080.0,0.0925925925925926,1.0,1080.0,29.166666666666668,315.0,1080.0,20.555555555555554,222.0,1080.0,2.8703703703703702,31.0,1080.0,37.052456286427976,445.0,1201.0,11.666666666666666,126.0,1080.0
multiple_runs_DB_HighThreat_Series_20260501_214553.csv,multiple_runs_DB_HighThreat_Series_20260501_214553.csv,DB,ACE,10,960.0,1194.0,0.7291666666666666,7.0,960.0,4.0625,39.0,960.0,59.12897822445561,706.0,1194.0,0.0,0.0,960.0,1.6666666666666667,16.0,960.0,0.0,0.0,960.0,25.729166666666664,247.0,960.0,38.229166666666664,367.0,960.0,2.8125,27.0,960.0,40.871021775544385,488.0,1194.0,26.770833333333332,257.0,960.0
multiple_runs_DB_HighThreat_Series_20260501_214553.csv,multiple_runs_DB_HighThreat_Series_20260501_214553.csv,DB,ACE,11,1076.0,1202.0,1.858736059479554,20.0,1076.0,4.646840148698884,50.0,1076.0,65.3910149750416,786.0,1202.0,0.0,0.0,1076.0,2.973977695167286,32.0,1076.0,0.0,0.0,1076.0,29.739776951672862,320.0,1076.0,36.33828996282528,391.0,1076.0,3.2527881040892193,35.0,1076.0,34.60898502495841,416.0,1202.0,21.189591078066915,228.0,1076.0
multiple_runs_DB_HighThreat_Series_20260501_214553.csv,multiple_runs_DB_HighThreat_Series_20260501_214553.csv,DB,ACE,12,1059.0,1192.0,1.2275731822474032,13.0,1059.0,4.815864022662889,51.0,1059.0,53.85906040268457,642.0,1192.0,0.0,0.0,1059.0,3.6827195467422094,39.0,1059.0,0.18885741265344666,2.0,1059.0,28.800755429650614,305.0,1059.0,33.6166194523135,356.0,1059.0,2.8328611898017,30.0,1059.0,46.14093959731543,550.0,1192.0,24.834749763928237,263.0,1059.0
multiple_runs_DB_HighThreat_Series_20260501_214553.csv,multiple_runs_DB_HighThreat_Series_20260501_214553.csv,DB,ACE,13,985.0,1198.0,0.40609137055837563,4.0,985.0,5.4822335025380715,54.0,985.0,58.347245409015024,699.0,1198.0,0.0,0.0,985.0,2.9441624365482233,29.0,985.0,0.0,0.0,985.0,23.248730964467004,229.0,985.0,39.898477157360404,393.0,985.0,3.0456852791878175,30.0,985.0,41.652754590984976,499.0,1198.0,24.9746192893401,246.0,985.0
multiple_runs_DB_HighThreat_Series_20260501_214553.csv,multiple_runs_DB_HighThreat_Series_20260501_214553.csv,DB,ACE,14,1033.0,1189.0,0.0968054211035818,1.0,1033.0,5.130687318489835,53.0,1033.0,57.5273338940286,684.0,1189.0,0.0,0.0,1033.0,2.1297192642787994,22.0,1033.0,0.0,0.0,1033.0,26.91190706679574,278.0,1033.0,37.173281703775416,384.0,1033.0,3.291384317521781,34.0,1033.0,42.472666105971406,505.0,1189.0,25.26621490803485,261.0,1033.0
multiple_runs_DB_HighThreat_Series_20260501_214553.csv,multiple_runs_DB_HighThreat_Series_20260501_214553.csv,DB,ACE,15,1129.0,1201.0,1.5943312666076175,18.0,1129.0,7.351638618246235,83.0,1129.0,66.61115736885928,800.0,1201.0,0.0,0.0,1129.0,3.100088573959256,35.0,1129.0,0.0,0.0,1129.0,32.59521700620018,368.0,1129.0,33.65810451727192,380.0,1129.0,3.277236492471213,37.0,1129.0,33.38884263114071,401.0,1201.0,18.42338352524358,208.0,1129.0
multiple_runs_DB_HighThreat_Series_20260501_214553.csv,multiple_runs_DB_HighThreat_Series_20260501_214553.csv,DB,ACE,16,1060.0,1197.0,34.52830188679245,366.0,1060.0,28.11320754716981,298.0,1060.0,74.68671679197995,894.0,1197.0,0.0,0.0,1060.0,1.6037735849056605,17.0,1060.0,0.0,0.0,1060.0,26.132075471698112,277.0,1060.0,2.9245283018867925,31.0,1060.0,3.30188679245283,35.0,1060.0,25.31328320802005,303.0,1197.0,3.3962264150943398,36.0,1060.0
multiple_runs_DB_HighThreat_Series_20260501_214553.csv,multiple_runs_DB_HighThreat_Series_20260501_214553.csv,DB,ACE,17,1349.0,1189.0,0.9636767976278725,13.0,1349.0,2.742772424017791,37.0,1349.0,62.321278385197644,741.0,1189.0,0.0,0.0,1349.0,1.4825796886582654,20.0,1349.0,0.2223869532987398,3.0,1349.0,44.180874722016306,596.0,1349.0,29.20681986656783,394.0,1349.0,1.3343217197924389,18.0,1349.0,37.678721614802356,448.0,1189.0,19.866567828020756,268.0,1349.0
multiple_runs_DB_HighThreat_Series_20260501_214553.csv,multiple_runs_DB_HighThreat_Series_20260501_214553.csv,DB,ACE,18,949.0,1189.0,0.6322444678609063,6.0,949.0,5.690200210748156,54.0,949.0,57.5273338940286,684.0,1189.0,0.0,0.0,949.0,2.73972602739726,26.0,949.0,0.0,0.0,949.0,20.758693361433085,197.0,949.0,41.30663856691254,392.0,949.0,2.528977871443625,24.0,949.0,42.472666105971406,505.0,1189.0,26.343519494204426,250.0,949.0
multiple_runs_DB_HighThreat_Series_20260501_214553.csv,multiple_runs_DB_HighThreat_Series_20260501_214553.csv,DB,ACE,19,1012.0,1217.0,37.94466403162055,384.0,1012.0,31.126482213438734,315.0,1012.0,88.08545603944124,1072.0,1217.0,0.0,0.0,1012.0,1.383399209486166,14.0,1012.0,0.0,0.0,1012.0,23.418972332015812,237.0,1012.0,3.1620553359683794,32.0,1012.0,2.9644268774703555,30.0,1012.0,11.91454396055875,145.0,1217.0,0.0,0.0,1012.0
multiple_runs_DB_HighThreat_Series_20260501_214553.csv,multiple_runs_DB_HighThreat_Series_20260501_214553.csv,DB,ACE,20,1020.0,1185.0,2.941176470588235,30.0,1020.0,5.196078431372549,53.0,1020.0,62.869198312236286,745.0,1185.0,0.0,0.0,1020.0,2.941176470588235,30.0,1020.0,0.0,0.0,1020.0,28.52941176470588,291.0,1020.0,35.78431372549019,365.0,1020.0,3.3333333333333335,34.0,1020.0,37.130801687763714,440.0,1185.0,21.274509803921568,217.0,1020.0
multiple_runs_DB_HighThreat_Series_20260501_214553.csv,multiple_runs_DB_HighThreat_Series_20260501_214553.csv,DB,ACE,21,1022.0,1195.0,0.29354207436399216,3.0,1022.0,6.262230919765166,64.0,1022.0,60.5857740585774,724.0,1195.0,0.0,0.0,1022.0,2.8375733855185907,29.0,1022.0,0.0,0.0,1022.0,26.418786692759294,270.0,1022.0,37.866927592954994,387.0,1022.0,2.935420743639922,30.0,1022.0,39.41422594142259,471.0,1195.0,23.385518590998043,239.0,1022.0
multiple_runs_DB_HighThreat_Series_20260501_214553.csv,multiple_runs_DB_HighThreat_Series_20260501_214553.csv,DB,ACE,22,1226.0,1201.0,10.68515497553018,131.0,1226.0,16.39477977161501,201.0,1226.0,72.85595337218984,875.0,1201.0,0.0,0.0,1226.0,3.915171288743882,48.0,1226.0,0.0,0.0,1226.0,36.7862969004894,451.0,1226.0,24.469820554649267,300.0,1226.0,3.0995106035889073,38.0,1226.0,27.14404662781016,326.0,1201.0,4.64926590538336,57.0,1226.0
multiple_runs_DB_HighThreat_Series_20260501_214553.csv,multiple_runs_DB_HighThreat_Series_20260501_214553.csv,DB,ACE,23,1167.0,1191.0,20.22279348757498,236.0,1167.0,16.62382176520994,194.0,1167.0,64.73551637279597,771.0,1191.0,0.0,0.0,1167.0,2.570694087403599,30.0,1167.0,0.0,0.0,1167.0,34.10454155955441,398.0,1167.0,13.967437874892887,163.0,1167.0,3.2562125107112254,38.0,1167.0,35.26448362720403,420.0,1191.0,9.254498714652955,108.0,1167.0
multiple_runs_DB_HighThreat_Series_20260501_214553.csv,multiple_runs_DB_HighThreat_Series_20260501_214553.csv,DB,ACE,24,970.0,1199.0,0.30927835051546393,3.0,970.0,5.154639175257731,50.0,970.0,57.798165137614674,693.0,1199.0,0.0,0.0,970.0,2.1649484536082473,21.0,970.0,0.10309278350515465,1.0,970.0,21.1340206185567,205.0,970.0,38.76288659793815,376.0,970.0,3.402061855670103,33.0,970.0,42.201834862385326,506.0,1199.0,28.969072164948457,281.0,970.0
multiple_runs_DB_HighThreat_Series_20260501_214553.csv,multiple_runs_DB_HighThreat_Series_20260501_214553.csv,DB,ACE,25,1370.0,1199.0,0.5109489051094891,7.0,1370.0,2.116788321167883,29.0,1370.0,59.1326105087573,709.0,1199.0,0.0,0.0,1370.0,1.167883211678832,16.0,1370.0,0.291970802919708,4.0,1370.0,44.81751824817518,614.0,1370.0,30.072992700729927,412.0,1370.0,2.7737226277372264,38.0,1370.0,40.8673894912427,490.0,1199.0,18.248175182481752,250.0,1370.0
multiple_runs_DB_HighThreat_Series_20260501_214553.csv,multiple_runs_DB_HighThreat_Series_20260501_214553.csv,DB,ACE,26,963.0,1213.0,0.0,0.0,963.0,4.257528556593977,41.0,963.0,56.80131904369332,689.0,1213.0,0.0,0.0,963.0,2.3883696780893042,23.0,963.0,0.10384215991692627,1.0,963.0,20.768431983385256,200.0,963.0,42.99065420560748,414.0,963.0,3.4267912772585665,33.0,963.0,43.19868095630668,524.0,1213.0,26.064382139148496,251.0,963.0
multiple_runs_DB_HighThreat_Series_20260501_214553.csv,multiple_runs_DB_HighThreat_Series_20260501_214553.csv,DB,ACE,27,1131.0,1217.0,3.2714412024756854,37.0,1131.0,4.774535809018567,54.0,1131.0,62.28430566967954,758.0,1217.0,0.0,0.0,1131.0,2.475685234305924,28.0,1131.0,0.0,0.0,1131.0,32.44916003536693,367.0,1131.0,31.741821396993814,359.0,1131.0,3.094606542882405,35.0,1131.0,37.71569433032046,459.0,1217.0,22.192749778956674,251.0,1131.0
multiple_runs_DB_HighThreat_Series_20260501_214553.csv,multiple_runs_DB_HighThreat_Series_20260501_214553.csv,DB,ACE,28,1048.0,1187.0,36.25954198473282,380.0,1048.0,27.385496183206108,287.0,1048.0,85.76242628475147,1018.0,1187.0,0.0,0.0,1048.0,1.6221374045801527,17.0,1048.0,0.0,0.0,1048.0,28.053435114503817,294.0,1048.0,3.0534351145038165,32.0,1048.0,2.767175572519084,29.0,1048.0,14.237573715248525,169.0,1187.0,0.8587786259541985,9.0,1048.0
multiple_runs_DB_HighThreat_Series_20260501_214553.csv,multiple_runs_DB_HighThreat_Series_20260501_214553.csv,DB,ACE,29,926.0,1202.0,1.079913606911447,10.0,926.0,5.183585313174946,48.0,926.0,58.56905158069884,704.0,1202.0,0.0,0.0,926.0,2.699784017278618,25.0,926.0,0.10799136069114472,1.0,926.0,20.626349892008637,191.0,926.0,39.8488120950324,369.0,926.0,3.023758099352052,28.0,926.0,41.43094841930117,498.0,1202.0,27.429805615550755,254.0,926.0
multiple_runs_DB_HighThreat_Series_20260501_214553.csv,multiple_runs_DB_HighThreat_Series_20260501_214553.csv,DB,ACE,30,1032.0,1195.0,0.1937984496124031,2.0,1032.0,8.720930232558139,90.0,1032.0,67.78242677824268,810.0,1195.0,0.0,0.0,1032.0,2.2286821705426356,23.0,1032.0,0.0,0.0,1032.0,25.775193798449614,266.0,1032.0,41.47286821705426,428.0,1032.0,4.3604651162790695,45.0,1032.0,32.21757322175732,385.0,1195.0,17.248062015503876,178.0,1032.0
multiple_runs_DB_HighThreat_Series_20260501_214553.csv,multiple_runs_DB_HighThreat_Series_20260501_214553.csv,DB,ACE,31,1093.0,1199.0,0.0,0.0,1093.0,5.397987191216835,59.0,1093.0,60.550458715596335,726.0,1199.0,0.0,0.0,1093.0,2.470265324794145,27.0,1093.0,0.0,0.0,1093.0,32.84537968892955,359.0,1093.0,35.4071363220494,387.0,1093.0,2.7447392497712717,30.0,1093.0,39.44954128440367,473.0,1199.0,21.134492223238794,231.0,1093.0
multiple_runs_DB_HighThreat_Series_20260501_214553.csv,multiple_runs_DB_HighThreat_Series_20260501_214553.csv,DB,ACE,32,1018.0,1189.0,1.6699410609037328,17.0,1018.0,4.911591355599214,50.0,1018.0,61.059714045416314,726.0,1189.0,0.0,0.0,1018.0,1.37524557956778,14.0,1018.0,0.0,0.0,1018.0,25.93320235756385,264.0,1018.0,38.1139489194499,388.0,1018.0,1.9646365422396856,20.0,1018.0,38.94028595458368,463.0,1189.0,26.031434184675835,265.0,1018.0
multiple_runs_DB_HighThreat_Series_20260501_214553.csv,multiple_runs_DB_HighThreat_Series_20260501_214553.csv,DB,ACE,33,1037.0,1206.0,35.67984570877532,370.0,1037.0,30.279652844744454,314.0,1037.0,80.84577114427861,975.0,1206.0,0.0,0.0,1037.0,2.4108003857280615,25.0,1037.0,0.0,0.0,1037.0,25.650916104146575,266.0,1037.0,1.253616200578592,13.0,1037.0,3.4715525554484086,36.0,1037.0,19.154228855721392,231.0,1206.0,1.253616200578592,13.0,1037.0
multiple_runs_DB_HighThreat_Series_20260501_214553.csv,multiple_runs_DB_HighThreat_Series_20260501_214553.csv,DB,ACE,34,969.0,1188.0,35.60371517027864,345.0,969.0,31.372549019607842,304.0,969.0,80.21885521885523,953.0,1188.0,0.0,0.0,969.0,1.238390092879257,12.0,969.0,0.0,0.0,969.0,21.155830753353975,205.0,969.0,4.12796697626419,40.0,969.0,2.3735810113519094,23.0,969.0,19.78114478114478,235.0,1188.0,4.12796697626419,40.0,969.0
multiple_runs_DB_HighThreat_Series_20260501_214553.csv,multiple_runs_DB_HighThreat_Series_20260501_214553.csv,DB,ACE,35,1042.0,1201.0,0.0,0.0,1042.0,4.894433781190019,51.0,1042.0,60.94920899250624,732.0,1201.0,0.0,0.0,1042.0,3.5508637236084453,37.0,1042.0,0.0,0.0,1042.0,27.83109404990403,290.0,1042.0,38.771593090211134,404.0,1042.0,2.3032629558541267,24.0,1042.0,39.05079100749376,469.0,1201.0,22.648752399232247,236.0,1042.0
multiple_runs_DB_HighThreat_Series_20260501_214553.csv,multiple_runs_DB_HighThreat_Series_20260501_214553.csv,DB,ACE,36,1010.0,1193.0,0.9900990099009901,10.0,1010.0,5.445544554455446,55.0,1010.0,57.83738474434199,690.0,1193.0,0.0,0.0,1010.0,2.4752475247524752,25.0,1010.0,0.0,0.0,1010.0,25.14851485148515,254.0,1010.0,35.94059405940594,363.0,1010.0,2.376237623762376,24.0,1010.0,42.162615255658004,503.0,1193.0,27.623762376237625,279.0,1010.0
multiple_runs_DB_HighThreat_Series_20260501_214553.csv,multiple_runs_DB_HighThreat_Series_20260501_214553.csv,DB,ACE,37,1268.0,1189.0,3.391167192429022,43.0,1268.0,8.517350157728707,108.0,1268.0,66.02186711522288,785.0,1189.0,0.0,0.0,1268.0,3.627760252365931,46.0,1268.0,0.0,0.0,1268.0,39.58990536277602,502.0,1268.0,29.179810725552052,370.0,1268.0,2.5236593059936907,32.0,1268.0,33.978132884777125,404.0,1189.0,13.170347003154575,167.0,1268.0
multiple_runs_DB_HighThreat_Series_20260501_214553.csv,multiple_runs_DB_HighThreat_Series_20260501_214553.csv,DB,ACE,38,1225.0,1199.0,4.979591836734694,61.0,1225.0,9.551020408163264,117.0,1225.0,62.8023352793995,753.0,1199.0,0.0,0.0,1225.0,2.4489795918367347,30.0,1225.0,0.163265306122449,2.0,1225.0,39.02040816326531,478.0,1225.0,26.77551020408163,328.0,1225.0,2.857142857142857,35.0,1225.0,37.1976647206005,446.0,1199.0,14.204081632653063,174.0,1225.0
multiple_runs_DB_HighThreat_Series_20260501_214553.csv,multiple_runs_DB_HighThreat_Series_20260501_214553.csv,DB,ACE,39,924.0,1188.0,0.21645021645021645,2.0,924.0,4.545454545454546,42.0,924.0,57.23905723905723,680.0,1188.0,0.0,0.0,924.0,2.813852813852814,26.0,924.0,0.0,0.0,924.0,23.376623376623375,216.0,924.0,40.476190476190474,374.0,924.0,2.4891774891774894,23.0,924.0,42.76094276094276,508.0,1188.0,26.082251082251084,241.0,924.0
multiple_runs_DB_HighThreat_Series_20260501_214553.csv,multiple_runs_DB_HighThreat_Series_20260501_214553.csv,DB,ACE,40,936.0,1204.0,2.4572649572649574,23.0,936.0,4.914529914529915,46.0,936.0,56.97674418604651,686.0,1204.0,0.0,0.0,936.0,2.6709401709401708,25.0,936.0,0.0,0.0,936.0,19.65811965811966,184.0,936.0,37.60683760683761,352.0,936.0,3.9529914529914527,37.0,936.0,43.02325581395349,518.0,1204.0,28.73931623931624,269.0,936.0
multiple_runs_DB_HighThreat_Series_20260501_214553.csv,multiple_runs_DB_HighThreat_Series_20260501_214553.csv,DB,ACE,41,980.0,1198.0,34.285714285714285,336.0,980.0,31.53061224489796,309.0,980.0,76.54424040066779,917.0,1198.0,0.0,0.0,980.0,1.3265306122448979,13.0,980.0,0.0,0.0,980.0,23.877551020408163,234.0,980.0,6.122448979591836,60.0,980.0,2.857142857142857,28.0,980.0,23.45575959933222,281.0,1198.0,0.0,0.0,980.0
multiple_runs_DB_HighThreat_Series_20260501_214553.csv,multiple_runs_DB_HighThreat_Series_20260501_214553.csv,DB,ACE,42,1479.0,1212.0,0.0676132521974307,1.0,1479.0,1.6227180527383367,24.0,1479.0,62.04620462046204,752.0,1212.0,0.0,0.0,1479.0,1.6227180527383367,24.0,1479.0,0.1352265043948614,2.0,1479.0,48.275862068965516,714.0,1479.0,26.369168356997974,390.0,1479.0,1.6903313049357673,25.0,1479.0,37.95379537953795,460.0,1212.0,20.21636240703178,299.0,1479.0
multiple_runs_DB_HighThreat_Series_20260501_214553.csv,multiple_runs_DB_HighThreat_Series_20260501_214553.csv,DB,ACE,43,1315.0,1199.0,3.3460076045627374,44.0,1315.0,3.650190114068441,48.0,1315.0,64.30358632193494,771.0,1199.0,0.0,0.0,1315.0,3.4980988593155895,46.0,1315.0,0.0,0.0,1315.0,39.77186311787072,523.0,1315.0,26.844106463878326,353.0,1315.0,2.6615969581749046,35.0,1315.0,35.696413678065056,428.0,1199.0,20.228136882129277,266.0,1315.0
multiple_runs_DB_HighThreat_Series_20260501_214553.csv,multiple_runs_DB_HighThreat_Series_20260501_214553.csv,DB,ACE,44,1078.0,1193.0,2.1335807050092765,23.0,1078.0,7.142857142857142,77.0,1078.0,60.016764459346184,716.0,1193.0,0.0,0.0,1078.0,1.7625231910946195,19.0,1078.0,0.0,0.0,1078.0,28.942486085343226,312.0,1078.0,37.384044526901675,403.0,1078.0,1.7625231910946195,19.0,1078.0,39.983235540653816,477.0,1193.0,20.871985157699445,225.0,1078.0
multiple_runs_DB_HighThreat_Series_20260501_214553.csv,multiple_runs_DB_HighThreat_Series_20260501_214553.csv,DB,ACE,45,1358.0,1194.0,0.22091310751104565,3.0,1358.0,2.2827687776141383,31.0,1358.0,61.97654941373534,740.0,1194.0,0.0,0.0,1358.0,1.6200294550810017,22.0,1358.0,0.14727540500736377,2.0,1358.0,46.391752577319586,630.0,1358.0,27.908689248895435,379.0,1358.0,2.2827687776141383,31.0,1358.0,38.02345058626466,454.0,1194.0,19.145802650957293,260.0,1358.0
multiple_runs_DB_HighThreat_Series_20260501_214553.csv,multiple_runs_DB_HighThreat_Series_20260501_214553.csv,DB,ACE,46,828.0,1208.0,42.391304347826086,351.0,828.0,3.0193236714975846,25.0,828.0,63.90728476821192,772.0,1208.0,0.0,0.0,828.0,18.59903381642512,154.0,828.0,0.24154589371980675,2.0,828.0,6.038647342995169,50.0,828.0,5.434782608695652,45.0,828.0,4.4685990338164245,37.0,828.0,36.092715231788084,436.0,1208.0,19.806763285024154,164.0,828.0
multiple_runs_DB_HighThreat_Series_20260501_214553.csv,multiple_runs_DB_HighThreat_Series_20260501_214553.csv,DB,ACE,47,1027.0,1194.0,38.364167478091524,394.0,1027.0,31.353456669912365,322.0,1027.0,80.90452261306532,966.0,1194.0,0.0,0.0,1027.0,2.5316455696202533,26.0,1027.0,0.0,0.0,1027.0,24.148003894839338,248.0,1027.0,0.0,0.0,1027.0,3.5053554040895816,36.0,1027.0,19.09547738693467,228.0,1194.0,0.09737098344693282,1.0,1027.0
multiple_runs_DB_HighThreat_Series_20260501_214553.csv,multiple_runs_DB_HighThreat_Series_20260501_214553.csv,DB,ACE,48,937.0,1184.0,0.5336179295624333,5.0,937.0,5.44290288153682,51.0,937.0,60.895270270270274,721.0,1184.0,0.0,0.0,937.0,2.5613660618996796,24.0,937.0,0.0,0.0,937.0,24.0128068303095,225.0,937.0,38.84738527214515,364.0,937.0,3.3084311632870866,31.0,937.0,39.10472972972973,463.0,1184.0,25.29348986125934,237.0,937.0
multiple_runs_DB_HighThreat_Series_20260501_214553.csv,multiple_runs_DB_HighThreat_Series_20260501_214553.csv,DB,ACE,49,922.0,1222.0,37.310195227765725,344.0,922.0,32.10412147505423,296.0,922.0,76.2684124386252,932.0,1222.0,0.0,0.0,922.0,1.4099783080260302,13.0,922.0,0.0,0.0,922.0,21.69197396963124,200.0,922.0,3.7960954446854664,35.0,922.0,3.470715835140998,32.0,922.0,23.731587561374795,290.0,1222.0,0.21691973969631237,2.0,922.0
multiple_runs_DB_HighThreat_Series_20260501_214553.csv,multiple_runs_DB_HighThreat_Series_20260501_214553.csv,DB,ACE,50,1200.0,1196.0,2.666666666666667,32.0,1200.0,5.166666666666667,62.0,1200.0,62.04013377926422,742.0,1196.0,0.0,0.0,1200.0,2.4166666666666665,29.0,1200.0,0.16666666666666669,2.0,1200.0,35.0,420.0,1200.0,33.666666666666664,404.0,1200.0,2.833333333333333,34.0,1200.0,37.95986622073579,454.0,1196.0,18.083333333333336,217.0,1200.0
multiple_runs_DB_HighThreat_Series_20260501_214553.csv,multiple_runs_DB_HighThreat_Series_20260501_214553.csv,DB,ACE,51,1007.0,1205.0,32.373386295928505,326.0,1007.0,29.096325719960277,293.0,1007.0,82.48962655601659,994.0,1205.0,0.0,0.0,1007.0,1.8867924528301887,19.0,1007.0,0.0,0.0,1007.0,24.0317775571003,242.0,1007.0,8.14299900695134,82.0,1007.0,3.6742800397219466,37.0,1007.0,17.5103734439834,211.0,1205.0,0.7944389275074478,8.0,1007.0
multiple_runs_DB_HighThreat_Series_20260501_214553.csv,multiple_runs_DB_HighThreat_Series_20260501_214553.csv,DB,ACE,52,1119.0,1200.0,1.161751563896336,13.0,1119.0,3.306523681858802,37.0,1119.0,62.66666666666667,752.0,1200.0,0.0,0.0,1119.0,1.6085790884718498,18.0,1119.0,0.0,0.0,1119.0,32.350312779267206,362.0,1119.0,34.584450402144775,387.0,1119.0,2.680965147453083,30.0,1119.0,37.333333333333336,448.0,1200.0,24.307417336907953,272.0,1119.0
multiple_runs_DB_HighThreat_Series_20260501_214553.csv,multiple_runs_DB_HighThreat_Series_20260501_214553.csv,DB,ACE,53,910.0,1188.0,39.34065934065934,358.0,910.0,36.59340659340659,333.0,910.0,80.89225589225589,961.0,1188.0,0.0,0.0,910.0,3.1868131868131866,29.0,910.0,0.0,0.0,910.0,16.373626373626372,149.0,910.0,0.21978021978021978,2.0,910.0,4.285714285714286,39.0,910.0,19.107744107744107,227.0,1188.0,0.0,0.0,910.0
multiple_runs_DB_HighThreat_Series_20260501_214553.csv,multiple_runs_DB_HighThreat_Series_20260501_214553.csv,DB,ACE,54,1012.0,1185.0,25.988142292490117,263.0,1012.0,29.545454545454547,299.0,1012.0,85.90717299578058,1018.0,1185.0,0.0,0.0,1012.0,2.766798418972332,28.0,1012.0,0.0,0.0,1012.0,26.08695652173913,264.0,1012.0,12.450592885375494,126.0,1012.0,2.766798418972332,28.0,1012.0,14.09282700421941,167.0,1185.0,0.3952569169960474,4.0,1012.0
multiple_runs_DB_HighThreat_Series_20260501_214553.csv,multiple_runs_DB_HighThreat_Series_20260501_214553.csv,DB,ACE,55,888.0,1204.0,44.36936936936937,394.0,888.0,35.36036036036036,314.0,888.0,83.13953488372093,1001.0,1204.0,0.0,0.0,888.0,0.6756756756756757,6.0,888.0,0.11261261261261261,1.0,888.0,12.274774774774775,109.0,888.0,2.815315315315315,25.0,888.0,4.391891891891892,39.0,888.0,16.86046511627907,203.0,1204.0,0.0,0.0,888.0
multiple_runs_DB_HighThreat_Series_20260501_214553.csv,multiple_runs_DB_HighThreat_Series_20260501_214553.csv,DB,ACE,56,1035.0,1212.0,0.3864734299516908,4.0,1035.0,4.057971014492753,42.0,1035.0,59.4059405940594,720.0,1212.0,0.0,0.0,1035.0,2.318840579710145,24.0,1035.0,0.0966183574879227,1.0,1035.0,27.246376811594203,282.0,1035.0,37.77777777777778,391.0,1035.0,2.898550724637681,30.0,1035.0,40.5940594059406,492.0,1212.0,25.217391304347824,261.0,1035.0
multiple_runs_DB_HighThreat_Series_20260501_214553.csv,multiple_runs_DB_HighThreat_Series_20260501_214553.csv,DB,ACE,57,1134.0,1202.0,10.141093474426807,115.0,1134.0,14.726631393298058,167.0,1134.0,64.55906821963394,776.0,1202.0,0.0,0.0,1134.0,2.0282186948853616,23.0,1134.0,0.1763668430335097,2.0,1134.0,33.15696649029982,376.0,1134.0,22.92768959435626,260.0,1134.0,3.262786596119929,37.0,1134.0,35.44093178036606,426.0,1202.0,13.580246913580247,154.0,1134.0
multiple_runs_DB_HighThreat_Series_20260501_214553.csv,multiple_runs_DB_HighThreat_Series_20260501_214553.csv,DB,ACE,58,1067.0,1198.0,1.0309278350515463,11.0,1067.0,5.998125585754452,64.0,1067.0,61.101836393989984,732.0,1198.0,0.0,0.0,1067.0,2.1555763823805063,23.0,1067.0,0.0,0.0,1067.0,29.896907216494846,319.0,1067.0,35.988753514526714,384.0,1067.0,3.1865042174320526,34.0,1067.0,38.898163606010016,466.0,1198.0,21.743205248359885,232.0,1067.0
multiple_runs_DB_HighThreat_Series_20260501_214553.csv,multiple_runs_DB_HighThreat_Series_20260501_214553.csv,DB,ACE,59,911.0,1194.0,35.67508232711306,325.0,911.0,32.82107574094402,299.0,911.0,82.99832495812394,991.0,1194.0,0.0,0.0,911.0,1.9758507135016465,18.0,911.0,0.0,0.0,911.0,15.916575192096596,145.0,911.0,8.781558726673985,80.0,911.0,3.6223929747530184,33.0,911.0,17.001675041876048,203.0,1194.0,1.2074643249176729,11.0,911.0
multiple_runs_DB_HighThreat_Series_20260501_214553.csv,multiple_runs_DB_HighThreat_Series_20260501_214553.csv,DB,ACE,60,1354.0,1188.0,2.954209748892171,40.0,1354.0,5.760709010339734,78.0,1354.0,63.888888888888886,759.0,1188.0,0.0,0.0,1354.0,2.880354505169867,39.0,1354.0,0.07385524372230429,1.0,1354.0,43.50073855243723,589.0,1354.0,25.997045790251107,352.0,1354.0,1.7725258493353029,24.0,1354.0,36.11111111111111,429.0,1188.0,17.06056129985229,231.0,1354.0
multiple_runs_DB_HighThreat_Series_20260501_214553.csv,multiple_runs_DB_HighThreat_Series_20260501_214553.csv,DB,ACE,61,1068.0,1208.0,2.0599250936329585,22.0,1068.0,4.307116104868914,46.0,1068.0,61.00993377483444,737.0,1208.0,0.0,0.0,1068.0,3.089887640449438,33.0,1068.0,0.0,0.0,1068.0,29.49438202247191,315.0,1068.0,36.329588014981276,388.0,1068.0,2.6217228464419478,28.0,1068.0,38.99006622516556,471.0,1208.0,22.09737827715356,236.0,1068.0
multiple_runs_DB_HighThreat_Series_20260501_214553.csv,multiple_runs_DB_HighThreat_Series_20260501_214553.csv,DB,ACE,62,1164.0,1192.0,11.76975945017182,137.0,1164.0,11.426116838487973,133.0,1164.0,65.68791946308725,783.0,1192.0,0.0,0.0,1164.0,4.29553264604811,50.0,1164.0,0.0,0.0,1164.0,34.27835051546392,399.0,1164.0,21.477663230240548,250.0,1164.0,4.123711340206185,48.0,1164.0,34.31208053691275,409.0,1192.0,12.628865979381443,147.0,1164.0
multiple_runs_DB_HighThreat_Series_20260501_214553.csv,multiple_runs_DB_HighThreat_Series_20260501_214553.csv,DB,ACE,63,1291.0,1197.0,7.745933384972889,100.0,1291.0,5.65453137103021,73.0,1291.0,69.34001670843776,830.0,1197.0,0.0,0.0,1291.0,2.865995352439969,37.0,1291.0,0.0,0.0,1291.0,43.45468628969791,561.0,1291.0,20.52672347017816,265.0,1291.0,3.3307513555383426,43.0,1291.0,30.659983291562238,367.0,1197.0,16.421378776142525,212.0,1291.0
multiple_runs_DB_HighThreat_Series_20260501_214553.csv,multiple_runs_DB_HighThreat_Series_20260501_214553.csv,DB,ACE,64,1271.0,1203.0,2.1243115656963023,27.0,1271.0,6.530291109362707,83.0,1271.0,62.593516209476306,753.0,1203.0,0.0,0.0,1271.0,1.4162077104642015,18.0,1271.0,0.0,0.0,1271.0,40.519276160503544,515.0,1271.0,31.39260424862313,399.0,1271.0,2.5177025963808024,32.0,1271.0,37.406483790523694,450.0,1203.0,15.499606608969316,197.0,1271.0
multiple_runs_DB_HighThreat_Series_20260501_214553.csv,multiple_runs_DB_HighThreat_Series_20260501_214553.csv,DB,ACE,65,1007.0,1196.0,35.253227408143,355.0,1007.0,28.599801390268127,288.0,1007.0,82.85953177257525,991.0,1196.0,0.0,0.0,1007.0,2.0854021847070507,21.0,1007.0,0.0,0.0,1007.0,26.713008937437934,269.0,1007.0,3.475670307845084,35.0,1007.0,2.8798411122144985,29.0,1007.0,17.140468227424748,205.0,1196.0,0.9930486593843099,10.0,1007.0
multiple_runs_DB_HighThreat_Series_20260501_214553.csv,multiple_runs_DB_HighThreat_Series_20260501_214553.csv,DB,ACE,66,1040.0,1191.0,37.40384615384615,389.0,1040.0,26.923076923076923,280.0,1040.0,82.19983207388749,979.0,1191.0,0.0,0.0,1040.0,3.653846153846154,38.0,1040.0,0.09615384615384616,1.0,1040.0,27.500000000000004,286.0,1040.0,0.9615384615384616,10.0,1040.0,3.4615384615384617,36.0,1040.0,17.80016792611251,212.0,1191.0,0.0,0.0,1040.0
multiple_runs_DB_HighThreat_Series_20260501_214553.csv,multiple_runs_DB_HighThreat_Series_20260501_214553.csv,DB,ACE,67,987.0,1203.0,25.53191489361702,252.0,987.0,32.016210739615,316.0,987.0,83.45802161263508,1004.0,1203.0,0.0,0.0,987.0,2.330293819655522,23.0,987.0,0.0,0.0,987.0,22.492401215805472,222.0,987.0,13.98176291793313,138.0,987.0,3.64741641337386,36.0,987.0,16.54197838736492,199.0,1203.0,0.0,0.0,987.0
multiple_runs_DB_HighThreat_Series_20260501_214553.csv,multiple_runs_DB_HighThreat_Series_20260501_214553.csv,DB,ACE,68,1360.0,1198.0,0.5147058823529411,7.0,1360.0,5.147058823529411,70.0,1360.0,60.18363939899834,721.0,1198.0,0.0,0.0,1360.0,1.911764705882353,26.0,1360.0,0.07352941176470588,1.0,1360.0,47.205882352941174,642.0,1360.0,26.764705882352942,364.0,1360.0,1.5441176470588236,21.0,1360.0,39.81636060100167,477.0,1198.0,16.83823529411765,229.0,1360.0
multiple_runs_DB_HighThreat_Series_20260501_214553.csv,multiple_runs_DB_HighThreat_Series_20260501_214553.csv,DB,ACE,69,1015.0,1211.0,34.87684729064039,354.0,1015.0,31.330049261083744,318.0,1015.0,85.79686209744013,1039.0,1211.0,0.0,0.0,1015.0,1.6748768472906401,17.0,1015.0,0.0,0.0,1015.0,26.60098522167488,270.0,1015.0,2.4630541871921183,25.0,1015.0,2.955665024630542,30.0,1015.0,14.203137902559867,172.0,1211.0,0.09852216748768472,1.0,1015.0
multiple_runs_DB_HighThreat_Series_20260501_214553.csv,multiple_runs_DB_HighThreat_Series_20260501_214553.csv,DB,ACE,70,1065.0,1191.0,24.225352112676056,258.0,1065.0,24.413145539906104,260.0,1065.0,76.65827036104113,913.0,1191.0,0.0,0.0,1065.0,3.286384976525822,35.0,1065.0,0.0,0.0,1065.0,31.07981220657277,331.0,1065.0,8.826291079812206,94.0,1065.0,4.600938967136151,49.0,1065.0,23.341729638958856,278.0,1191.0,3.568075117370892,38.0,1065.0
multiple_runs_DB_HighThreat_Series_20260501_214553.csv,multiple_runs_DB_HighThreat_Series_20260501_214553.csv,DB,ACE,71,828.0,1196.0,42.149758454106276,349.0,828.0,39.97584541062802,331.0,828.0,73.24414715719062,876.0,1196.0,0.0,0.0,828.0,1.328502415458937,11.0,828.0,0.0,0.0,828.0,10.869565217391305,90.0,828.0,1.2077294685990339,10.0,828.0,3.864734299516908,32.0,828.0,26.755852842809364,320.0,1196.0,0.6038647342995169,5.0,828.0
multiple_runs_DB_HighThreat_Series_20260501_214553.csv,multiple_runs_DB_HighThreat_Series_20260501_214553.csv,DB,ACE,72,1008.0,1205.0,1.3888888888888888,14.0,1008.0,6.4484126984126995,65.0,1008.0,61.90871369294606,746.0,1205.0,0.0,0.0,1008.0,1.6865079365079365,17.0,1008.0,0.0,0.0,1008.0,23.115079365079367,233.0,1008.0,37.89682539682539,382.0,1008.0,2.579365079365079,26.0,1008.0,38.09128630705394,459.0,1205.0,26.884920634920633,271.0,1008.0
multiple_runs_DB_HighThreat_Series_20260501_214553.csv,multiple_runs_DB_HighThreat_Series_20260501_214553.csv,DB,ACE,73,1041.0,1181.0,0.19212295869356388,2.0,1041.0,4.610951008645533,48.0,1041.0,58.67908552074513,693.0,1181.0,0.0,0.0,1041.0,1.729106628242075,18.0,1041.0,0.0,0.0,1041.0,27.6657060518732,288.0,1041.0,36.40730067243035,379.0,1041.0,3.170028818443804,33.0,1041.0,41.32091447925487,488.0,1181.0,26.22478386167147,273.0,1041.0
multiple_runs_DB_HighThreat_Series_20260501_214553.csv,multiple_runs_DB_HighThreat_Series_20260501_214553.csv,DB,ACE,74,1243.0,1216.0,0.9654062751407884,12.0,1243.0,3.781174577634755,47.0,1243.0,63.07565789473685,767.0,1216.0,0.0,0.0,1243.0,1.9308125502815767,24.0,1243.0,0.0,0.0,1243.0,39.09895414320193,486.0,1243.0,30.24939662107804,376.0,1243.0,2.6548672566371683,33.0,1243.0,36.92434210526316,449.0,1216.0,21.319388576025744,265.0,1243.0
multiple_runs_DB_HighThreat_Series_20260501_214553.csv,multiple_runs_DB_HighThreat_Series_20260501_214553.csv,DB,ACE,75,1196.0,1189.0,0.0,0.0,1196.0,2.591973244147157,31.0,1196.0,60.97560975609756,725.0,1189.0,0.0,0.0,1196.0,2.4247491638795986,29.0,1196.0,0.0,0.0,1196.0,39.381270903010034,471.0,1196.0,30.60200668896321,366.0,1196.0,2.7591973244147154,33.0,1196.0,39.02439024390244,464.0,1189.0,22.240802675585282,266.0,1196.0
multiple_runs_DB_HighThreat_Series_20260501_214553.csv,multiple_runs_DB_HighThreat_Series_20260501_214553.csv,DB,ACE,76,1053.0,1204.0,34.66286799620133,365.0,1053.0,28.01519468186135,295.0,1053.0,83.55481727574751,1006.0,1204.0,0.0,0.0,1053.0,1.519468186134853,16.0,1053.0,0.0,0.0,1053.0,27.92022792022792,294.0,1053.0,1.7094017094017095,18.0,1053.0,4.178537511870846,44.0,1053.0,16.44518272425249,198.0,1204.0,1.9943019943019942,21.0,1053.0
multiple_runs_DB_HighThreat_Series_20260501_214553.csv,multiple_runs_DB_HighThreat_Series_20260501_214553.csv,DB,ACE,77,1160.0,1191.0,0.08620689655172414,1.0,1160.0,2.9310344827586206,34.0,1160.0,58.52225020990765,697.0,1191.0,0.0,0.0,1160.0,1.5517241379310345,18.0,1160.0,0.0,0.0,1160.0,33.793103448275865,392.0,1160.0,32.758620689655174,380.0,1160.0,2.1551724137931036,25.0,1160.0,41.47774979009236,494.0,1191.0,26.72413793103448,310.0,1160.0
multiple_runs_DB_HighThreat_Series_20260501_214553.csv,multiple_runs_DB_HighThreat_Series_20260501_214553.csv,DB,ACE,78,1406.0,1195.0,0.8534850640113799,12.0,1406.0,2.204836415362731,31.0,1406.0,63.17991631799163,755.0,1195.0,0.0,0.0,1406.0,2.062588904694168,29.0,1406.0,0.07112375533428165,1.0,1406.0,46.01706970128023,647.0,1406.0,26.884779516358464,378.0,1406.0,2.062588904694168,29.0,1406.0,36.82008368200837,440.0,1195.0,19.84352773826458,279.0,1406.0
multiple_runs_DB_HighThreat_Series_20260501_214553.csv,multiple_runs_DB_HighThreat_Series_20260501_214553.csv,DB,ACE,79,1049.0,1199.0,1.334604385128694,14.0,1049.0,5.529075309818875,58.0,1049.0,61.80150125104254,741.0,1199.0,0.0,0.0,1049.0,3.622497616777884,38.0,1049.0,0.09532888465204957,1.0,1049.0,29.075309818875116,305.0,1049.0,35.08102955195424,368.0,1049.0,2.2878932316491896,24.0,1049.0,38.19849874895746,458.0,1199.0,22.974261201143946,241.0,1049.0
multiple_runs_DB_HighThreat_Series_20260501_214553.csv,multiple_runs_DB_HighThreat_Series_20260501_214553.csv,DB,ACE,80,1237.0,1198.0,2.4252223120452707,30.0,1237.0,7.679870654810024,95.0,1237.0,61.602671118530886,738.0,1198.0,0.0,0.0,1237.0,2.1827000808407435,27.0,1237.0,0.08084074373484236,1.0,1237.0,40.016168148746964,495.0,1237.0,28.455941794664515,352.0,1237.0,0.9700889248181084,12.0,1237.0,38.397328881469114,460.0,1198.0,18.189167340339534,225.0,1237.0
multiple_runs_DB_HighThreat_Series_20260501_214553.csv,multiple_runs_DB_HighThreat_Series_20260501_214553.csv,DB,ACE,81,1455.0,1208.0,1.5120274914089347,22.0,1455.0,2.1993127147766325,32.0,1455.0,63.41059602649006,766.0,1208.0,0.0,0.0,1455.0,1.443298969072165,21.0,1455.0,0.0,0.0,1455.0,46.32302405498282,674.0,1455.0,25.910652920962203,377.0,1455.0,2.268041237113402,33.0,1455.0,36.58940397350993,442.0,1208.0,20.343642611683848,296.0,1455.0
multiple_runs_DB_HighThreat_Series_20260501_214553.csv,multiple_runs_DB_HighThreat_Series_20260501_214553.csv,DB,ACE,82,1199.0,1187.0,1.1676396997497915,14.0,1199.0,3.085904920767306,37.0,1199.0,64.86941870261163,770.0,1187.0,0.0,0.0,1199.0,1.7514595496246872,21.0,1199.0,0.0,0.0,1199.0,36.44703919933278,437.0,1199.0,34.361968306922435,412.0,1199.0,2.835696413678065,34.0,1199.0,35.130581297388375,417.0,1187.0,20.350291909924938,244.0,1199.0
multiple_runs_DB_HighThreat_Series_20260501_214553.csv,multiple_runs_DB_HighThreat_Series_20260501_214553.csv,DB,ACE,83,1087.0,1199.0,0.36798528058877644,4.0,1087.0,4.415823367065317,48.0,1087.0,62.71893244370309,752.0,1199.0,0.0,0.0,1087.0,2.2999080036798527,25.0,1087.0,0.36798528058877644,4.0,1087.0,31.830726770929164,346.0,1087.0,37.44250229990801,407.0,1087.0,2.2079116835326587,24.0,1087.0,37.28106755629692,447.0,1199.0,21.06715731370745,229.0,1087.0
multiple_runs_DB_HighThreat_Series_20260501_214553.csv,multiple_runs_DB_HighThreat_Series_20260501_214553.csv,DB,ACE,84,1068.0,1185.0,0.18726591760299627,2.0,1068.0,4.213483146067416,45.0,1068.0,52.320675105485236,620.0,1185.0,0.0,0.0,1068.0,2.3408239700374533,25.0,1068.0,0.09363295880149813,1.0,1068.0,30.61797752808989,327.0,1068.0,38.01498127340824,406.0,1068.0,2.0599250936329585,22.0,1068.0,47.67932489451477,565.0,1185.0,22.47191011235955,240.0,1068.0
multiple_runs_DB_HighThreat_Series_20260501_214553.csv,multiple_runs_DB_HighThreat_Series_20260501_214553.csv,DB,ACE,85,1338.0,1211.0,1.345291479820628,18.0,1338.0,3.43796711509716,46.0,1338.0,59.289843104872006,718.0,1211.0,0.0,0.0,1338.0,1.8684603886397608,25.0,1338.0,0.0,0.0,1338.0,42.526158445440956,569.0,1338.0,28.475336322869953,381.0,1338.0,2.0179372197309418,27.0,1338.0,40.710156895127994,493.0,1211.0,20.328849028400597,272.0,1338.0
multiple_runs_DB_HighThreat_Series_20260501_214553.csv,multiple_runs_DB_HighThreat_Series_20260501_214553.csv,DB,ACE,86,1083.0,1203.0,34.81071098799631,377.0,1083.0,30.56325023084026,331.0,1083.0,86.11803823773899,1036.0,1203.0,0.0,0.0,1083.0,0.9233610341643583,10.0,1083.0,0.0,0.0,1083.0,27.60849492151431,299.0,1083.0,2.862419205909511,31.0,1083.0,3.2317636195752537,35.0,1083.0,13.881961762261014,167.0,1203.0,0.0,0.0,1083.0
multiple_runs_DB_HighThreat_Series_20260501_214553.csv,multiple_runs_DB_HighThreat_Series_20260501_214553.csv,DB,ACE,87,1291.0,1195.0,9.83733539891557,127.0,1291.0,9.83733539891557,127.0,1291.0,71.38075313807532,853.0,1195.0,0.0,0.0,1291.0,3.4082106893880715,44.0,1291.0,0.0,0.0,1291.0,39.73663826491092,513.0,1291.0,22.46320681642138,290.0,1291.0,2.943454686289698,38.0,1291.0,28.619246861924687,342.0,1195.0,11.773818745158792,152.0,1291.0
multiple_runs_DB_HighThreat_Series_20260501_214553.csv,multiple_runs_DB_HighThreat_Series_20260501_214553.csv,DB,ACE,88,1044.0,1198.0,35.82375478927203,374.0,1044.0,30.842911877394634,322.0,1044.0,74.29048414023373,890.0,1198.0,0.0,0.0,1044.0,2.681992337164751,28.0,1044.0,0.0,0.0,1044.0,23.946360153256705,250.0,1044.0,2.490421455938697,26.0,1044.0,4.118773946360153,43.0,1044.0,25.70951585976628,308.0,1198.0,0.09578544061302681,1.0,1044.0
multiple_runs_DB_HighThreat_Series_20260501_214553.csv,multiple_runs_DB_HighThreat_Series_20260501_214553.csv,DB,ACE,89,1228.0,1197.0,8.550488599348533,105.0,1228.0,12.947882736156352,159.0,1228.0,62.322472848788635,746.0,1197.0,0.0,0.0,1228.0,2.9315960912052117,36.0,1228.0,0.0,0.0,1228.0,37.29641693811075,458.0,1228.0,23.778501628664493,292.0,1228.0,2.44299674267101,30.0,1228.0,37.67752715121136,451.0,1197.0,12.052117263843648,148.0,1228.0
multiple_runs_DB_HighThreat_Series_20260501_214553.csv,multiple_runs_DB_HighThreat_Series_20260501_214553.csv,DB,ACE,90,1211.0,1187.0,2.559867877786953,31.0,1211.0,6.358381502890173,77.0,1211.0,62.005054759898904,736.0,1187.0,0.0,0.0,1211.0,3.4682080924855487,42.0,1211.0,0.0,0.0,1211.0,40.04954582989265,485.0,1211.0,28.075970272502065,340.0,1211.0,2.1469859620148637,26.0,1211.0,37.994945240101096,451.0,1187.0,17.341040462427745,210.0,1211.0
multiple_runs_DB_HighThreat_Series_20260501_214553.csv,multiple_runs_DB_HighThreat_Series_20260501_214553.csv,DB,ACE,91,1115.0,1214.0,23.766816143497756,265.0,1115.0,23.139013452914796,258.0,1115.0,70.18121911037892,852.0,1214.0,0.0,0.0,1115.0,1.7937219730941705,20.0,1115.0,0.08968609865470852,1.0,1115.0,31.300448430493272,349.0,1115.0,14.798206278026907,165.0,1115.0,3.4080717488789234,38.0,1115.0,29.818780889621088,362.0,1214.0,1.7040358744394617,19.0,1115.0
multiple_runs_DB_HighThreat_Series_20260501_214553.csv,multiple_runs_DB_HighThreat_Series_20260501_214553.csv,DB,ACE,92,1036.0,1217.0,0.0,0.0,1036.0,4.343629343629344,45.0,1036.0,58.504519309778146,712.0,1217.0,0.0,0.0,1036.0,2.8957528957528957,30.0,1036.0,0.0,0.0,1036.0,25.482625482625483,264.0,1036.0,38.41698841698842,398.0,1036.0,4.1505791505791505,43.0,1036.0,41.49548069022186,505.0,1217.0,24.71042471042471,256.0,1036.0
multiple_runs_DB_HighThreat_Series_20260501_214553.csv,multiple_runs_DB_HighThreat_Series_20260501_214553.csv,DB,ACE,93,1104.0,1199.0,1.4492753623188406,16.0,1104.0,5.797101449275362,64.0,1104.0,61.88490408673894,742.0,1199.0,0.0,0.0,1104.0,2.536231884057971,28.0,1104.0,0.0,0.0,1104.0,33.061594202898554,365.0,1104.0,32.880434782608695,363.0,1104.0,3.985507246376811,44.0,1104.0,38.11509591326105,457.0,1199.0,20.28985507246377,224.0,1104.0
multiple_runs_DB_HighThreat_Series_20260501_214553.csv,multiple_runs_DB_HighThreat_Series_20260501_214553.csv,DB,ACE,94,1003.0,1204.0,0.0,0.0,1003.0,8.374875373878366,84.0,1003.0,53.073089700996675,639.0,1204.0,0.0,0.0,1003.0,1.3958125623130608,14.0,1003.0,0.09970089730807577,1.0,1003.0,23.0309072781655,231.0,1003.0,39.68095712861416,398.0,1003.0,2.4925224327018944,25.0,1003.0,46.926910299003325,565.0,1204.0,24.925224327018945,250.0,1003.0
multiple_runs_DB_HighThreat_Series_20260501_214553.csv,multiple_runs_DB_HighThreat_Series_20260501_214553.csv,DB,ACE,95,801.0,1216.0,44.694132334581774,358.0,801.0,38.3270911360799,307.0,801.0,75.24671052631578,915.0,1216.0,0.0,0.0,801.0,1.1235955056179776,9.0,801.0,0.12484394506866417,1.0,801.0,7.116104868913857,57.0,801.0,3.245942571785269,26.0,801.0,2.6217228464419478,21.0,801.0,24.753289473684212,301.0,1216.0,2.746566791510612,22.0,801.0
multiple_runs_DB_HighThreat_Series_20260501_214553.csv,multiple_runs_DB_HighThreat_Series_20260501_214553.csv,DB,ACE,96,940.0,1196.0,40.319148936170215,379.0,940.0,30.319148936170215,285.0,940.0,89.63210702341136,1072.0,1196.0,0.0,0.0,940.0,2.021276595744681,19.0,940.0,0.0,0.0,940.0,24.148936170212764,227.0,940.0,1.1702127659574468,11.0,940.0,2.021276595744681,19.0,940.0,10.367892976588628,124.0,1196.0,0.0,0.0,940.0
multiple_runs_DB_HighThreat_Series_20260501_214553.csv,multiple_runs_DB_HighThreat_Series_20260501_214553.csv,DB,ACE,97,1163.0,1201.0,9.286328460877042,108.0,1163.0,10.318142734307825,120.0,1163.0,61.61532056619484,740.0,1201.0,0.0,0.0,1163.0,2.493551160791058,29.0,1163.0,0.0,0.0,1163.0,35.597592433361996,414.0,1163.0,22.35597592433362,260.0,1163.0,3.7833190025795354,44.0,1163.0,38.38467943380516,461.0,1201.0,16.165090283748924,188.0,1163.0
multiple_runs_DB_HighThreat_Series_20260501_214553.csv,multiple_runs_DB_HighThreat_Series_20260501_214553.csv,DB,ACE,98,947.0,1192.0,0.0,0.0,947.0,4.646251319957761,44.0,947.0,55.70469798657718,664.0,1192.0,0.0,0.0,947.0,2.956705385427666,28.0,947.0,0.0,0.0,947.0,18.796198521647305,178.0,947.0,41.81626187961985,396.0,947.0,2.1119324181626187,20.0,947.0,44.29530201342282,528.0,1192.0,29.672650475184792,281.0,947.0
multiple_runs_DB_HighThreat_Series_20260501_214553.csv,multiple_runs_DB_HighThreat_Series_20260501_214553.csv,DB,ACE,99,1139.0,1215.0,16.593503072870938,189.0,1139.0,16.94468832309043,193.0,1139.0,64.69135802469135,786.0,1215.0,0.0,0.0,1139.0,3.9508340649692713,45.0,1139.0,0.0,0.0,1139.0,33.71378402107111,384.0,1139.0,17.91044776119403,204.0,1139.0,3.336259877085163,38.0,1139.0,35.30864197530864,429.0,1215.0,7.550482879719052,86.0,1139.0
multiple_runs_DB_HighThreat_Series_20260501_214553.csv,multiple_runs_DB_HighThreat_Series_20260501_214553.csv,DB,ACE,100,1105.0,1213.0,0.0,0.0,1105.0,5.248868778280543,58.0,1105.0,63.726298433635606,773.0,1213.0,0.0,0.0,1105.0,2.262443438914027,25.0,1105.0,0.0,0.0,1105.0,30.226244343891402,334.0,1105.0,38.09954751131222,421.0,1105.0,3.076923076923077,34.0,1105.0,36.27370156636439,440.0,1213.0,21.085972850678733,233.0,1105.0
multiple_runs_DB_HighThreat_Series_20260501_214553.csv,multiple_runs_DB_HighThreat_Series_20260501_214553.csv,DB,ACE,101,1289.0,1200.0,3.95655546935609,51.0,1289.0,6.904577191621413,89.0,1289.0,63.66666666666667,764.0,1200.0,0.0,0.0,1289.0,1.7843289371605897,23.0,1289.0,0.0,0.0,1289.0,42.125678820791315,543.0,1289.0,27.54072924747867,355.0,1289.0,2.094647013188518,27.0,1289.0,36.333333333333336,436.0,1200.0,15.593483320403415,201.0,1289.0
multiple_runs_DB_HighThreat_Series_20260501_214553.csv,multiple_runs_DB_HighThreat_Series_20260501_214553.csv,DB,ACE,102,1038.0,1199.0,0.674373795761079,7.0,1038.0,4.142581888246628,43.0,1038.0,58.798999165971644,705.0,1199.0,0.0,0.0,1038.0,1.1560693641618496,12.0,1038.0,0.0,0.0,1038.0,25.722543352601157,267.0,1038.0,38.824662813102115,403.0,1038.0,3.275529865125241,34.0,1038.0,41.201000834028356,494.0,1199.0,26.204238921001927,272.0,1038.0
multiple_runs_DB_HighThreat_Series_20260501_214553.csv,multiple_runs_DB_HighThreat_Series_20260501_214553.csv,DB,ACE,103,874.0,1197.0,42.10526315789473,368.0,874.0,35.58352402745996,311.0,874.0,80.03341687552214,958.0,1197.0,0.0,0.0,874.0,1.4874141876430207,13.0,874.0,0.0,0.0,874.0,15.217391304347828,133.0,874.0,0.4576659038901602,4.0,874.0,3.775743707093822,33.0,874.0,19.96658312447786,239.0,1197.0,1.3729977116704806,12.0,874.0
multiple_runs_DB_HighThreat_Series_20260501_214553.csv,multiple_runs_DB_HighThreat_Series_20260501_214553.csv,DB,ACE,104,997.0,1200.0,0.10030090270812438,1.0,997.0,4.413239719157472,44.0,997.0,56.41666666666667,677.0,1200.0,0.0,0.0,997.0,3.009027081243731,30.0,997.0,0.0,0.0,997.0,22.868605817452355,228.0,997.0,37.71313941825476,376.0,997.0,3.510531594784353,35.0,997.0,43.583333333333336,523.0,1200.0,28.385155466399198,283.0,997.0
multiple_runs_DB_HighThreat_Series_20260501_214553.csv,multiple_runs_DB_HighThreat_Series_20260501_214553.csv,DB,ACE,105,981.0,1196.0,1.6309887869520898,16.0,981.0,7.339449541284404,72.0,981.0,60.70234113712375,726.0,1196.0,0.0,0.0,981.0,1.325178389398573,13.0,981.0,0.0,0.0,981.0,20.795107033639145,204.0,981.0,40.77471967380224,400.0,981.0,3.873598369011213,38.0,981.0,39.297658862876254,470.0,1196.0,24.260958205912335,238.0,981.0
multiple_runs_DB_HighThreat_Series_20260501_214553.csv,multiple_runs_DB_HighThreat_Series_20260501_214553.csv,DB,ACE,106,1117.0,1192.0,15.12981199641898,169.0,1117.0,19.247985675917636,215.0,1117.0,70.0503355704698,835.0,1192.0,0.0,0.0,1117.0,2.1486123545210387,24.0,1117.0,0.0,0.0,1117.0,35.98925693822739,402.0,1117.0,18.621307072515666,208.0,1117.0,2.685765443151298,30.0,1117.0,29.949664429530205,357.0,1192.0,6.177260519247986,69.0,1117.0
multiple_runs_DB_HighThreat_Series_20260501_214553.csv,multiple_runs_DB_HighThreat_Series_20260501_214553.csv,DB,ACE,107,988.0,1198.0,38.36032388663968,379.0,988.0,32.18623481781376,318.0,988.0,86.64440734557596,1038.0,1198.0,0.0,0.0,988.0,1.1133603238866396,11.0,988.0,0.0,0.0,988.0,22.36842105263158,221.0,988.0,2.2267206477732793,22.0,988.0,3.2388663967611335,32.0,988.0,13.35559265442404,160.0,1198.0,0.5060728744939271,5.0,988.0
multiple_runs_DB_HighThreat_Series_20260501_214553.csv,multiple_runs_DB_HighThreat_Series_20260501_214553.csv,DB,ACE,108,988.0,1190.0,33.29959514170041,329.0,988.0,31.68016194331984,313.0,988.0,82.18487394957982,978.0,1190.0,0.0,0.0,988.0,1.5182186234817814,15.0,988.0,0.0,0.0,988.0,27.02429149797571,267.0,988.0,4.048582995951417,40.0,988.0,2.42914979757085,24.0,988.0,17.81512605042017,212.0,1190.0,0.0,0.0,988.0
multiple_runs_DB_HighThreat_Series_20260501_214553.csv,multiple_runs_DB_HighThreat_Series_20260501_214553.csv,DB,ACE,109,997.0,1193.0,35.30591775325978,352.0,997.0,27.28184553660983,272.0,997.0,78.87678122380554,941.0,1193.0,0.0,0.0,997.0,3.3099297893681046,33.0,997.0,0.0,0.0,997.0,23.971915747241727,239.0,997.0,3.6108324974924777,36.0,997.0,3.20962888665998,32.0,997.0,21.12321877619447,252.0,1193.0,3.3099297893681046,33.0,997.0
multiple_runs_DB_HighThreat_Series_20260501_214553.csv,multiple_runs_DB_HighThreat_Series_20260501_214553.csv,DB,ACE,110,1065.0,1200.0,1.1267605633802817,12.0,1065.0,4.507042253521127,48.0,1065.0,64.08333333333334,769.0,1200.0,0.0,0.0,1065.0,1.5962441314553992,17.0,1065.0,0.0,0.0,1065.0,32.018779342723,341.0,1065.0,35.2112676056338,375.0,1065.0,2.910798122065728,31.0,1065.0,35.91666666666667,431.0,1200.0,22.62910798122066,241.0,1065.0
multiple_runs_DB_HighThreat_Series_20260501_214553.csv,multiple_runs_DB_HighThreat_Series_20260501_214553.csv,DB,ACE,111,970.0,1199.0,1.7525773195876289,17.0,970.0,5.154639175257731,50.0,970.0,59.883236030025024,718.0,1199.0,0.0,0.0,970.0,1.958762886597938,19.0,970.0,0.0,0.0,970.0,23.505154639175256,228.0,970.0,39.69072164948454,385.0,970.0,1.958762886597938,19.0,970.0,40.116763969974976,481.0,1199.0,25.979381443298973,252.0,970.0
multiple_runs_DB_HighThreat_Series_20260501_214553.csv,multiple_runs_DB_HighThreat_Series_20260501_214553.csv,DB,ACE,112,1082.0,1207.0,0.36968576709796674,4.0,1082.0,7.6709796672828094,83.0,1082.0,62.88318144159072,759.0,1207.0,0.0,0.0,1082.0,3.1423290203327174,34.0,1082.0,0.09242144177449169,1.0,1082.0,28.558225508317932,309.0,1082.0,39.92606284658041,432.0,1082.0,3.0499075785582255,33.0,1082.0,37.11681855840928,448.0,1207.0,17.190388170055453,186.0,1082.0
multiple_runs_DB_HighThreat_Series_20260501_214553.csv,multiple_runs_DB_HighThreat_Series_20260501_214553.csv,DB,ACE,113,966.0,1190.0,29.08902691511387,281.0,966.0,35.714285714285715,345.0,966.0,74.70588235294117,889.0,1190.0,0.0,0.0,966.0,1.5527950310559007,15.0,966.0,0.0,0.0,966.0,22.049689440993788,213.0,966.0,10.041407867494824,97.0,966.0,1.4492753623188406,14.0,966.0,25.294117647058822,301.0,1190.0,0.10351966873706005,1.0,966.0
multiple_runs_DB_HighThreat_Series_20260501_214553.csv,multiple_runs_DB_HighThreat_Series_20260501_214553.csv,DB,ACE,114,1142.0,1204.0,17.68826619964974,202.0,1142.0,14.973730297723293,171.0,1142.0,63.70431893687708,767.0,1204.0,0.0,0.0,1142.0,3.502626970227671,40.0,1142.0,0.0,0.0,1142.0,31.698774080560423,362.0,1142.0,18.739054290718038,214.0,1142.0,3.064798598949212,35.0,1142.0,36.29568106312293,437.0,1204.0,10.332749562171628,118.0,1142.0
multiple_runs_DB_HighThreat_Series_20260501_214553.csv,multiple_runs_DB_HighThreat_Series_20260501_214553.csv,DB,ACE,115,1381.0,1192.0,1.5206372194062274,21.0,1381.0,3.1860970311368573,44.0,1381.0,65.52013422818791,781.0,1192.0,0.0,0.0,1381.0,1.448225923244026,20.0,1381.0,0.0,0.0,1381.0,45.83635047067342,633.0,1381.0,27.08182476466329,374.0,1381.0,1.66545981173063,23.0,1381.0,34.47986577181208,411.0,1192.0,19.261404779145547,266.0,1381.0
multiple_runs_DB_HighThreat_Series_20260501_214553.csv,multiple_runs_DB_HighThreat_Series_20260501_214553.csv,DB,ACE,116,1322.0,1216.0,0.6051437216338881,8.0,1322.0,4.009077155824508,53.0,1322.0,60.69078947368421,738.0,1216.0,0.0,0.0,1322.0,1.059001512859304,14.0,1322.0,0.22692889561270801,3.0,1322.0,40.39334341906203,534.0,1322.0,30.71104387291982,406.0,1322.0,2.344931921331316,31.0,1322.0,39.30921052631579,478.0,1216.0,20.650529500756427,273.0,1322.0
multiple_runs_DB_HighThreat_Series_20260501_214553.csv,multiple_runs_DB_HighThreat_Series_20260501_214553.csv,DB,ACE,117,971.0,1194.0,38.20803295571576,371.0,971.0,30.278063851699276,294.0,971.0,86.93467336683418,1038.0,1194.0,0.0,0.0,971.0,2.368692070030896,23.0,971.0,0.10298661174047373,1.0,971.0,19.77342945417096,192.0,971.0,4.737384140061792,46.0,971.0,4.325437693099897,42.0,971.0,13.06532663316583,156.0,1194.0,0.20597322348094746,2.0,971.0
multiple_runs_DB_HighThreat_Series_20260501_214553.csv,multiple_runs_DB_HighThreat_Series_20260501_214553.csv,DB,ACE,118,1012.0,1196.0,1.8774703557312251,19.0,1012.0,5.632411067193676,57.0,1012.0,60.03344481605352,718.0,1196.0,0.0,0.0,1012.0,1.8774703557312251,19.0,1012.0,0.0,0.0,1012.0,25.0,253.0,1012.0,36.75889328063241,372.0,1012.0,3.8537549407114624,39.0,1012.0,39.96655518394649,478.0,1196.0,25.0,253.0,1012.0
multiple_runs_DB_HighThreat_Series_20260501_214553.csv,multiple_runs_DB_HighThreat_Series_20260501_214553.csv,DB,ACE,119,1254.0,1199.0,3.110047846889952,39.0,1254.0,14.832535885167463,186.0,1254.0,69.14095079232693,829.0,1199.0,0.0,0.0,1254.0,2.711323763955343,34.0,1254.0,0.0,0.0,1254.0,39.71291866028708,498.0,1254.0,28.548644338118024,358.0,1254.0,2.5518341307814993,32.0,1254.0,30.85904920767306,370.0,1199.0,8.532695374800637,107.0,1254.0
multiple_runs_DB_HighThreat_Series_20260501_214553.csv,multiple_runs_DB_HighThreat_Series_20260501_214553.csv,DB,ACE,120,973.0,1195.0,35.5601233299075,346.0,973.0,29.18807810894142,284.0,973.0,87.69874476987448,1048.0,1195.0,0.0,0.0,973.0,2.774922918807811,27.0,973.0,0.0,0.0,973.0,24.871531346351492,242.0,973.0,4.316546762589928,42.0,973.0,3.28879753340185,32.0,973.0,12.301255230125523,147.0,1195.0,0.0,0.0,973.0
multiple_runs_DB_HighThreat_Series_20260501_214553.csv,multiple_runs_DB_HighThreat_Series_20260501_214553.csv,DB,ACE,121,938.0,1200.0,36.46055437100213,342.0,938.0,28.997867803837952,272.0,938.0,82.83333333333334,994.0,1200.0,0.0,0.0,938.0,1.7057569296375266,16.0,938.0,0.0,0.0,938.0,21.108742004264393,198.0,938.0,7.782515991471215,73.0,938.0,3.9445628997867805,37.0,938.0,17.166666666666668,206.0,1200.0,0.0,0.0,938.0
multiple_runs_DB_HighThreat_Series_20260501_214553.csv,multiple_runs_DB_HighThreat_Series_20260501_214553.csv,DB,ACE,122,955.0,1193.0,1.8848167539267016,18.0,955.0,4.0837696335078535,39.0,955.0,58.84325230511316,702.0,1193.0,0.0,0.0,955.0,2.1989528795811517,21.0,955.0,0.0,0.0,955.0,20.418848167539267,195.0,955.0,39.89528795811518,381.0,955.0,2.408376963350785,23.0,955.0,41.15674769488684,491.0,1193.0,29.109947643979055,278.0,955.0
multiple_runs_DB_HighThreat_Series_20260501_214553.csv,multiple_runs_DB_HighThreat_Series_20260501_214553.csv,DB,ACE,123,1210.0,1199.0,0.1652892561983471,2.0,1210.0,3.2231404958677685,39.0,1210.0,63.21934945788157,758.0,1199.0,0.0,0.0,1210.0,2.3140495867768593,28.0,1210.0,0.0,0.0,1210.0,39.17355371900826,474.0,1210.0,32.47933884297521,393.0,1210.0,2.3140495867768593,28.0,1210.0,36.78065054211843,441.0,1199.0,20.330578512396695,246.0,1210.0
multiple_runs_DB_HighThreat_Series_20260501_214553.csv,multiple_runs_DB_HighThreat_Series_20260501_214553.csv,DB,ACE,124,1261.0,1196.0,1.3481363996827915,17.0,1261.0,3.0927835051546393,39.0,1261.0,66.5551839464883,796.0,1196.0,0.0,0.0,1261.0,1.26883425852498,16.0,1261.0,0.0,0.0,1261.0,40.28548770816812,508.0,1261.0,31.324345757335447,395.0,1261.0,2.775574940523394,35.0,1261.0,33.44481605351171,400.0,1196.0,19.904837430610627,251.0,1261.0
multiple_runs_DB_HighThreat_Series_20260501_214553.csv,multiple_runs_DB_HighThreat_Series_20260501_214553.csv,DB,ACE,125,1333.0,1199.0,2.0255063765941483,27.0,1333.0,4.651162790697675,62.0,1333.0,59.966638865721436,719.0,1199.0,0.0,0.0,1333.0,1.72543135783946,23.0,1333.0,0.45011252813203295,6.0,1333.0,40.960240060015,546.0,1333.0,26.63165791447862,355.0,1333.0,2.0255063765941483,27.0,1333.0,40.033361134278564,480.0,1199.0,21.530382595648913,287.0,1333.0
multiple_runs_DB_HighThreat_Series_20260501_214553.csv,multiple_runs_DB_HighThreat_Series_20260501_214553.csv,DB,ACE,126,1212.0,1193.0,0.33003300330033003,4.0,1212.0,4.455445544554455,54.0,1212.0,64.62699077954736,771.0,1193.0,0.0,0.0,1212.0,1.7326732673267329,21.0,1212.0,0.0,0.0,1212.0,39.273927392739274,476.0,1212.0,33.745874587458744,409.0,1212.0,2.4752475247524752,30.0,1212.0,35.37300922045264,422.0,1193.0,17.986798679867988,218.0,1212.0
multiple_runs_DB_HighThreat_Series_20260501_214553.csv,multiple_runs_DB_HighThreat_Series_20260501_214553.csv,DB,ACE,127,1205.0,1217.0,4.813278008298756,58.0,1205.0,12.282157676348547,148.0,1205.0,64.25636811832375,782.0,1217.0,0.0,0.0,1205.0,2.6556016597510372,32.0,1205.0,0.0,0.0,1205.0,35.850622406639005,432.0,1205.0,26.639004149377595,321.0,1205.0,2.6556016597510372,32.0,1205.0,35.74363188167625,435.0,1217.0,15.103734439834025,182.0,1205.0
multiple_runs_DB_HighThreat_Series_20260501_214553.csv,multiple_runs_DB_HighThreat_Series_20260501_214553.csv,DB,ACE,128,1014.0,1224.0,25.93688362919132,263.0,1014.0,26.331360946745562,267.0,1014.0,79.98366013071896,979.0,1224.0,0.0,0.0,1014.0,6.508875739644971,66.0,1014.0,0.0,0.0,1014.0,26.627218934911244,270.0,1014.0,10.848126232741617,110.0,1014.0,2.7613412228796843,28.0,1014.0,20.016339869281047,245.0,1224.0,0.9861932938856016,10.0,1014.0
multiple_runs_DB_HighThreat_Series_20260501_214553.csv,multiple_runs_DB_HighThreat_Series_20260501_214553.csv,DB,ACE,129,1227.0,1192.0,8.638956805215974,106.0,1227.0,6.112469437652812,75.0,1227.0,66.44295302013423,792.0,1192.0,0.0,0.0,1227.0,1.7114914425427872,21.0,1227.0,0.08149959250203749,1.0,1227.0,37.815810920945395,464.0,1227.0,26.24286878565607,322.0,1227.0,2.7709861450692745,34.0,1227.0,33.557046979865774,400.0,1192.0,16.625916870415647,204.0,1227.0
multiple_runs_DB_HighThreat_Series_20260501_214553.csv,multiple_runs_DB_HighThreat_Series_20260501_214553.csv,DB,ACE,130,993.0,1191.0,1.1077542799597182,11.0,993.0,6.646525679758309,66.0,993.0,57.43073047858942,684.0,1191.0,0.0,0.0,993.0,2.014098690835851,20.0,993.0,0.0,0.0,993.0,23.564954682779458,234.0,993.0,38.77139979859013,385.0,993.0,3.121852970795569,31.0,993.0,42.56926952141058,507.0,1191.0,24.773413897280967,246.0,993.0
multiple_runs_DB_HighThreat_Series_20260501_214553.csv,multiple_runs_DB_HighThreat_Series_20260501_214553.csv,DB,ACE,131,974.0,1202.0,1.8480492813141685,18.0,974.0,4.825462012320329,47.0,974.0,55.574043261231274,668.0,1202.0,0.0,0.0,974.0,1.9507186858316223,19.0,974.0,0.0,0.0,974.0,22.279260780287473,217.0,974.0,39.21971252566735,382.0,974.0,3.3880903490759757,33.0,974.0,44.42595673876872,534.0,1202.0,26.488706365503077,258.0,974.0
multiple_runs_DB_HighThreat_Series_20260501_214553.csv,multiple_runs_DB_HighThreat_Series_20260501_214553.csv,DB,ACE,132,943.0,1208.0,1.2725344644750796,12.0,943.0,5.832449628844114,55.0,943.0,58.85761589403974,711.0,1208.0,0.0,0.0,943.0,1.6967126193001063,16.0,943.0,0.0,0.0,943.0,21.314952279957584,201.0,943.0,38.70625662778367,365.0,943.0,2.2269353128313893,21.0,943.0,41.14238410596027,497.0,1208.0,28.950159066808055,273.0,943.0
multiple_runs_DB_HighThreat_Series_20260501_214553.csv,multiple_runs_DB_HighThreat_Series_20260501_214553.csv,DB,ACE,133,1136.0,1189.0,2.8169014084507045,32.0,1136.0,5.457746478873239,62.0,1136.0,58.28427249789739,693.0,1189.0,0.0,0.0,1136.0,1.7605633802816902,20.0,1136.0,0.0,0.0,1136.0,38.028169014084504,432.0,1136.0,30.369718309859156,345.0,1136.0,1.8485915492957745,21.0,1136.0,41.71572750210261,496.0,1189.0,19.718309859154928,224.0,1136.0
multiple_runs_DB_HighThreat_Series_20260501_214553.csv,multiple_runs_DB_HighThreat_Series_20260501_214553.csv,DB,ACE,134,1066.0,1189.0,0.7504690431519699,8.0,1066.0,4.127579737335835,44.0,1066.0,61.73254835996636,734.0,1189.0,0.0,0.0,1066.0,1.7823639774859286,19.0,1066.0,0.0,0.0,1066.0,30.95684803001876,330.0,1066.0,34.8968105065666,372.0,1066.0,3.4709193245778613,37.0,1066.0,38.26745164003364,455.0,1189.0,24.015009380863038,256.0,1066.0
multiple_runs_DB_HighThreat_Series_20260501_214553.csv,multiple_runs_DB_HighThreat_Series_20260501_214553.csv,DB,ACE,135,982.0,1215.0,37.78004073319756,371.0,982.0,32.484725050916495,319.0,982.0,84.03292181069959,1021.0,1215.0,0.0,0.0,982.0,0.40733197556008144,4.0,982.0,0.0,0.0,982.0,25.35641547861507,249.0,982.0,0.6109979633401221,6.0,982.0,3.360488798370672,33.0,982.0,15.967078189300413,194.0,1215.0,0.0,0.0,982.0
multiple_runs_DB_HighThreat_Series_20260501_214553.csv,multiple_runs_DB_HighThreat_Series_20260501_214553.csv,DB,ACE,136,1066.0,1191.0,0.0,0.0,1066.0,5.253283302063791,56.0,1066.0,59.781696053736354,712.0,1191.0,0.0,0.0,1066.0,1.876172607879925,20.0,1066.0,0.46904315196998125,5.0,1066.0,30.30018761726079,323.0,1066.0,38.83677298311445,414.0,1066.0,3.0018761726078798,32.0,1066.0,40.218303946263646,479.0,1191.0,20.26266416510319,216.0,1066.0
multiple_runs_DB_HighThreat_Series_20260501_214553.csv,multiple_runs_DB_HighThreat_Series_20260501_214553.csv,DB,ACE,137,1106.0,1215.0,0.7233273056057866,8.0,1106.0,4.159132007233273,46.0,1106.0,60.82304526748972,739.0,1215.0,0.0,0.0,1106.0,1.3562386980108498,15.0,1106.0,0.6329113924050633,7.0,1106.0,31.28390596745027,346.0,1106.0,36.708860759493675,406.0,1106.0,3.3453887884267632,37.0,1106.0,39.17695473251029,476.0,1215.0,21.79023508137432,241.0,1106.0
multiple_runs_DB_HighThreat_Series_20260501_214553.csv,multiple_runs_DB_HighThreat_Series_20260501_214553.csv,DB,ACE,138,1049.0,1217.0,35.557673975214485,373.0,1049.0,28.122020972354623,295.0,1049.0,86.60640920295809,1054.0,1217.0,0.0,0.0,1049.0,1.811248808388942,19.0,1049.0,0.0,0.0,1049.0,28.97998093422307,304.0,1049.0,3.0505243088655862,32.0,1049.0,2.478551000953289,26.0,1049.0,13.393590797041908,163.0,1217.0,0.0,0.0,1049.0
multiple_runs_DB_HighThreat_Series_20260501_214553.csv,multiple_runs_DB_HighThreat_Series_20260501_214553.csv,DB,ACE,139,1008.0,1204.0,0.0992063492063492,1.0,1008.0,4.365079365079365,44.0,1008.0,58.056478405315616,699.0,1204.0,0.0,0.0,1008.0,2.380952380952381,24.0,1008.0,0.0,0.0,1008.0,27.77777777777778,280.0,1008.0,37.00396825396825,373.0,1008.0,2.4801587301587302,25.0,1008.0,41.943521594684384,505.0,1204.0,25.892857142857146,261.0,1008.0
multiple_runs_DB_HighThreat_Series_20260501_214553.csv,multiple_runs_DB_HighThreat_Series_20260501_214553.csv,DB,ACE,140,1204.0,1194.0,7.392026578073089,89.0,1204.0,5.564784053156146,67.0,1204.0,59.04522613065326,705.0,1194.0,0.0,0.0,1204.0,1.3289036544850499,16.0,1204.0,0.0,0.0,1204.0,36.87707641196013,444.0,1204.0,24.418604651162788,294.0,1204.0,2.6578073089700998,32.0,1204.0,40.95477386934673,489.0,1194.0,21.760797342192692,262.0,1204.0
multiple_runs_DB_HighThreat_Series_20260501_214553.csv,multiple_runs_DB_HighThreat_Series_20260501_214553.csv,DB,ACE,141,978.0,1196.0,1.329243353783231,13.0,978.0,5.010224948875256,49.0,978.0,59.19732441471572,708.0,1196.0,0.0,0.0,978.0,2.2494887525562373,22.0,978.0,0.0,0.0,978.0,21.983640081799592,215.0,978.0,39.36605316973415,385.0,978.0,2.8629856850715747,28.0,978.0,40.802675585284284,488.0,1196.0,27.198364008179958,266.0,978.0
multiple_runs_DB_HighThreat_Series_20260501_214553.csv,multiple_runs_DB_HighThreat_Series_20260501_214553.csv,DB,ACE,142,1215.0,1195.0,4.938271604938271,60.0,1215.0,7.572016460905349,92.0,1215.0,62.92887029288703,752.0,1195.0,0.0,0.0,1215.0,2.633744855967078,32.0,1215.0,0.0,0.0,1215.0,37.53086419753087,456.0,1215.0,26.584362139917694,323.0,1215.0,2.4691358024691357,30.0,1215.0,37.07112970711297,443.0,1195.0,18.271604938271604,222.0,1215.0
multiple_runs_DB_HighThreat_Series_20260501_214553.csv,multiple_runs_DB_HighThreat_Series_20260501_214553.csv,DB,ACE,143,1077.0,1191.0,0.6499535747446611,7.0,1077.0,7.613741875580315,82.0,1077.0,61.20906801007556,729.0,1191.0,0.0,0.0,1077.0,2.042711234911792,22.0,1077.0,0.0,0.0,1077.0,31.012070566388118,334.0,1077.0,34.81894150417828,375.0,1077.0,2.692664809656453,29.0,1077.0,38.79093198992443,462.0,1191.0,21.16991643454039,228.0,1077.0
multiple_runs_DB_HighThreat_Series_20260501_214553.csv,multiple_runs_DB_HighThreat_Series_20260501_214553.csv,DB,ACE,144,1252.0,1196.0,10.143769968051117,127.0,1252.0,9.105431309904153,114.0,1252.0,65.05016722408027,778.0,1196.0,0.0,0.0,1252.0,2.7156549520766773,34.0,1252.0,0.0,0.0,1252.0,37.14057507987221,465.0,1252.0,23.242811501597444,291.0,1252.0,2.9552715654952078,37.0,1252.0,34.94983277591973,418.0,1196.0,14.696485623003195,184.0,1252.0
multiple_runs_DB_HighThreat_Series_20260501_214553.csv,multiple_runs_DB_HighThreat_Series_20260501_214553.csv,DB,ACE,145,969.0,1202.0,0.10319917440660474,1.0,969.0,7.739938080495357,75.0,969.0,60.56572379367721,728.0,1202.0,0.0,0.0,969.0,3.199174406604747,31.0,969.0,0.0,0.0,969.0,23.42621259029928,227.0,969.0,35.60371517027864,345.0,969.0,4.437564499484004,43.0,969.0,39.43427620632279,474.0,1202.0,25.49019607843137,247.0,969.0
multiple_runs_DB_HighThreat_Series_20260501_214553.csv,multiple_runs_DB_HighThreat_Series_20260501_214553.csv,DB,ACE,146,1276.0,1194.0,1.3322884012539185,17.0,1276.0,5.172413793103448,66.0,1276.0,61.64154103852596,736.0,1194.0,0.0,0.0,1276.0,2.037617554858934,26.0,1276.0,1.3322884012539185,17.0,1276.0,43.33855799373041,553.0,1276.0,25.783699059561126,329.0,1276.0,2.507836990595611,32.0,1276.0,38.358458961474035,458.0,1194.0,18.495297805642632,236.0,1276.0
multiple_runs_DB_HighThreat_Series_20260501_214553.csv,multiple_runs_DB_HighThreat_Series_20260501_214553.csv,DB,ACE,147,1042.0,1184.0,28.310940499040306,295.0,1042.0,25.43186180422265,265.0,1042.0,88.9358108108108,1053.0,1184.0,0.0,0.0,1042.0,1.3435700575815739,14.0,1042.0,0.09596928982725528,1.0,1042.0,30.518234165067177,318.0,1042.0,10.652591170825335,111.0,1042.0,3.6468330134357005,38.0,1042.0,11.06418918918919,131.0,1184.0,0.0,0.0,1042.0
multiple_runs_DB_HighThreat_Series_20260501_214553.csv,multiple_runs_DB_HighThreat_Series_20260501_214553.csv,DB,ACE,148,649.0,804.0,40.98613251155624,266.0,649.0,30.662557781201848,199.0,649.0,88.05970149253731,708.0,804.0,0.0,0.0,649.0,1.386748844375963,9.0,649.0,0.0,0.0,649.0,20.184899845916796,131.0,649.0,1.5408320493066257,10.0,649.0,5.238828967642527,34.0,649.0,11.940298507462686,96.0,804.0,0.0,0.0,649.0
multiple_runs_DB_HighThreat_Series_20260501_214553.csv,multiple_runs_DB_HighThreat_Series_20260501_214553.csv,DB,ACE,149,1202.0,1212.0,0.7487520798668885,9.0,1202.0,4.409317803660566,53.0,1202.0,61.3036303630363,743.0,1212.0,0.0,0.0,1202.0,2.1630615640599005,26.0,1202.0,0.5823627287853578,7.0,1202.0,35.69051580698835,429.0,1202.0,33.693843594009984,405.0,1202.0,3.0782029950083194,37.0,1202.0,38.696369636963695,469.0,1212.0,19.633943427620633,236.0,1202.0
multiple_runs_DB_HighThreat_Series_20260501_214553.csv,multiple_runs_DB_HighThreat_Series_20260501_214553.csv,DB,ACE,150,918.0,1193.0,42.15686274509804,387.0,918.0,29.08496732026144,267.0,918.0,75.94300083822296,906.0,1193.0,0.0,0.0,918.0,2.941176470588235,27.0,918.0,0.0,0.0,918.0,17.86492374727669,164.0,918.0,1.8518518518518516,17.0,918.0,3.594771241830065,33.0,918.0,24.056999161777032,287.0,1193.0,2.505446623093682,23.0,918.0
multiple_runs_DB_HighThreat_Series_20260501_214553.csv,multiple_runs_DB_HighThreat_Series_20260501_214553.csv,DB,ACE,151,1159.0,1226.0,0.6039689387402933,7.0,1159.0,6.47109577221743,75.0,1159.0,52.77324632952691,647.0,1226.0,0.0,0.0,1159.0,1.81190681622088,21.0,1159.0,0.6039689387402933,7.0,1159.0,31.66522864538395,367.0,1159.0,34.77135461604831,403.0,1159.0,3.62381363244176,42.0,1159.0,47.22675367047308,579.0,1226.0,20.448662640207075,237.0,1159.0
multiple_runs_DB_HighThreat_Series_20260501_214553.csv,multiple_runs_DB_HighThreat_Series_20260501_214553.csv,DB,ACE,152,1026.0,1199.0,0.4873294346978557,5.0,1026.0,5.0682261208577,52.0,1026.0,58.965804837364466,707.0,1199.0,0.0,0.0,1026.0,1.7543859649122806,18.0,1026.0,0.0,0.0,1026.0,27.485380116959064,282.0,1026.0,38.10916179337232,391.0,1026.0,1.7543859649122806,18.0,1026.0,41.03419516263553,492.0,1199.0,25.341130604288498,260.0,1026.0
multiple_runs_DB_HighThreat_Series_20260501_214553.csv,multiple_runs_DB_HighThreat_Series_20260501_214553.csv,DB,ACE,153,1166.0,1201.0,12.435677530017152,145.0,1166.0,14.150943396226415,165.0,1166.0,66.19483763530391,795.0,1201.0,0.0,0.0,1166.0,2.5728987993138936,30.0,1166.0,0.0,0.0,1166.0,39.62264150943396,462.0,1166.0,20.840480274442537,243.0,1166.0,3.173241852487135,37.0,1166.0,33.80516236469609,406.0,1201.0,7.204116638078903,84.0,1166.0
multiple_runs_DB_HighThreat_Series_20260501_214553.csv,multiple_runs_DB_HighThreat_Series_20260501_214553.csv,DB,ACE,154,1077.0,1205.0,0.0,0.0,1077.0,3.7140204271123487,40.0,1077.0,59.004149377593365,711.0,1205.0,0.0,0.0,1077.0,2.8783658310120708,31.0,1077.0,0.0,0.0,1077.0,27.762302692664807,299.0,1077.0,36.30454967502321,391.0,1077.0,4.085422469823584,44.0,1077.0,40.995850622406635,494.0,1205.0,25.25533890436397,272.0,1077.0
multiple_runs_DB_HighThreat_Series_20260501_214553.csv,multiple_runs_DB_HighThreat_Series_20260501_214553.csv,DB,ACE,155,819.0,1199.0,42.97924297924298,352.0,819.0,37.11843711843712,304.0,819.0,69.05754795663053,828.0,1199.0,0.0,0.0,819.0,4.517704517704518,37.0,819.0,0.1221001221001221,1.0,819.0,6.837606837606838,56.0,819.0,2.93040293040293,24.0,819.0,3.907203907203907,32.0,819.0,30.94245204336947,371.0,1199.0,1.5873015873015872,13.0,819.0
multiple_runs_DB_HighThreat_Series_20260501_214553.csv,multiple_runs_DB_HighThreat_Series_20260501_214553.csv,DB,ACE,156,984.0,1209.0,1.0162601626016259,10.0,984.0,3.556910569105691,35.0,984.0,57.154673283705534,691.0,1209.0,0.0,0.0,984.0,1.6260162601626018,16.0,984.0,0.10162601626016261,1.0,984.0,23.78048780487805,234.0,984.0,41.361788617886184,407.0,984.0,2.4390243902439024,24.0,984.0,42.84532671629446,518.0,1209.0,26.117886178861788,257.0,984.0
multiple_runs_DB_HighThreat_Series_20260501_214553.csv,multiple_runs_DB_HighThreat_Series_20260501_214553.csv,DB,ACE,157,1019.0,1209.0,0.09813542688910697,1.0,1019.0,5.20117762512267,53.0,1019.0,60.8767576509512,736.0,1209.0,0.0,0.0,1019.0,2.551521099116781,26.0,1019.0,0.0,0.0,1019.0,25.122669283611383,256.0,1019.0,42.198233562316,430.0,1019.0,3.23846908734053,33.0,1019.0,39.123242349048795,473.0,1209.0,21.589793915603533,220.0,1019.0
multiple_runs_DB_HighThreat_Series_20260501_214553.csv,multiple_runs_DB_HighThreat_Series_20260501_214553.csv,DB,ACE,158,1091.0,1212.0,1.6498625114573784,18.0,1091.0,5.682859761686526,62.0,1091.0,62.04620462046204,752.0,1212.0,0.0,0.0,1091.0,4.491292392300641,49.0,1091.0,0.0,0.0,1091.0,26.214482126489457,286.0,1091.0,35.56370302474794,388.0,1091.0,2.1081576535288726,23.0,1091.0,37.95379537953795,460.0,1212.0,24.289642529789184,265.0,1091.0
multiple_runs_DB_HighThreat_Series_20260501_214553.csv,multiple_runs_DB_HighThreat_Series_20260501_214553.csv,DB,ACE,159,946.0,1196.0,38.372093023255815,363.0,946.0,26.215644820295985,248.0,946.0,81.60535117056857,976.0,1196.0,0.0,0.0,946.0,6.659619450317125,63.0,946.0,0.0,0.0,946.0,20.718816067653275,196.0,946.0,3.06553911205074,29.0,946.0,3.5940803382663846,34.0,946.0,18.394648829431436,220.0,1196.0,1.3742071881606766,13.0,946.0
multiple_runs_DB_HighThreat_Series_20260501_214553.csv,multiple_runs_DB_HighThreat_Series_20260501_214553.csv,DB,ACE,160,953.0,1211.0,38.40503672612802,366.0,953.0,33.15844700944386,316.0,953.0,80.51197357555739,975.0,1211.0,0.0,0.0,953.0,1.049317943336831,10.0,953.0,0.0,0.0,953.0,19.097586568730325,182.0,953.0,3.882476390346275,37.0,953.0,3.147953830010493,30.0,953.0,19.48802642444261,236.0,1211.0,1.2591815320041972,12.0,953.0
multiple_runs_DB_HighThreat_Series_20260501_214553.csv,multiple_runs_DB_HighThreat_Series_20260501_214553.csv,DB,ACE,161,1013.0,1201.0,0.0,0.0,1013.0,4.4422507403751235,45.0,1013.0,59.61698584512906,716.0,1201.0,0.0,0.0,1013.0,4.047384007897334,41.0,1013.0,0.0,0.0,1013.0,24.975320829220138,253.0,1013.0,40.276406712734456,408.0,1013.0,2.270483711747285,23.0,1013.0,40.38301415487094,485.0,1201.0,23.988153998025666,243.0,1013.0
multiple_runs_DB_HighThreat_Series_20260501_214553.csv,multiple_runs_DB_HighThreat_Series_20260501_214553.csv,DB,ACE,162,989.0,1205.0,0.0,0.0,989.0,5.6622851365015165,56.0,989.0,58.50622406639005,705.0,1205.0,0.0,0.0,989.0,2.1233569261880687,21.0,989.0,0.0,0.0,989.0,24.064711830131447,238.0,989.0,39.130434782608695,387.0,989.0,3.4378159757330633,34.0,989.0,41.49377593360996,500.0,1205.0,25.581395348837212,253.0,989.0
multiple_runs_DB_HighThreat_Series_20260501_214553.csv,multiple_runs_DB_HighThreat_Series_20260501_214553.csv,DB,ACE,163,1248.0,1202.0,13.541666666666666,169.0,1248.0,7.451923076923077,93.0,1248.0,64.39267886855241,774.0,1202.0,0.0,0.0,1248.0,1.4423076923076923,18.0,1248.0,0.08012820512820512,1.0,1248.0,38.06089743589743,475.0,1248.0,21.554487179487182,269.0,1248.0,3.205128205128205,40.0,1248.0,35.60732113144759,428.0,1202.0,14.663461538461538,183.0,1248.0
multiple_runs_DB_HighThreat_Series_20260501_214553.csv,multiple_runs_DB_HighThreat_Series_20260501_214553.csv,DB,ACE,164,978.0,1205.0,36.09406952965235,353.0,978.0,31.79959100204499,311.0,978.0,82.57261410788381,995.0,1205.0,0.0,0.0,978.0,1.1247443762781186,11.0,978.0,0.0,0.0,978.0,21.779141104294478,213.0,978.0,4.192229038854806,41.0,978.0,4.4989775051124745,44.0,978.0,17.42738589211618,210.0,1205.0,0.5112474437627812,5.0,978.0
multiple_runs_DB_HighThreat_Series_20260501_214553.csv,multiple_runs_DB_HighThreat_Series_20260501_214553.csv,DB,ACE,165,1087.0,1203.0,30.082796688132476,327.0,1087.0,29.7148114075437,323.0,1087.0,81.21363258520365,977.0,1203.0,0.0,0.0,1087.0,2.483900643974241,27.0,1087.0,0.0,0.0,1087.0,27.874885004599815,303.0,1087.0,5.703771849126035,62.0,1087.0,2.9438822447102115,32.0,1087.0,18.78636741479634,226.0,1203.0,1.1959521619135236,13.0,1087.0
multiple_runs_DB_HighThreat_Series_20260501_214553.csv,multiple_runs_DB_HighThreat_Series_20260501_214553.csv,DB,ACE,166,977.0,1196.0,0.8188331627430911,8.0,977.0,5.424769703172978,53.0,977.0,61.03678929765886,730.0,1196.0,0.0,0.0,977.0,2.047082906857728,20.0,977.0,0.0,0.0,977.0,22.824974411463664,223.0,977.0,39.611054247697034,387.0,977.0,2.456499488229273,24.0,977.0,38.96321070234114,466.0,1196.0,26.816786079836234,262.0,977.0
multiple_runs_DB_HighThreat_Series_20260501_214553.csv,multiple_runs_DB_HighThreat_Series_20260501_214553.csv,DB,ACE,167,1015.0,1185.0,37.53694581280788,381.0,1015.0,31.724137931034484,322.0,1015.0,75.44303797468355,894.0,1185.0,0.0,0.0,1015.0,2.7586206896551726,28.0,1015.0,0.0,0.0,1015.0,25.02463054187192,254.0,1015.0,0.2955665024630542,3.0,1015.0,2.4630541871921183,25.0,1015.0,24.556962025316455,291.0,1185.0,0.19704433497536944,2.0,1015.0
multiple_runs_DB_HighThreat_Series_20260501_214553.csv,multiple_runs_DB_HighThreat_Series_20260501_214553.csv,DB,ACE,168,931.0,1199.0,0.21482277121374865,2.0,931.0,4.618689581095596,43.0,931.0,58.71559633027523,704.0,1199.0,0.0,0.0,931.0,2.0408163265306123,19.0,931.0,0.0,0.0,931.0,19.87110633727175,185.0,931.0,41.890440386680986,390.0,931.0,3.007518796992481,28.0,931.0,41.284403669724774,495.0,1199.0,28.356605800214822,264.0,931.0
multiple_runs_DB_HighThreat_Series_20260501_214553.csv,multiple_runs_DB_HighThreat_Series_20260501_214553.csv,DB,ACE,169,919.0,1182.0,36.45266594124048,335.0,919.0,31.556039173014145,290.0,919.0,87.64805414551607,1036.0,1182.0,0.0,0.0,919.0,2.3939064200217626,22.0,919.0,0.0,0.0,919.0,17.845484221980414,164.0,919.0,7.399347116430903,68.0,919.0,4.243743199129488,39.0,919.0,12.351945854483926,146.0,1182.0,0.1088139281828074,1.0,919.0
multiple_runs_DB_HighThreat_Series_20260501_214553.csv,multiple_runs_DB_HighThreat_Series_20260501_214553.csv,DB,ACE,170,976.0,1194.0,0.20491803278688525,2.0,976.0,3.8934426229508197,38.0,976.0,55.44388609715243,662.0,1194.0,0.0,0.0,976.0,2.663934426229508,26.0,976.0,0.0,0.0,976.0,23.668032786885245,231.0,976.0,38.42213114754098,375.0,976.0,3.790983606557377,37.0,976.0,44.55611390284757,532.0,1194.0,27.356557377049178,267.0,976.0
multiple_runs_DB_HighThreat_Series_20260501_214553.csv,multiple_runs_DB_HighThreat_Series_20260501_214553.csv,DB,ACE,171,1067.0,1209.0,0.6560449859418931,7.0,1067.0,4.686035613870666,50.0,1067.0,59.05707196029777,714.0,1209.0,0.0,0.0,1067.0,0.37488284910965325,4.0,1067.0,0.0,0.0,1067.0,30.084348641049672,321.0,1067.0,32.42736644798501,346.0,1067.0,3.6551077788191186,39.0,1067.0,40.94292803970223,495.0,1209.0,28.116213683223997,300.0,1067.0
multiple_runs_DB_HighThreat_Series_20260501_214553.csv,multiple_runs_DB_HighThreat_Series_20260501_214553.csv,DB,ACE,172,1003.0,1184.0,0.0,0.0,1003.0,4.48654037886341,45.0,1003.0,60.895270270270274,721.0,1184.0,0.0,0.0,1003.0,2.1934197407776668,22.0,1003.0,0.0,0.0,1003.0,28.913260219341975,290.0,1003.0,39.0827517447657,392.0,1003.0,2.4925224327018944,25.0,1003.0,39.10472972972973,463.0,1184.0,22.831505483549353,229.0,1003.0
multiple_runs_DB_HighThreat_Series_20260501_214553.csv,multiple_runs_DB_HighThreat_Series_20260501_214553.csv,DB,ACE,173,1042.0,1194.0,0.8637236084452975,9.0,1042.0,4.606525911708253,48.0,1042.0,59.12897822445561,706.0,1194.0,0.0,0.0,1042.0,1.8234165067178503,19.0,1042.0,0.09596928982725528,1.0,1042.0,23.896353166986565,249.0,1042.0,37.81190019193858,394.0,1042.0,2.6871401151631478,28.0,1042.0,40.871021775544385,488.0,1194.0,28.21497120921305,294.0,1042.0
multiple_runs_DB_HighThreat_Series_20260501_214553.csv,multiple_runs_DB_HighThreat_Series_20260501_214553.csv,DB,ACE,174,1092.0,1200.0,28.93772893772894,316.0,1092.0,28.57142857142857,312.0,1092.0,75.58333333333334,907.0,1200.0,0.0,0.0,1092.0,2.838827838827839,31.0,1092.0,0.0,0.0,1092.0,27.93040293040293,305.0,1092.0,7.783882783882784,85.0,1092.0,3.9377289377289375,43.0,1092.0,24.416666666666668,293.0,1200.0,0.0,0.0,1092.0
multiple_runs_DB_HighThreat_Series_20260501_214553.csv,multiple_runs_DB_HighThreat_Series_20260501_214553.csv,DB,ACE,175,1019.0,1206.0,34.15112855740923,348.0,1019.0,28.066732090284592,286.0,1019.0,74.0464344941957,893.0,1206.0,0.0,0.0,1019.0,1.5701668302257115,16.0,1019.0,0.0,0.0,1019.0,24.828263002944063,253.0,1019.0,6.378802747791953,65.0,1019.0,3.434739941118744,35.0,1019.0,25.95356550580431,313.0,1206.0,1.5701668302257115,16.0,1019.0
multiple_runs_DB_HighThreat_Series_20260501_214553.csv,multiple_runs_DB_HighThreat_Series_20260501_214553.csv,DB,ACE,176,1300.0,1213.0,0.7692307692307693,10.0,1300.0,3.076923076923077,40.0,1300.0,65.78730420445177,798.0,1213.0,0.0,0.0,1300.0,1.2307692307692308,16.0,1300.0,0.0,0.0,1300.0,41.30769230769231,537.0,1300.0,30.0,390.0,1300.0,2.6923076923076925,35.0,1300.0,34.21269579554823,415.0,1213.0,20.923076923076923,272.0,1300.0
multiple_runs_DB_HighThreat_Series_20260501_214553.csv,multiple_runs_DB_HighThreat_Series_20260501_214553.csv,DB,ACE,177,1311.0,1204.0,0.5339435545385203,7.0,1311.0,4.958047292143402,65.0,1311.0,64.53488372093024,777.0,1204.0,0.0,0.0,1311.0,2.440884820747521,32.0,1311.0,0.0,0.0,1311.0,42.33409610983982,555.0,1311.0,28.985507246376812,380.0,1311.0,1.2967200610221206,17.0,1311.0,35.46511627906977,427.0,1204.0,19.450800915331808,255.0,1311.0
multiple_runs_DB_HighThreat_Series_20260501_214553.csv,multiple_runs_DB_HighThreat_Series_20260501_214553.csv,DB,ACE,178,928.0,1199.0,0.3232758620689655,3.0,928.0,3.2327586206896552,30.0,928.0,52.627189324437026,631.0,1199.0,0.0,0.0,928.0,2.3706896551724137,22.0,928.0,0.0,0.0,928.0,21.120689655172413,196.0,928.0,40.30172413793103,374.0,928.0,3.125,29.0,928.0,47.372810675562974,568.0,1199.0,29.52586206896552,274.0,928.0
multiple_runs_DB_HighThreat_Series_20260501_214553.csv,multiple_runs_DB_HighThreat_Series_20260501_214553.csv,DB,ACE,179,942.0,1185.0,1.167728237791932,11.0,942.0,4.246284501061571,40.0,942.0,56.540084388185655,670.0,1185.0,0.0,0.0,942.0,2.547770700636943,24.0,942.0,0.0,0.0,942.0,19.63906581740977,185.0,942.0,37.79193205944799,356.0,942.0,2.8662420382165608,27.0,942.0,43.459915611814345,515.0,1185.0,31.740976645435243,299.0,942.0
multiple_runs_DB_HighThreat_Series_20260501_214553.csv,multiple_runs_DB_HighThreat_Series_20260501_214553.csv,DB,ACE,180,1108.0,1191.0,28.880866425992778,320.0,1108.0,20.848375451263536,231.0,1108.0,79.34508816120906,945.0,1191.0,0.0,0.0,1108.0,2.7978339350180503,31.0,1108.0,0.0,0.0,1108.0,31.137184115523464,345.0,1108.0,8.303249097472925,92.0,1108.0,2.7978339350180503,31.0,1108.0,20.65491183879093,246.0,1191.0,5.234657039711191,58.0,1108.0
multiple_runs_DB_HighThreat_Series_20260501_214553.csv,multiple_runs_DB_HighThreat_Series_20260501_214553.csv,DB,ACE,181,1394.0,1203.0,3.6585365853658534,51.0,1394.0,4.66284074605452,65.0,1394.0,63.84039900249376,768.0,1203.0,0.0,0.0,1394.0,1.6499282639885222,23.0,1394.0,0.0,0.0,1394.0,44.47632711621234,620.0,1394.0,25.46628407460545,355.0,1394.0,1.721664275466284,24.0,1394.0,36.15960099750624,435.0,1203.0,18.364418938307033,256.0,1394.0
multiple_runs_DB_HighThreat_Series_20260501_214553.csv,multiple_runs_DB_HighThreat_Series_20260501_214553.csv,DB,ACE,182,946.0,1212.0,2.748414376321353,26.0,946.0,4.545454545454546,43.0,946.0,59.48844884488449,721.0,1212.0,0.0,0.0,946.0,2.431289640591966,23.0,946.0,0.0,0.0,946.0,20.718816067653275,196.0,946.0,39.53488372093023,374.0,946.0,3.5940803382663846,34.0,946.0,40.51155115511551,491.0,1212.0,26.42706131078224,250.0,946.0
multiple_runs_DB_HighThreat_Series_20260501_214553.csv,multiple_runs_DB_HighThreat_Series_20260501_214553.csv,DB,ACE,183,1034.0,1223.0,1.83752417794971,19.0,1034.0,5.222437137330754,54.0,1034.0,61.97874080130826,758.0,1223.0,0.0,0.0,1034.0,2.321083172147002,24.0,1034.0,0.0,0.0,1034.0,26.789168278529978,277.0,1034.0,38.684719535783366,400.0,1034.0,3.481624758220503,36.0,1034.0,38.021259198691745,465.0,1223.0,21.663442940038685,224.0,1034.0
multiple_runs_DB_HighThreat_Series_20260501_214553.csv,multiple_runs_DB_HighThreat_Series_20260501_214553.csv,DB,ACE,184,1035.0,1213.0,1.932367149758454,20.0,1035.0,2.608695652173913,27.0,1035.0,60.34624896949712,732.0,1213.0,0.0,0.0,1035.0,1.3526570048309179,14.0,1035.0,0.0,0.0,1035.0,28.115942028985508,291.0,1035.0,38.743961352657,401.0,1035.0,2.8019323671497585,29.0,1035.0,39.65375103050289,481.0,1213.0,24.444444444444443,253.0,1035.0
multiple_runs_DB_HighThreat_Series_20260501_214553.csv,multiple_runs_DB_HighThreat_Series_20260501_214553.csv,DB,ACE,185,968.0,1199.0,0.0,0.0,968.0,3.925619834710744,38.0,968.0,56.96413678065054,683.0,1199.0,0.0,0.0,968.0,1.4462809917355373,14.0,968.0,0.0,0.0,968.0,23.96694214876033,232.0,968.0,41.425619834710744,401.0,968.0,3.3057851239669422,32.0,968.0,43.03586321934946,516.0,1199.0,25.929752066115704,251.0,968.0
multiple_runs_DB_HighThreat_Series_20260501_214553.csv,multiple_runs_DB_HighThreat_Series_20260501_214553.csv,DB,ACE,186,1177.0,1198.0,11.894647408666101,140.0,1177.0,16.737468139337295,197.0,1177.0,66.69449081803005,799.0,1198.0,0.0,0.0,1177.0,2.0390824129141887,24.0,1177.0,0.0,0.0,1177.0,36.44859813084112,429.0,1177.0,22.259983007646557,262.0,1177.0,2.548853016142736,30.0,1177.0,33.30550918196995,399.0,1198.0,8.071367884451996,95.0,1177.0
multiple_runs_DB_HighThreat_Series_20260501_214553.csv,multiple_runs_DB_HighThreat_Series_20260501_214553.csv,DB,ACE,187,1301.0,1211.0,12.528823981552653,163.0,1301.0,8.455034588777863,110.0,1301.0,65.64822460776219,795.0,1211.0,0.0,0.0,1301.0,2.3059185242121445,30.0,1301.0,0.0,0.0,1301.0,42.0445810914681,547.0,1301.0,17.60184473481937,229.0,1301.0,2.8439661798616447,37.0,1301.0,34.35177539223782,416.0,1211.0,14.219830899308224,185.0,1301.0
multiple_runs_DB_HighThreat_Series_20260501_214553.csv,multiple_runs_DB_HighThreat_Series_20260501_214553.csv,DB,ACE,188,1110.0,1199.0,30.630630630630627,340.0,1110.0,27.387387387387385,304.0,1110.0,84.48707256046706,1013.0,1199.0,0.0,0.0,1110.0,1.5315315315315314,17.0,1110.0,0.0,0.0,1110.0,31.53153153153153,350.0,1110.0,5.7657657657657655,64.0,1110.0,3.153153153153153,35.0,1110.0,15.512927439532945,186.0,1199.0,0.0,0.0,1110.0
multiple_runs_DB_HighThreat_Series_20260501_214553.csv,multiple_runs_DB_HighThreat_Series_20260501_214553.csv,DB,ACE,189,999.0,1210.0,1.1011011011011012,11.0,999.0,9.30930930930931,93.0,999.0,62.14876033057851,752.0,1210.0,0.0,0.0,999.0,2.5025025025025025,25.0,999.0,0.10010010010010009,1.0,999.0,23.023023023023022,230.0,999.0,40.04004004004004,400.0,999.0,2.8028028028028027,28.0,999.0,37.85123966942149,458.0,1210.0,21.12112112112112,211.0,999.0
multiple_runs_DB_HighThreat_Series_20260501_214553.csv,multiple_runs_DB_HighThreat_Series_20260501_214553.csv,DB,ACE,190,1399.0,1226.0,0.5003573981415297,7.0,1399.0,3.0021443888491777,42.0,1399.0,61.66394779771615,756.0,1226.0,0.0,0.0,1399.0,1.2866333095067906,18.0,1399.0,0.0,0.0,1399.0,45.5325232308792,637.0,1399.0,28.591851322373124,400.0,1399.0,2.0014295925661187,28.0,1399.0,38.33605220228385,470.0,1226.0,19.08506075768406,267.0,1399.0
multiple_runs_DB_HighThreat_Series_20260501_214553.csv,multiple_runs_DB_HighThreat_Series_20260501_214553.csv,DB,ACE,191,1052.0,1187.0,2.7566539923954374,29.0,1052.0,3.6121673003802277,38.0,1052.0,57.54001684919966,683.0,1187.0,0.0,0.0,1052.0,2.1863117870722433,23.0,1052.0,0.5703422053231939,6.0,1052.0,28.32699619771863,298.0,1052.0,35.93155893536122,378.0,1052.0,2.2813688212927756,24.0,1052.0,42.45998315080033,504.0,1187.0,24.334600760456272,256.0,1052.0
multiple_runs_DB_HighThreat_Series_20260501_214553.csv,multiple_runs_DB_HighThreat_Series_20260501_214553.csv,DB,ACE,192,1033.0,1193.0,0.3872216844143272,4.0,1033.0,5.517909002904163,57.0,1033.0,63.53730092204526,758.0,1193.0,0.0,0.0,1033.0,4.356243949661181,45.0,1033.0,0.0968054211035818,1.0,1033.0,25.459825750242015,263.0,1033.0,39.787028073572124,411.0,1033.0,3.4849951597289452,36.0,1033.0,36.46269907795474,435.0,1193.0,20.90997095837367,216.0,1033.0
multiple_runs_DB_HighThreat_Series_20260501_214553.csv,multiple_runs_DB_HighThreat_Series_20260501_214553.csv,DB,ACE,193,1049.0,1202.0,28.69399428026692,301.0,1049.0,29.74261201143947,312.0,1049.0,85.94009983361065,1033.0,1202.0,0.0,0.0,1049.0,3.241182078169685,34.0,1049.0,0.0,0.0,1049.0,26.78741658722593,281.0,1049.0,8.388941849380362,88.0,1049.0,3.0505243088655862,32.0,1049.0,14.05990016638935,169.0,1202.0,0.09532888465204957,1.0,1049.0
multiple_runs_DB_HighThreat_Series_20260501_214553.csv,multiple_runs_DB_HighThreat_Series_20260501_214553.csv,DB,ACE,194,1177.0,1210.0,0.16992353440951571,2.0,1177.0,3.8232795242141036,45.0,1177.0,63.71900826446281,771.0,1210.0,0.0,0.0,1177.0,3.058623619371283,36.0,1177.0,0.0,0.0,1177.0,37.63806287170773,443.0,1177.0,32.62531860662702,384.0,1177.0,2.3789294817332203,28.0,1177.0,36.280991735537185,439.0,1210.0,20.305862361937127,239.0,1177.0
multiple_runs_DB_HighThreat_Series_20260501_214553.csv,multiple_runs_DB_HighThreat_Series_20260501_214553.csv,DB,ACE,195,1073.0,1191.0,32.24603914259087,346.0,1073.0,26.001863932898416,279.0,1073.0,82.87153652392946,987.0,1191.0,0.0,0.0,1073.0,1.95712954333644,21.0,1073.0,0.0,0.0,1073.0,30.102516309412863,323.0,1073.0,6.244175209692451,67.0,1073.0,3.4482758620689653,37.0,1073.0,17.12846347607053,204.0,1191.0,0.0,0.0,1073.0
multiple_runs_DB_HighThreat_Series_20260501_214553.csv,multiple_runs_DB_HighThreat_Series_20260501_214553.csv,DB,ACE,196,1304.0,1205.0,1.3803680981595092,18.0,1304.0,3.374233128834356,44.0,1304.0,59.66804979253112,719.0,1205.0,0.0,0.0,1304.0,3.604294478527607,47.0,1304.0,0.0,0.0,1304.0,40.72085889570552,531.0,1304.0,29.601226993865033,386.0,1304.0,3.067484662576687,40.0,1304.0,40.33195020746888,486.0,1205.0,18.25153374233129,238.0,1304.0
multiple_runs_DB_HighThreat_Series_20260501_214553.csv,multiple_runs_DB_HighThreat_Series_20260501_214553.csv,DB,ACE,197,1041.0,1191.0,1.248799231508165,13.0,1041.0,5.379442843419788,56.0,1041.0,61.7968094038623,736.0,1191.0,0.0,0.0,1041.0,1.8251681075888568,19.0,1041.0,0.0,0.0,1041.0,29.586935638808836,308.0,1041.0,34.67819404418828,361.0,1041.0,2.97790585975024,31.0,1041.0,38.203190596137695,455.0,1191.0,24.30355427473583,253.0,1041.0
multiple_runs_DB_HighThreat_Series_20260501_214553.csv,multiple_runs_DB_HighThreat_Series_20260501_214553.csv,DB,ACE,198,1182.0,1204.0,0.4230118443316413,5.0,1182.0,5.245346869712352,62.0,1182.0,65.78073089700996,792.0,1204.0,0.0,0.0,1182.0,2.4534686971235193,29.0,1182.0,0.0,0.0,1182.0,37.98646362098139,449.0,1182.0,30.79526226734349,364.0,1182.0,3.3840947546531304,40.0,1182.0,34.21926910299003,412.0,1204.0,19.712351945854483,233.0,1182.0
multiple_runs_DB_HighThreat_Series_20260501_214553.csv,multiple_runs_DB_HighThreat_Series_20260501_214553.csv,DB,ACE,199,1168.0,1206.0,0.17123287671232876,2.0,1168.0,3.9383561643835616,46.0,1168.0,64.59369817578772,779.0,1206.0,0.0,0.0,1168.0,1.4554794520547945,17.0,1168.0,0.0,0.0,1168.0,37.84246575342466,442.0,1168.0,34.50342465753425,403.0,1168.0,1.8835616438356164,22.0,1168.0,35.40630182421227,427.0,1206.0,20.205479452054796,236.0,1168.0
multiple_runs_DB_HighThreat_Series_20260501_214553.csv,multiple_runs_DB_HighThreat_Series_20260501_214553.csv,DB,ACE,200,1117.0,1180.0,22.023276633840645,246.0,1117.0,21.307072515666963,238.0,1117.0,65.59322033898304,774.0,1180.0,0.0,0.0,1117.0,2.2381378692927485,25.0,1117.0,0.0,0.0,1117.0,34.46732318710833,385.0,1117.0,12.533572068039392,140.0,1117.0,2.775290957923008,31.0,1117.0,34.40677966101695,406.0,1180.0,4.6553267681289165,52.0,1117.0
multiple_runs_DB_LowThreat_Series_20260502_024950.csv,multiple_runs_DB_LowThreat_Series_20260502_024950.csv,DB,No ACE,1,1115.0,1200.0,11.47982062780269,128.0,1115.0,10.672645739910314,119.0,1115.0,87.16666666666667,1046.0,1200.0,0.0,0.0,1115.0,0.0,0.0,1115.0,0.08968609865470852,1.0,1115.0,32.64573991031391,364.0,1115.0,22.690582959641254,253.0,1115.0,22.421524663677133,250.0,1115.0,12.833333333333332,154.0,1200.0,0.0,0.0,1115.0
multiple_runs_DB_LowThreat_Series_20260502_024950.csv,multiple_runs_DB_LowThreat_Series_20260502_024950.csv,DB,No ACE,2,1268.0,1208.0,0.0,0.0,1268.0,21.92429022082019,278.0,1268.0,77.73178807947019,939.0,1208.0,0.0,0.0,1268.0,0.7097791798107256,9.0,1268.0,0.0,0.0,1268.0,38.801261829652994,492.0,1268.0,33.201892744479494,421.0,1268.0,5.3627760252365935,68.0,1268.0,22.2682119205298,269.0,1208.0,0.0,0.0,1268.0
multiple_runs_DB_LowThreat_Series_20260502_024950.csv,multiple_runs_DB_LowThreat_Series_20260502_024950.csv,DB,No ACE,3,1085.0,1202.0,11.428571428571429,124.0,1085.0,2.3041474654377883,25.0,1085.0,89.60066555740433,1077.0,1202.0,0.0,0.0,1085.0,0.0,0.0,1085.0,0.4608294930875576,5.0,1085.0,36.86635944700461,400.0,1085.0,24.88479262672811,270.0,1085.0,24.05529953917051,261.0,1085.0,10.399334442595674,125.0,1202.0,0.0,0.0,1085.0
multiple_runs_DB_LowThreat_Series_20260502_024950.csv,multiple_runs_DB_LowThreat_Series_20260502_024950.csv,DB,No ACE,4,894.0,1200.0,1.901565995525727,17.0,894.0,11.521252796420582,103.0,894.0,85.66666666666667,1028.0,1200.0,0.11185682326621924,1.0,894.0,0.11185682326621924,1.0,894.0,0.6711409395973155,6.0,894.0,42.84116331096197,383.0,894.0,40.604026845637584,363.0,894.0,2.237136465324385,20.0,894.0,14.333333333333334,172.0,1200.0,0.0,0.0,894.0
multiple_runs_DB_LowThreat_Series_20260502_024950.csv,multiple_runs_DB_LowThreat_Series_20260502_024950.csv,DB,No ACE,5,1226.0,1224.0,9.9510603588907,122.0,1226.0,7.504078303425775,92.0,1226.0,91.09477124183006,1115.0,1224.0,0.0,0.0,1226.0,0.24469820554649263,3.0,1226.0,0.1631321370309951,2.0,1226.0,32.46329526916802,398.0,1226.0,23.00163132137031,282.0,1226.0,26.672104404567698,327.0,1226.0,8.905228758169935,109.0,1224.0,0.0,0.0,1226.0
multiple_runs_DB_LowThreat_Series_20260502_024950.csv,multiple_runs_DB_LowThreat_Series_20260502_024950.csv,DB,No ACE,6,1278.0,1191.0,0.0,0.0,1278.0,24.80438184663537,317.0,1278.0,82.28379513014274,980.0,1191.0,0.1564945226917058,2.0,1278.0,1.330203442879499,17.0,1278.0,0.0,0.0,1278.0,38.57589984350548,493.0,1278.0,31.690140845070424,405.0,1278.0,3.4428794992175273,44.0,1278.0,17.716204869857265,211.0,1191.0,0.0,0.0,1278.0
multiple_runs_DB_LowThreat_Series_20260502_024950.csv,multiple_runs_DB_LowThreat_Series_20260502_024950.csv,DB,No ACE,7,1159.0,1219.0,0.7765314926660914,9.0,1159.0,11.82053494391717,137.0,1159.0,84.82362592288762,1034.0,1219.0,0.3451251078515962,4.0,1159.0,2.5021570319240722,29.0,1159.0,0.08628127696289906,1.0,1159.0,47.713546160483176,553.0,1159.0,35.030198446937014,406.0,1159.0,1.7256255392579811,20.0,1159.0,15.176374077112387,185.0,1219.0,0.0,0.0,1159.0
multiple_runs_DB_LowThreat_Series_20260502_024950.csv,multiple_runs_DB_LowThreat_Series_20260502_024950.csv,DB,No ACE,8,1399.0,1215.0,0.0,0.0,1399.0,20.87205146533238,292.0,1399.0,83.29218106995884,1012.0,1215.0,0.0,0.0,1399.0,1.7155110793423873,24.0,1399.0,0.0,0.0,1399.0,47.248034310221584,661.0,1399.0,28.16297355253753,394.0,1399.0,2.0014295925661187,28.0,1399.0,16.707818930041153,203.0,1215.0,0.0,0.0,1399.0
multiple_runs_DB_LowThreat_Series_20260502_024950.csv,multiple_runs_DB_LowThreat_Series_20260502_024950.csv,DB,No ACE,9,1152.0,1188.0,11.284722222222223,130.0,1152.0,3.3854166666666665,39.0,1152.0,90.06734006734007,1070.0,1188.0,0.26041666666666663,3.0,1152.0,0.26041666666666663,3.0,1152.0,0.3472222222222222,4.0,1152.0,31.59722222222222,364.0,1152.0,21.875,252.0,1152.0,30.989583333333332,357.0,1152.0,9.932659932659933,118.0,1188.0,0.0,0.0,1152.0
multiple_runs_DB_LowThreat_Series_20260502_024950.csv,multiple_runs_DB_LowThreat_Series_20260502_024950.csv,DB,No ACE,10,1138.0,1192.0,0.17574692442882248,2.0,1138.0,24.51669595782074,279.0,1138.0,81.71140939597315,974.0,1192.0,0.0,0.0,1138.0,0.0,0.0,1138.0,0.0,0.0,1138.0,40.33391915641476,459.0,1138.0,33.655536028119506,383.0,1138.0,1.3181019332161688,15.0,1138.0,18.288590604026847,218.0,1192.0,0.0,0.0,1138.0
multiple_runs_DB_LowThreat_Series_20260502_024950.csv,multiple_runs_DB_LowThreat_Series_20260502_024950.csv,DB,No ACE,11,875.0,1209.0,2.742857142857143,24.0,875.0,8.228571428571428,72.0,875.0,83.87096774193549,1014.0,1209.0,0.0,0.0,875.0,0.0,0.0,875.0,0.0,0.0,875.0,41.14285714285714,360.0,875.0,43.65714285714286,382.0,875.0,4.228571428571429,37.0,875.0,16.129032258064516,195.0,1209.0,0.0,0.0,875.0
multiple_runs_DB_LowThreat_Series_20260502_024950.csv,multiple_runs_DB_LowThreat_Series_20260502_024950.csv,DB,No ACE,12,1277.0,1198.0,0.31323414252153486,4.0,1277.0,23.257635082223963,297.0,1277.0,86.89482470784641,1041.0,1198.0,0.0,0.0,1277.0,1.5661707126076743,20.0,1277.0,0.31323414252153486,4.0,1277.0,40.48551292090838,517.0,1277.0,32.96789350039154,421.0,1277.0,1.096319498825372,14.0,1277.0,13.10517529215359,157.0,1198.0,0.0,0.0,1277.0
multiple_runs_DB_LowThreat_Series_20260502_024950.csv,multiple_runs_DB_LowThreat_Series_20260502_024950.csv,DB,No ACE,13,1173.0,1209.0,0.17050298380221654,2.0,1173.0,24.55242966751918,288.0,1173.0,87.84119106699751,1062.0,1209.0,0.08525149190110827,1.0,1173.0,0.4262574595055414,5.0,1173.0,0.17050298380221654,2.0,1173.0,37.851662404092075,444.0,1173.0,32.651321398124466,383.0,1173.0,4.092071611253197,48.0,1173.0,12.158808933002481,147.0,1209.0,0.0,0.0,1173.0
multiple_runs_DB_LowThreat_Series_20260502_024950.csv,multiple_runs_DB_LowThreat_Series_20260502_024950.csv,DB,No ACE,14,972.0,1209.0,7.818930041152264,76.0,972.0,11.62551440329218,113.0,972.0,88.0066170388751,1064.0,1209.0,0.30864197530864196,3.0,972.0,0.30864197530864196,3.0,972.0,0.102880658436214,1.0,972.0,44.8559670781893,436.0,972.0,33.33333333333333,324.0,972.0,1.646090534979424,16.0,972.0,11.993382961124896,145.0,1209.0,0.0,0.0,972.0
multiple_runs_DB_LowThreat_Series_20260502_024950.csv,multiple_runs_DB_LowThreat_Series_20260502_024950.csv,DB,No ACE,15,1188.0,1203.0,11.531986531986533,137.0,1188.0,11.026936026936026,131.0,1188.0,82.12801330008313,988.0,1203.0,0.0,0.0,1188.0,0.0,0.0,1188.0,0.0,0.0,1188.0,41.4983164983165,493.0,1188.0,23.14814814814815,275.0,1188.0,12.794612794612794,152.0,1188.0,17.871986699916874,215.0,1203.0,0.0,0.0,1188.0
multiple_runs_DB_LowThreat_Series_20260502_024950.csv,multiple_runs_DB_LowThreat_Series_20260502_024950.csv,DB,No ACE,16,901.0,1192.0,11.653718091009988,105.0,901.0,6.437291897891232,58.0,901.0,84.64765100671141,1009.0,1192.0,0.11098779134295228,1.0,901.0,0.0,0.0,901.0,0.0,0.0,901.0,32.075471698113205,289.0,901.0,33.74028856825749,304.0,901.0,15.98224195338513,144.0,901.0,15.35234899328859,183.0,1192.0,0.0,0.0,901.0
multiple_runs_DB_LowThreat_Series_20260502_024950.csv,multiple_runs_DB_LowThreat_Series_20260502_024950.csv,DB,No ACE,17,1228.0,1186.0,8.469055374592834,104.0,1228.0,14.983713355048861,184.0,1228.0,88.70151770657672,1052.0,1186.0,0.5700325732899023,7.0,1228.0,0.16286644951140067,2.0,1228.0,0.0,0.0,1228.0,37.13355048859935,456.0,1228.0,23.941368078175895,294.0,1228.0,14.73941368078176,181.0,1228.0,11.298482293423271,134.0,1186.0,0.0,0.0,1228.0
multiple_runs_DB_LowThreat_Series_20260502_024950.csv,multiple_runs_DB_LowThreat_Series_20260502_024950.csv,DB,No ACE,18,1204.0,1197.0,1.9933554817275747,24.0,1204.0,26.993355481727576,325.0,1204.0,86.46616541353383,1035.0,1197.0,0.0,0.0,1204.0,1.3289036544850499,16.0,1204.0,0.08305647840531562,1.0,1204.0,34.30232558139535,413.0,1204.0,29.983388704318937,361.0,1204.0,5.3156146179401995,64.0,1204.0,13.533834586466165,162.0,1197.0,0.0,0.0,1204.0
multiple_runs_DB_LowThreat_Series_20260502_024950.csv,multiple_runs_DB_LowThreat_Series_20260502_024950.csv,DB,No ACE,19,1230.0,1186.0,0.0,0.0,1230.0,29.67479674796748,365.0,1230.0,80.86003372681282,959.0,1186.0,0.0,0.0,1230.0,0.5691056910569106,7.0,1230.0,0.0,0.0,1230.0,36.7479674796748,452.0,1230.0,31.869918699186993,392.0,1230.0,1.1382113821138211,14.0,1230.0,19.139966273187184,227.0,1186.0,0.0,0.0,1230.0
multiple_runs_DB_LowThreat_Series_20260502_024950.csv,multiple_runs_DB_LowThreat_Series_20260502_024950.csv,DB,No ACE,20,874.0,1197.0,9.038901601830664,79.0,874.0,6.750572082379863,59.0,874.0,82.53968253968253,988.0,1197.0,0.0,0.0,874.0,0.11441647597254005,1.0,874.0,0.11441647597254005,1.0,874.0,37.87185354691076,331.0,874.0,35.35469107551488,309.0,874.0,10.755148741418765,94.0,874.0,17.46031746031746,209.0,1197.0,0.0,0.0,874.0
multiple_runs_DB_LowThreat_Series_20260502_024950.csv,multiple_runs_DB_LowThreat_Series_20260502_024950.csv,DB,No ACE,21,1027.0,1194.0,10.516066212268745,108.0,1027.0,11.781888997078871,121.0,1027.0,90.87102177554439,1085.0,1194.0,0.3894839337877313,4.0,1027.0,0.19474196689386564,2.0,1027.0,0.09737098344693282,1.0,1027.0,33.98247322297955,349.0,1027.0,26.484907497565725,272.0,1027.0,16.55306718597858,170.0,1027.0,9.128978224455611,109.0,1194.0,0.0,0.0,1027.0
multiple_runs_DB_LowThreat_Series_20260502_024950.csv,multiple_runs_DB_LowThreat_Series_20260502_024950.csv,DB,No ACE,22,1189.0,1195.0,0.42052144659377627,5.0,1189.0,26.492851135407907,315.0,1189.0,80.0,956.0,1195.0,0.0,0.0,1189.0,1.2615643397813288,15.0,1189.0,0.0,0.0,1189.0,38.09924306139613,453.0,1189.0,32.38015138772077,385.0,1189.0,1.3456686291000841,16.0,1189.0,20.0,239.0,1195.0,0.0,0.0,1189.0
multiple_runs_DB_LowThreat_Series_20260502_024950.csv,multiple_runs_DB_LowThreat_Series_20260502_024950.csv,DB,No ACE,23,1049.0,1207.0,7.340324118207817,77.0,1049.0,2.7645376549094376,29.0,1049.0,90.14084507042254,1088.0,1207.0,0.19065776930409914,2.0,1049.0,0.2859866539561487,3.0,1049.0,0.19065776930409914,2.0,1049.0,36.129647283126786,379.0,1049.0,31.45853193517636,330.0,1049.0,21.63965681601525,227.0,1049.0,9.859154929577464,119.0,1207.0,0.0,0.0,1049.0
multiple_runs_DB_LowThreat_Series_20260502_024950.csv,multiple_runs_DB_LowThreat_Series_20260502_024950.csv,DB,No ACE,24,1206.0,1189.0,1.1608623548922055,14.0,1206.0,14.925373134328357,180.0,1206.0,88.05719091673674,1047.0,1189.0,0.0,0.0,1206.0,0.9950248756218906,12.0,1206.0,0.0,0.0,1206.0,40.96185737976783,494.0,1206.0,32.00663349917081,386.0,1206.0,9.950248756218906,120.0,1206.0,11.942809083263246,142.0,1189.0,0.0,0.0,1206.0
multiple_runs_DB_LowThreat_Series_20260502_024950.csv,multiple_runs_DB_LowThreat_Series_20260502_024950.csv,DB,No ACE,25,1010.0,1192.0,0.19801980198019803,2.0,1010.0,12.772277227722773,129.0,1010.0,84.39597315436241,1006.0,1192.0,0.0,0.0,1010.0,0.49504950495049505,5.0,1010.0,0.0,0.0,1010.0,45.04950495049505,455.0,1010.0,38.21782178217822,386.0,1010.0,3.2673267326732676,33.0,1010.0,15.604026845637584,186.0,1192.0,0.0,0.0,1010.0
multiple_runs_DB_LowThreat_Series_20260502_024950.csv,multiple_runs_DB_LowThreat_Series_20260502_024950.csv,DB,No ACE,26,1437.0,1210.0,0.06958942240779402,1.0,1437.0,23.660403618649966,340.0,1437.0,80.16528925619835,970.0,1210.0,0.0,0.0,1437.0,0.41753653444676403,6.0,1437.0,0.0,0.0,1437.0,45.85942936673625,659.0,1437.0,27.905358385525403,401.0,1437.0,2.0876826722338206,30.0,1437.0,19.834710743801654,240.0,1210.0,0.0,0.0,1437.0
multiple_runs_DB_LowThreat_Series_20260502_024950.csv,multiple_runs_DB_LowThreat_Series_20260502_024950.csv,DB,No ACE,27,967.0,1201.0,8.273009307135471,80.0,967.0,10.237849017580144,99.0,967.0,83.09741881765196,998.0,1201.0,0.0,0.0,967.0,0.4136504653567736,4.0,967.0,0.1034126163391934,1.0,967.0,34.95346432264736,338.0,967.0,31.127197518097212,301.0,967.0,14.891416752843847,144.0,967.0,16.902581182348044,203.0,1201.0,0.0,0.0,967.0
multiple_runs_DB_LowThreat_Series_20260502_024950.csv,multiple_runs_DB_LowThreat_Series_20260502_024950.csv,DB,No ACE,28,1316.0,1209.0,6.68693009118541,88.0,1316.0,19.52887537993921,257.0,1316.0,78.74276261373035,952.0,1209.0,0.0,0.0,1316.0,0.0,0.0,1316.0,0.0,0.0,1316.0,42.02127659574468,553.0,1316.0,22.872340425531913,301.0,1316.0,8.890577507598785,117.0,1316.0,21.257237386269644,257.0,1209.0,0.0,0.0,1316.0
multiple_runs_DB_LowThreat_Series_20260502_024950.csv,multiple_runs_DB_LowThreat_Series_20260502_024950.csv,DB,No ACE,29,1269.0,1198.0,0.0,0.0,1269.0,28.99921197793538,368.0,1269.0,78.71452420701168,943.0,1198.0,0.0,0.0,1269.0,0.9456264775413712,12.0,1269.0,0.0,0.0,1269.0,37.1946414499606,472.0,1269.0,31.520882584712375,400.0,1269.0,1.3396375098502757,17.0,1269.0,21.285475792988315,255.0,1198.0,0.0,0.0,1269.0
multiple_runs_DB_LowThreat_Series_20260502_024950.csv,multiple_runs_DB_LowThreat_Series_20260502_024950.csv,DB,No ACE,30,1293.0,1200.0,1.005413766434648,13.0,1293.0,24.361948955916475,315.0,1293.0,84.41666666666666,1013.0,1200.0,0.6187161639597835,8.0,1293.0,1.5467904098994587,20.0,1293.0,0.15467904098994587,2.0,1293.0,41.067285382830626,531.0,1293.0,30.317092034029393,392.0,1293.0,0.9280742459396751,12.0,1293.0,15.583333333333332,187.0,1200.0,0.0,0.0,1293.0
multiple_runs_DB_LowThreat_Series_20260502_024950.csv,multiple_runs_DB_LowThreat_Series_20260502_024950.csv,DB,No ACE,31,1313.0,1216.0,5.178979436405179,68.0,1313.0,19.725818735719724,259.0,1313.0,81.49671052631578,991.0,1216.0,0.2284843869002285,3.0,1313.0,0.0,0.0,1313.0,0.0,0.0,1313.0,39.22315308453923,515.0,1313.0,25.20944402132521,331.0,1313.0,10.434120335110435,137.0,1313.0,18.503289473684212,225.0,1216.0,0.0,0.0,1313.0
multiple_runs_DB_LowThreat_Series_20260502_024950.csv,multiple_runs_DB_LowThreat_Series_20260502_024950.csv,DB,No ACE,32,1389.0,1208.0,6.839452843772498,95.0,1389.0,18.862491000719942,262.0,1389.0,84.68543046357617,1023.0,1208.0,0.0,0.0,1389.0,1.9438444924406046,27.0,1389.0,0.0,0.0,1389.0,41.61267098632109,578.0,1389.0,23.542116630669547,327.0,1389.0,7.199424046076314,100.0,1389.0,15.314569536423841,185.0,1208.0,0.0,0.0,1389.0
multiple_runs_DB_LowThreat_Series_20260502_024950.csv,multiple_runs_DB_LowThreat_Series_20260502_024950.csv,DB,No ACE,33,1119.0,1201.0,5.004468275245755,56.0,1119.0,8.936550491510276,100.0,1119.0,89.00915903413822,1069.0,1201.0,0.2680965147453083,3.0,1119.0,1.6085790884718498,18.0,1119.0,0.0,0.0,1119.0,45.1295799821269,505.0,1119.0,33.78016085790885,378.0,1119.0,5.272564789991064,59.0,1119.0,10.990840965861782,132.0,1201.0,0.0,0.0,1119.0
multiple_runs_DB_LowThreat_Series_20260502_024950.csv,multiple_runs_DB_LowThreat_Series_20260502_024950.csv,DB,No ACE,34,1078.0,1188.0,14.285714285714285,154.0,1078.0,11.966604823747682,129.0,1078.0,91.83501683501683,1091.0,1188.0,0.0,0.0,1078.0,0.0,0.0,1078.0,0.0927643784786642,1.0,1078.0,26.066790352504636,281.0,1078.0,21.614100185528756,233.0,1078.0,25.97402597402597,280.0,1078.0,8.164983164983166,97.0,1188.0,0.0,0.0,1078.0
multiple_runs_DB_LowThreat_Series_20260502_024950.csv,multiple_runs_DB_LowThreat_Series_20260502_024950.csv,DB,No ACE,35,1097.0,1201.0,9.662716499544212,106.0,1097.0,16.590701914311758,182.0,1097.0,79.76686094920899,958.0,1201.0,0.0,0.0,1097.0,0.18231540565177756,2.0,1097.0,0.09115770282588878,1.0,1097.0,33.819507748404746,371.0,1097.0,29.44393801276208,323.0,1097.0,10.209662716499544,112.0,1097.0,20.233139050791006,243.0,1201.0,0.0,0.0,1097.0
multiple_runs_DB_LowThreat_Series_20260502_024950.csv,multiple_runs_DB_LowThreat_Series_20260502_024950.csv,DB,No ACE,36,1113.0,1203.0,9.613656783468103,107.0,1113.0,13.566936208445643,151.0,1113.0,83.54114713216958,1005.0,1203.0,0.0,0.0,1113.0,0.3593890386343217,4.0,1113.0,0.0,0.0,1113.0,30.81761006289308,343.0,1113.0,26.68463611859838,297.0,1113.0,18.957771787960468,211.0,1113.0,16.458852867830423,198.0,1203.0,0.0,0.0,1113.0
multiple_runs_DB_LowThreat_Series_20260502_024950.csv,multiple_runs_DB_LowThreat_Series_20260502_024950.csv,DB,No ACE,37,781.0,1204.0,0.0,0.0,781.0,12.03585147247119,94.0,781.0,84.63455149501661,1019.0,1204.0,0.0,0.0,781.0,0.3841229193341869,3.0,781.0,0.0,0.0,781.0,36.107554417413574,282.0,781.0,49.039692701664535,383.0,781.0,2.4327784891165174,19.0,781.0,15.365448504983389,185.0,1204.0,0.0,0.0,781.0
multiple_runs_DB_LowThreat_Series_20260502_024950.csv,multiple_runs_DB_LowThreat_Series_20260502_024950.csv,DB,No ACE,38,902.0,1204.0,8.536585365853659,77.0,902.0,11.197339246119734,101.0,902.0,84.96677740863787,1023.0,1204.0,0.5543237250554324,5.0,902.0,0.4434589800443459,4.0,902.0,0.3325942350332594,3.0,902.0,40.909090909090914,369.0,902.0,33.25942350332594,300.0,902.0,4.767184035476718,43.0,902.0,15.033222591362128,181.0,1204.0,0.0,0.0,902.0
multiple_runs_DB_LowThreat_Series_20260502_024950.csv,multiple_runs_DB_LowThreat_Series_20260502_024950.csv,DB,No ACE,39,939.0,1222.0,15.228966986155484,143.0,939.0,2.3429179978700745,22.0,939.0,92.06219312602292,1125.0,1222.0,0.0,0.0,939.0,0.0,0.0,939.0,0.21299254526091588,2.0,939.0,31.20340788072418,293.0,939.0,27.05005324813631,254.0,939.0,23.961661341853034,225.0,939.0,7.937806873977086,97.0,1222.0,0.0,0.0,939.0
multiple_runs_DB_LowThreat_Series_20260502_024950.csv,multiple_runs_DB_LowThreat_Series_20260502_024950.csv,DB,No ACE,40,1090.0,1209.0,0.27522935779816515,3.0,1090.0,16.69724770642202,182.0,1090.0,89.49545078577337,1082.0,1209.0,0.1834862385321101,2.0,1090.0,0.0,0.0,1090.0,0.5504587155963303,6.0,1090.0,44.678899082568805,487.0,1090.0,36.055045871559635,393.0,1090.0,1.5596330275229358,17.0,1090.0,10.504549214226634,127.0,1209.0,0.0,0.0,1090.0
multiple_runs_DB_LowThreat_Series_20260502_024950.csv,multiple_runs_DB_LowThreat_Series_20260502_024950.csv,DB,No ACE,41,1084.0,1206.0,0.6457564575645757,7.0,1084.0,21.771217712177123,236.0,1084.0,78.1094527363184,942.0,1206.0,0.0,0.0,1084.0,1.107011070110701,12.0,1084.0,0.09225092250922509,1.0,1084.0,39.29889298892989,426.0,1084.0,35.79335793357934,388.0,1084.0,1.2915129151291513,14.0,1084.0,21.890547263681594,264.0,1206.0,0.0,0.0,1084.0
multiple_runs_DB_LowThreat_Series_20260502_024950.csv,multiple_runs_DB_LowThreat_Series_20260502_024950.csv,DB,No ACE,42,1227.0,1213.0,12.224938875305623,150.0,1227.0,16.21841890790546,199.0,1227.0,88.29348722176422,1071.0,1213.0,0.0,0.0,1227.0,0.24449877750611246,3.0,1227.0,0.0,0.0,1227.0,35.85982070089649,440.0,1227.0,20.45639771801141,251.0,1227.0,14.995925020374898,184.0,1227.0,11.70651277823578,142.0,1213.0,0.0,0.0,1227.0
multiple_runs_DB_LowThreat_Series_20260502_024950.csv,multiple_runs_DB_LowThreat_Series_20260502_024950.csv,DB,No ACE,43,983.0,1195.0,0.3051881993896236,3.0,983.0,15.564598168870802,153.0,983.0,90.5439330543933,1082.0,1195.0,0.20345879959308238,2.0,983.0,0.3051881993896236,3.0,983.0,0.10172939979654119,1.0,983.0,41.81078331637843,411.0,983.0,40.08138351983723,394.0,983.0,1.627670396744659,16.0,983.0,9.456066945606695,113.0,1195.0,0.0,0.0,983.0
multiple_runs_DB_LowThreat_Series_20260502_024950.csv,multiple_runs_DB_LowThreat_Series_20260502_024950.csv,DB,No ACE,44,1000.0,1197.0,3.2,32.0,1000.0,14.499999999999998,145.0,1000.0,87.13450292397661,1043.0,1197.0,0.0,0.0,1000.0,1.3,13.0,1000.0,0.5,5.0,1000.0,42.8,428.0,1000.0,36.1,361.0,1000.0,1.6,16.0,1000.0,12.865497076023392,154.0,1197.0,0.0,0.0,1000.0
multiple_runs_DB_LowThreat_Series_20260502_024950.csv,multiple_runs_DB_LowThreat_Series_20260502_024950.csv,DB,No ACE,45,1019.0,1188.0,1.4720314033366046,15.0,1019.0,15.701668302257115,160.0,1019.0,87.79461279461279,1043.0,1188.0,0.0,0.0,1019.0,2.355250245338567,24.0,1019.0,0.0,0.0,1019.0,38.46908734052993,392.0,1019.0,40.03925417075565,408.0,1019.0,1.9627085377821394,20.0,1019.0,12.205387205387206,145.0,1188.0,0.0,0.0,1019.0
multiple_runs_DB_LowThreat_Series_20260502_024950.csv,multiple_runs_DB_LowThreat_Series_20260502_024950.csv,DB,No ACE,46,1266.0,1212.0,7.187993680884676,91.0,1266.0,16.192733017377567,205.0,1266.0,88.53135313531352,1073.0,1212.0,0.0,0.0,1266.0,0.7898894154818324,10.0,1266.0,0.0,0.0,1266.0,36.09794628751975,457.0,1266.0,24.170616113744074,306.0,1266.0,15.560821484992102,197.0,1266.0,11.468646864686468,139.0,1212.0,0.0,0.0,1266.0
multiple_runs_DB_LowThreat_Series_20260502_024950.csv,multiple_runs_DB_LowThreat_Series_20260502_024950.csv,DB,No ACE,47,1138.0,1200.0,9.490333919156415,108.0,1138.0,8.875219683655535,101.0,1138.0,85.08333333333333,1021.0,1200.0,0.17574692442882248,2.0,1138.0,0.4393673110720563,5.0,1138.0,0.0,0.0,1138.0,35.23725834797891,401.0,1138.0,23.022847100175746,262.0,1138.0,22.759226713532513,259.0,1138.0,14.916666666666668,179.0,1200.0,0.0,0.0,1138.0
multiple_runs_DB_LowThreat_Series_20260502_024950.csv,multiple_runs_DB_LowThreat_Series_20260502_024950.csv,DB,No ACE,48,1357.0,1183.0,5.0110537951363305,68.0,1357.0,20.78113485630066,282.0,1357.0,80.1352493660186,948.0,1183.0,0.0,0.0,1357.0,0.07369196757553427,1.0,1357.0,0.0,0.0,1357.0,43.33087693441415,588.0,1357.0,24.613117170228445,334.0,1357.0,6.190125276344879,84.0,1357.0,19.864750633981405,235.0,1183.0,0.0,0.0,1357.0
multiple_runs_DB_LowThreat_Series_20260502_024950.csv,multiple_runs_DB_LowThreat_Series_20260502_024950.csv,DB,No ACE,49,1102.0,1198.0,8.711433756805807,96.0,1102.0,26.76950998185118,295.0,1102.0,78.13021702838063,936.0,1198.0,0.0,0.0,1102.0,0.0,0.0,1102.0,0.0,0.0,1102.0,29.85480943738657,329.0,1102.0,25.226860254083483,278.0,1102.0,9.43738656987296,104.0,1102.0,21.869782971619365,262.0,1198.0,0.0,0.0,1102.0
multiple_runs_DB_LowThreat_Series_20260502_024950.csv,multiple_runs_DB_LowThreat_Series_20260502_024950.csv,DB,No ACE,50,1350.0,1203.0,6.7407407407407405,91.0,1350.0,14.000000000000002,189.0,1350.0,84.78802992518703,1020.0,1203.0,0.07407407407407407,1.0,1350.0,0.2962962962962963,4.0,1350.0,0.0,0.0,1350.0,42.074074074074076,568.0,1350.0,23.555555555555554,318.0,1350.0,13.25925925925926,179.0,1350.0,15.211970074812967,183.0,1203.0,0.0,0.0,1350.0
multiple_runs_DB_LowThreat_Series_20260502_024950.csv,multiple_runs_DB_LowThreat_Series_20260502_024950.csv,DB,No ACE,51,1134.0,1200.0,10.493827160493826,119.0,1134.0,18.253968253968253,207.0,1134.0,87.83333333333333,1054.0,1200.0,0.08818342151675485,1.0,1134.0,0.1763668430335097,2.0,1134.0,0.0,0.0,1134.0,30.335097001763668,344.0,1134.0,24.867724867724867,282.0,1134.0,15.784832451499117,179.0,1134.0,12.166666666666668,146.0,1200.0,0.0,0.0,1134.0
multiple_runs_DB_LowThreat_Series_20260502_024950.csv,multiple_runs_DB_LowThreat_Series_20260502_024950.csv,DB,No ACE,52,1050.0,1194.0,2.0,21.0,1050.0,7.6190476190476195,80.0,1050.0,88.2747068676717,1054.0,1194.0,0.0,0.0,1050.0,0.38095238095238093,4.0,1050.0,0.0,0.0,1050.0,37.238095238095234,391.0,1050.0,32.761904761904766,344.0,1050.0,20.0,210.0,1050.0,11.725293132328309,140.0,1194.0,0.0,0.0,1050.0
multiple_runs_DB_LowThreat_Series_20260502_024950.csv,multiple_runs_DB_LowThreat_Series_20260502_024950.csv,DB,No ACE,53,1098.0,1192.0,0.6375227686703097,7.0,1098.0,17.03096539162113,187.0,1098.0,78.52348993288591,936.0,1192.0,0.18214936247723132,2.0,1098.0,2.0036429872495445,22.0,1098.0,0.0,0.0,1098.0,42.4408014571949,466.0,1098.0,36.33879781420765,399.0,1098.0,1.366120218579235,15.0,1098.0,21.476510067114095,256.0,1192.0,0.0,0.0,1098.0
multiple_runs_DB_LowThreat_Series_20260502_024950.csv,multiple_runs_DB_LowThreat_Series_20260502_024950.csv,DB,No ACE,54,1027.0,1198.0,16.65043816942551,171.0,1027.0,13.339824732229797,137.0,1027.0,88.64774624373956,1062.0,1198.0,0.19474196689386564,2.0,1027.0,0.19474196689386564,2.0,1027.0,0.0,0.0,1027.0,24.9269717624148,256.0,1027.0,21.226874391431352,218.0,1027.0,23.466407010710807,241.0,1027.0,11.352253756260435,136.0,1198.0,0.0,0.0,1027.0
multiple_runs_DB_LowThreat_Series_20260502_024950.csv,multiple_runs_DB_LowThreat_Series_20260502_024950.csv,DB,No ACE,55,1252.0,1207.0,2.156549520766773,27.0,1252.0,20.12779552715655,252.0,1252.0,90.47224523612262,1092.0,1207.0,0.1597444089456869,2.0,1252.0,1.9169329073482428,24.0,1252.0,0.07987220447284345,1.0,1252.0,35.70287539936102,447.0,1252.0,29.39297124600639,368.0,1252.0,10.463258785942491,131.0,1252.0,9.52775476387738,115.0,1207.0,0.0,0.0,1252.0
multiple_runs_DB_LowThreat_Series_20260502_024950.csv,multiple_runs_DB_LowThreat_Series_20260502_024950.csv,DB,No ACE,56,811.0,1197.0,16.152897657213316,131.0,811.0,7.768187422934648,63.0,811.0,90.47619047619048,1083.0,1197.0,0.2466091245376079,2.0,811.0,0.0,0.0,811.0,0.0,0.0,811.0,30.702836004932184,249.0,811.0,32.675709001233045,265.0,811.0,12.453760789149198,101.0,811.0,9.523809523809524,114.0,1197.0,0.0,0.0,811.0
multiple_runs_DB_LowThreat_Series_20260502_024950.csv,multiple_runs_DB_LowThreat_Series_20260502_024950.csv,DB,No ACE,57,996.0,1184.0,0.2008032128514056,2.0,996.0,11.847389558232932,118.0,996.0,82.34797297297297,975.0,1184.0,0.0,0.0,996.0,0.0,0.0,996.0,0.0,0.0,996.0,46.4859437751004,463.0,996.0,38.75502008032129,386.0,996.0,2.710843373493976,27.0,996.0,17.652027027027025,209.0,1184.0,0.0,0.0,996.0
multiple_runs_DB_LowThreat_Series_20260502_024950.csv,multiple_runs_DB_LowThreat_Series_20260502_024950.csv,DB,No ACE,58,1275.0,1212.0,0.1568627450980392,2.0,1275.0,27.450980392156865,350.0,1275.0,79.86798679867987,968.0,1212.0,0.0,0.0,1275.0,0.8627450980392156,11.0,1275.0,0.0,0.0,1275.0,38.666666666666664,493.0,1275.0,32.0,408.0,1275.0,0.8627450980392156,11.0,1275.0,20.13201320132013,244.0,1212.0,0.0,0.0,1275.0
multiple_runs_DB_LowThreat_Series_20260502_024950.csv,multiple_runs_DB_LowThreat_Series_20260502_024950.csv,DB,No ACE,59,1264.0,1185.0,7.9113924050632916,100.0,1264.0,14.477848101265822,183.0,1264.0,87.0042194092827,1031.0,1185.0,0.0,0.0,1264.0,0.39556962025316456,5.0,1264.0,0.0,0.0,1264.0,38.370253164556964,485.0,1264.0,21.99367088607595,278.0,1264.0,16.85126582278481,213.0,1264.0,12.995780590717299,154.0,1185.0,0.0,0.0,1264.0
multiple_runs_DB_LowThreat_Series_20260502_024950.csv,multiple_runs_DB_LowThreat_Series_20260502_024950.csv,DB,No ACE,60,1349.0,1198.0,6.375092661230541,86.0,1349.0,20.681986656782804,279.0,1349.0,80.7178631051753,967.0,1198.0,0.07412898443291327,1.0,1349.0,0.0,0.0,1349.0,0.0,0.0,1349.0,42.03113417346182,567.0,1349.0,24.75908080059303,334.0,1349.0,6.078576723498888,82.0,1349.0,19.28213689482471,231.0,1198.0,0.0,0.0,1349.0
multiple_runs_DB_LowThreat_Series_20260502_024950.csv,multiple_runs_DB_LowThreat_Series_20260502_024950.csv,DB,No ACE,61,1369.0,1204.0,0.07304601899196494,1.0,1369.0,14.828341855368881,203.0,1369.0,91.61129568106313,1103.0,1204.0,0.3652300949598247,5.0,1369.0,0.7304601899196494,10.0,1369.0,0.0,0.0,1369.0,45.2154857560263,619.0,1369.0,27.830533235938642,381.0,1369.0,10.95690284879474,150.0,1369.0,8.388704318936876,101.0,1204.0,0.0,0.0,1369.0
multiple_runs_DB_LowThreat_Series_20260502_024950.csv,multiple_runs_DB_LowThreat_Series_20260502_024950.csv,DB,No ACE,62,955.0,1200.0,0.20942408376963353,2.0,955.0,8.691099476439792,83.0,955.0,82.83333333333334,994.0,1200.0,0.10471204188481677,1.0,955.0,0.0,0.0,955.0,0.0,0.0,955.0,47.853403141361255,457.0,955.0,40.73298429319372,389.0,955.0,2.408376963350785,23.0,955.0,17.166666666666668,206.0,1200.0,0.0,0.0,955.0
multiple_runs_DB_LowThreat_Series_20260502_024950.csv,multiple_runs_DB_LowThreat_Series_20260502_024950.csv,DB,No ACE,63,1243.0,1206.0,2.6548672566371683,33.0,1243.0,24.698310539018504,307.0,1243.0,83.66500829187396,1009.0,1206.0,0.0,0.0,1243.0,0.5631536604987932,7.0,1243.0,0.5631536604987932,7.0,1243.0,35.39823008849557,440.0,1243.0,31.697506033789217,394.0,1243.0,4.424778761061947,55.0,1243.0,16.334991708126037,197.0,1206.0,0.0,0.0,1243.0
multiple_runs_DB_LowThreat_Series_20260502_024950.csv,multiple_runs_DB_LowThreat_Series_20260502_024950.csv,DB,No ACE,64,1137.0,1194.0,0.08795074758135445,1.0,1137.0,25.241864555848725,287.0,1137.0,84.33835845896147,1007.0,1194.0,0.43975373790677225,5.0,1137.0,0.43975373790677225,5.0,1137.0,0.0,0.0,1137.0,37.29111697449428,424.0,1137.0,32.89357959542656,374.0,1137.0,3.6059806508355323,41.0,1137.0,15.661641541038525,187.0,1194.0,0.0,0.0,1137.0
multiple_runs_DB_LowThreat_Series_20260502_024950.csv,multiple_runs_DB_LowThreat_Series_20260502_024950.csv,DB,No ACE,65,848.0,1209.0,2.4764150943396226,21.0,848.0,10.966981132075473,93.0,848.0,85.35980148883374,1032.0,1209.0,0.3537735849056604,3.0,848.0,0.589622641509434,5.0,848.0,0.1179245283018868,1.0,848.0,39.15094339622642,332.0,848.0,42.806603773584904,363.0,848.0,3.5377358490566038,30.0,848.0,14.640198511166252,177.0,1209.0,0.0,0.0,848.0
multiple_runs_DB_LowThreat_Series_20260502_024950.csv,multiple_runs_DB_LowThreat_Series_20260502_024950.csv,DB,No ACE,66,772.0,1199.0,13.860103626943005,107.0,772.0,12.564766839378239,97.0,772.0,84.82068390325271,1017.0,1199.0,0.0,0.0,772.0,0.0,0.0,772.0,0.0,0.0,772.0,38.212435233160626,295.0,772.0,34.196891191709845,264.0,772.0,1.16580310880829,9.0,772.0,15.17931609674729,182.0,1199.0,0.0,0.0,772.0
multiple_runs_DB_LowThreat_Series_20260502_024950.csv,multiple_runs_DB_LowThreat_Series_20260502_024950.csv,DB,No ACE,67,1135.0,1210.0,0.5286343612334802,6.0,1135.0,15.506607929515418,176.0,1135.0,88.09917355371901,1066.0,1210.0,0.2643171806167401,3.0,1135.0,2.1145374449339207,24.0,1135.0,0.0881057268722467,1.0,1135.0,44.31718061674009,503.0,1135.0,35.947136563876654,408.0,1135.0,1.2334801762114538,14.0,1135.0,11.900826446280991,144.0,1210.0,0.0,0.0,1135.0
multiple_runs_DB_LowThreat_Series_20260502_024950.csv,multiple_runs_DB_LowThreat_Series_20260502_024950.csv,DB,No ACE,68,1168.0,1194.0,0.3424657534246575,4.0,1168.0,14.554794520547945,170.0,1168.0,89.69849246231156,1071.0,1194.0,0.3424657534246575,4.0,1168.0,1.1130136986301369,13.0,1168.0,0.0,0.0,1168.0,39.46917808219178,461.0,1168.0,33.13356164383562,387.0,1168.0,11.044520547945206,129.0,1168.0,10.301507537688442,123.0,1194.0,0.0,0.0,1168.0
multiple_runs_DB_LowThreat_Series_20260502_024950.csv,multiple_runs_DB_LowThreat_Series_20260502_024950.csv,DB,No ACE,69,1039.0,1185.0,5.48604427333975,57.0,1039.0,12.03079884504331,125.0,1039.0,85.23206751054853,1010.0,1185.0,0.28873917228103946,3.0,1039.0,2.021174205967276,21.0,1039.0,0.0962463907603465,1.0,1039.0,43.888354186718,456.0,1039.0,32.53128007699711,338.0,1039.0,3.6573628488931664,38.0,1039.0,14.767932489451477,175.0,1185.0,0.0,0.0,1039.0
multiple_runs_DB_LowThreat_Series_20260502_024950.csv,multiple_runs_DB_LowThreat_Series_20260502_024950.csv,DB,No ACE,70,1181.0,1196.0,1.2701100762066047,15.0,1181.0,15.918712955122777,188.0,1181.0,88.96321070234113,1064.0,1196.0,0.5080440304826418,6.0,1181.0,0.2540220152413209,3.0,1181.0,0.0846740050804403,1.0,1181.0,35.64775613886537,421.0,1181.0,30.482641828958513,360.0,1181.0,15.834038950042336,187.0,1181.0,11.036789297658862,132.0,1196.0,0.0,0.0,1181.0
multiple_runs_DB_LowThreat_Series_20260502_024950.csv,multiple_runs_DB_LowThreat_Series_20260502_024950.csv,DB,No ACE,71,835.0,1204.0,9.70059880239521,81.0,835.0,14.610778443113773,122.0,835.0,85.21594684385381,1026.0,1204.0,0.11976047904191617,1.0,835.0,0.0,0.0,835.0,0.0,0.0,835.0,36.88622754491018,308.0,835.0,37.12574850299401,310.0,835.0,1.5568862275449102,13.0,835.0,14.784053156146179,178.0,1204.0,0.0,0.0,835.0
multiple_runs_DB_LowThreat_Series_20260502_024950.csv,multiple_runs_DB_LowThreat_Series_20260502_024950.csv,DB,No ACE,72,1124.0,1210.0,13.078291814946619,147.0,1124.0,20.462633451957295,230.0,1124.0,83.80165289256199,1014.0,1210.0,0.26690391459074736,3.0,1124.0,0.0,0.0,1124.0,0.0,0.0,1124.0,28.380782918149468,319.0,1124.0,22.864768683274022,257.0,1124.0,14.94661921708185,168.0,1124.0,16.198347107438018,196.0,1210.0,0.0,0.0,1124.0
multiple_runs_DB_LowThreat_Series_20260502_024950.csv,multiple_runs_DB_LowThreat_Series_20260502_024950.csv,DB,No ACE,73,1064.0,1197.0,4.981203007518797,53.0,1064.0,13.345864661654137,142.0,1064.0,85.46365914786968,1023.0,1197.0,0.0,0.0,1064.0,1.5037593984962405,16.0,1064.0,0.0,0.0,1064.0,45.86466165413533,488.0,1064.0,32.33082706766917,344.0,1064.0,1.9736842105263157,21.0,1064.0,14.536340852130325,174.0,1197.0,0.0,0.0,1064.0
multiple_runs_DB_LowThreat_Series_20260502_024950.csv,multiple_runs_DB_LowThreat_Series_20260502_024950.csv,DB,No ACE,74,1262.0,1202.0,6.259904912836767,79.0,1262.0,12.599049128367671,159.0,1262.0,88.10316139767055,1059.0,1202.0,0.0,0.0,1262.0,0.8716323296354992,11.0,1262.0,0.0,0.0,1262.0,36.13312202852615,456.0,1262.0,25.198098256735342,318.0,1262.0,18.938193343898575,239.0,1262.0,11.896838602329451,143.0,1202.0,0.0,0.0,1262.0
multiple_runs_DB_LowThreat_Series_20260502_024950.csv,multiple_runs_DB_LowThreat_Series_20260502_024950.csv,DB,No ACE,75,1222.0,1200.0,4.173486088379706,51.0,1222.0,20.949263502454993,256.0,1222.0,88.58333333333334,1063.0,1200.0,0.24549918166939444,3.0,1222.0,1.0638297872340425,13.0,1222.0,0.16366612111292964,2.0,1222.0,38.05237315875614,465.0,1222.0,26.350245499181668,322.0,1222.0,9.00163666121113,110.0,1222.0,11.416666666666666,137.0,1200.0,0.0,0.0,1222.0
multiple_runs_DB_LowThreat_Series_20260502_024950.csv,multiple_runs_DB_LowThreat_Series_20260502_024950.csv,DB,No ACE,76,1275.0,1193.0,0.0,0.0,1275.0,20.862745098039216,266.0,1275.0,81.8105616093881,976.0,1193.0,0.0,0.0,1275.0,0.4705882352941176,6.0,1275.0,0.0,0.0,1275.0,36.86274509803922,470.0,1275.0,32.07843137254902,409.0,1275.0,9.725490196078432,124.0,1275.0,18.189438390611905,217.0,1193.0,0.0,0.0,1275.0
multiple_runs_DB_LowThreat_Series_20260502_024950.csv,multiple_runs_DB_LowThreat_Series_20260502_024950.csv,DB,No ACE,77,1226.0,1198.0,6.688417618270799,82.0,1226.0,25.28548123980424,310.0,1226.0,80.38397328881469,963.0,1198.0,0.0,0.0,1226.0,0.0,0.0,1226.0,0.0,0.0,1226.0,35.88907014681892,440.0,1226.0,24.306688417618272,298.0,1226.0,7.830342577487764,96.0,1226.0,19.61602671118531,235.0,1198.0,0.0,0.0,1226.0
multiple_runs_DB_LowThreat_Series_20260502_024950.csv,multiple_runs_DB_LowThreat_Series_20260502_024950.csv,DB,No ACE,78,1330.0,1205.0,8.195488721804512,109.0,1330.0,16.76691729323308,223.0,1330.0,83.48547717842324,1006.0,1205.0,0.0,0.0,1330.0,0.0,0.0,1330.0,0.0,0.0,1330.0,37.96992481203007,505.0,1330.0,23.082706766917294,307.0,1330.0,13.984962406015036,186.0,1330.0,16.51452282157676,199.0,1205.0,0.0,0.0,1330.0
multiple_runs_DB_LowThreat_Series_20260502_024950.csv,multiple_runs_DB_LowThreat_Series_20260502_024950.csv,DB,No ACE,79,1061.0,1184.0,7.5400565504241275,80.0,1061.0,3.581526861451461,38.0,1061.0,82.6858108108108,979.0,1184.0,0.0,0.0,1061.0,0.0,0.0,1061.0,0.0942507068803016,1.0,1061.0,48.63336475023562,516.0,1061.0,29.688972667295005,315.0,1061.0,10.461828463713479,111.0,1061.0,17.31418918918919,205.0,1184.0,0.0,0.0,1061.0
multiple_runs_DB_LowThreat_Series_20260502_024950.csv,multiple_runs_DB_LowThreat_Series_20260502_024950.csv,DB,No ACE,80,1337.0,1203.0,4.56245325355273,61.0,1337.0,9.648466716529544,129.0,1337.0,80.38237738985869,967.0,1203.0,0.2991772625280479,4.0,1337.0,0.07479431563201197,1.0,1337.0,0.07479431563201197,1.0,1337.0,39.64098728496634,530.0,1337.0,26.55198204936425,355.0,1337.0,19.147344801795064,256.0,1337.0,19.617622610141314,236.0,1203.0,0.0,0.0,1337.0
multiple_runs_DB_LowThreat_Series_20260502_024950.csv,multiple_runs_DB_LowThreat_Series_20260502_024950.csv,DB,No ACE,81,1164.0,1197.0,6.958762886597938,81.0,1164.0,9.36426116838488,109.0,1164.0,90.8939014202172,1088.0,1197.0,0.0,0.0,1164.0,0.0,0.0,1164.0,0.0,0.0,1164.0,30.06872852233677,350.0,1164.0,26.804123711340207,312.0,1164.0,26.804123711340207,312.0,1164.0,9.10609857978279,109.0,1197.0,0.0,0.0,1164.0
multiple_runs_DB_LowThreat_Series_20260502_024950.csv,multiple_runs_DB_LowThreat_Series_20260502_024950.csv,DB,No ACE,82,1006.0,1198.0,0.0,0.0,1006.0,14.612326043737575,147.0,1006.0,81.38564273789649,975.0,1198.0,0.0,0.0,1006.0,1.0934393638170974,11.0,1006.0,0.19880715705765406,2.0,1006.0,42.14711729622266,424.0,1006.0,40.4572564612326,407.0,1006.0,1.4910536779324055,15.0,1006.0,18.614357262103507,223.0,1198.0,0.0,0.0,1006.0
multiple_runs_DB_LowThreat_Series_20260502_024950.csv,multiple_runs_DB_LowThreat_Series_20260502_024950.csv,DB,No ACE,83,1041.0,1205.0,6.820365033621517,71.0,1041.0,17.002881844380404,177.0,1041.0,84.81327800829875,1022.0,1205.0,0.6724303554274735,7.0,1041.0,1.0566762728146013,11.0,1041.0,0.0,0.0,1041.0,38.42459173871278,400.0,1041.0,30.739673390970225,320.0,1041.0,5.283381364073007,55.0,1041.0,15.186721991701244,183.0,1205.0,0.0,0.0,1041.0
multiple_runs_DB_LowThreat_Series_20260502_024950.csv,multiple_runs_DB_LowThreat_Series_20260502_024950.csv,DB,No ACE,84,1241.0,1220.0,1.6116035455278,20.0,1241.0,25.382755842062853,315.0,1241.0,80.40983606557377,981.0,1220.0,0.0,0.0,1241.0,1.4504431909750202,18.0,1241.0,0.16116035455278002,2.0,1241.0,38.35616438356164,476.0,1241.0,31.668009669621274,393.0,1241.0,1.36986301369863,17.0,1241.0,19.59016393442623,239.0,1220.0,0.0,0.0,1241.0
multiple_runs_DB_LowThreat_Series_20260502_024950.csv,multiple_runs_DB_LowThreat_Series_20260502_024950.csv,DB,No ACE,85,1089.0,1208.0,0.18365472910927455,2.0,1089.0,12.947658402203857,141.0,1089.0,90.6456953642384,1095.0,1208.0,0.8264462809917356,9.0,1089.0,0.0,0.0,1089.0,0.0,0.0,1089.0,46.097337006427914,502.0,1089.0,38.20018365472911,416.0,1089.0,1.7447199265381086,19.0,1089.0,9.35430463576159,113.0,1208.0,0.0,0.0,1089.0
multiple_runs_DB_LowThreat_Series_20260502_024950.csv,multiple_runs_DB_LowThreat_Series_20260502_024950.csv,DB,No ACE,86,929.0,1185.0,0.1076426264800861,1.0,929.0,7.965554359526372,74.0,929.0,81.85654008438819,970.0,1185.0,0.0,0.0,929.0,0.0,0.0,929.0,0.0,0.0,929.0,47.470398277717976,441.0,929.0,41.980624327233585,390.0,929.0,2.4757804090419806,23.0,929.0,18.143459915611814,215.0,1185.0,0.0,0.0,929.0
multiple_runs_DB_LowThreat_Series_20260502_024950.csv,multiple_runs_DB_LowThreat_Series_20260502_024950.csv,DB,No ACE,87,1028.0,1204.0,4.863813229571985,50.0,1028.0,13.910505836575876,143.0,1028.0,85.38205980066445,1028.0,1204.0,0.09727626459143969,1.0,1028.0,0.5836575875486382,6.0,1028.0,0.0,0.0,1028.0,43.09338521400778,443.0,1028.0,35.11673151750973,361.0,1028.0,2.3346303501945527,24.0,1028.0,14.61794019933555,176.0,1204.0,0.0,0.0,1028.0
multiple_runs_DB_LowThreat_Series_20260502_024950.csv,multiple_runs_DB_LowThreat_Series_20260502_024950.csv,DB,No ACE,88,1219.0,1200.0,0.6562756357670222,8.0,1219.0,18.621821164889255,227.0,1219.0,88.66666666666667,1064.0,1200.0,0.8203445447087777,10.0,1219.0,2.543068088597211,31.0,1219.0,0.0,0.0,1219.0,43.23215750615258,527.0,1219.0,32.32157506152584,394.0,1219.0,1.8047579983593112,22.0,1219.0,11.333333333333332,136.0,1200.0,0.0,0.0,1219.0
multiple_runs_DB_LowThreat_Series_20260502_024950.csv,multiple_runs_DB_LowThreat_Series_20260502_024950.csv,DB,No ACE,89,939.0,1219.0,10.436634717784878,98.0,939.0,13.631522896698616,128.0,939.0,88.02296964725184,1073.0,1219.0,0.0,0.0,939.0,0.21299254526091588,2.0,939.0,0.0,0.0,939.0,42.06602768903088,395.0,939.0,32.80085197018104,308.0,939.0,0.8519701810436635,8.0,939.0,11.977030352748153,146.0,1219.0,0.0,0.0,939.0
multiple_runs_DB_LowThreat_Series_20260502_024950.csv,multiple_runs_DB_LowThreat_Series_20260502_024950.csv,DB,No ACE,90,1388.0,1202.0,0.1440922190201729,2.0,1388.0,21.613832853025936,300.0,1388.0,82.27953410981698,989.0,1202.0,0.1440922190201729,2.0,1388.0,1.2968299711815563,18.0,1388.0,0.0,0.0,1388.0,47.982708933717575,666.0,1388.0,27.23342939481268,378.0,1388.0,1.585014409221902,22.0,1388.0,17.72046589018303,213.0,1202.0,0.0,0.0,1388.0
multiple_runs_DB_LowThreat_Series_20260502_024950.csv,multiple_runs_DB_LowThreat_Series_20260502_024950.csv,DB,No ACE,91,1379.0,1193.0,0.0,0.0,1379.0,26.178390137780998,361.0,1379.0,80.21793797150042,957.0,1193.0,0.0,0.0,1379.0,1.2327773749093547,17.0,1379.0,0.0725163161711385,1.0,1379.0,43.36475707034083,598.0,1379.0,27.846265409717187,384.0,1379.0,1.305293691080493,18.0,1379.0,19.78206202849958,236.0,1193.0,0.0,0.0,1379.0
multiple_runs_DB_LowThreat_Series_20260502_024950.csv,multiple_runs_DB_LowThreat_Series_20260502_024950.csv,DB,No ACE,92,1144.0,1221.0,12.849650349650348,147.0,1144.0,10.13986013986014,116.0,1144.0,93.03849303849304,1136.0,1221.0,0.0,0.0,1144.0,0.17482517482517482,2.0,1144.0,0.08741258741258741,1.0,1144.0,27.0979020979021,310.0,1144.0,24.65034965034965,282.0,1144.0,25.0,286.0,1144.0,6.961506961506962,85.0,1221.0,0.0,0.0,1144.0
multiple_runs_DB_LowThreat_Series_20260502_024950.csv,multiple_runs_DB_LowThreat_Series_20260502_024950.csv,DB,No ACE,93,1306.0,1207.0,3.3690658499234303,44.0,1306.0,19.60183767228178,256.0,1306.0,86.74399337199668,1047.0,1207.0,0.1531393568147014,2.0,1306.0,0.9188361408882083,12.0,1306.0,0.0,0.0,1306.0,38.74425727411945,506.0,1306.0,25.727411944869832,336.0,1306.0,11.485451761102604,150.0,1306.0,13.256006628003314,160.0,1207.0,0.0,0.0,1306.0
multiple_runs_DB_LowThreat_Series_20260502_024950.csv,multiple_runs_DB_LowThreat_Series_20260502_024950.csv,DB,No ACE,94,1328.0,1213.0,4.66867469879518,62.0,1328.0,21.084337349397593,280.0,1328.0,86.23248145094806,1046.0,1213.0,0.2259036144578313,3.0,1328.0,1.957831325301205,26.0,1328.0,0.0,0.0,1328.0,39.83433734939759,529.0,1328.0,24.623493975903614,327.0,1328.0,7.605421686746988,101.0,1328.0,13.767518549051939,167.0,1213.0,0.0,0.0,1328.0
multiple_runs_DB_LowThreat_Series_20260502_024950.csv,multiple_runs_DB_LowThreat_Series_20260502_024950.csv,DB,No ACE,95,1347.0,1197.0,6.978470675575353,94.0,1347.0,19.599109131403118,264.0,1347.0,82.70676691729322,990.0,1197.0,0.0,0.0,1347.0,0.0,0.0,1347.0,0.0,0.0,1347.0,41.796585003711954,563.0,1347.0,22.420193021529325,302.0,1347.0,9.205642167780253,124.0,1347.0,17.293233082706767,207.0,1197.0,0.0,0.0,1347.0
multiple_runs_DB_LowThreat_Series_20260502_024950.csv,multiple_runs_DB_LowThreat_Series_20260502_024950.csv,DB,No ACE,96,1114.0,1198.0,1.7055655296229804,19.0,1114.0,12.926391382405743,144.0,1114.0,86.31051752921536,1034.0,1198.0,0.0,0.0,1114.0,0.8976660682226212,10.0,1114.0,0.0,0.0,1114.0,39.94614003590664,445.0,1114.0,33.84201077199282,377.0,1114.0,10.682226211849192,119.0,1114.0,13.689482470784641,164.0,1198.0,0.0,0.0,1114.0
multiple_runs_DB_LowThreat_Series_20260502_024950.csv,multiple_runs_DB_LowThreat_Series_20260502_024950.csv,DB,No ACE,97,1058.0,1208.0,13.894139886578449,147.0,1058.0,7.561436672967864,80.0,1058.0,90.31456953642383,1091.0,1208.0,0.0,0.0,1058.0,0.3780718336483932,4.0,1058.0,0.0,0.0,1058.0,33.0812854442344,350.0,1058.0,23.72400756143667,251.0,1058.0,21.361058601134218,226.0,1058.0,9.685430463576159,117.0,1208.0,0.0,0.0,1058.0
multiple_runs_DB_LowThreat_Series_20260502_024950.csv,multiple_runs_DB_LowThreat_Series_20260502_024950.csv,DB,No ACE,98,1088.0,1199.0,18.014705882352942,196.0,1088.0,3.952205882352941,43.0,1088.0,89.32443703085904,1071.0,1199.0,0.0,0.0,1088.0,0.3676470588235294,4.0,1088.0,0.2757352941176471,3.0,1088.0,26.746323529411764,291.0,1088.0,20.955882352941178,228.0,1088.0,29.6875,323.0,1088.0,10.67556296914095,128.0,1199.0,0.0,0.0,1088.0
multiple_runs_DB_LowThreat_Series_20260502_024950.csv,multiple_runs_DB_LowThreat_Series_20260502_024950.csv,DB,No ACE,99,1201.0,1191.0,0.2497918401332223,3.0,1201.0,11.240632805995004,135.0,1201.0,82.11586901763224,978.0,1191.0,0.0,0.0,1201.0,0.0,0.0,1201.0,0.0,0.0,1201.0,52.872606161532055,635.0,1201.0,33.38884263114071,401.0,1201.0,2.2481265611990007,27.0,1201.0,17.884130982367758,213.0,1191.0,0.0,0.0,1201.0
multiple_runs_DB_LowThreat_Series_20260502_024950.csv,multiple_runs_DB_LowThreat_Series_20260502_024950.csv,DB,No ACE,100,1031.0,1192.0,19.59262851600388,202.0,1031.0,4.073714839961203,42.0,1031.0,91.86241610738254,1095.0,1192.0,0.0,0.0,1031.0,0.2909796314258002,3.0,1031.0,0.19398642095053348,2.0,1031.0,24.733268671193017,255.0,1031.0,19.30164888457808,199.0,1031.0,31.81377303588749,328.0,1031.0,8.13758389261745,97.0,1192.0,0.0,0.0,1031.0
multiple_runs_DB_LowThreat_Series_20260502_024950.csv,multiple_runs_DB_LowThreat_Series_20260502_024950.csv,DB,No ACE,101,1199.0,1201.0,2.2518765638031693,27.0,1199.0,27.939949958298584,335.0,1199.0,80.76602830974188,970.0,1201.0,0.16680567139282734,2.0,1199.0,0.0,0.0,1199.0,0.0,0.0,1199.0,34.778982485404505,417.0,1199.0,28.35696413678065,340.0,1199.0,6.505421184320268,78.0,1199.0,19.233971690258116,231.0,1201.0,0.0,0.0,1199.0
multiple_runs_DB_LowThreat_Series_20260502_024950.csv,multiple_runs_DB_LowThreat_Series_20260502_024950.csv,DB,No ACE,102,1287.0,1204.0,0.0,0.0,1287.0,29.37062937062937,378.0,1287.0,71.92691029900332,866.0,1204.0,0.2331002331002331,3.0,1287.0,0.3885003885003885,5.0,1287.0,0.0,0.0,1287.0,37.06293706293706,477.0,1287.0,31.934731934731936,411.0,1287.0,1.0101010101010102,13.0,1287.0,28.07308970099668,338.0,1204.0,0.0,0.0,1287.0
multiple_runs_DB_LowThreat_Series_20260502_024950.csv,multiple_runs_DB_LowThreat_Series_20260502_024950.csv,DB,No ACE,103,807.0,1183.0,8.674101610904584,70.0,807.0,6.071871127633209,49.0,807.0,86.13693998309382,1019.0,1183.0,0.24783147459727387,2.0,807.0,0.0,0.0,807.0,0.0,0.0,807.0,34.20074349442379,276.0,807.0,36.926889714993806,298.0,807.0,13.878562577447337,112.0,807.0,13.86306001690617,164.0,1183.0,0.0,0.0,807.0
multiple_runs_DB_LowThreat_Series_20260502_024950.csv,multiple_runs_DB_LowThreat_Series_20260502_024950.csv,DB,No ACE,104,891.0,1197.0,14.25364758698092,127.0,891.0,8.529741863075197,76.0,891.0,88.88888888888889,1064.0,1197.0,0.44893378226711567,4.0,891.0,0.22446689113355783,2.0,891.0,0.11223344556677892,1.0,891.0,40.29180695847362,359.0,891.0,32.098765432098766,286.0,891.0,4.040404040404041,36.0,891.0,11.11111111111111,133.0,1197.0,0.0,0.0,891.0
multiple_runs_DB_LowThreat_Series_20260502_024950.csv,multiple_runs_DB_LowThreat_Series_20260502_024950.csv,DB,No ACE,105,812.0,1189.0,9.729064039408868,79.0,812.0,11.822660098522167,96.0,812.0,83.59966358284272,994.0,1189.0,0.0,0.0,812.0,0.0,0.0,812.0,0.0,0.0,812.0,39.532019704433495,321.0,812.0,36.94581280788177,300.0,812.0,1.9704433497536946,16.0,812.0,16.400336417157273,195.0,1189.0,0.0,0.0,812.0
multiple_runs_DB_LowThreat_Series_20260502_024950.csv,multiple_runs_DB_LowThreat_Series_20260502_024950.csv,DB,No ACE,106,1182.0,1197.0,7.7834179357022,92.0,1182.0,20.304568527918782,240.0,1182.0,87.13450292397661,1043.0,1197.0,0.25380710659898476,3.0,1182.0,0.676818950930626,8.0,1182.0,0.0,0.0,1182.0,32.48730964467005,384.0,1182.0,25.12690355329949,297.0,1182.0,13.367174280879865,158.0,1182.0,12.865497076023392,154.0,1197.0,0.0,0.0,1182.0
multiple_runs_DB_LowThreat_Series_20260502_024950.csv,multiple_runs_DB_LowThreat_Series_20260502_024950.csv,DB,No ACE,107,1340.0,1202.0,7.462686567164178,100.0,1340.0,19.925373134328357,267.0,1340.0,85.44093178036606,1027.0,1202.0,0.0746268656716418,1.0,1340.0,0.6716417910447761,9.0,1340.0,0.0,0.0,1340.0,41.19402985074627,552.0,1340.0,22.83582089552239,306.0,1340.0,7.835820895522389,105.0,1340.0,14.559068219633945,175.0,1202.0,0.0,0.0,1340.0
multiple_runs_DB_LowThreat_Series_20260502_024950.csv,multiple_runs_DB_LowThreat_Series_20260502_024950.csv,DB,No ACE,108,999.0,1196.0,0.3003003003003003,3.0,999.0,14.614614614614615,146.0,999.0,88.96321070234113,1064.0,1196.0,0.0,0.0,999.0,0.6006006006006006,6.0,999.0,0.9009009009009009,9.0,999.0,43.44344344344344,434.0,999.0,37.53753753753754,375.0,999.0,2.6026026026026026,26.0,999.0,11.036789297658862,132.0,1196.0,0.0,0.0,999.0
multiple_runs_DB_LowThreat_Series_20260502_024950.csv,multiple_runs_DB_LowThreat_Series_20260502_024950.csv,DB,No ACE,109,976.0,1206.0,0.819672131147541,8.0,976.0,18.34016393442623,179.0,976.0,84.74295190713102,1022.0,1206.0,0.3073770491803279,3.0,976.0,0.0,0.0,976.0,0.3073770491803279,3.0,976.0,37.60245901639344,367.0,976.0,37.80737704918033,369.0,976.0,4.815573770491803,47.0,976.0,15.257048092868988,184.0,1206.0,0.0,0.0,976.0
multiple_runs_DB_LowThreat_Series_20260502_024950.csv,multiple_runs_DB_LowThreat_Series_20260502_024950.csv,DB,No ACE,110,1162.0,1188.0,9.896729776247849,115.0,1162.0,13.425129087779691,156.0,1162.0,86.86868686868688,1032.0,1188.0,0.0,0.0,1162.0,0.17211703958691912,2.0,1162.0,0.0,0.0,1162.0,34.6815834767642,403.0,1162.0,23.49397590361446,273.0,1162.0,18.330464716006883,213.0,1162.0,13.131313131313133,156.0,1188.0,0.0,0.0,1162.0
multiple_runs_DB_LowThreat_Series_20260502_024950.csv,multiple_runs_DB_LowThreat_Series_20260502_024950.csv,DB,No ACE,111,1343.0,1198.0,4.616530156366344,62.0,1343.0,24.422933730454208,328.0,1343.0,77.37896494156928,927.0,1198.0,0.07446016381236038,1.0,1343.0,0.0,0.0,1343.0,0.0,0.0,1343.0,39.31496649292628,528.0,1343.0,24.497393894266565,329.0,1343.0,7.073715562174236,95.0,1343.0,22.62103505843072,271.0,1198.0,0.0,0.0,1343.0
multiple_runs_DB_LowThreat_Series_20260502_024950.csv,multiple_runs_DB_LowThreat_Series_20260502_024950.csv,DB,No ACE,112,1060.0,1226.0,4.245283018867925,45.0,1060.0,16.037735849056602,170.0,1060.0,87.11256117455139,1068.0,1226.0,0.09433962264150944,1.0,1060.0,0.4716981132075472,5.0,1060.0,0.4716981132075472,5.0,1060.0,39.339622641509436,417.0,1060.0,36.698113207547166,389.0,1060.0,2.6415094339622645,28.0,1060.0,12.887438825448614,158.0,1226.0,0.0,0.0,1060.0
multiple_runs_DB_LowThreat_Series_20260502_024950.csv,multiple_runs_DB_LowThreat_Series_20260502_024950.csv,DB,No ACE,113,900.0,1180.0,0.5555555555555556,5.0,900.0,11.333333333333332,102.0,900.0,87.37288135593221,1031.0,1180.0,0.2222222222222222,2.0,900.0,0.0,0.0,900.0,0.1111111111111111,1.0,900.0,45.22222222222222,407.0,900.0,39.55555555555556,356.0,900.0,3.0,27.0,900.0,12.627118644067798,149.0,1180.0,0.0,0.0,900.0
multiple_runs_DB_LowThreat_Series_20260502_024950.csv,multiple_runs_DB_LowThreat_Series_20260502_024950.csv,DB,No ACE,114,1266.0,1210.0,5.371248025276461,68.0,1266.0,21.011058451816748,266.0,1266.0,95.78512396694215,1159.0,1210.0,0.0,0.0,1266.0,0.8688783570300158,11.0,1266.0,0.0,0.0,1266.0,36.57187993680885,463.0,1266.0,27.093206951026854,343.0,1266.0,9.083728278041074,115.0,1266.0,4.214876033057851,51.0,1210.0,0.0,0.0,1266.0
multiple_runs_DB_LowThreat_Series_20260502_024950.csv,multiple_runs_DB_LowThreat_Series_20260502_024950.csv,DB,No ACE,115,1081.0,1207.0,19.79648473635523,214.0,1081.0,4.902867715078631,53.0,1081.0,91.05219552609776,1099.0,1207.0,0.0,0.0,1081.0,0.6475485661424607,7.0,1081.0,0.0,0.0,1081.0,25.161887141535615,272.0,1081.0,19.88899167437558,215.0,1081.0,29.602220166512488,320.0,1081.0,8.947804473902236,108.0,1207.0,0.0,0.0,1081.0
multiple_runs_DB_LowThreat_Series_20260502_024950.csv,multiple_runs_DB_LowThreat_Series_20260502_024950.csv,DB,No ACE,116,1072.0,1207.0,0.09328358208955223,1.0,1072.0,15.764925373134329,169.0,1072.0,89.31234465617233,1078.0,1207.0,0.3731343283582089,4.0,1072.0,1.8656716417910446,20.0,1072.0,0.09328358208955223,1.0,1072.0,42.16417910447761,452.0,1072.0,37.03358208955223,397.0,1072.0,2.6119402985074625,28.0,1072.0,10.687655343827672,129.0,1207.0,0.0,0.0,1072.0
multiple_runs_DB_LowThreat_Series_20260502_024950.csv,multiple_runs_DB_LowThreat_Series_20260502_024950.csv,DB,No ACE,117,1048.0,1185.0,0.38167938931297707,4.0,1048.0,13.072519083969466,137.0,1048.0,86.66666666666667,1027.0,1185.0,0.38167938931297707,4.0,1048.0,0.4770992366412214,5.0,1048.0,0.0,0.0,1048.0,45.896946564885496,481.0,1048.0,37.11832061068702,389.0,1048.0,2.6717557251908395,28.0,1048.0,13.333333333333334,158.0,1185.0,0.0,0.0,1048.0
multiple_runs_DB_LowThreat_Series_20260502_024950.csv,multiple_runs_DB_LowThreat_Series_20260502_024950.csv,DB,No ACE,118,1026.0,1194.0,4.580896686159844,47.0,1026.0,14.814814814814813,152.0,1026.0,87.93969849246231,1050.0,1194.0,0.0,0.0,1026.0,0.29239766081871343,3.0,1026.0,0.29239766081871343,3.0,1026.0,42.10526315789473,432.0,1026.0,36.35477582846004,373.0,1026.0,1.5594541910331383,16.0,1026.0,12.060301507537687,144.0,1194.0,0.0,0.0,1026.0
multiple_runs_DB_LowThreat_Series_20260502_024950.csv,multiple_runs_DB_LowThreat_Series_20260502_024950.csv,DB,No ACE,119,1027.0,1215.0,0.5842259006815969,6.0,1027.0,13.924050632911392,143.0,1027.0,87.98353909465021,1069.0,1215.0,0.0,0.0,1027.0,0.3894839337877313,4.0,1027.0,0.2921129503407984,3.0,1027.0,45.08276533592989,463.0,1027.0,38.75365141187926,398.0,1027.0,0.9737098344693282,10.0,1027.0,12.016460905349795,146.0,1215.0,0.0,0.0,1027.0
multiple_runs_DB_LowThreat_Series_20260502_024950.csv,multiple_runs_DB_LowThreat_Series_20260502_024950.csv,DB,No ACE,120,948.0,1184.0,0.7383966244725738,7.0,948.0,14.240506329113925,135.0,948.0,85.13513513513513,1008.0,1184.0,0.10548523206751054,1.0,948.0,0.10548523206751054,1.0,948.0,0.21097046413502107,2.0,948.0,43.35443037974683,411.0,948.0,39.767932489451475,377.0,948.0,1.4767932489451476,14.0,948.0,14.864864864864865,176.0,1184.0,0.0,0.0,948.0
multiple_runs_DB_LowThreat_Series_20260502_024950.csv,multiple_runs_DB_LowThreat_Series_20260502_024950.csv,DB,No ACE,121,1084.0,1185.0,6.365313653136531,69.0,1084.0,15.313653136531366,166.0,1084.0,83.62869198312237,991.0,1185.0,0.0,0.0,1084.0,0.0,0.0,1084.0,0.0,0.0,1084.0,29.88929889298893,324.0,1084.0,25.92250922509225,281.0,1084.0,22.509225092250922,244.0,1084.0,16.371308016877638,194.0,1185.0,0.0,0.0,1084.0
multiple_runs_DB_LowThreat_Series_20260502_024950.csv,multiple_runs_DB_LowThreat_Series_20260502_024950.csv,DB,No ACE,122,1407.0,1216.0,3.7668798862828714,53.0,1407.0,15.067519545131486,212.0,1407.0,86.10197368421053,1047.0,1216.0,0.07107320540156362,1.0,1407.0,0.7107320540156361,10.0,1407.0,0.0,0.0,1407.0,42.00426439232409,591.0,1407.0,25.37313432835821,357.0,1407.0,13.00639658848614,183.0,1407.0,13.898026315789474,169.0,1216.0,0.0,0.0,1407.0
multiple_runs_DB_LowThreat_Series_20260502_024950.csv,multiple_runs_DB_LowThreat_Series_20260502_024950.csv,DB,No ACE,123,1297.0,1201.0,6.0909791827293756,79.0,1297.0,21.89668465690054,284.0,1297.0,75.93671940049958,912.0,1201.0,0.0,0.0,1297.0,0.0,0.0,1297.0,0.0,0.0,1297.0,40.86353122590594,530.0,1297.0,25.520431765612955,331.0,1297.0,5.628373168851195,73.0,1297.0,24.063280599500416,289.0,1201.0,0.0,0.0,1297.0
multiple_runs_DB_LowThreat_Series_20260502_024950.csv,multiple_runs_DB_LowThreat_Series_20260502_024950.csv,DB,No ACE,124,1109.0,1194.0,0.09017132551848511,1.0,1109.0,7.75473399458972,86.0,1109.0,80.65326633165829,963.0,1194.0,0.2705139765554554,3.0,1109.0,0.0,0.0,1109.0,0.0,0.0,1109.0,54.283137962128045,602.0,1109.0,35.978358881875565,399.0,1109.0,1.6230838593327321,18.0,1109.0,19.34673366834171,231.0,1194.0,0.0,0.0,1109.0
multiple_runs_DB_LowThreat_Series_20260502_024950.csv,multiple_runs_DB_LowThreat_Series_20260502_024950.csv,DB,No ACE,125,1290.0,1185.0,6.2015503875969,80.0,1290.0,18.372093023255815,237.0,1290.0,82.70042194092827,980.0,1185.0,0.0,0.0,1290.0,0.23255813953488372,3.0,1290.0,0.0,0.0,1290.0,41.47286821705426,535.0,1290.0,22.713178294573645,293.0,1290.0,11.007751937984496,142.0,1290.0,17.29957805907173,205.0,1185.0,0.0,0.0,1290.0
multiple_runs_DB_LowThreat_Series_20260502_024950.csv,multiple_runs_DB_LowThreat_Series_20260502_024950.csv,DB,No ACE,126,1279.0,1210.0,6.724003127443315,86.0,1279.0,21.657544956997654,277.0,1279.0,79.83471074380165,966.0,1210.0,0.0,0.0,1279.0,0.0,0.0,1279.0,0.07818608287724785,1.0,1279.0,40.42220484753714,517.0,1279.0,24.237685691946833,310.0,1279.0,6.88037529319781,88.0,1279.0,20.165289256198346,244.0,1210.0,0.0,0.0,1279.0
multiple_runs_DB_LowThreat_Series_20260502_024950.csv,multiple_runs_DB_LowThreat_Series_20260502_024950.csv,DB,No ACE,127,1064.0,1205.0,0.0,0.0,1064.0,8.458646616541353,90.0,1064.0,91.12033195020747,1098.0,1205.0,0.0,0.0,1064.0,0.0,0.0,1064.0,0.09398496240601503,1.0,1064.0,40.41353383458647,430.0,1064.0,35.150375939849624,374.0,1064.0,15.88345864661654,169.0,1064.0,8.879668049792532,107.0,1205.0,0.0,0.0,1064.0
multiple_runs_DB_LowThreat_Series_20260502_024950.csv,multiple_runs_DB_LowThreat_Series_20260502_024950.csv,DB,No ACE,128,1142.0,1203.0,1.838879159369527,21.0,1142.0,19.001751313485112,217.0,1142.0,89.11055694098089,1072.0,1203.0,0.08756567425569177,1.0,1142.0,0.3502626970227671,4.0,1142.0,0.08756567425569177,1.0,1142.0,43.08231173380035,492.0,1142.0,33.18739054290718,379.0,1142.0,2.364273204903678,27.0,1142.0,10.889443059019118,131.0,1203.0,0.0,0.0,1142.0
multiple_runs_DB_LowThreat_Series_20260502_024950.csv,multiple_runs_DB_LowThreat_Series_20260502_024950.csv,DB,No ACE,129,1466.0,1200.0,0.0,0.0,1466.0,21.21418826739427,311.0,1466.0,82.08333333333333,985.0,1200.0,0.20463847203274216,3.0,1466.0,1.6371077762619373,24.0,1466.0,0.0,0.0,1466.0,44.81582537517053,657.0,1466.0,28.444747612551158,417.0,1466.0,3.6834924965893587,54.0,1466.0,17.916666666666668,215.0,1200.0,0.0,0.0,1466.0
multiple_runs_DB_LowThreat_Series_20260502_024950.csv,multiple_runs_DB_LowThreat_Series_20260502_024950.csv,DB,No ACE,130,1120.0,1192.0,1.3392857142857142,15.0,1120.0,18.482142857142858,207.0,1120.0,89.68120805369128,1069.0,1192.0,0.0,0.0,1120.0,1.6964285714285714,19.0,1120.0,0.08928571428571429,1.0,1120.0,41.964285714285715,470.0,1120.0,32.767857142857146,367.0,1120.0,3.660714285714286,41.0,1120.0,10.318791946308725,123.0,1192.0,0.0,0.0,1120.0
multiple_runs_DB_LowThreat_Series_20260502_024950.csv,multiple_runs_DB_LowThreat_Series_20260502_024950.csv,DB,No ACE,131,1259.0,1198.0,5.242255758538523,66.0,1259.0,18.34789515488483,231.0,1259.0,84.8914858096828,1017.0,1198.0,0.0,0.0,1259.0,0.5559968228752978,7.0,1259.0,0.0,0.0,1259.0,40.27005559968229,507.0,1259.0,22.716441620333597,286.0,1259.0,12.867355043685464,162.0,1259.0,15.108514190317196,181.0,1198.0,0.0,0.0,1259.0
multiple_runs_DB_LowThreat_Series_20260502_024950.csv,multiple_runs_DB_LowThreat_Series_20260502_024950.csv,DB,No ACE,132,1171.0,1185.0,0.0,0.0,1171.0,28.86421861656704,338.0,1171.0,75.78059071729957,898.0,1185.0,0.3415883859948762,4.0,1171.0,1.1955593509820666,14.0,1171.0,0.0,0.0,1171.0,36.29376601195559,425.0,1171.0,31.340734415029893,367.0,1171.0,1.964133219470538,23.0,1171.0,24.219409282700422,287.0,1185.0,0.0,0.0,1171.0
multiple_runs_DB_LowThreat_Series_20260502_024950.csv,multiple_runs_DB_LowThreat_Series_20260502_024950.csv,DB,No ACE,133,1181.0,1197.0,0.0,0.0,1181.0,19.89839119390347,235.0,1181.0,86.63324979114452,1037.0,1197.0,0.3386960203217612,4.0,1181.0,0.42337002540220153,5.0,1181.0,0.0,0.0,1181.0,38.187976291278574,451.0,1181.0,33.36155800169348,394.0,1181.0,7.790008467400508,92.0,1181.0,13.366750208855471,160.0,1197.0,0.0,0.0,1181.0
multiple_runs_DB_LowThreat_Series_20260502_024950.csv,multiple_runs_DB_LowThreat_Series_20260502_024950.csv,DB,No ACE,134,1244.0,1188.0,4.180064308681672,52.0,1244.0,19.292604501607716,240.0,1244.0,80.8080808080808,960.0,1188.0,0.0,0.0,1244.0,0.0,0.0,1244.0,0.0,0.0,1244.0,37.138263665594856,462.0,1244.0,27.813504823151124,346.0,1244.0,11.57556270096463,144.0,1244.0,19.19191919191919,228.0,1188.0,0.0,0.0,1244.0
multiple_runs_DB_LowThreat_Series_20260502_024950.csv,multiple_runs_DB_LowThreat_Series_20260502_024950.csv,DB,No ACE,135,1201.0,1217.0,4.0799333888426315,49.0,1201.0,23.31390507910075,280.0,1201.0,91.04354971240755,1108.0,1217.0,0.0,0.0,1201.0,1.8318068276436303,22.0,1201.0,0.0,0.0,1201.0,35.0541215653622,421.0,1201.0,28.642797668609493,344.0,1201.0,7.077435470441299,85.0,1201.0,8.95645028759244,109.0,1217.0,0.0,0.0,1201.0
multiple_runs_DB_LowThreat_Series_20260502_024950.csv,multiple_runs_DB_LowThreat_Series_20260502_024950.csv,DB,No ACE,136,1302.0,1188.0,7.066052227342549,92.0,1302.0,20.967741935483872,273.0,1302.0,79.37710437710437,943.0,1188.0,0.0,0.0,1302.0,0.0,0.0,1302.0,0.0,0.0,1302.0,39.93855606758833,520.0,1302.0,22.27342549923195,290.0,1302.0,9.754224270353303,127.0,1302.0,20.622895622895623,245.0,1188.0,0.0,0.0,1302.0
multiple_runs_DB_LowThreat_Series_20260502_024950.csv,multiple_runs_DB_LowThreat_Series_20260502_024950.csv,DB,No ACE,137,850.0,1202.0,0.0,0.0,850.0,8.588235294117647,73.0,850.0,86.27287853577371,1037.0,1202.0,0.4705882352941176,4.0,850.0,0.1176470588235294,1.0,850.0,0.1176470588235294,1.0,850.0,38.0,323.0,850.0,46.588235294117645,396.0,850.0,6.11764705882353,52.0,850.0,13.727121464226288,165.0,1202.0,0.0,0.0,850.0
multiple_runs_DB_LowThreat_Series_20260502_024950.csv,multiple_runs_DB_LowThreat_Series_20260502_024950.csv,DB,No ACE,138,1144.0,1205.0,0.6118881118881119,7.0,1144.0,6.381118881118882,73.0,1144.0,82.82157676348548,998.0,1205.0,0.0,0.0,1144.0,0.0,0.0,1144.0,0.0,0.0,1144.0,54.72027972027972,626.0,1144.0,36.62587412587413,419.0,1144.0,1.6608391608391608,19.0,1144.0,17.178423236514522,207.0,1205.0,0.0,0.0,1144.0
multiple_runs_DB_LowThreat_Series_20260502_024950.csv,multiple_runs_DB_LowThreat_Series_20260502_024950.csv,DB,No ACE,139,999.0,1206.0,1.2012012012012012,12.0,999.0,14.614614614614615,146.0,999.0,80.67993366500829,973.0,1206.0,0.5005005005005005,5.0,999.0,1.2012012012012012,12.0,999.0,0.20020020020020018,2.0,999.0,41.44144144144144,414.0,999.0,39.13913913913914,391.0,999.0,1.7017017017017018,17.0,999.0,19.320066334991708,233.0,1206.0,0.0,0.0,999.0
multiple_runs_DB_LowThreat_Series_20260502_024950.csv,multiple_runs_DB_LowThreat_Series_20260502_024950.csv,DB,No ACE,140,1132.0,1199.0,7.773851590106007,88.0,1132.0,19.434628975265017,220.0,1132.0,84.1534612176814,1009.0,1199.0,0.17667844522968199,2.0,1132.0,0.0,0.0,1132.0,0.0,0.0,1132.0,31.890459363957596,361.0,1132.0,27.296819787985864,309.0,1132.0,13.427561837455832,152.0,1132.0,15.846538782318598,190.0,1199.0,0.0,0.0,1132.0
multiple_runs_DB_LowThreat_Series_20260502_024950.csv,multiple_runs_DB_LowThreat_Series_20260502_024950.csv,DB,No ACE,141,1321.0,1206.0,6.510219530658593,86.0,1321.0,19.909159727479185,263.0,1321.0,79.93366500829188,964.0,1206.0,0.0,0.0,1321.0,0.0757002271006813,1.0,1321.0,0.0,0.0,1321.0,39.364118092354275,520.0,1321.0,24.451173353520062,323.0,1321.0,9.689629068887207,128.0,1321.0,20.066334991708125,242.0,1206.0,0.0,0.0,1321.0
multiple_runs_DB_LowThreat_Series_20260502_024950.csv,multiple_runs_DB_LowThreat_Series_20260502_024950.csv,DB,No ACE,142,1190.0,1203.0,3.2773109243697482,39.0,1190.0,30.756302521008404,366.0,1190.0,86.61679135494596,1042.0,1203.0,0.33613445378151263,4.0,1190.0,1.1764705882352942,14.0,1190.0,0.0,0.0,1190.0,35.294117647058826,420.0,1190.0,27.563025210084035,328.0,1190.0,1.5966386554621848,19.0,1190.0,13.383208645054031,161.0,1203.0,0.0,0.0,1190.0
multiple_runs_DB_LowThreat_Series_20260502_024950.csv,multiple_runs_DB_LowThreat_Series_20260502_024950.csv,DB,No ACE,143,1095.0,1208.0,1.095890410958904,12.0,1095.0,16.80365296803653,184.0,1095.0,86.25827814569537,1042.0,1208.0,0.0,0.0,1095.0,0.365296803652968,4.0,1095.0,0.0,0.0,1095.0,42.64840182648402,467.0,1095.0,36.71232876712329,402.0,1095.0,2.374429223744292,26.0,1095.0,13.741721854304636,166.0,1208.0,0.0,0.0,1095.0
multiple_runs_DB_LowThreat_Series_20260502_024950.csv,multiple_runs_DB_LowThreat_Series_20260502_024950.csv,DB,No ACE,144,1178.0,1185.0,0.0,0.0,1178.0,16.6383701188455,196.0,1178.0,91.30801687763713,1082.0,1185.0,0.0,0.0,1178.0,0.08488964346349745,1.0,1178.0,0.0,0.0,1178.0,49.40577249575552,582.0,1178.0,32.25806451612903,380.0,1178.0,1.6129032258064515,19.0,1178.0,8.691983122362869,103.0,1185.0,0.0,0.0,1178.0
multiple_runs_DB_LowThreat_Series_20260502_024950.csv,multiple_runs_DB_LowThreat_Series_20260502_024950.csv,DB,No ACE,145,1091.0,1206.0,0.458295142071494,5.0,1091.0,17.323556370302477,189.0,1091.0,78.68988391376452,949.0,1206.0,0.5499541704857929,6.0,1091.0,0.8249312557286892,9.0,1091.0,0.27497708524289644,3.0,1091.0,41.888175985334556,457.0,1091.0,37.39688359303391,408.0,1091.0,1.2832263978001834,14.0,1091.0,21.31011608623549,257.0,1206.0,0.0,0.0,1091.0
multiple_runs_DB_LowThreat_Series_20260502_024950.csv,multiple_runs_DB_LowThreat_Series_20260502_024950.csv,DB,No ACE,146,976.0,1199.0,0.6147540983606558,6.0,976.0,7.889344262295082,77.0,976.0,85.48790658882403,1025.0,1199.0,0.10245901639344263,1.0,976.0,0.10245901639344263,1.0,976.0,0.0,0.0,976.0,46.10655737704918,450.0,976.0,41.700819672131146,407.0,976.0,3.483606557377049,34.0,976.0,14.51209341117598,174.0,1199.0,0.0,0.0,976.0
multiple_runs_DB_LowThreat_Series_20260502_024950.csv,multiple_runs_DB_LowThreat_Series_20260502_024950.csv,DB,No ACE,147,1333.0,1201.0,6.22655663915979,83.0,1333.0,15.978994748687173,213.0,1333.0,83.34721065778517,1001.0,1201.0,0.0,0.0,1333.0,0.07501875468867217,1.0,1333.0,0.0,0.0,1333.0,39.98499624906226,533.0,1333.0,24.006001500375092,320.0,1333.0,13.728432108027006,183.0,1333.0,16.65278934221482,200.0,1201.0,0.0,0.0,1333.0
multiple_runs_DB_LowThreat_Series_20260502_024950.csv,multiple_runs_DB_LowThreat_Series_20260502_024950.csv,DB,No ACE,148,1117.0,1206.0,0.0,0.0,1117.0,21.038495971351836,235.0,1117.0,82.08955223880598,990.0,1206.0,0.08952551477170993,1.0,1117.0,0.17905102954341987,2.0,1117.0,0.08952551477170993,1.0,1117.0,40.913160250671446,457.0,1117.0,36.168307967770815,404.0,1117.0,1.521933751119069,17.0,1117.0,17.91044776119403,216.0,1206.0,0.0,0.0,1117.0
multiple_runs_DB_LowThreat_Series_20260502_024950.csv,multiple_runs_DB_LowThreat_Series_20260502_024950.csv,DB,No ACE,149,1154.0,1202.0,0.17331022530329288,2.0,1154.0,12.65164644714038,146.0,1154.0,90.5990016638935,1089.0,1202.0,0.43327556325823224,5.0,1154.0,0.25996533795493937,3.0,1154.0,0.25996533795493937,3.0,1154.0,47.66031195840554,550.0,1154.0,36.48180242634315,421.0,1154.0,2.079722703639515,24.0,1154.0,9.40099833610649,113.0,1202.0,0.0,0.0,1154.0
multiple_runs_DB_LowThreat_Series_20260502_024950.csv,multiple_runs_DB_LowThreat_Series_20260502_024950.csv,DB,No ACE,150,1294.0,1211.0,0.0,0.0,1294.0,24.961360123647605,323.0,1294.0,81.66804293971924,989.0,1211.0,0.23183925811437403,3.0,1294.0,0.8500772797527048,11.0,1294.0,0.0,0.0,1294.0,40.1854714064915,520.0,1294.0,32.07109737248841,415.0,1294.0,1.7001545595054095,22.0,1294.0,18.33195706028076,222.0,1211.0,0.0,0.0,1294.0
multiple_runs_DB_LowThreat_Series_20260502_024950.csv,multiple_runs_DB_LowThreat_Series_20260502_024950.csv,DB,No ACE,151,1293.0,1204.0,0.0,0.0,1293.0,28.61562258313998,370.0,1293.0,86.29568106312291,1039.0,1204.0,0.0,0.0,1293.0,1.3147718484145399,17.0,1293.0,0.07733952049497293,1.0,1293.0,38.437741686001544,497.0,1293.0,29.698375870069604,384.0,1293.0,1.8561484918793503,24.0,1293.0,13.704318936877078,165.0,1204.0,0.0,0.0,1293.0
multiple_runs_DB_LowThreat_Series_20260502_024950.csv,multiple_runs_DB_LowThreat_Series_20260502_024950.csv,DB,No ACE,152,1268.0,1189.0,5.83596214511041,74.0,1268.0,18.217665615141957,231.0,1268.0,83.51555929352396,993.0,1189.0,0.07886435331230283,1.0,1268.0,0.47318611987381703,6.0,1268.0,0.0,0.0,1268.0,39.74763406940063,504.0,1268.0,25.78864353312303,327.0,1268.0,9.858044164037855,125.0,1268.0,16.48444070647603,196.0,1189.0,0.0,0.0,1268.0
multiple_runs_DB_LowThreat_Series_20260502_024950.csv,multiple_runs_DB_LowThreat_Series_20260502_024950.csv,DB,No ACE,153,1098.0,1198.0,0.819672131147541,9.0,1098.0,23.041894353369763,253.0,1098.0,82.220367278798,985.0,1198.0,0.273224043715847,3.0,1098.0,0.0,0.0,1098.0,0.09107468123861566,1.0,1098.0,40.619307832422585,446.0,1098.0,34.15300546448087,375.0,1098.0,1.0018214936247722,11.0,1098.0,17.779632721202006,213.0,1198.0,0.0,0.0,1098.0
multiple_runs_DB_LowThreat_Series_20260502_024950.csv,multiple_runs_DB_LowThreat_Series_20260502_024950.csv,DB,No ACE,154,1416.0,1210.0,0.0,0.0,1416.0,25.77683615819209,365.0,1416.0,76.94214876033058,931.0,1210.0,0.0,0.0,1416.0,0.14124293785310735,2.0,1416.0,0.0,0.0,1416.0,47.1045197740113,667.0,1416.0,26.129943502824858,370.0,1416.0,0.847457627118644,12.0,1416.0,23.05785123966942,279.0,1210.0,0.0,0.0,1416.0
multiple_runs_DB_LowThreat_Series_20260502_024950.csv,multiple_runs_DB_LowThreat_Series_20260502_024950.csv,DB,No ACE,155,1374.0,1199.0,0.0,0.0,1374.0,21.688500727802037,298.0,1374.0,85.9049207673061,1030.0,1199.0,0.21834061135371177,3.0,1374.0,1.3828238719068413,19.0,1374.0,0.0,0.0,1374.0,43.66812227074236,600.0,1374.0,28.16593886462882,387.0,1374.0,4.87627365356623,67.0,1374.0,14.09507923269391,169.0,1199.0,0.0,0.0,1374.0
multiple_runs_DB_LowThreat_Series_20260502_024950.csv,multiple_runs_DB_LowThreat_Series_20260502_024950.csv,DB,No ACE,156,1245.0,1194.0,0.24096385542168677,3.0,1245.0,22.73092369477912,283.0,1245.0,85.34338358458962,1019.0,1194.0,0.08032128514056225,1.0,1245.0,1.5261044176706828,19.0,1245.0,0.08032128514056225,1.0,1245.0,39.598393574297184,493.0,1245.0,34.61847389558233,431.0,1245.0,1.1244979919678715,14.0,1245.0,14.656616415410383,175.0,1194.0,0.0,0.0,1245.0
multiple_runs_DB_LowThreat_Series_20260502_024950.csv,multiple_runs_DB_LowThreat_Series_20260502_024950.csv,DB,No ACE,157,1135.0,1218.0,14.801762114537445,168.0,1135.0,6.167400881057269,70.0,1135.0,90.47619047619048,1102.0,1218.0,0.0,0.0,1135.0,0.5286343612334802,6.0,1135.0,0.1762114537444934,2.0,1135.0,28.986784140969164,329.0,1135.0,22.202643171806166,252.0,1135.0,27.13656387665198,308.0,1135.0,9.523809523809524,116.0,1218.0,0.0,0.0,1135.0
multiple_runs_DB_LowThreat_Series_20260502_024950.csv,multiple_runs_DB_LowThreat_Series_20260502_024950.csv,DB,No ACE,158,1038.0,1186.0,0.5780346820809248,6.0,1038.0,13.19845857418112,137.0,1038.0,84.06408094435076,997.0,1186.0,0.3853564547206166,4.0,1038.0,1.9267822736030826,20.0,1038.0,0.3853564547206166,4.0,1038.0,41.23314065510597,428.0,1038.0,41.040462427745666,426.0,1038.0,1.2524084778420037,13.0,1038.0,15.935919055649242,189.0,1186.0,0.0,0.0,1038.0
multiple_runs_DB_LowThreat_Series_20260502_024950.csv,multiple_runs_DB_LowThreat_Series_20260502_024950.csv,DB,No ACE,159,968.0,1203.0,0.6198347107438017,6.0,968.0,14.152892561983471,137.0,968.0,84.78802992518703,1020.0,1203.0,0.2066115702479339,2.0,968.0,0.5165289256198348,5.0,968.0,0.0,0.0,968.0,41.52892561983471,402.0,968.0,41.32231404958678,400.0,968.0,1.6528925619834711,16.0,968.0,15.211970074812967,183.0,1203.0,0.0,0.0,968.0
multiple_runs_DB_LowThreat_Series_20260502_024950.csv,multiple_runs_DB_LowThreat_Series_20260502_024950.csv,DB,No ACE,160,1170.0,1176.0,6.239316239316239,73.0,1170.0,16.923076923076923,198.0,1170.0,89.03061224489795,1047.0,1176.0,0.0,0.0,1170.0,1.0256410256410255,12.0,1170.0,0.0,0.0,1170.0,34.27350427350427,401.0,1170.0,27.094017094017094,317.0,1170.0,14.444444444444443,169.0,1170.0,10.96938775510204,129.0,1176.0,0.0,0.0,1170.0
multiple_runs_DB_LowThreat_Series_20260502_024950.csv,multiple_runs_DB_LowThreat_Series_20260502_024950.csv,DB,No ACE,161,1175.0,1211.0,8.595744680851064,101.0,1175.0,13.276595744680849,156.0,1175.0,87.77869529314616,1063.0,1211.0,0.1702127659574468,2.0,1175.0,0.3404255319148936,4.0,1175.0,0.1702127659574468,2.0,1175.0,31.148936170212764,366.0,1175.0,25.617021276595747,301.0,1175.0,20.680851063829785,243.0,1175.0,12.22130470685384,148.0,1211.0,0.0,0.0,1175.0
multiple_runs_DB_LowThreat_Series_20260502_024950.csv,multiple_runs_DB_LowThreat_Series_20260502_024950.csv,DB,No ACE,162,1243.0,1195.0,0.0,0.0,1243.0,27.27272727272727,339.0,1243.0,79.163179916318,946.0,1195.0,0.0,0.0,1243.0,0.0,0.0,1243.0,0.0,0.0,1243.0,38.05309734513274,473.0,1243.0,32.743362831858406,407.0,1243.0,1.9308125502815767,24.0,1243.0,20.83682008368201,249.0,1195.0,0.0,0.0,1243.0
multiple_runs_DB_LowThreat_Series_20260502_024950.csv,multiple_runs_DB_LowThreat_Series_20260502_024950.csv,DB,No ACE,163,1075.0,1187.0,3.813953488372093,41.0,1075.0,21.953488372093023,236.0,1075.0,81.29738837405223,965.0,1187.0,0.0,0.0,1075.0,1.302325581395349,14.0,1075.0,0.0,0.0,1075.0,37.2093023255814,400.0,1075.0,33.395348837209305,359.0,1075.0,2.3255813953488373,25.0,1075.0,18.702611625947767,222.0,1187.0,0.0,0.0,1075.0
multiple_runs_DB_LowThreat_Series_20260502_024950.csv,multiple_runs_DB_LowThreat_Series_20260502_024950.csv,DB,No ACE,164,940.0,1204.0,0.0,0.0,940.0,9.787234042553191,92.0,940.0,87.37541528239203,1052.0,1204.0,0.0,0.0,940.0,0.0,0.0,940.0,0.851063829787234,8.0,940.0,44.787234042553195,421.0,940.0,42.12765957446808,396.0,940.0,2.4468085106382977,23.0,940.0,12.624584717607974,152.0,1204.0,0.0,0.0,940.0
multiple_runs_DB_LowThreat_Series_20260502_024950.csv,multiple_runs_DB_LowThreat_Series_20260502_024950.csv,DB,No ACE,165,992.0,1206.0,7.056451612903227,70.0,992.0,17.641129032258064,175.0,992.0,86.23548922056385,1040.0,1206.0,0.20161290322580644,2.0,992.0,0.0,0.0,992.0,0.0,0.0,992.0,35.483870967741936,352.0,992.0,34.475806451612904,342.0,992.0,5.141129032258065,51.0,992.0,13.764510779436154,166.0,1206.0,0.0,0.0,992.0
multiple_runs_DB_LowThreat_Series_20260502_024950.csv,multiple_runs_DB_LowThreat_Series_20260502_024950.csv,DB,No ACE,166,1296.0,1201.0,5.709876543209877,74.0,1296.0,13.734567901234568,178.0,1296.0,84.84596169858452,1019.0,1201.0,0.0,0.0,1296.0,0.4629629629629629,6.0,1296.0,0.0,0.0,1296.0,38.73456790123457,502.0,1296.0,23.53395061728395,305.0,1296.0,17.824074074074073,231.0,1296.0,15.154038301415488,182.0,1201.0,0.0,0.0,1296.0
multiple_runs_DB_LowThreat_Series_20260502_024950.csv,multiple_runs_DB_LowThreat_Series_20260502_024950.csv,DB,No ACE,167,1409.0,1215.0,6.103619588360539,86.0,1409.0,18.73669268985096,264.0,1409.0,82.22222222222221,999.0,1215.0,0.0,0.0,1409.0,1.7743080198722498,25.0,1409.0,0.0,0.0,1409.0,42.867281760113556,604.0,1409.0,23.988644428672817,338.0,1409.0,6.529453513129879,92.0,1409.0,17.77777777777778,216.0,1215.0,0.0,0.0,1409.0
multiple_runs_DB_LowThreat_Series_20260502_024950.csv,multiple_runs_DB_LowThreat_Series_20260502_024950.csv,DB,No ACE,168,1280.0,1205.0,6.875000000000001,88.0,1280.0,20.3125,260.0,1280.0,87.71784232365145,1057.0,1205.0,0.0,0.0,1280.0,0.78125,10.0,1280.0,0.0,0.0,1280.0,38.28125,490.0,1280.0,23.28125,298.0,1280.0,10.46875,134.0,1280.0,12.282157676348547,148.0,1205.0,0.0,0.0,1280.0
multiple_runs_DB_LowThreat_Series_20260502_024950.csv,multiple_runs_DB_LowThreat_Series_20260502_024950.csv,DB,No ACE,169,1238.0,1188.0,0.08077544426494346,1.0,1238.0,17.2859450726979,214.0,1238.0,92.08754208754209,1094.0,1188.0,0.0,0.0,1238.0,0.6462035541195477,8.0,1238.0,0.16155088852988692,2.0,1238.0,38.44911147011308,476.0,1238.0,31.906300484652668,395.0,1238.0,11.470113085621971,142.0,1238.0,7.912457912457913,94.0,1188.0,0.0,0.0,1238.0
multiple_runs_DB_LowThreat_Series_20260502_024950.csv,multiple_runs_DB_LowThreat_Series_20260502_024950.csv,DB,No ACE,170,1277.0,1188.0,5.011746280344558,64.0,1277.0,22.631166797180892,289.0,1277.0,80.63973063973064,958.0,1188.0,0.07830853563038372,1.0,1277.0,0.7047768206734534,9.0,1277.0,0.0,0.0,1277.0,38.52779953014879,492.0,1277.0,27.4079874706343,350.0,1277.0,5.638214565387627,72.0,1277.0,19.36026936026936,230.0,1188.0,0.0,0.0,1277.0
multiple_runs_DB_LowThreat_Series_20260502_024950.csv,multiple_runs_DB_LowThreat_Series_20260502_024950.csv,DB,No ACE,171,992.0,1209.0,0.3024193548387097,3.0,992.0,13.608870967741934,135.0,992.0,82.21670802315964,994.0,1209.0,0.20161290322580644,2.0,992.0,0.0,0.0,992.0,0.0,0.0,992.0,45.66532258064516,453.0,992.0,38.70967741935484,384.0,992.0,1.5120967741935485,15.0,992.0,17.783291976840367,215.0,1209.0,0.0,0.0,992.0
multiple_runs_DB_LowThreat_Series_20260502_024950.csv,multiple_runs_DB_LowThreat_Series_20260502_024950.csv,DB,No ACE,172,1042.0,1219.0,4.030710172744722,42.0,1042.0,6.71785028790787,70.0,1042.0,92.37079573420837,1126.0,1219.0,0.19193857965451055,2.0,1042.0,0.28790786948176583,3.0,1042.0,0.19193857965451055,2.0,1042.0,38.771593090211134,404.0,1042.0,33.685220729366605,351.0,1042.0,16.122840690978887,168.0,1042.0,7.629204265791632,93.0,1219.0,0.0,0.0,1042.0
multiple_runs_DB_LowThreat_Series_20260502_024950.csv,multiple_runs_DB_LowThreat_Series_20260502_024950.csv,DB,No ACE,173,1042.0,1201.0,1.4395393474088292,15.0,1042.0,10.460652591170826,109.0,1042.0,84.34637801831806,1013.0,1201.0,0.0,0.0,1042.0,1.1516314779270633,12.0,1042.0,0.3838771593090211,4.0,1042.0,47.50479846449136,495.0,1042.0,36.660268714011515,382.0,1042.0,2.399232245681382,25.0,1042.0,15.653621981681932,188.0,1201.0,0.0,0.0,1042.0
multiple_runs_DB_LowThreat_Series_20260502_024950.csv,multiple_runs_DB_LowThreat_Series_20260502_024950.csv,DB,No ACE,174,1249.0,1204.0,0.08006405124099279,1.0,1249.0,21.297037630104082,266.0,1249.0,86.79401993355482,1045.0,1204.0,0.0,0.0,1249.0,0.24019215372297836,3.0,1249.0,0.0,0.0,1249.0,38.59087269815853,482.0,1249.0,32.345876701361085,404.0,1249.0,7.44595676541233,93.0,1249.0,13.205980066445184,159.0,1204.0,0.0,0.0,1249.0
multiple_runs_DB_LowThreat_Series_20260502_024950.csv,multiple_runs_DB_LowThreat_Series_20260502_024950.csv,DB,No ACE,175,1178.0,1205.0,6.112054329371817,72.0,1178.0,8.31918505942275,98.0,1178.0,86.55601659751038,1043.0,1205.0,0.0,0.0,1178.0,1.9524617996604414,23.0,1178.0,0.0,0.0,1178.0,47.283531409168084,557.0,1178.0,28.777589134125638,339.0,1178.0,7.555178268251274,89.0,1178.0,13.443983402489627,162.0,1205.0,0.0,0.0,1178.0
multiple_runs_DB_LowThreat_Series_20260502_024950.csv,multiple_runs_DB_LowThreat_Series_20260502_024950.csv,DB,No ACE,176,1008.0,1190.0,3.4722222222222223,35.0,1008.0,12.5,126.0,1008.0,85.04201680672269,1012.0,1190.0,0.1984126984126984,2.0,1008.0,0.6944444444444444,7.0,1008.0,0.1984126984126984,2.0,1008.0,37.89682539682539,382.0,1008.0,33.23412698412698,335.0,1008.0,11.805555555555555,119.0,1008.0,14.957983193277311,178.0,1190.0,0.0,0.0,1008.0
multiple_runs_DB_LowThreat_Series_20260502_024950.csv,multiple_runs_DB_LowThreat_Series_20260502_024950.csv,DB,No ACE,177,1040.0,1198.0,14.423076923076922,150.0,1040.0,1.3461538461538463,14.0,1040.0,91.56928213689483,1097.0,1198.0,0.0,0.0,1040.0,0.8653846153846154,9.0,1040.0,0.0,0.0,1040.0,26.826923076923077,279.0,1040.0,22.01923076923077,229.0,1040.0,34.51923076923077,359.0,1040.0,8.430717863105174,101.0,1198.0,0.0,0.0,1040.0
multiple_runs_DB_LowThreat_Series_20260502_024950.csv,multiple_runs_DB_LowThreat_Series_20260502_024950.csv,DB,No ACE,178,1107.0,1187.0,6.413730803974707,71.0,1107.0,11.924119241192411,132.0,1107.0,82.39258635214827,978.0,1187.0,0.45167118337850043,5.0,1107.0,0.36133694670280037,4.0,1107.0,0.0,0.0,1107.0,45.98012646793135,509.0,1107.0,25.293586269196027,280.0,1107.0,9.57542908762421,106.0,1107.0,17.60741364785173,209.0,1187.0,0.0,0.0,1107.0
multiple_runs_DB_LowThreat_Series_20260502_024950.csv,multiple_runs_DB_LowThreat_Series_20260502_024950.csv,DB,No ACE,179,818.0,1198.0,0.0,0.0,818.0,11.858190709046456,97.0,818.0,81.38564273789649,975.0,1198.0,0.0,0.0,818.0,0.4889975550122249,4.0,818.0,0.0,0.0,818.0,31.54034229828851,258.0,818.0,53.66748166259169,439.0,818.0,2.444987775061125,20.0,818.0,18.614357262103507,223.0,1198.0,0.0,0.0,818.0
multiple_runs_DB_LowThreat_Series_20260502_024950.csv,multiple_runs_DB_LowThreat_Series_20260502_024950.csv,DB,No ACE,180,1255.0,1206.0,0.0,0.0,1255.0,28.764940239043824,361.0,1255.0,81.01160862354892,977.0,1206.0,0.0,0.0,1255.0,0.7171314741035857,9.0,1255.0,0.0,0.0,1255.0,36.89243027888446,463.0,1255.0,32.669322709163346,410.0,1255.0,0.9561752988047808,12.0,1255.0,18.988391376451077,229.0,1206.0,0.0,0.0,1255.0
multiple_runs_DB_LowThreat_Series_20260502_024950.csv,multiple_runs_DB_LowThreat_Series_20260502_024950.csv,DB,No ACE,181,1057.0,1222.0,0.47303689687795647,5.0,1057.0,17.50236518448439,185.0,1057.0,85.27004909983633,1042.0,1222.0,0.3784295175023652,4.0,1057.0,0.8514664143803218,9.0,1057.0,0.28382213812677387,3.0,1057.0,43.99243140964995,465.0,1057.0,34.91012298959319,369.0,1057.0,1.608325449385052,17.0,1057.0,14.729950900163665,180.0,1222.0,0.0,0.0,1057.0
multiple_runs_DB_LowThreat_Series_20260502_024950.csv,multiple_runs_DB_LowThreat_Series_20260502_024950.csv,DB,No ACE,182,897.0,1195.0,6.688963210702341,60.0,897.0,12.709030100334449,114.0,897.0,89.2050209205021,1066.0,1195.0,0.0,0.0,897.0,0.6688963210702341,6.0,897.0,0.0,0.0,897.0,40.802675585284284,366.0,897.0,35.56298773690078,319.0,897.0,3.5674470457079153,32.0,897.0,10.794979079497908,129.0,1195.0,0.0,0.0,897.0
multiple_runs_DB_LowThreat_Series_20260502_024950.csv,multiple_runs_DB_LowThreat_Series_20260502_024950.csv,DB,No ACE,183,1441.0,1198.0,0.06939625260235947,1.0,1441.0,24.70506592643997,356.0,1441.0,79.21535893155259,949.0,1198.0,0.0,0.0,1441.0,0.2775850104094379,4.0,1441.0,0.0,0.0,1441.0,45.73213046495489,659.0,1441.0,27.411519777931993,395.0,1441.0,1.8043025676613464,26.0,1441.0,20.784641068447414,249.0,1198.0,0.0,0.0,1441.0
multiple_runs_DB_LowThreat_Series_20260502_024950.csv,multiple_runs_DB_LowThreat_Series_20260502_024950.csv,DB,No ACE,184,1242.0,1188.0,3.22061191626409,40.0,1242.0,14.251207729468598,177.0,1242.0,93.35016835016835,1109.0,1188.0,0.0,0.0,1242.0,1.3687600644122384,17.0,1242.0,0.0,0.0,1242.0,39.130434782608695,486.0,1242.0,30.917874396135264,384.0,1242.0,11.11111111111111,138.0,1242.0,6.6498316498316505,79.0,1188.0,0.0,0.0,1242.0
multiple_runs_DB_LowThreat_Series_20260502_024950.csv,multiple_runs_DB_LowThreat_Series_20260502_024950.csv,DB,No ACE,185,1096.0,1218.0,18.065693430656935,198.0,1096.0,2.9197080291970803,32.0,1096.0,90.80459770114942,1106.0,1218.0,0.2737226277372263,3.0,1096.0,0.7299270072992701,8.0,1096.0,0.0,0.0,1096.0,26.368613138686133,289.0,1096.0,21.350364963503647,234.0,1096.0,30.29197080291971,332.0,1096.0,9.195402298850574,112.0,1218.0,0.0,0.0,1096.0
multiple_runs_DB_LowThreat_Series_20260502_024950.csv,multiple_runs_DB_LowThreat_Series_20260502_024950.csv,DB,No ACE,186,1161.0,1189.0,1.8087855297157622,21.0,1161.0,29.371231696813094,341.0,1161.0,81.58116063919259,970.0,1189.0,0.0,0.0,1161.0,0.8613264427217916,10.0,1161.0,0.17226528854435832,2.0,1161.0,34.45305770887167,400.0,1161.0,30.40482342807924,353.0,1161.0,2.9285099052540913,34.0,1161.0,18.4188393608074,219.0,1189.0,0.0,0.0,1161.0
multiple_runs_DB_LowThreat_Series_20260502_024950.csv,multiple_runs_DB_LowThreat_Series_20260502_024950.csv,DB,No ACE,187,1195.0,1196.0,5.606694560669457,67.0,1195.0,15.732217573221757,188.0,1195.0,83.69565217391305,1001.0,1196.0,0.16736401673640167,2.0,1195.0,0.16736401673640167,2.0,1195.0,0.0,0.0,1195.0,34.05857740585774,407.0,1195.0,29.03765690376569,347.0,1195.0,15.230125523012553,182.0,1195.0,16.304347826086957,195.0,1196.0,0.0,0.0,1195.0
multiple_runs_DB_LowThreat_Series_20260502_024950.csv,multiple_runs_DB_LowThreat_Series_20260502_024950.csv,DB,No ACE,188,1093.0,1198.0,0.0,0.0,1093.0,12.534309240622141,137.0,1093.0,88.81469115191987,1064.0,1198.0,0.09149130832570906,1.0,1093.0,0.0,0.0,1093.0,0.0,0.0,1093.0,39.615736505032025,433.0,1093.0,36.68801463860933,401.0,1093.0,11.070448307410796,121.0,1093.0,11.185308848080133,134.0,1198.0,0.0,0.0,1093.0
multiple_runs_DB_LowThreat_Series_20260502_024950.csv,multiple_runs_DB_LowThreat_Series_20260502_024950.csv,DB,No ACE,189,1155.0,1210.0,10.822510822510822,125.0,1155.0,11.774891774891776,136.0,1155.0,87.93388429752066,1064.0,1210.0,0.0,0.0,1155.0,0.17316017316017315,2.0,1155.0,0.0,0.0,1155.0,32.20779220779221,372.0,1155.0,25.71428571428571,297.0,1155.0,19.307359307359306,223.0,1155.0,12.066115702479339,146.0,1210.0,0.0,0.0,1155.0
multiple_runs_DB_LowThreat_Series_20260502_024950.csv,multiple_runs_DB_LowThreat_Series_20260502_024950.csv,DB,No ACE,190,1102.0,1186.0,2.9038112522686026,32.0,1102.0,15.15426497277677,167.0,1102.0,96.3743676222597,1143.0,1186.0,0.09074410163339383,1.0,1102.0,1.7241379310344827,19.0,1102.0,0.0,0.0,1102.0,40.19963702359347,443.0,1102.0,31.57894736842105,348.0,1102.0,8.348457350272232,92.0,1102.0,3.625632377740304,43.0,1186.0,0.0,0.0,1102.0
multiple_runs_DB_LowThreat_Series_20260502_024950.csv,multiple_runs_DB_LowThreat_Series_20260502_024950.csv,DB,No ACE,191,917.0,1206.0,4.907306434023991,45.0,917.0,14.612868047982552,134.0,917.0,86.89883913764511,1048.0,1206.0,0.43620501635768816,4.0,917.0,2.1810250817884405,20.0,917.0,0.5452562704471101,5.0,917.0,36.42311886586696,334.0,917.0,37.29552889858233,342.0,917.0,3.598691384950927,33.0,917.0,13.101160862354892,158.0,1206.0,0.0,0.0,917.0
multiple_runs_DB_LowThreat_Series_20260502_024950.csv,multiple_runs_DB_LowThreat_Series_20260502_024950.csv,DB,No ACE,192,1197.0,1219.0,6.683375104427736,80.0,1197.0,20.551378446115287,246.0,1197.0,83.18293683347005,1014.0,1219.0,0.0,0.0,1197.0,0.0835421888053467,1.0,1197.0,0.0,0.0,1197.0,33.08270676691729,396.0,1197.0,27.652464494569756,331.0,1197.0,11.946532999164578,143.0,1197.0,16.81706316652994,205.0,1219.0,0.0,0.0,1197.0
multiple_runs_DB_LowThreat_Series_20260502_024950.csv,multiple_runs_DB_LowThreat_Series_20260502_024950.csv,DB,No ACE,193,1089.0,1212.0,0.642791551882461,7.0,1089.0,17.63085399449036,192.0,1089.0,89.85148514851485,1089.0,1212.0,0.0,0.0,1089.0,1.0101010101010102,11.0,1089.0,0.27548209366391185,3.0,1089.0,42.42424242424242,462.0,1089.0,34.9862258953168,381.0,1089.0,3.0303030303030303,33.0,1089.0,10.14851485148515,123.0,1212.0,0.0,0.0,1089.0
multiple_runs_DB_LowThreat_Series_20260502_024950.csv,multiple_runs_DB_LowThreat_Series_20260502_024950.csv,DB,No ACE,194,1225.0,1185.0,6.2857142857142865,77.0,1225.0,12.897959183673468,158.0,1225.0,85.56962025316456,1014.0,1185.0,0.0,0.0,1225.0,1.4693877551020407,18.0,1225.0,0.0,0.0,1225.0,39.3469387755102,482.0,1225.0,24.73469387755102,303.0,1225.0,15.26530612244898,187.0,1225.0,14.430379746835442,171.0,1185.0,0.0,0.0,1225.0
multiple_runs_DB_LowThreat_Series_20260502_024950.csv,multiple_runs_DB_LowThreat_Series_20260502_024950.csv,DB,No ACE,195,1180.0,1195.0,0.0847457627118644,1.0,1180.0,27.288135593220336,322.0,1180.0,85.10460251046025,1017.0,1195.0,0.0,0.0,1180.0,0.5084745762711864,6.0,1180.0,0.0,0.0,1180.0,37.54237288135593,443.0,1180.0,32.45762711864407,383.0,1180.0,2.11864406779661,25.0,1180.0,14.89539748953975,178.0,1195.0,0.0,0.0,1180.0
multiple_runs_DB_LowThreat_Series_20260502_024950.csv,multiple_runs_DB_LowThreat_Series_20260502_024950.csv,DB,No ACE,196,1105.0,1197.0,11.67420814479638,129.0,1105.0,4.524886877828054,50.0,1105.0,86.96741854636592,1041.0,1197.0,0.09049773755656108,1.0,1105.0,0.18099547511312217,2.0,1105.0,0.0,0.0,1105.0,31.312217194570135,346.0,1105.0,21.71945701357466,240.0,1105.0,30.497737556561088,337.0,1105.0,13.032581453634084,156.0,1197.0,0.0,0.0,1105.0
multiple_runs_DB_LowThreat_Series_20260502_024950.csv,multiple_runs_DB_LowThreat_Series_20260502_024950.csv,DB,No ACE,197,922.0,1201.0,1.9522776572668112,18.0,922.0,10.412147505422993,96.0,922.0,84.67943380516236,1017.0,1201.0,0.0,0.0,922.0,0.0,0.0,922.0,0.9761388286334056,9.0,922.0,46.420824295010846,428.0,922.0,39.15401301518438,361.0,922.0,1.0845986984815619,10.0,922.0,15.320566194837633,184.0,1201.0,0.0,0.0,922.0
multiple_runs_DB_LowThreat_Series_20260502_024950.csv,multiple_runs_DB_LowThreat_Series_20260502_024950.csv,DB,No ACE,198,1175.0,1210.0,8.425531914893616,99.0,1175.0,24.0,282.0,1175.0,81.32231404958678,984.0,1210.0,0.0,0.0,1175.0,0.0851063829787234,1.0,1175.0,0.0,0.0,1175.0,32.25531914893617,379.0,1175.0,26.29787234042553,309.0,1175.0,8.936170212765958,105.0,1175.0,18.677685950413224,226.0,1210.0,0.0,0.0,1175.0
multiple_runs_DB_LowThreat_Series_20260502_024950.csv,multiple_runs_DB_LowThreat_Series_20260502_024950.csv,DB,No ACE,199,1084.0,1202.0,13.191881918819186,143.0,1084.0,1.7527675276752765,19.0,1084.0,95.00831946755409,1142.0,1202.0,0.27675276752767525,3.0,1084.0,0.27675276752767525,3.0,1084.0,0.36900369003690037,4.0,1084.0,31.642066420664207,343.0,1084.0,25.92250922509225,281.0,1084.0,26.56826568265683,288.0,1084.0,4.9916805324459235,60.0,1202.0,0.0,0.0,1084.0
multiple_runs_DB_LowThreat_Series_20260502_024950.csv,multiple_runs_DB_LowThreat_Series_20260502_024950.csv,DB,No ACE,200,1295.0,1203.0,5.250965250965251,68.0,1295.0,17.374517374517374,225.0,1295.0,81.13050706566915,976.0,1203.0,0.0,0.0,1295.0,0.0,0.0,1295.0,0.0,0.0,1295.0,44.478764478764475,576.0,1295.0,24.555984555984555,318.0,1295.0,8.33976833976834,108.0,1295.0,18.86949293433084,227.0,1203.0,0.0,0.0,1295.0
multiple_runs_DB_ModerateThreat_Series_20260501_231139.csv,multiple_runs_DB_ModerateThreat_Series_20260501_231139.csv,DB,Moderate adversity,1,989.0,1199.0,5.96562184024267,59.0,989.0,10.212335692618806,101.0,989.0,90.49207673060884,1085.0,1199.0,0.3033367037411527,3.0,989.0,1.5166835187057632,15.0,989.0,0.0,0.0,989.0,36.804853387259854,364.0,989.0,34.47927199191102,341.0,989.0,10.717896865520729,106.0,989.0,9.50792326939116,114.0,1199.0,0.0,0.0,989.0
multiple_runs_DB_ModerateThreat_Series_20260501_231139.csv,multiple_runs_DB_ModerateThreat_Series_20260501_231139.csv,DB,Moderate adversity,2,970.0,1183.0,16.70103092783505,162.0,970.0,4.536082474226804,44.0,970.0,90.0253592561285,1065.0,1183.0,0.30927835051546393,3.0,970.0,0.0,0.0,970.0,0.10309278350515465,1.0,970.0,29.175257731958766,283.0,970.0,22.989690721649485,223.0,970.0,26.18556701030928,254.0,970.0,9.974640743871513,118.0,1183.0,0.0,0.0,970.0
multiple_runs_DB_ModerateThreat_Series_20260501_231139.csv,multiple_runs_DB_ModerateThreat_Series_20260501_231139.csv,DB,Moderate adversity,3,973.0,1197.0,2.2610483042137717,22.0,973.0,13.360739979445016,130.0,973.0,82.70676691729322,990.0,1197.0,1.3360739979445015,13.0,973.0,0.20554984583761562,2.0,973.0,0.20554984583761562,2.0,973.0,42.44604316546763,413.0,973.0,38.43782117163413,374.0,973.0,1.7471736896197325,17.0,973.0,17.293233082706767,207.0,1197.0,0.0,0.0,973.0
multiple_runs_DB_ModerateThreat_Series_20260501_231139.csv,multiple_runs_DB_ModerateThreat_Series_20260501_231139.csv,DB,Moderate adversity,4,1235.0,1212.0,0.9716599190283401,12.0,1235.0,14.251012145748987,176.0,1235.0,84.57095709570957,1025.0,1212.0,0.4048582995951417,5.0,1235.0,2.591093117408907,32.0,1235.0,0.08097165991902834,1.0,1235.0,46.72064777327935,577.0,1235.0,32.30769230769231,399.0,1235.0,2.6720647773279356,33.0,1235.0,15.42904290429043,187.0,1212.0,0.0,0.0,1235.0
multiple_runs_DB_ModerateThreat_Series_20260501_231139.csv,multiple_runs_DB_ModerateThreat_Series_20260501_231139.csv,DB,Moderate adversity,5,1440.0,1209.0,0.0,0.0,1440.0,24.09722222222222,347.0,1440.0,81.47229114971051,985.0,1209.0,0.06944444444444445,1.0,1440.0,1.1111111111111112,16.0,1440.0,0.0,0.0,1440.0,45.97222222222222,662.0,1440.0,27.569444444444446,397.0,1440.0,1.1805555555555556,17.0,1440.0,18.527708850289496,224.0,1209.0,0.0,0.0,1440.0
multiple_runs_DB_ModerateThreat_Series_20260501_231139.csv,multiple_runs_DB_ModerateThreat_Series_20260501_231139.csv,DB,Moderate adversity,6,1167.0,1199.0,0.9425878320479864,11.0,1167.0,21.165381319622963,247.0,1167.0,92.16013344453712,1105.0,1199.0,0.08568980291345331,1.0,1167.0,2.227934875749786,26.0,1167.0,0.17137960582690662,2.0,1167.0,41.131105398457585,480.0,1167.0,33.33333333333333,389.0,1167.0,0.9425878320479864,11.0,1167.0,7.839866555462886,94.0,1199.0,0.0,0.0,1167.0
multiple_runs_DB_ModerateThreat_Series_20260501_231139.csv,multiple_runs_DB_ModerateThreat_Series_20260501_231139.csv,DB,Moderate adversity,7,1219.0,1203.0,1.8867924528301887,23.0,1219.0,18.04757998359311,220.0,1219.0,83.37489609310057,1003.0,1203.0,0.08203445447087777,1.0,1219.0,1.2305168170631664,15.0,1219.0,0.0,0.0,1219.0,35.356849876948324,431.0,1219.0,30.352748154224773,370.0,1219.0,13.043478260869565,159.0,1219.0,16.62510390689942,200.0,1203.0,0.0,0.0,1219.0
multiple_runs_DB_ModerateThreat_Series_20260501_231139.csv,multiple_runs_DB_ModerateThreat_Series_20260501_231139.csv,DB,Moderate adversity,8,1072.0,1207.0,0.6529850746268656,7.0,1072.0,19.496268656716417,209.0,1072.0,88.8152444076222,1072.0,1207.0,0.0,0.0,1072.0,2.2388059701492535,24.0,1072.0,0.18656716417910446,2.0,1072.0,37.87313432835821,406.0,1072.0,38.24626865671642,410.0,1072.0,1.3059701492537312,14.0,1072.0,11.184755592377796,135.0,1207.0,0.0,0.0,1072.0
multiple_runs_DB_ModerateThreat_Series_20260501_231139.csv,multiple_runs_DB_ModerateThreat_Series_20260501_231139.csv,DB,Moderate adversity,9,1034.0,1207.0,18.471953578336556,191.0,1034.0,2.998065764023211,31.0,1034.0,90.80364540182269,1096.0,1207.0,0.19342359767891684,2.0,1034.0,0.3868471953578337,4.0,1034.0,0.19342359767891684,2.0,1034.0,26.11218568665377,270.0,1034.0,22.243713733075435,230.0,1034.0,29.40038684719536,304.0,1034.0,9.1963545981773,111.0,1207.0,0.0,0.0,1034.0
multiple_runs_DB_ModerateThreat_Series_20260501_231139.csv,multiple_runs_DB_ModerateThreat_Series_20260501_231139.csv,DB,Moderate adversity,10,1318.0,1203.0,0.0,0.0,1318.0,29.210925644916543,385.0,1318.0,77.97173732335827,938.0,1203.0,0.6069802731411229,8.0,1318.0,0.9863429438543246,13.0,1318.0,0.0,0.0,1318.0,40.28831562974203,531.0,1318.0,27.541729893778456,363.0,1318.0,1.3657056145675266,18.0,1318.0,22.02826267664173,265.0,1203.0,0.0,0.0,1318.0
multiple_runs_DB_ModerateThreat_Series_20260501_231139.csv,multiple_runs_DB_ModerateThreat_Series_20260501_231139.csv,DB,Moderate adversity,11,927.0,1201.0,8.737864077669903,81.0,927.0,6.68824163969795,62.0,927.0,89.59200666111575,1076.0,1201.0,0.0,0.0,927.0,0.3236245954692557,3.0,927.0,0.2157497303128371,2.0,927.0,39.374325782092775,365.0,927.0,31.607335490830636,293.0,927.0,13.052858683926646,121.0,927.0,10.407993338884262,125.0,1201.0,0.0,0.0,927.0
multiple_runs_DB_ModerateThreat_Series_20260501_231139.csv,multiple_runs_DB_ModerateThreat_Series_20260501_231139.csv,DB,Moderate adversity,12,1244.0,1189.0,9.646302250803858,120.0,1244.0,9.32475884244373,116.0,1244.0,87.30025231286795,1038.0,1189.0,0.40192926045016075,5.0,1244.0,0.3215434083601286,4.0,1244.0,0.0,0.0,1244.0,37.70096463022508,469.0,1244.0,23.070739549839228,287.0,1244.0,19.533762057877812,243.0,1244.0,12.699747687132042,151.0,1189.0,0.0,0.0,1244.0
multiple_runs_DB_ModerateThreat_Series_20260501_231139.csv,multiple_runs_DB_ModerateThreat_Series_20260501_231139.csv,DB,Moderate adversity,13,1068.0,1193.0,0.2808988764044944,3.0,1068.0,11.797752808988763,126.0,1068.0,78.20620284995809,933.0,1193.0,0.09363295880149813,1.0,1068.0,0.8426966292134831,9.0,1068.0,0.2808988764044944,3.0,1068.0,44.00749063670412,470.0,1068.0,37.640449438202246,402.0,1068.0,5.056179775280898,54.0,1068.0,21.79379715004191,260.0,1193.0,0.0,0.0,1068.0
multiple_runs_DB_ModerateThreat_Series_20260501_231139.csv,multiple_runs_DB_ModerateThreat_Series_20260501_231139.csv,DB,Moderate adversity,14,1219.0,1186.0,7.875307629204266,96.0,1219.0,15.586546349466776,190.0,1219.0,84.40134907251264,1001.0,1186.0,0.2461033634126333,3.0,1219.0,0.0,0.0,1219.0,0.0,0.0,1219.0,34.20836751435603,417.0,1219.0,25.922887612797375,316.0,1219.0,16.16078753076292,197.0,1219.0,15.598650927487354,185.0,1186.0,0.0,0.0,1219.0
multiple_runs_DB_ModerateThreat_Series_20260501_231139.csv,multiple_runs_DB_ModerateThreat_Series_20260501_231139.csv,DB,Moderate adversity,15,1049.0,1205.0,0.19065776930409914,2.0,1049.0,12.202097235462345,128.0,1049.0,79.50207468879668,958.0,1205.0,0.0,0.0,1049.0,2.001906577693041,21.0,1049.0,0.7626310772163966,8.0,1049.0,43.94661582459485,461.0,1049.0,36.98760724499523,388.0,1049.0,3.9084842707340326,41.0,1049.0,20.497925311203318,247.0,1205.0,0.0,0.0,1049.0
multiple_runs_DB_ModerateThreat_Series_20260501_231139.csv,multiple_runs_DB_ModerateThreat_Series_20260501_231139.csv,DB,Moderate adversity,16,1296.0,1201.0,6.25,81.0,1296.0,17.438271604938272,226.0,1296.0,85.09575353871773,1022.0,1201.0,0.0,0.0,1296.0,0.0,0.0,1296.0,0.0,0.0,1296.0,38.19444444444444,495.0,1296.0,26.003086419753085,337.0,1296.0,12.114197530864198,157.0,1296.0,14.904246461282264,179.0,1201.0,0.0,0.0,1296.0
multiple_runs_DB_ModerateThreat_Series_20260501_231139.csv,multiple_runs_DB_ModerateThreat_Series_20260501_231139.csv,DB,Moderate adversity,17,1084.0,1199.0,11.808118081180812,128.0,1084.0,10.14760147601476,110.0,1084.0,87.90658882402002,1054.0,1199.0,0.09225092250922509,1.0,1084.0,0.09225092250922509,1.0,1084.0,0.09225092250922509,1.0,1084.0,33.48708487084871,363.0,1084.0,27.67527675276753,300.0,1084.0,16.605166051660518,180.0,1084.0,12.093411175979982,145.0,1199.0,0.0,0.0,1084.0
multiple_runs_DB_ModerateThreat_Series_20260501_231139.csv,multiple_runs_DB_ModerateThreat_Series_20260501_231139.csv,DB,Moderate adversity,18,1179.0,1203.0,1.1874469889737065,14.0,1179.0,32.99406276505513,389.0,1179.0,87.28179551122194,1050.0,1203.0,0.33927056827820185,4.0,1179.0,0.9329940627650551,11.0,1179.0,0.16963528413910092,2.0,1179.0,34.69041560644614,409.0,1179.0,28.413910093299403,335.0,1179.0,1.2722646310432568,15.0,1179.0,12.718204488778055,153.0,1203.0,0.0,0.0,1179.0
multiple_runs_DB_ModerateThreat_Series_20260501_231139.csv,multiple_runs_DB_ModerateThreat_Series_20260501_231139.csv,DB,Moderate adversity,19,1328.0,1204.0,7.756024096385543,103.0,1328.0,17.771084337349397,236.0,1328.0,81.64451827242524,983.0,1204.0,0.0,0.0,1328.0,0.0,0.0,1328.0,0.0,0.0,1328.0,39.081325301204814,519.0,1328.0,22.740963855421686,302.0,1328.0,12.650602409638553,168.0,1328.0,18.35548172757475,221.0,1204.0,0.0,0.0,1328.0
multiple_runs_DB_ModerateThreat_Series_20260501_231139.csv,multiple_runs_DB_ModerateThreat_Series_20260501_231139.csv,DB,Moderate adversity,20,1022.0,1201.0,0.5870841487279843,6.0,1022.0,10.371819960861057,106.0,1022.0,85.26228143213989,1024.0,1201.0,0.5870841487279843,6.0,1022.0,0.5870841487279843,6.0,1022.0,0.09784735812133072,1.0,1022.0,45.40117416829745,464.0,1022.0,40.60665362035225,415.0,1022.0,1.761252446183953,18.0,1022.0,14.737718567860117,177.0,1201.0,0.0,0.0,1022.0
multiple_runs_DB_ModerateThreat_Series_20260501_231139.csv,multiple_runs_DB_ModerateThreat_Series_20260501_231139.csv,DB,Moderate adversity,21,998.0,1193.0,1.903807615230461,19.0,998.0,16.33266533066132,163.0,998.0,85.75020955574183,1023.0,1193.0,0.0,0.0,998.0,3.2064128256513023,32.0,998.0,0.0,0.0,998.0,39.478957915831664,394.0,998.0,37.87575150300601,378.0,998.0,1.2024048096192386,12.0,998.0,14.249790444258172,170.0,1193.0,0.0,0.0,998.0
multiple_runs_DB_ModerateThreat_Series_20260501_231139.csv,multiple_runs_DB_ModerateThreat_Series_20260501_231139.csv,DB,Moderate adversity,22,815.0,1223.0,0.49079754601227,4.0,815.0,10.797546012269938,88.0,815.0,82.33851185609157,1007.0,1223.0,0.1226993865030675,1.0,815.0,0.0,0.0,815.0,0.1226993865030675,1.0,815.0,39.75460122699386,324.0,815.0,47.73006134969325,389.0,815.0,0.98159509202454,8.0,815.0,17.66148814390842,216.0,1223.0,0.0,0.0,815.0
multiple_runs_DB_ModerateThreat_Series_20260501_231139.csv,multiple_runs_DB_ModerateThreat_Series_20260501_231139.csv,DB,Moderate adversity,23,986.0,1187.0,1.6227180527383367,16.0,986.0,13.08316430020284,129.0,986.0,81.97135636057288,973.0,1187.0,0.3042596348884381,3.0,986.0,0.8113590263691683,8.0,986.0,0.3042596348884381,3.0,986.0,43.71196754563895,431.0,986.0,38.640973630831645,381.0,986.0,1.5212981744421907,15.0,986.0,18.028643639427127,214.0,1187.0,0.0,0.0,986.0
multiple_runs_DB_ModerateThreat_Series_20260501_231139.csv,multiple_runs_DB_ModerateThreat_Series_20260501_231139.csv,DB,Moderate adversity,24,861.0,1190.0,3.0197444831591174,26.0,861.0,9.291521486643438,80.0,861.0,84.36974789915966,1004.0,1190.0,0.11614401858304298,1.0,861.0,0.6968641114982579,6.0,861.0,0.8130081300813009,7.0,861.0,43.08943089430895,371.0,861.0,39.60511033681765,341.0,861.0,3.368176538908246,29.0,861.0,15.630252100840336,186.0,1190.0,0.0,0.0,861.0
multiple_runs_DB_ModerateThreat_Series_20260501_231139.csv,multiple_runs_DB_ModerateThreat_Series_20260501_231139.csv,DB,Moderate adversity,25,992.0,1169.0,0.5040322580645161,5.0,992.0,10.383064516129032,103.0,992.0,88.366124893071,1033.0,1169.0,0.4032258064516129,4.0,992.0,1.411290322580645,14.0,992.0,0.0,0.0,992.0,45.66532258064516,453.0,992.0,39.41532258064516,391.0,992.0,2.217741935483871,22.0,992.0,11.633875106928999,136.0,1169.0,0.0,0.0,992.0
multiple_runs_DB_ModerateThreat_Series_20260501_231139.csv,multiple_runs_DB_ModerateThreat_Series_20260501_231139.csv,DB,Moderate adversity,26,1206.0,1192.0,9.78441127694859,118.0,1206.0,7.462686567164178,90.0,1206.0,88.42281879194631,1054.0,1192.0,0.0,0.0,1206.0,0.0,0.0,1206.0,0.16583747927031509,2.0,1206.0,33.582089552238806,405.0,1206.0,22.968490878938642,277.0,1206.0,26.036484245439468,314.0,1206.0,11.577181208053691,138.0,1192.0,0.0,0.0,1206.0
multiple_runs_DB_ModerateThreat_Series_20260501_231139.csv,multiple_runs_DB_ModerateThreat_Series_20260501_231139.csv,DB,Moderate adversity,27,1125.0,1195.0,9.955555555555556,112.0,1125.0,13.777777777777779,155.0,1125.0,91.71548117154812,1096.0,1195.0,0.0,0.0,1125.0,0.0,0.0,1125.0,0.0,0.0,1125.0,32.0,360.0,1125.0,24.444444444444443,275.0,1125.0,19.822222222222223,223.0,1125.0,8.284518828451883,99.0,1195.0,0.0,0.0,1125.0
multiple_runs_DB_ModerateThreat_Series_20260501_231139.csv,multiple_runs_DB_ModerateThreat_Series_20260501_231139.csv,DB,Moderate adversity,28,1268.0,1209.0,7.965299684542587,101.0,1268.0,13.170347003154575,167.0,1268.0,84.28453267162944,1019.0,1209.0,0.0,0.0,1268.0,0.31545741324921134,4.0,1268.0,0.0,0.0,1268.0,36.67192429022082,465.0,1268.0,21.92429022082019,278.0,1268.0,19.952681388012618,253.0,1268.0,15.715467328370556,190.0,1209.0,0.0,0.0,1268.0
multiple_runs_DB_ModerateThreat_Series_20260501_231139.csv,multiple_runs_DB_ModerateThreat_Series_20260501_231139.csv,DB,Moderate adversity,29,1115.0,1180.0,0.17937219730941703,2.0,1115.0,21.524663677130047,240.0,1115.0,77.20338983050847,911.0,1180.0,0.0,0.0,1115.0,1.0762331838565022,12.0,1115.0,0.08968609865470852,1.0,1115.0,40.80717488789238,455.0,1115.0,34.34977578475336,383.0,1115.0,1.9730941704035874,22.0,1115.0,22.796610169491522,269.0,1180.0,0.0,0.0,1115.0
multiple_runs_DB_ModerateThreat_Series_20260501_231139.csv,multiple_runs_DB_ModerateThreat_Series_20260501_231139.csv,DB,Moderate adversity,30,1192.0,1191.0,9.479865771812081,113.0,1192.0,16.44295302013423,196.0,1192.0,83.54324097397145,995.0,1191.0,0.0,0.0,1192.0,0.16778523489932887,2.0,1192.0,0.0,0.0,1192.0,34.56375838926174,412.0,1192.0,20.63758389261745,246.0,1192.0,18.70805369127517,223.0,1192.0,16.456759026028546,196.0,1191.0,0.0,0.0,1192.0
multiple_runs_DB_ModerateThreat_Series_20260501_231139.csv,multiple_runs_DB_ModerateThreat_Series_20260501_231139.csv,DB,Moderate adversity,31,1340.0,1211.0,9.17910447761194,123.0,1340.0,16.940298507462686,227.0,1340.0,83.3195706028076,1009.0,1211.0,0.0,0.0,1340.0,0.0,0.0,1340.0,0.0,0.0,1340.0,41.865671641791046,561.0,1340.0,20.149253731343283,270.0,1340.0,11.865671641791046,159.0,1340.0,16.680429397192402,202.0,1211.0,0.0,0.0,1340.0
multiple_runs_DB_ModerateThreat_Series_20260501_231139.csv,multiple_runs_DB_ModerateThreat_Series_20260501_231139.csv,DB,Moderate adversity,32,1207.0,1199.0,0.16570008285004142,2.0,1207.0,18.972659486329743,229.0,1207.0,80.56713928273561,966.0,1199.0,0.24855012427506215,3.0,1207.0,1.9055509527754766,23.0,1207.0,0.0,0.0,1207.0,40.927920463960234,494.0,1207.0,33.30571665285832,402.0,1207.0,4.473902236951118,54.0,1207.0,19.432860717264386,233.0,1199.0,0.0,0.0,1207.0
multiple_runs_DB_ModerateThreat_Series_20260501_231139.csv,multiple_runs_DB_ModerateThreat_Series_20260501_231139.csv,DB,Moderate adversity,33,1034.0,1199.0,17.311411992263057,179.0,1034.0,4.448742746615087,46.0,1034.0,93.07756463719767,1116.0,1199.0,0.2901353965183753,3.0,1034.0,0.2901353965183753,3.0,1034.0,0.09671179883945842,1.0,1034.0,25.822050290135394,267.0,1034.0,19.922630560928432,206.0,1034.0,31.818181818181817,329.0,1034.0,6.922435362802336,83.0,1199.0,0.0,0.0,1034.0
multiple_runs_DB_ModerateThreat_Series_20260501_231139.csv,multiple_runs_DB_ModerateThreat_Series_20260501_231139.csv,DB,Moderate adversity,34,1270.0,1184.0,0.7874015748031495,10.0,1270.0,29.448818897637796,374.0,1270.0,80.15202702702703,949.0,1184.0,0.07874015748031496,1.0,1270.0,1.1023622047244095,14.0,1270.0,0.39370078740157477,5.0,1270.0,37.08661417322834,471.0,1270.0,30.393700787401574,386.0,1270.0,0.7086614173228346,9.0,1270.0,19.847972972972975,235.0,1184.0,0.0,0.0,1270.0
multiple_runs_DB_ModerateThreat_Series_20260501_231139.csv,multiple_runs_DB_ModerateThreat_Series_20260501_231139.csv,DB,Moderate adversity,35,1086.0,1197.0,10.220994475138122,111.0,1086.0,20.257826887661142,220.0,1086.0,88.30409356725146,1057.0,1197.0,0.09208103130755065,1.0,1086.0,0.2762430939226519,3.0,1086.0,0.0,0.0,1086.0,29.55801104972376,321.0,1086.0,23.756906077348066,258.0,1086.0,15.837937384898712,172.0,1086.0,11.695906432748536,140.0,1197.0,0.0,0.0,1086.0
multiple_runs_DB_ModerateThreat_Series_20260501_231139.csv,multiple_runs_DB_ModerateThreat_Series_20260501_231139.csv,DB,Moderate adversity,36,903.0,1188.0,0.0,0.0,903.0,13.732004429678849,124.0,903.0,76.0942760942761,904.0,1188.0,0.6644518272425249,6.0,903.0,1.2181616832779625,11.0,903.0,0.22148394241417496,2.0,903.0,37.87375415282392,342.0,903.0,44.18604651162791,399.0,903.0,2.104097452934662,19.0,903.0,23.905723905723907,284.0,1188.0,0.0,0.0,903.0
multiple_runs_DB_ModerateThreat_Series_20260501_231139.csv,multiple_runs_DB_ModerateThreat_Series_20260501_231139.csv,DB,Moderate adversity,37,929.0,1202.0,26.04951560818084,242.0,929.0,2.4757804090419806,23.0,929.0,90.68219633943427,1090.0,1202.0,0.0,0.0,929.0,0.4305705059203444,4.0,929.0,0.0,0.0,929.0,16.89989235737352,157.0,929.0,15.069967707212056,140.0,929.0,39.07427341227126,363.0,929.0,9.317803660565724,112.0,1202.0,0.0,0.0,929.0
multiple_runs_DB_ModerateThreat_Series_20260501_231139.csv,multiple_runs_DB_ModerateThreat_Series_20260501_231139.csv,DB,Moderate adversity,38,932.0,1194.0,4.6137339055794,43.0,932.0,10.515021459227468,98.0,932.0,86.09715242881072,1028.0,1194.0,0.3218884120171674,3.0,932.0,2.2532188841201717,21.0,932.0,0.0,0.0,932.0,42.81115879828326,399.0,932.0,38.30472103004292,357.0,932.0,1.1802575107296138,11.0,932.0,13.90284757118928,166.0,1194.0,0.0,0.0,932.0
multiple_runs_DB_ModerateThreat_Series_20260501_231139.csv,multiple_runs_DB_ModerateThreat_Series_20260501_231139.csv,DB,Moderate adversity,39,992.0,1197.0,28.326612903225808,281.0,992.0,1.1088709677419355,11.0,992.0,92.81537176274018,1111.0,1197.0,0.10080645161290322,1.0,992.0,0.7056451612903225,7.0,992.0,0.0,0.0,992.0,21.774193548387096,216.0,992.0,7.459677419354839,74.0,992.0,40.524193548387096,402.0,992.0,7.184628237259815,86.0,1197.0,0.0,0.0,992.0
multiple_runs_DB_ModerateThreat_Series_20260501_231139.csv,multiple_runs_DB_ModerateThreat_Series_20260501_231139.csv,DB,Moderate adversity,40,1085.0,1209.0,0.5529953917050692,6.0,1085.0,13.179723502304148,143.0,1085.0,81.38957816377172,984.0,1209.0,0.4608294930875576,5.0,1085.0,1.3824884792626728,15.0,1085.0,0.2764976958525346,3.0,1085.0,45.52995391705069,494.0,1085.0,36.774193548387096,399.0,1085.0,1.8433179723502304,20.0,1085.0,18.610421836228287,225.0,1209.0,0.0,0.0,1085.0
multiple_runs_DB_ModerateThreat_Series_20260501_231139.csv,multiple_runs_DB_ModerateThreat_Series_20260501_231139.csv,DB,Moderate adversity,41,985.0,1200.0,2.030456852791878,20.0,985.0,17.461928934010153,172.0,985.0,84.58333333333333,1015.0,1200.0,0.40609137055837563,4.0,985.0,1.6243654822335025,16.0,985.0,0.0,0.0,985.0,39.390862944162436,388.0,985.0,36.44670050761422,359.0,985.0,2.6395939086294415,26.0,985.0,15.416666666666668,185.0,1200.0,0.0,0.0,985.0
multiple_runs_DB_ModerateThreat_Series_20260501_231139.csv,multiple_runs_DB_ModerateThreat_Series_20260501_231139.csv,DB,Moderate adversity,42,914.0,1186.0,2.954048140043764,27.0,914.0,10.393873085339168,95.0,914.0,79.0893760539629,938.0,1186.0,0.437636761487965,4.0,914.0,1.6411378555798686,15.0,914.0,0.0,0.0,914.0,43.32603938730853,396.0,914.0,38.949671772428886,356.0,914.0,2.297592997811816,21.0,914.0,20.9106239460371,248.0,1186.0,0.0,0.0,914.0
multiple_runs_DB_ModerateThreat_Series_20260501_231139.csv,multiple_runs_DB_ModerateThreat_Series_20260501_231139.csv,DB,Moderate adversity,43,929.0,1196.0,20.775026910656617,193.0,929.0,3.229278794402583,30.0,929.0,90.55183946488295,1083.0,1196.0,0.0,0.0,929.0,0.2152852529601722,2.0,929.0,0.0,0.0,929.0,23.78902045209903,221.0,929.0,18.729817007534987,174.0,929.0,33.26157158234661,309.0,929.0,9.448160535117058,113.0,1196.0,0.0,0.0,929.0
multiple_runs_DB_ModerateThreat_Series_20260501_231139.csv,multiple_runs_DB_ModerateThreat_Series_20260501_231139.csv,DB,Moderate adversity,44,1196.0,1190.0,2.842809364548495,34.0,1196.0,25.501672240802677,305.0,1196.0,88.40336134453781,1052.0,1190.0,0.16722408026755853,2.0,1196.0,0.919732441471572,11.0,1196.0,0.5016722408026756,6.0,1196.0,36.95652173913043,442.0,1196.0,30.76923076923077,368.0,1196.0,2.341137123745819,28.0,1196.0,11.596638655462185,138.0,1190.0,0.0,0.0,1196.0
multiple_runs_DB_ModerateThreat_Series_20260501_231139.csv,multiple_runs_DB_ModerateThreat_Series_20260501_231139.csv,DB,Moderate adversity,45,1011.0,1213.0,21.958456973293767,222.0,1011.0,2.472799208704253,25.0,1011.0,88.70568837592745,1076.0,1213.0,0.09891196834817012,1.0,1011.0,0.4945598417408506,5.0,1011.0,0.09891196834817012,1.0,1011.0,23.24431256181998,235.0,1011.0,14.737883283877348,149.0,1011.0,36.894164193867454,373.0,1011.0,11.294311624072547,137.0,1213.0,0.0,0.0,1011.0
multiple_runs_DB_ModerateThreat_Series_20260501_231139.csv,multiple_runs_DB_ModerateThreat_Series_20260501_231139.csv,DB,Moderate adversity,46,1355.0,1223.0,0.44280442804428044,6.0,1355.0,25.682656826568266,348.0,1355.0,83.40147179067866,1020.0,1223.0,0.2952029520295203,4.0,1355.0,1.5498154981549817,21.0,1355.0,0.07380073800738007,1.0,1355.0,40.51660516605166,549.0,1355.0,29.88929889298893,405.0,1355.0,1.5498154981549817,21.0,1355.0,16.59852820932134,203.0,1223.0,0.0,0.0,1355.0
multiple_runs_DB_ModerateThreat_Series_20260501_231139.csv,multiple_runs_DB_ModerateThreat_Series_20260501_231139.csv,DB,Moderate adversity,47,1237.0,1199.0,2.5869037995149555,32.0,1237.0,19.48261924009701,241.0,1237.0,86.98915763135948,1043.0,1199.0,0.0,0.0,1237.0,0.40420371867421184,5.0,1237.0,0.0,0.0,1237.0,36.135812449474535,447.0,1237.0,29.264349232012936,362.0,1237.0,12.126111560226354,150.0,1237.0,13.010842368640535,156.0,1199.0,0.0,0.0,1237.0
multiple_runs_DB_ModerateThreat_Series_20260501_231139.csv,multiple_runs_DB_ModerateThreat_Series_20260501_231139.csv,DB,Moderate adversity,48,1107.0,1187.0,0.9033423667570009,10.0,1107.0,11.833785004516711,131.0,1107.0,92.16512215669755,1094.0,1187.0,0.0,0.0,1107.0,1.2646793134598013,14.0,1107.0,0.0,0.0,1107.0,39.656729900632335,439.0,1107.0,33.78500451671184,374.0,1107.0,12.556458897922312,139.0,1107.0,7.834877843302443,93.0,1187.0,0.0,0.0,1107.0
multiple_runs_DB_ModerateThreat_Series_20260501_231139.csv,multiple_runs_DB_ModerateThreat_Series_20260501_231139.csv,DB,Moderate adversity,49,1122.0,1201.0,2.13903743315508,24.0,1122.0,12.299465240641712,138.0,1122.0,82.9308909242298,996.0,1201.0,0.6238859180035651,7.0,1122.0,0.4456327985739751,5.0,1122.0,0.0,0.0,1122.0,49.10873440285205,551.0,1122.0,33.60071301247772,377.0,1122.0,1.7825311942959003,20.0,1122.0,17.069109075770193,205.0,1201.0,0.0,0.0,1122.0
multiple_runs_DB_ModerateThreat_Series_20260501_231139.csv,multiple_runs_DB_ModerateThreat_Series_20260501_231139.csv,DB,Moderate adversity,50,986.0,1212.0,25.862068965517242,255.0,986.0,4.056795131845842,40.0,986.0,91.006600660066,1103.0,1212.0,0.0,0.0,986.0,0.7099391480730223,7.0,986.0,0.0,0.0,986.0,19.878296146044626,196.0,986.0,14.198782961460447,140.0,986.0,35.294117647058826,348.0,986.0,8.993399339933994,109.0,1212.0,0.0,0.0,986.0
multiple_runs_DB_ModerateThreat_Series_20260501_231139.csv,multiple_runs_DB_ModerateThreat_Series_20260501_231139.csv,DB,Moderate adversity,51,1055.0,1205.0,1.3270142180094786,14.0,1055.0,7.393364928909953,78.0,1055.0,81.16182572614107,978.0,1205.0,0.09478672985781991,1.0,1055.0,2.2748815165876777,24.0,1055.0,1.3270142180094786,14.0,1055.0,43.317535545023695,457.0,1055.0,35.73459715639811,377.0,1055.0,8.530805687203792,90.0,1055.0,18.83817427385892,227.0,1205.0,0.0,0.0,1055.0
multiple_runs_DB_ModerateThreat_Series_20260501_231139.csv,multiple_runs_DB_ModerateThreat_Series_20260501_231139.csv,DB,Moderate adversity,52,1054.0,1207.0,19.25996204933586,203.0,1054.0,3.320683111954459,35.0,1054.0,90.96934548467274,1098.0,1207.0,0.09487666034155598,1.0,1054.0,0.6641366223908919,7.0,1054.0,0.18975332068311196,2.0,1054.0,22.58064516129032,238.0,1054.0,19.35483870967742,204.0,1054.0,34.53510436432637,364.0,1054.0,9.030654515327258,109.0,1207.0,0.0,0.0,1054.0
multiple_runs_DB_ModerateThreat_Series_20260501_231139.csv,multiple_runs_DB_ModerateThreat_Series_20260501_231139.csv,DB,Moderate adversity,53,1321.0,1197.0,10.068130204390613,133.0,1321.0,21.42316426949281,283.0,1321.0,82.37259816207184,986.0,1197.0,0.0,0.0,1321.0,0.0,0.0,1321.0,0.0,0.0,1321.0,38.38001514004542,507.0,1321.0,20.96896290688872,277.0,1321.0,9.159727479182438,121.0,1321.0,17.627401837928154,211.0,1197.0,0.0,0.0,1321.0
multiple_runs_DB_ModerateThreat_Series_20260501_231139.csv,multiple_runs_DB_ModerateThreat_Series_20260501_231139.csv,DB,Moderate adversity,54,908.0,1205.0,0.881057268722467,8.0,908.0,10.682819383259911,97.0,908.0,77.92531120331951,939.0,1205.0,0.3303964757709251,3.0,908.0,0.4405286343612335,4.0,908.0,0.0,0.0,908.0,43.942731277533035,399.0,908.0,42.841409691629956,389.0,908.0,0.881057268722467,8.0,908.0,22.074688796680498,266.0,1205.0,0.0,0.0,908.0
multiple_runs_DB_ModerateThreat_Series_20260501_231139.csv,multiple_runs_DB_ModerateThreat_Series_20260501_231139.csv,DB,Moderate adversity,55,1155.0,1186.0,0.8658008658008658,10.0,1155.0,25.887445887445885,299.0,1155.0,94.68802698145026,1123.0,1186.0,0.08658008658008658,1.0,1155.0,1.9047619047619049,22.0,1155.0,0.0,0.0,1155.0,38.18181818181819,441.0,1155.0,30.562770562770563,353.0,1155.0,2.5108225108225106,29.0,1155.0,5.311973018549747,63.0,1186.0,0.0,0.0,1155.0
multiple_runs_DB_ModerateThreat_Series_20260501_231139.csv,multiple_runs_DB_ModerateThreat_Series_20260501_231139.csv,DB,Moderate adversity,56,1168.0,1208.0,0.17123287671232876,2.0,1168.0,18.493150684931507,216.0,1168.0,82.53311258278146,997.0,1208.0,0.3424657534246575,4.0,1168.0,1.36986301369863,16.0,1168.0,0.08561643835616438,1.0,1168.0,44.00684931506849,514.0,1168.0,33.30479452054795,389.0,1168.0,2.2260273972602738,26.0,1168.0,17.466887417218544,211.0,1208.0,0.0,0.0,1168.0
multiple_runs_DB_ModerateThreat_Series_20260501_231139.csv,multiple_runs_DB_ModerateThreat_Series_20260501_231139.csv,DB,Moderate adversity,57,1513.0,1215.0,0.0,0.0,1513.0,26.96629213483146,408.0,1513.0,88.3127572016461,1073.0,1215.0,0.0,0.0,1513.0,0.06609385327164573,1.0,1513.0,0.0,0.0,1513.0,46.72835426305353,707.0,1513.0,26.17316589557171,396.0,1513.0,0.06609385327164573,1.0,1513.0,11.68724279835391,142.0,1215.0,0.0,0.0,1513.0
multiple_runs_DB_ModerateThreat_Series_20260501_231139.csv,multiple_runs_DB_ModerateThreat_Series_20260501_231139.csv,DB,Moderate adversity,58,968.0,1195.0,0.7231404958677686,7.0,968.0,10.433884297520661,101.0,968.0,83.68200836820083,1000.0,1195.0,0.4132231404958678,4.0,968.0,0.0,0.0,968.0,0.4132231404958678,4.0,968.0,45.24793388429752,438.0,968.0,41.942148760330575,406.0,968.0,0.8264462809917356,8.0,968.0,16.317991631799163,195.0,1195.0,0.0,0.0,968.0
multiple_runs_DB_ModerateThreat_Series_20260501_231139.csv,multiple_runs_DB_ModerateThreat_Series_20260501_231139.csv,DB,Moderate adversity,59,1232.0,1204.0,4.545454545454546,56.0,1232.0,28.165584415584416,347.0,1232.0,90.28239202657808,1087.0,1204.0,0.16233766233766234,2.0,1232.0,1.5422077922077921,19.0,1232.0,0.0,0.0,1232.0,34.57792207792208,426.0,1232.0,27.5974025974026,340.0,1232.0,3.4090909090909087,42.0,1232.0,9.717607973421927,117.0,1204.0,0.0,0.0,1232.0
multiple_runs_DB_ModerateThreat_Series_20260501_231139.csv,multiple_runs_DB_ModerateThreat_Series_20260501_231139.csv,DB,Moderate adversity,60,709.0,715.0,2.6798307475317347,19.0,709.0,18.61777150916784,132.0,709.0,96.0839160839161,687.0,715.0,0.2820874471086037,2.0,709.0,0.0,0.0,709.0,0.0,0.0,709.0,41.04372355430183,291.0,709.0,29.196050775740478,207.0,709.0,8.180535966149506,58.0,709.0,3.9160839160839163,28.0,715.0,0.0,0.0,709.0
multiple_runs_DB_ModerateThreat_Series_20260501_231139.csv,multiple_runs_DB_ModerateThreat_Series_20260501_231139.csv,DB,Moderate adversity,61,1239.0,1196.0,0.0,0.0,1239.0,30.347054075867636,376.0,1239.0,77.4247491638796,926.0,1196.0,0.16142050040355124,2.0,1239.0,0.645682001614205,8.0,1239.0,0.0,0.0,1239.0,36.40032284100081,451.0,1239.0,30.83131557707829,382.0,1239.0,1.6142050040355123,20.0,1239.0,22.5752508361204,270.0,1196.0,0.0,0.0,1239.0
multiple_runs_DB_ModerateThreat_Series_20260501_231139.csv,multiple_runs_DB_ModerateThreat_Series_20260501_231139.csv,DB,Moderate adversity,62,1124.0,1203.0,0.3558718861209964,4.0,1124.0,13.167259786476867,148.0,1124.0,84.03990024937656,1011.0,1203.0,0.3558718861209964,4.0,1124.0,2.135231316725979,24.0,1124.0,0.0,0.0,1124.0,44.661921708185055,502.0,1124.0,36.56583629893239,411.0,1124.0,2.7580071174377228,31.0,1124.0,15.96009975062344,192.0,1203.0,0.0,0.0,1124.0
multiple_runs_DB_ModerateThreat_Series_20260501_231139.csv,multiple_runs_DB_ModerateThreat_Series_20260501_231139.csv,DB,Moderate adversity,63,1229.0,1195.0,3.6615134255492268,45.0,1229.0,27.827502034174124,342.0,1229.0,89.6234309623431,1071.0,1195.0,0.40683482506102525,5.0,1229.0,1.545972335231896,19.0,1229.0,0.24410089503661514,3.0,1229.0,35.313262815296994,434.0,1229.0,27.827502034174124,342.0,1229.0,3.173311635475997,39.0,1229.0,10.376569037656903,124.0,1195.0,0.0,0.0,1229.0
multiple_runs_DB_ModerateThreat_Series_20260501_231139.csv,multiple_runs_DB_ModerateThreat_Series_20260501_231139.csv,DB,Moderate adversity,64,1261.0,1213.0,0.0,0.0,1261.0,27.12133227597145,342.0,1261.0,84.58367683429515,1026.0,1213.0,0.0,0.0,1261.0,0.9516256938937351,12.0,1261.0,0.0,0.0,1261.0,37.272006344171295,470.0,1261.0,32.27597145122918,407.0,1261.0,2.379064234734338,30.0,1261.0,15.416323165704865,187.0,1213.0,0.0,0.0,1261.0
multiple_runs_DB_ModerateThreat_Series_20260501_231139.csv,multiple_runs_DB_ModerateThreat_Series_20260501_231139.csv,DB,Moderate adversity,65,1105.0,1227.0,9.864253393665159,109.0,1105.0,7.782805429864253,86.0,1105.0,85.6560717196414,1051.0,1227.0,0.36199095022624433,4.0,1105.0,1.085972850678733,12.0,1105.0,0.09049773755656108,1.0,1105.0,38.91402714932127,430.0,1105.0,29.502262443438916,326.0,1105.0,12.39819004524887,137.0,1105.0,14.343928280358597,176.0,1227.0,0.0,0.0,1105.0
multiple_runs_DB_ModerateThreat_Series_20260501_231139.csv,multiple_runs_DB_ModerateThreat_Series_20260501_231139.csv,DB,Moderate adversity,66,1475.0,1207.0,0.0,0.0,1475.0,26.71186440677966,394.0,1475.0,83.26429163214581,1005.0,1207.0,0.0,0.0,1475.0,0.13559322033898305,2.0,1475.0,0.0,0.0,1475.0,46.847457627118644,691.0,1475.0,25.898305084745765,382.0,1475.0,0.4067796610169492,6.0,1475.0,16.735708367854187,202.0,1207.0,0.0,0.0,1475.0
multiple_runs_DB_ModerateThreat_Series_20260501_231139.csv,multiple_runs_DB_ModerateThreat_Series_20260501_231139.csv,DB,Moderate adversity,67,893.0,1209.0,22.84434490481523,204.0,893.0,2.9115341545352744,26.0,893.0,93.71381306865177,1133.0,1209.0,0.33594624860022393,3.0,893.0,0.22396416573348266,2.0,893.0,0.0,0.0,893.0,23.516237402015676,210.0,893.0,19.48488241881299,174.0,893.0,30.68309070548712,274.0,893.0,6.2861869313482215,76.0,1209.0,0.0,0.0,893.0
multiple_runs_DB_ModerateThreat_Series_20260501_231139.csv,multiple_runs_DB_ModerateThreat_Series_20260501_231139.csv,DB,Moderate adversity,68,1092.0,1207.0,15.567765567765568,170.0,1092.0,5.128205128205128,56.0,1092.0,90.05799502899751,1087.0,1207.0,0.09157509157509157,1.0,1092.0,0.4578754578754579,5.0,1092.0,0.0,0.0,1092.0,28.021978021978022,306.0,1092.0,20.78754578754579,227.0,1092.0,29.945054945054945,327.0,1092.0,9.942004971002486,120.0,1207.0,0.0,0.0,1092.0
multiple_runs_DB_ModerateThreat_Series_20260501_231139.csv,multiple_runs_DB_ModerateThreat_Series_20260501_231139.csv,DB,Moderate adversity,69,1221.0,1208.0,7.0434070434070435,86.0,1221.0,8.763308763308764,107.0,1221.0,88.65894039735099,1071.0,1208.0,0.0,0.0,1221.0,0.6552006552006553,8.0,1221.0,0.0,0.0,1221.0,35.38083538083538,432.0,1221.0,25.552825552825553,312.0,1221.0,22.604422604422606,276.0,1221.0,11.341059602649006,137.0,1208.0,0.0,0.0,1221.0
multiple_runs_DB_ModerateThreat_Series_20260501_231139.csv,multiple_runs_DB_ModerateThreat_Series_20260501_231139.csv,DB,Moderate adversity,70,970.0,1194.0,0.6185567010309279,6.0,970.0,13.195876288659795,128.0,970.0,82.74706867671692,988.0,1194.0,0.0,0.0,970.0,2.268041237113402,22.0,970.0,0.2061855670103093,2.0,970.0,39.79381443298969,386.0,970.0,41.340206185567006,401.0,970.0,2.5773195876288657,25.0,970.0,17.252931323283082,206.0,1194.0,0.0,0.0,970.0
multiple_runs_DB_ModerateThreat_Series_20260501_231139.csv,multiple_runs_DB_ModerateThreat_Series_20260501_231139.csv,DB,Moderate adversity,71,1287.0,1192.0,0.0,0.0,1287.0,28.593628593628594,368.0,1287.0,76.1744966442953,908.0,1192.0,0.1554001554001554,2.0,1287.0,1.2432012432012431,16.0,1287.0,0.0,0.0,1287.0,36.90753690753691,475.0,1287.0,31.934731934731936,411.0,1287.0,1.1655011655011656,15.0,1287.0,23.825503355704697,284.0,1192.0,0.0,0.0,1287.0
multiple_runs_DB_ModerateThreat_Series_20260501_231139.csv,multiple_runs_DB_ModerateThreat_Series_20260501_231139.csv,DB,Moderate adversity,72,1224.0,1196.0,2.042483660130719,25.0,1224.0,29.248366013071898,358.0,1224.0,86.45484949832776,1034.0,1196.0,0.49019607843137253,6.0,1224.0,1.0620915032679739,13.0,1224.0,0.16339869281045752,2.0,1224.0,36.76470588235294,450.0,1224.0,28.34967320261438,347.0,1224.0,1.8790849673202614,23.0,1224.0,13.54515050167224,162.0,1196.0,0.0,0.0,1224.0
multiple_runs_DB_ModerateThreat_Series_20260501_231139.csv,multiple_runs_DB_ModerateThreat_Series_20260501_231139.csv,DB,Moderate adversity,73,1157.0,1214.0,0.34572169403630076,4.0,1157.0,12.791702679343128,148.0,1157.0,85.667215815486,1040.0,1214.0,0.34572169403630076,4.0,1157.0,1.9878997407087293,23.0,1157.0,0.0,0.0,1157.0,49.00605012964564,567.0,1157.0,33.4485738980121,387.0,1157.0,2.0743301642178045,24.0,1157.0,14.332784184514002,174.0,1214.0,0.0,0.0,1157.0
multiple_runs_DB_ModerateThreat_Series_20260501_231139.csv,multiple_runs_DB_ModerateThreat_Series_20260501_231139.csv,DB,Moderate adversity,74,924.0,1203.0,12.337662337662337,114.0,924.0,14.285714285714285,132.0,924.0,88.4455527847049,1064.0,1203.0,0.5411255411255411,5.0,924.0,0.0,0.0,924.0,0.0,0.0,924.0,37.22943722943723,344.0,924.0,34.090909090909086,315.0,924.0,1.5151515151515151,14.0,924.0,11.554447215295095,139.0,1203.0,0.0,0.0,924.0
multiple_runs_DB_ModerateThreat_Series_20260501_231139.csv,multiple_runs_DB_ModerateThreat_Series_20260501_231139.csv,DB,Moderate adversity,75,1037.0,1191.0,21.11861137897782,219.0,1037.0,4.725168756027001,49.0,1037.0,92.35936188077247,1100.0,1191.0,0.0,0.0,1037.0,0.0,0.0,1037.0,0.6750241080038573,7.0,1037.0,25.940212150433943,269.0,1037.0,18.418514946962393,191.0,1037.0,29.122468659594986,302.0,1037.0,7.64063811922754,91.0,1191.0,0.0,0.0,1037.0
multiple_runs_DB_ModerateThreat_Series_20260501_231139.csv,multiple_runs_DB_ModerateThreat_Series_20260501_231139.csv,DB,Moderate adversity,76,1303.0,1188.0,6.753645433614736,88.0,1303.0,16.88411358403684,220.0,1303.0,81.06060606060606,963.0,1188.0,0.0,0.0,1303.0,0.38372985418265537,5.0,1303.0,0.0,0.0,1303.0,41.90330007674597,546.0,1303.0,23.100537221795854,301.0,1303.0,10.974673829623944,143.0,1303.0,18.939393939393938,225.0,1188.0,0.0,0.0,1303.0
multiple_runs_DB_ModerateThreat_Series_20260501_231139.csv,multiple_runs_DB_ModerateThreat_Series_20260501_231139.csv,DB,Moderate adversity,77,1006.0,1202.0,0.0,0.0,1006.0,17.992047713717692,181.0,1006.0,76.28951747088186,917.0,1202.0,0.5964214711729622,6.0,1006.0,1.4910536779324055,15.0,1006.0,0.4970178926441352,5.0,1006.0,40.656063618290254,409.0,1006.0,36.779324055666,370.0,1006.0,1.9880715705765408,20.0,1006.0,23.71048252911814,285.0,1202.0,0.0,0.0,1006.0
multiple_runs_DB_ModerateThreat_Series_20260501_231139.csv,multiple_runs_DB_ModerateThreat_Series_20260501_231139.csv,DB,Moderate adversity,78,1142.0,1219.0,3.327495621716287,38.0,1142.0,18.126094570928196,207.0,1142.0,89.58162428219852,1092.0,1219.0,0.7880910683012259,9.0,1142.0,0.9632224168126094,11.0,1142.0,0.2626970227670753,3.0,1142.0,40.10507880910683,458.0,1142.0,32.66199649737303,373.0,1142.0,3.7653239929947455,43.0,1142.0,10.418375717801478,127.0,1219.0,0.0,0.0,1142.0
multiple_runs_DB_ModerateThreat_Series_20260501_231139.csv,multiple_runs_DB_ModerateThreat_Series_20260501_231139.csv,DB,Moderate adversity,79,1348.0,1210.0,9.124629080118694,123.0,1348.0,15.949554896142434,215.0,1348.0,86.03305785123968,1041.0,1210.0,0.1483679525222552,2.0,1348.0,0.0741839762611276,1.0,1348.0,0.0,0.0,1348.0,39.762611275964396,536.0,1348.0,21.290801186943618,287.0,1348.0,13.649851632047477,184.0,1348.0,13.966942148760332,169.0,1210.0,0.0,0.0,1348.0
multiple_runs_DB_ModerateThreat_Series_20260501_231139.csv,multiple_runs_DB_ModerateThreat_Series_20260501_231139.csv,DB,Moderate adversity,80,1073.0,1206.0,2.7958993476234855,30.0,1073.0,15.563839701770737,167.0,1073.0,82.75290215588723,998.0,1206.0,0.65237651444548,7.0,1073.0,1.211556383970177,13.0,1073.0,0.27958993476234856,3.0,1073.0,44.920782851817336,482.0,1073.0,33.92357875116495,364.0,1073.0,0.65237651444548,7.0,1073.0,17.24709784411277,208.0,1206.0,0.0,0.0,1073.0
multiple_runs_DB_ModerateThreat_Series_20260501_231139.csv,multiple_runs_DB_ModerateThreat_Series_20260501_231139.csv,DB,Moderate adversity,81,980.0,1192.0,11.938775510204081,117.0,980.0,7.857142857142857,77.0,980.0,86.99664429530202,1037.0,1192.0,0.0,0.0,980.0,0.0,0.0,980.0,0.0,0.0,980.0,35.51020408163265,348.0,980.0,30.102040816326532,295.0,980.0,14.591836734693878,143.0,980.0,13.003355704697986,155.0,1192.0,0.0,0.0,980.0
multiple_runs_DB_ModerateThreat_Series_20260501_231139.csv,multiple_runs_DB_ModerateThreat_Series_20260501_231139.csv,DB,Moderate adversity,82,1115.0,1197.0,0.5381165919282511,6.0,1115.0,7.174887892376682,80.0,1115.0,91.64578111946533,1097.0,1197.0,0.35874439461883406,4.0,1115.0,0.0,0.0,1115.0,0.26905829596412556,3.0,1115.0,41.34529147982063,461.0,1115.0,36.233183856502244,404.0,1115.0,14.080717488789238,157.0,1115.0,8.35421888053467,100.0,1197.0,0.0,0.0,1115.0
multiple_runs_DB_ModerateThreat_Series_20260501_231139.csv,multiple_runs_DB_ModerateThreat_Series_20260501_231139.csv,DB,Moderate adversity,83,1225.0,1208.0,0.0816326530612245,1.0,1225.0,29.06122448979592,356.0,1225.0,84.85099337748345,1025.0,1208.0,0.0,0.0,1225.0,0.9795918367346939,12.0,1225.0,0.0,0.0,1225.0,36.816326530612244,451.0,1225.0,31.591836734693878,387.0,1225.0,1.4693877551020407,18.0,1225.0,15.149006622516556,183.0,1208.0,0.0,0.0,1225.0
multiple_runs_DB_ModerateThreat_Series_20260501_231139.csv,multiple_runs_DB_ModerateThreat_Series_20260501_231139.csv,DB,Moderate adversity,84,1098.0,1195.0,0.0,0.0,1098.0,10.655737704918032,117.0,1098.0,84.26778242677824,1007.0,1195.0,0.6375227686703097,7.0,1098.0,1.7304189435336976,19.0,1098.0,0.273224043715847,3.0,1098.0,46.72131147540984,513.0,1098.0,35.701275045537336,392.0,1098.0,4.280510018214937,47.0,1098.0,15.732217573221757,188.0,1195.0,0.0,0.0,1098.0
multiple_runs_DB_ModerateThreat_Series_20260501_231139.csv,multiple_runs_DB_ModerateThreat_Series_20260501_231139.csv,DB,Moderate adversity,85,1289.0,1194.0,8.92164468580295,115.0,1289.0,13.110938712179983,169.0,1289.0,85.42713567839196,1020.0,1194.0,0.0,0.0,1289.0,0.3103180760279286,4.0,1289.0,0.0,0.0,1289.0,40.8844065166796,527.0,1289.0,21.56710628394104,278.0,1289.0,15.205585725368504,196.0,1289.0,14.572864321608039,174.0,1194.0,0.0,0.0,1289.0
multiple_runs_DB_ModerateThreat_Series_20260501_231139.csv,multiple_runs_DB_ModerateThreat_Series_20260501_231139.csv,DB,Moderate adversity,86,1261.0,1195.0,0.0,0.0,1261.0,26.24900872323553,331.0,1261.0,83.51464435146444,998.0,1195.0,0.1586042823156225,2.0,1261.0,0.7137192704203014,9.0,1261.0,0.0,0.0,1261.0,36.87549563838224,465.0,1261.0,31.64155432196669,399.0,1261.0,4.361617763679619,55.0,1261.0,16.485355648535567,197.0,1195.0,0.0,0.0,1261.0
multiple_runs_DB_ModerateThreat_Series_20260501_231139.csv,multiple_runs_DB_ModerateThreat_Series_20260501_231139.csv,DB,Moderate adversity,87,1374.0,1188.0,4.9490538573508,68.0,1374.0,16.0844250363901,221.0,1374.0,82.57575757575758,981.0,1188.0,0.0,0.0,1374.0,0.0727802037845706,1.0,1374.0,0.0,0.0,1374.0,42.28529839883552,581.0,1374.0,24.67248908296943,339.0,1374.0,11.935953420669577,164.0,1374.0,17.424242424242426,207.0,1188.0,0.0,0.0,1374.0
multiple_runs_DB_ModerateThreat_Series_20260501_231139.csv,multiple_runs_DB_ModerateThreat_Series_20260501_231139.csv,DB,Moderate adversity,88,831.0,1197.0,0.842358604091456,7.0,831.0,14.320096269554753,119.0,831.0,77.109440267335,923.0,1197.0,0.48134777376654636,4.0,831.0,1.083032490974729,9.0,831.0,0.12033694344163659,1.0,831.0,38.628158844765345,321.0,831.0,42.71961492178099,355.0,831.0,1.8050541516245486,15.0,831.0,22.890559732664993,274.0,1197.0,0.0,0.0,831.0
multiple_runs_DB_ModerateThreat_Series_20260501_231139.csv,multiple_runs_DB_ModerateThreat_Series_20260501_231139.csv,DB,Moderate adversity,89,923.0,1193.0,24.160346695557962,223.0,923.0,4.9837486457204765,46.0,923.0,90.10896898575021,1075.0,1193.0,0.0,0.0,923.0,0.10834236186348861,1.0,923.0,0.0,0.0,923.0,22.968580715059588,212.0,923.0,20.910075839653306,193.0,923.0,26.868905742145177,248.0,923.0,9.89103101424979,118.0,1193.0,0.0,0.0,923.0
multiple_runs_DB_ModerateThreat_Series_20260501_231139.csv,multiple_runs_DB_ModerateThreat_Series_20260501_231139.csv,DB,Moderate adversity,90,1117.0,1197.0,12.444046553267682,139.0,1117.0,9.489704565801253,106.0,1117.0,88.30409356725146,1057.0,1197.0,0.0,0.0,1117.0,0.6266786034019696,7.0,1117.0,0.0,0.0,1117.0,30.617726051924798,342.0,1117.0,24.798567591763653,277.0,1117.0,22.023276633840645,246.0,1117.0,11.695906432748536,140.0,1197.0,0.0,0.0,1117.0
multiple_runs_DB_ModerateThreat_Series_20260501_231139.csv,multiple_runs_DB_ModerateThreat_Series_20260501_231139.csv,DB,Moderate adversity,91,949.0,1209.0,14.75237091675448,140.0,949.0,1.36986301369863,13.0,949.0,90.32258064516128,1092.0,1209.0,0.31612223393045313,3.0,949.0,0.0,0.0,949.0,0.0,0.0,949.0,30.031612223393044,285.0,949.0,26.870389884088514,255.0,949.0,26.65964172813488,253.0,949.0,9.67741935483871,117.0,1209.0,0.0,0.0,949.0
multiple_runs_DB_ModerateThreat_Series_20260501_231139.csv,multiple_runs_DB_ModerateThreat_Series_20260501_231139.csv,DB,Moderate adversity,92,1065.0,1219.0,0.4694835680751174,5.0,1065.0,16.71361502347418,178.0,1065.0,83.34700574241182,1016.0,1219.0,0.28169014084507044,3.0,1065.0,0.7511737089201878,8.0,1065.0,0.6572769953051643,7.0,1065.0,41.78403755868544,445.0,1065.0,36.431924882629104,388.0,1065.0,2.910798122065728,31.0,1065.0,16.652994257588187,203.0,1219.0,0.0,0.0,1065.0
multiple_runs_DB_ModerateThreat_Series_20260501_231139.csv,multiple_runs_DB_ModerateThreat_Series_20260501_231139.csv,DB,Moderate adversity,93,1078.0,1202.0,2.3191094619666046,25.0,1078.0,18.181818181818183,196.0,1078.0,83.11148086522464,999.0,1202.0,0.3710575139146568,4.0,1078.0,1.1131725417439702,12.0,1078.0,0.0,0.0,1078.0,41.465677179962896,447.0,1078.0,35.064935064935064,378.0,1078.0,1.4842300556586272,16.0,1078.0,16.888519134775372,203.0,1202.0,0.0,0.0,1078.0
multiple_runs_DB_ModerateThreat_Series_20260501_231139.csv,multiple_runs_DB_ModerateThreat_Series_20260501_231139.csv,DB,Moderate adversity,94,1104.0,1201.0,1.4492753623188406,16.0,1104.0,13.677536231884059,151.0,1104.0,82.68109908409659,993.0,1201.0,0.9057971014492754,10.0,1104.0,1.7210144927536233,19.0,1104.0,0.2717391304347826,3.0,1104.0,49.72826086956522,549.0,1104.0,30.88768115942029,341.0,1104.0,1.358695652173913,15.0,1104.0,17.318900915903416,208.0,1201.0,0.0,0.0,1104.0
multiple_runs_DB_ModerateThreat_Series_20260501_231139.csv,multiple_runs_DB_ModerateThreat_Series_20260501_231139.csv,DB,Moderate adversity,95,1043.0,1192.0,1.9175455417066156,20.0,1043.0,21.476510067114095,224.0,1043.0,92.28187919463086,1100.0,1192.0,0.6711409395973155,7.0,1043.0,2.3010546500479387,24.0,1043.0,0.38350910834132307,4.0,1043.0,37.679769894535,393.0,1043.0,34.70757430488975,362.0,1043.0,0.862895493767977,9.0,1043.0,7.718120805369128,92.0,1192.0,0.0,0.0,1043.0
multiple_runs_DB_ModerateThreat_Series_20260501_231139.csv,multiple_runs_DB_ModerateThreat_Series_20260501_231139.csv,DB,Moderate adversity,96,1276.0,1203.0,0.0,0.0,1276.0,26.01880877742947,332.0,1276.0,80.71487946799667,971.0,1203.0,0.0,0.0,1276.0,1.09717868338558,14.0,1276.0,0.0,0.0,1276.0,38.94984326018809,497.0,1276.0,32.68025078369906,417.0,1276.0,1.2539184952978055,16.0,1276.0,19.285120532003326,232.0,1203.0,0.0,0.0,1276.0
multiple_runs_DB_ModerateThreat_Series_20260501_231139.csv,multiple_runs_DB_ModerateThreat_Series_20260501_231139.csv,DB,Moderate adversity,97,1251.0,1216.0,0.5595523581135092,7.0,1251.0,24.14068745003997,302.0,1251.0,81.16776315789474,987.0,1216.0,0.2398081534772182,3.0,1251.0,1.3589128697042365,17.0,1251.0,0.07993605115907274,1.0,1251.0,40.52757793764988,507.0,1251.0,32.05435651478817,401.0,1251.0,1.0391686650679457,13.0,1251.0,18.832236842105264,229.0,1216.0,0.0,0.0,1251.0
multiple_runs_DB_ModerateThreat_Series_20260501_231139.csv,multiple_runs_DB_ModerateThreat_Series_20260501_231139.csv,DB,Moderate adversity,98,1226.0,1188.0,0.0,0.0,1226.0,27.487765089722675,337.0,1226.0,74.32659932659934,883.0,1188.0,0.0,0.0,1226.0,1.1419249592169658,14.0,1226.0,0.0,0.0,1226.0,35.88907014681892,440.0,1226.0,32.05546492659054,393.0,1226.0,3.4257748776508974,42.0,1226.0,25.673400673400675,305.0,1188.0,0.0,0.0,1226.0
multiple_runs_DB_ModerateThreat_Series_20260501_231139.csv,multiple_runs_DB_ModerateThreat_Series_20260501_231139.csv,DB,Moderate adversity,99,1313.0,1198.0,8.53008377760853,112.0,1313.0,17.28865194211729,227.0,1313.0,84.2237061769616,1009.0,1198.0,0.0,0.0,1313.0,0.07616146230007616,1.0,1313.0,0.0,0.0,1313.0,38.53769992383854,506.0,1313.0,23.381568926123382,307.0,1313.0,12.185833968012187,160.0,1313.0,15.776293823038397,189.0,1198.0,0.0,0.0,1313.0
multiple_runs_DB_ModerateThreat_Series_20260501_231139.csv,multiple_runs_DB_ModerateThreat_Series_20260501_231139.csv,DB,Moderate adversity,100,1474.0,1195.0,0.0,0.0,1474.0,25.305291723202174,373.0,1474.0,83.34728033472804,996.0,1195.0,0.06784260515603799,1.0,1474.0,1.1533242876526457,17.0,1474.0,0.0,0.0,1474.0,46.74355495251017,689.0,1474.0,26.119402985074625,385.0,1474.0,0.6105834464043419,9.0,1474.0,16.652719665271967,199.0,1195.0,0.0,0.0,1474.0
multiple_runs_DB_ModerateThreat_Series_20260501_231139.csv,multiple_runs_DB_ModerateThreat_Series_20260501_231139.csv,DB,Moderate adversity,101,1113.0,1201.0,11.230907457322552,125.0,1113.0,8.80503144654088,98.0,1113.0,89.17568692756038,1071.0,1201.0,0.0,0.0,1113.0,0.8984725965858041,10.0,1113.0,0.0,0.0,1113.0,27.942497753818508,311.0,1113.0,23.180592991913745,258.0,1113.0,27.942497753818508,311.0,1113.0,10.824313072439635,130.0,1201.0,0.0,0.0,1113.0
multiple_runs_DB_ModerateThreat_Series_20260501_231139.csv,multiple_runs_DB_ModerateThreat_Series_20260501_231139.csv,DB,Moderate adversity,102,1484.0,1197.0,0.0,0.0,1484.0,22.978436657681943,341.0,1484.0,85.38011695906432,1022.0,1197.0,0.5390835579514826,8.0,1484.0,0.8086253369272237,12.0,1484.0,0.0,0.0,1484.0,45.55256064690027,676.0,1484.0,28.167115902964962,418.0,1484.0,1.954177897574124,29.0,1484.0,14.619883040935672,175.0,1197.0,0.0,0.0,1484.0
multiple_runs_DB_ModerateThreat_Series_20260501_231139.csv,multiple_runs_DB_ModerateThreat_Series_20260501_231139.csv,DB,Moderate adversity,103,1002.0,1191.0,0.6986027944111777,7.0,1002.0,18.962075848303392,190.0,1002.0,90.51217464315701,1078.0,1191.0,0.0,0.0,1002.0,1.3972055888223553,14.0,1002.0,0.0,0.0,1002.0,37.3253493013972,374.0,1002.0,38.622754491017965,387.0,1002.0,2.9940119760479043,30.0,1002.0,9.48782535684299,113.0,1191.0,0.0,0.0,1002.0
multiple_runs_DB_ModerateThreat_Series_20260501_231139.csv,multiple_runs_DB_ModerateThreat_Series_20260501_231139.csv,DB,Moderate adversity,104,897.0,1193.0,0.6688963210702341,6.0,897.0,9.141583054626533,82.0,897.0,83.06789606035206,991.0,1193.0,0.0,0.0,897.0,0.8918617614269788,8.0,897.0,1.1148272017837235,10.0,897.0,46.599777034559644,418.0,897.0,40.13377926421405,360.0,897.0,1.4492753623188406,13.0,897.0,16.932103939647945,202.0,1193.0,0.0,0.0,897.0
multiple_runs_DB_ModerateThreat_Series_20260501_231139.csv,multiple_runs_DB_ModerateThreat_Series_20260501_231139.csv,DB,Moderate adversity,105,888.0,1208.0,1.9144144144144142,17.0,888.0,10.585585585585585,94.0,888.0,87.5,1057.0,1208.0,0.0,0.0,888.0,0.0,0.0,888.0,0.0,0.0,888.0,42.45495495495496,377.0,888.0,43.468468468468465,386.0,888.0,1.5765765765765765,14.0,888.0,12.5,151.0,1208.0,0.0,0.0,888.0
multiple_runs_DB_ModerateThreat_Series_20260501_231139.csv,multiple_runs_DB_ModerateThreat_Series_20260501_231139.csv,DB,Moderate adversity,106,743.0,1186.0,3.2301480484522207,24.0,743.0,9.825033647375504,73.0,743.0,80.6070826306914,956.0,1186.0,0.0,0.0,743.0,0.2691790040376851,2.0,743.0,0.0,0.0,743.0,39.569313593539704,294.0,743.0,46.02960969044415,342.0,743.0,1.0767160161507403,8.0,743.0,19.392917369308602,230.0,1186.0,0.0,0.0,743.0
multiple_runs_DB_ModerateThreat_Series_20260501_231139.csv,multiple_runs_DB_ModerateThreat_Series_20260501_231139.csv,DB,Moderate adversity,107,1264.0,1207.0,0.0,0.0,1264.0,26.503164556962027,335.0,1264.0,73.5708367854184,888.0,1207.0,0.07911392405063292,1.0,1264.0,1.2658227848101267,16.0,1264.0,0.0,0.0,1264.0,37.81645569620253,478.0,1264.0,32.041139240506325,405.0,1264.0,2.2943037974683547,29.0,1264.0,26.429163214581607,319.0,1207.0,0.0,0.0,1264.0
multiple_runs_DB_ModerateThreat_Series_20260501_231139.csv,multiple_runs_DB_ModerateThreat_Series_20260501_231139.csv,DB,Moderate adversity,108,1507.0,1185.0,0.06635700066357,1.0,1507.0,25.082946250829462,378.0,1507.0,86.32911392405063,1023.0,1185.0,0.0,0.0,1507.0,0.26542800265428,4.0,1507.0,0.0,0.0,1507.0,47.71068347710683,719.0,1507.0,25.812873258128732,389.0,1507.0,1.06171201061712,16.0,1507.0,13.670886075949367,162.0,1185.0,0.0,0.0,1507.0
multiple_runs_DB_ModerateThreat_Series_20260501_231139.csv,multiple_runs_DB_ModerateThreat_Series_20260501_231139.csv,DB,Moderate adversity,109,1237.0,1197.0,10.509296685529506,130.0,1237.0,10.024252223120452,124.0,1237.0,88.63826232247285,1061.0,1197.0,0.0,0.0,1237.0,0.08084074373484236,1.0,1237.0,0.0,0.0,1237.0,36.05497170573969,446.0,1237.0,21.665319320937755,268.0,1237.0,21.665319320937755,268.0,1237.0,11.36173767752715,136.0,1197.0,0.0,0.0,1237.0
multiple_runs_DB_ModerateThreat_Series_20260501_231139.csv,multiple_runs_DB_ModerateThreat_Series_20260501_231139.csv,DB,Moderate adversity,110,1148.0,1198.0,0.34843205574912894,4.0,1148.0,24.912891986062718,286.0,1148.0,77.71285475792989,931.0,1198.0,0.34843205574912894,4.0,1148.0,0.7839721254355401,9.0,1148.0,0.08710801393728224,1.0,1148.0,40.243902439024396,462.0,1148.0,31.968641114982578,367.0,1148.0,1.3066202090592334,15.0,1148.0,22.287145242070117,267.0,1198.0,0.0,0.0,1148.0
multiple_runs_DB_ModerateThreat_Series_20260501_231139.csv,multiple_runs_DB_ModerateThreat_Series_20260501_231139.csv,DB,Moderate adversity,111,992.0,1211.0,0.5040322580645161,5.0,992.0,12.600806451612904,125.0,992.0,85.21882741535921,1032.0,1211.0,0.5040322580645161,5.0,992.0,0.8064516129032258,8.0,992.0,0.20161290322580644,2.0,992.0,43.850806451612904,435.0,992.0,39.818548387096776,395.0,992.0,1.7137096774193548,17.0,992.0,14.781172584640792,179.0,1211.0,0.0,0.0,992.0
multiple_runs_DB_ModerateThreat_Series_20260501_231139.csv,multiple_runs_DB_ModerateThreat_Series_20260501_231139.csv,DB,Moderate adversity,112,1419.0,1193.0,0.07047216349541931,1.0,1419.0,21.705426356589147,308.0,1419.0,85.58256496227996,1021.0,1193.0,0.21141649048625794,3.0,1419.0,1.4799154334038054,21.0,1419.0,0.0,0.0,1419.0,47.639182522903454,676.0,1419.0,27.76603241719521,394.0,1419.0,1.127554615926709,16.0,1419.0,14.417435037720033,172.0,1193.0,0.0,0.0,1419.0
multiple_runs_DB_ModerateThreat_Series_20260501_231139.csv,multiple_runs_DB_ModerateThreat_Series_20260501_231139.csv,DB,Moderate adversity,113,1360.0,1198.0,6.323529411764706,86.0,1360.0,23.97058823529412,326.0,1360.0,80.30050083472455,962.0,1198.0,0.0,0.0,1360.0,0.0,0.0,1360.0,0.0,0.0,1360.0,39.9264705882353,543.0,1360.0,22.13235294117647,301.0,1360.0,7.647058823529412,104.0,1360.0,19.69949916527546,236.0,1198.0,0.0,0.0,1360.0
multiple_runs_DB_ModerateThreat_Series_20260501_231139.csv,multiple_runs_DB_ModerateThreat_Series_20260501_231139.csv,DB,Moderate adversity,114,1101.0,1209.0,2.2706630336058127,25.0,1101.0,15.531335149863759,171.0,1101.0,85.52522746071133,1034.0,1209.0,0.0,0.0,1101.0,1.725703905540418,19.0,1101.0,0.09082652134423251,1.0,1101.0,43.596730245231605,480.0,1101.0,34.69573115349682,382.0,1101.0,2.0890099909173476,23.0,1101.0,14.474772539288669,175.0,1209.0,0.0,0.0,1101.0
multiple_runs_DB_ModerateThreat_Series_20260501_231139.csv,multiple_runs_DB_ModerateThreat_Series_20260501_231139.csv,DB,Moderate adversity,115,1280.0,1190.0,0.15625,2.0,1280.0,20.703125,265.0,1280.0,79.5798319327731,947.0,1190.0,0.0,0.0,1280.0,1.484375,19.0,1280.0,0.15625,2.0,1280.0,46.796875,599.0,1280.0,29.375,376.0,1280.0,1.328125,17.0,1280.0,20.42016806722689,243.0,1190.0,0.0,0.0,1280.0
multiple_runs_DB_ModerateThreat_Series_20260501_231139.csv,multiple_runs_DB_ModerateThreat_Series_20260501_231139.csv,DB,Moderate adversity,116,1103.0,1184.0,1.3599274705349047,15.0,1103.0,17.951042611060743,198.0,1103.0,83.19256756756756,985.0,1184.0,0.271985494106981,3.0,1103.0,1.3599274705349047,15.0,1103.0,0.0,0.0,1103.0,43.51767905711695,480.0,1103.0,34.904805077062555,385.0,1103.0,0.6346328195829556,7.0,1103.0,16.80743243243243,199.0,1184.0,0.0,0.0,1103.0
multiple_runs_DB_ModerateThreat_Series_20260501_231139.csv,multiple_runs_DB_ModerateThreat_Series_20260501_231139.csv,DB,Moderate adversity,117,925.0,1194.0,1.5135135135135136,14.0,925.0,11.783783783783784,109.0,925.0,94.38860971524288,1127.0,1194.0,0.0,0.0,925.0,0.43243243243243246,4.0,925.0,0.43243243243243246,4.0,925.0,38.5945945945946,357.0,925.0,41.2972972972973,382.0,925.0,5.9459459459459465,55.0,925.0,5.611390284757118,67.0,1194.0,0.0,0.0,925.0
multiple_runs_DB_ModerateThreat_Series_20260501_231139.csv,multiple_runs_DB_ModerateThreat_Series_20260501_231139.csv,DB,Moderate adversity,118,1276.0,1191.0,0.07836990595611285,1.0,1276.0,20.29780564263323,259.0,1276.0,83.54324097397145,995.0,1191.0,0.0,0.0,1276.0,1.6457680250783697,21.0,1276.0,0.0,0.0,1276.0,43.96551724137931,561.0,1276.0,31.661442006269592,404.0,1276.0,2.3510971786833856,30.0,1276.0,16.456759026028546,196.0,1191.0,0.0,0.0,1276.0
multiple_runs_DB_ModerateThreat_Series_20260501_231139.csv,multiple_runs_DB_ModerateThreat_Series_20260501_231139.csv,DB,Moderate adversity,119,1066.0,1213.0,0.18761726078799248,2.0,1066.0,11.350844277673545,121.0,1066.0,84.58367683429515,1026.0,1213.0,0.28142589118198874,3.0,1066.0,1.5009380863039399,16.0,1066.0,0.18761726078799248,2.0,1066.0,46.71669793621013,498.0,1066.0,37.429643527204504,399.0,1066.0,2.345215759849906,25.0,1066.0,15.416323165704865,187.0,1213.0,0.0,0.0,1066.0
multiple_runs_DB_ModerateThreat_Series_20260501_231139.csv,multiple_runs_DB_ModerateThreat_Series_20260501_231139.csv,DB,Moderate adversity,120,1077.0,1201.0,0.09285051067780872,1.0,1077.0,15.970287836583102,172.0,1077.0,82.51457119067443,991.0,1201.0,0.4642525533890436,5.0,1077.0,2.414113277623027,26.0,1077.0,0.18570102135561745,2.0,1077.0,40.76137418755803,439.0,1077.0,38.16155988857939,411.0,1077.0,1.9498607242339834,21.0,1077.0,17.485428809325562,210.0,1201.0,0.0,0.0,1077.0
multiple_runs_DB_ModerateThreat_Series_20260501_231139.csv,multiple_runs_DB_ModerateThreat_Series_20260501_231139.csv,DB,Moderate adversity,121,1173.0,1197.0,10.997442455242968,129.0,1173.0,17.647058823529413,207.0,1173.0,87.38512949039264,1046.0,1197.0,0.17050298380221654,2.0,1173.0,0.2557544757033248,3.0,1173.0,0.0,0.0,1173.0,30.179028132992325,354.0,1173.0,24.21142369991475,284.0,1173.0,16.538789428815004,194.0,1173.0,12.614870509607352,151.0,1197.0,0.0,0.0,1173.0
multiple_runs_DB_ModerateThreat_Series_20260501_231139.csv,multiple_runs_DB_ModerateThreat_Series_20260501_231139.csv,DB,Moderate adversity,122,1038.0,1186.0,0.5780346820809248,6.0,1038.0,19.845857418111752,206.0,1038.0,86.42495784148399,1025.0,1186.0,0.09633911368015415,1.0,1038.0,2.023121387283237,21.0,1038.0,0.2890173410404624,3.0,1038.0,39.59537572254335,411.0,1038.0,36.127167630057805,375.0,1038.0,1.4450867052023122,15.0,1038.0,13.575042158516021,161.0,1186.0,0.0,0.0,1038.0
multiple_runs_DB_ModerateThreat_Series_20260501_231139.csv,multiple_runs_DB_ModerateThreat_Series_20260501_231139.csv,DB,Moderate adversity,123,857.0,1201.0,34.77246207701283,298.0,857.0,4.784130688448075,41.0,857.0,91.67360532889259,1101.0,1201.0,0.0,0.0,857.0,0.11668611435239205,1.0,857.0,0.5834305717619603,5.0,857.0,9.334889148191365,80.0,857.0,12.018669778296383,103.0,857.0,38.38973162193699,329.0,857.0,8.32639467110741,100.0,1201.0,0.0,0.0,857.0
multiple_runs_DB_ModerateThreat_Series_20260501_231139.csv,multiple_runs_DB_ModerateThreat_Series_20260501_231139.csv,DB,Moderate adversity,124,1228.0,1186.0,8.957654723127035,110.0,1228.0,6.596091205211726,81.0,1228.0,90.55649241146712,1074.0,1186.0,0.24429967426710095,3.0,1228.0,0.0,0.0,1228.0,0.0,0.0,1228.0,38.02931596091205,467.0,1228.0,24.104234527687296,296.0,1228.0,22.068403908794785,271.0,1228.0,9.443507588532883,112.0,1186.0,0.0,0.0,1228.0
multiple_runs_DB_ModerateThreat_Series_20260501_231139.csv,multiple_runs_DB_ModerateThreat_Series_20260501_231139.csv,DB,Moderate adversity,125,1268.0,1204.0,13.564668769716087,172.0,1268.0,13.564668769716087,172.0,1268.0,85.38205980066445,1028.0,1204.0,0.0,0.0,1268.0,0.0,0.0,1268.0,0.0,0.0,1268.0,36.27760252365931,460.0,1268.0,18.92744479495268,240.0,1268.0,17.665615141955836,224.0,1268.0,14.61794019933555,176.0,1204.0,0.0,0.0,1268.0
multiple_runs_DB_ModerateThreat_Series_20260501_231139.csv,multiple_runs_DB_ModerateThreat_Series_20260501_231139.csv,DB,Moderate adversity,126,1161.0,1192.0,9.646856158484066,112.0,1161.0,29.97416020671835,348.0,1161.0,84.98322147651007,1013.0,1192.0,0.17226528854435832,2.0,1161.0,0.0,0.0,1161.0,0.0,0.0,1161.0,35.83118001722653,416.0,1161.0,22.48062015503876,261.0,1161.0,1.8949181739879413,22.0,1161.0,15.016778523489933,179.0,1192.0,0.0,0.0,1161.0
multiple_runs_DB_ModerateThreat_Series_20260501_231139.csv,multiple_runs_DB_ModerateThreat_Series_20260501_231139.csv,DB,Moderate adversity,127,1200.0,1221.0,6.166666666666667,74.0,1200.0,12.083333333333334,145.0,1200.0,81.81818181818183,999.0,1221.0,0.16666666666666669,2.0,1200.0,1.4166666666666665,17.0,1200.0,0.0,0.0,1200.0,40.0,480.0,1200.0,26.666666666666668,320.0,1200.0,13.5,162.0,1200.0,18.181818181818183,222.0,1221.0,0.0,0.0,1200.0
multiple_runs_DB_ModerateThreat_Series_20260501_231139.csv,multiple_runs_DB_ModerateThreat_Series_20260501_231139.csv,DB,Moderate adversity,128,1303.0,1191.0,7.367613200306984,96.0,1303.0,16.42363775901765,214.0,1303.0,89.00083963056255,1060.0,1191.0,0.0,0.0,1303.0,0.920951650038373,12.0,1303.0,0.0,0.0,1303.0,39.52417498081351,515.0,1303.0,20.72141212586339,270.0,1303.0,15.042210283960092,196.0,1303.0,10.999160369437448,131.0,1191.0,0.0,0.0,1303.0
multiple_runs_DB_ModerateThreat_Series_20260501_231139.csv,multiple_runs_DB_ModerateThreat_Series_20260501_231139.csv,DB,Moderate adversity,129,1101.0,1193.0,8.628519527702089,95.0,1101.0,25.158946412352407,277.0,1101.0,78.20620284995809,933.0,1193.0,0.0,0.0,1101.0,0.0,0.0,1101.0,0.0,0.0,1101.0,30.24523160762943,333.0,1101.0,26.793823796548594,295.0,1101.0,9.173478655767484,101.0,1101.0,21.79379715004191,260.0,1193.0,0.0,0.0,1101.0
multiple_runs_DB_ModerateThreat_Series_20260501_231139.csv,multiple_runs_DB_ModerateThreat_Series_20260501_231139.csv,DB,Moderate adversity,130,1105.0,1193.0,12.39819004524887,137.0,1105.0,12.48868778280543,138.0,1105.0,87.59430008382229,1045.0,1193.0,0.18099547511312217,2.0,1105.0,0.18099547511312217,2.0,1105.0,0.0,0.0,1105.0,31.221719457013574,345.0,1105.0,23.34841628959276,258.0,1105.0,20.18099547511312,223.0,1105.0,12.405699916177703,148.0,1193.0,0.0,0.0,1105.0
multiple_runs_DB_ModerateThreat_Series_20260501_231139.csv,multiple_runs_DB_ModerateThreat_Series_20260501_231139.csv,DB,Moderate adversity,131,1161.0,1204.0,9.732988802756244,113.0,1161.0,11.972437553832902,139.0,1161.0,89.03654485049833,1072.0,1204.0,0.0,0.0,1161.0,0.34453057708871665,4.0,1161.0,0.0,0.0,1161.0,31.61068044788975,367.0,1161.0,25.23686477174849,293.0,1161.0,21.102497846683892,245.0,1161.0,10.96345514950166,132.0,1204.0,0.0,0.0,1161.0
multiple_runs_DB_ModerateThreat_Series_20260501_231139.csv,multiple_runs_DB_ModerateThreat_Series_20260501_231139.csv,DB,Moderate adversity,132,1083.0,1200.0,14.958448753462603,162.0,1083.0,9.32594644506002,101.0,1083.0,90.66666666666666,1088.0,1200.0,0.2770083102493075,3.0,1083.0,0.0,0.0,1083.0,0.0,0.0,1083.0,27.23915050784857,295.0,1083.0,20.129270544783008,218.0,1083.0,28.07017543859649,304.0,1083.0,9.333333333333334,112.0,1200.0,0.0,0.0,1083.0
multiple_runs_DB_ModerateThreat_Series_20260501_231139.csv,multiple_runs_DB_ModerateThreat_Series_20260501_231139.csv,DB,Moderate adversity,133,1463.0,1198.0,0.0683526999316473,1.0,1463.0,20.984278879015722,307.0,1463.0,92.82136894824707,1112.0,1198.0,0.1367053998632946,2.0,1463.0,1.0252904989747096,15.0,1463.0,0.0,0.0,1463.0,45.933014354066984,672.0,1463.0,26.72590567327409,391.0,1463.0,5.126452494873548,75.0,1463.0,7.178631051752922,86.0,1198.0,0.0,0.0,1463.0
multiple_runs_DB_ModerateThreat_Series_20260501_231139.csv,multiple_runs_DB_ModerateThreat_Series_20260501_231139.csv,DB,Moderate adversity,134,1029.0,1210.0,0.5830903790087464,6.0,1029.0,12.439261418853254,128.0,1029.0,82.14876033057851,994.0,1210.0,0.4859086491739553,5.0,1029.0,1.5549076773566568,16.0,1029.0,0.09718172983479105,1.0,1029.0,45.96695821185617,473.0,1029.0,37.60932944606414,387.0,1029.0,1.2633624878522838,13.0,1029.0,17.85123966942149,216.0,1210.0,0.0,0.0,1029.0
multiple_runs_DB_ModerateThreat_Series_20260501_231139.csv,multiple_runs_DB_ModerateThreat_Series_20260501_231139.csv,DB,Moderate adversity,135,1306.0,1197.0,7.120980091883614,93.0,1306.0,22.97090352220521,300.0,1306.0,79.69924812030075,954.0,1197.0,0.0,0.0,1306.0,0.22970903522205208,3.0,1306.0,0.0,0.0,1306.0,39.2802450229709,513.0,1306.0,23.966309341500764,313.0,1306.0,6.431852986217458,84.0,1306.0,20.30075187969925,243.0,1197.0,0.0,0.0,1306.0
multiple_runs_DB_ModerateThreat_Series_20260501_231139.csv,multiple_runs_DB_ModerateThreat_Series_20260501_231139.csv,DB,Moderate adversity,136,1098.0,1214.0,15.1183970856102,166.0,1098.0,4.371584699453552,48.0,1098.0,89.9505766062603,1092.0,1214.0,0.273224043715847,3.0,1098.0,0.18214936247723132,2.0,1098.0,0.09107468123861566,1.0,1098.0,29.690346083788704,326.0,1098.0,22.131147540983605,243.0,1098.0,28.142076502732237,309.0,1098.0,10.049423393739703,122.0,1214.0,0.0,0.0,1098.0
multiple_runs_DB_ModerateThreat_Series_20260501_231139.csv,multiple_runs_DB_ModerateThreat_Series_20260501_231139.csv,DB,Moderate adversity,137,1060.0,1193.0,1.6981132075471699,18.0,1060.0,13.39622641509434,142.0,1060.0,83.82229673093042,1000.0,1193.0,0.4716981132075472,5.0,1060.0,3.3962264150943398,36.0,1060.0,0.0,0.0,1060.0,40.0,424.0,1060.0,36.22641509433962,384.0,1060.0,4.811320754716982,51.0,1060.0,16.177703269069575,193.0,1193.0,0.0,0.0,1060.0
multiple_runs_DB_ModerateThreat_Series_20260501_231139.csv,multiple_runs_DB_ModerateThreat_Series_20260501_231139.csv,DB,Moderate adversity,138,917.0,1180.0,25.081788440567067,230.0,917.0,5.125408942202835,47.0,917.0,92.45762711864407,1091.0,1180.0,0.0,0.0,917.0,0.3271537622682661,3.0,917.0,0.0,0.0,917.0,21.046892039258452,193.0,917.0,16.90294438386041,155.0,917.0,31.515812431842967,289.0,917.0,7.5423728813559325,89.0,1180.0,0.0,0.0,917.0
multiple_runs_DB_ModerateThreat_Series_20260501_231139.csv,multiple_runs_DB_ModerateThreat_Series_20260501_231139.csv,DB,Moderate adversity,139,1229.0,1198.0,8.70626525630594,107.0,1229.0,20.01627339300244,246.0,1229.0,86.56093489148581,1037.0,1198.0,0.08136696501220504,1.0,1229.0,0.7323026851098454,9.0,1229.0,0.0,0.0,1229.0,34.01139137510171,418.0,1229.0,25.956061838893408,319.0,1229.0,10.496338486574452,129.0,1229.0,13.439065108514189,161.0,1198.0,0.0,0.0,1229.0
multiple_runs_DB_ModerateThreat_Series_20260501_231139.csv,multiple_runs_DB_ModerateThreat_Series_20260501_231139.csv,DB,Moderate adversity,140,820.0,1195.0,0.0,0.0,820.0,10.853658536585366,89.0,820.0,73.05439330543933,873.0,1195.0,0.6097560975609756,5.0,820.0,2.4390243902439024,20.0,820.0,1.097560975609756,9.0,820.0,36.58536585365854,300.0,820.0,45.609756097560975,374.0,820.0,2.804878048780488,23.0,820.0,26.94560669456067,322.0,1195.0,0.0,0.0,820.0
multiple_runs_DB_ModerateThreat_Series_20260501_231139.csv,multiple_runs_DB_ModerateThreat_Series_20260501_231139.csv,DB,Moderate adversity,141,1004.0,1198.0,0.29880478087649404,3.0,1004.0,15.239043824701195,153.0,1004.0,89.31552587646077,1070.0,1198.0,0.398406374501992,4.0,1004.0,0.0,0.0,1004.0,0.29880478087649404,3.0,1004.0,44.123505976095615,443.0,1004.0,37.84860557768924,380.0,1004.0,1.7928286852589643,18.0,1004.0,10.684474123539232,128.0,1198.0,0.0,0.0,1004.0
multiple_runs_DB_ModerateThreat_Series_20260501_231139.csv,multiple_runs_DB_ModerateThreat_Series_20260501_231139.csv,DB,Moderate adversity,142,973.0,1196.0,0.9249743062692704,9.0,973.0,11.921891058581705,116.0,973.0,87.29096989966555,1044.0,1196.0,0.20554984583761562,2.0,973.0,0.0,0.0,973.0,0.6166495375128468,6.0,973.0,44.09044193216855,429.0,973.0,41.109969167523126,400.0,973.0,1.1305241521068858,11.0,973.0,12.709030100334449,152.0,1196.0,0.0,0.0,973.0
multiple_runs_DB_ModerateThreat_Series_20260501_231139.csv,multiple_runs_DB_ModerateThreat_Series_20260501_231139.csv,DB,Moderate adversity,143,1037.0,1200.0,17.93635486981678,186.0,1037.0,6.846673095467695,71.0,1037.0,91.75,1101.0,1200.0,0.0,0.0,1037.0,0.5785920925747349,6.0,1037.0,0.0,0.0,1037.0,23.43297974927676,243.0,1037.0,17.26133076181292,179.0,1037.0,33.94406943105111,352.0,1037.0,8.25,99.0,1200.0,0.0,0.0,1037.0
multiple_runs_DB_ModerateThreat_Series_20260501_231139.csv,multiple_runs_DB_ModerateThreat_Series_20260501_231139.csv,DB,Moderate adversity,144,1263.0,1194.0,0.0,0.0,1263.0,25.01979414093428,316.0,1263.0,82.66331658291458,987.0,1194.0,0.0,0.0,1263.0,0.870942201108472,11.0,1263.0,0.0791765637371338,1.0,1263.0,38.47980997624703,486.0,1263.0,32.62074425969913,412.0,1263.0,2.929532858273951,37.0,1263.0,17.33668341708543,207.0,1194.0,0.0,0.0,1263.0
multiple_runs_DB_ModerateThreat_Series_20260501_231139.csv,multiple_runs_DB_ModerateThreat_Series_20260501_231139.csv,DB,Moderate adversity,145,816.0,1202.0,1.4705882352941175,12.0,816.0,9.313725490196079,76.0,816.0,81.69717138103162,982.0,1202.0,0.0,0.0,816.0,0.0,0.0,816.0,0.0,0.0,816.0,37.5,306.0,816.0,49.63235294117647,405.0,816.0,2.083333333333333,17.0,816.0,18.302828618968388,220.0,1202.0,0.0,0.0,816.0
multiple_runs_DB_ModerateThreat_Series_20260501_231139.csv,multiple_runs_DB_ModerateThreat_Series_20260501_231139.csv,DB,Moderate adversity,146,953.0,1197.0,2.8331584470094437,27.0,953.0,16.894018887722982,161.0,953.0,86.54970760233918,1036.0,1197.0,0.2098635886673662,2.0,953.0,1.7838405036726128,17.0,953.0,0.0,0.0,953.0,41.028331584470095,391.0,953.0,36.51626442812172,348.0,953.0,0.7345225603357817,7.0,953.0,13.450292397660817,161.0,1197.0,0.0,0.0,953.0
multiple_runs_DB_ModerateThreat_Series_20260501_231139.csv,multiple_runs_DB_ModerateThreat_Series_20260501_231139.csv,DB,Moderate adversity,147,1102.0,1188.0,16.515426497277677,182.0,1102.0,6.624319419237749,73.0,1102.0,87.45791245791246,1039.0,1188.0,0.0,0.0,1102.0,0.8166969147005444,9.0,1102.0,0.0,0.0,1102.0,27.223230490018146,300.0,1102.0,21.50635208711434,237.0,1102.0,27.31397459165154,301.0,1102.0,12.542087542087543,149.0,1188.0,0.0,0.0,1102.0
multiple_runs_DB_ModerateThreat_Series_20260501_231139.csv,multiple_runs_DB_ModerateThreat_Series_20260501_231139.csv,DB,Moderate adversity,148,1112.0,1205.0,0.1798561151079137,2.0,1112.0,19.334532374100718,215.0,1112.0,87.21991701244814,1051.0,1205.0,0.0,0.0,1112.0,1.4388489208633095,16.0,1112.0,0.1798561151079137,2.0,1112.0,42.805755395683455,476.0,1112.0,34.71223021582734,386.0,1112.0,1.3489208633093526,15.0,1112.0,12.780082987551866,154.0,1205.0,0.0,0.0,1112.0
multiple_runs_DB_ModerateThreat_Series_20260501_231139.csv,multiple_runs_DB_ModerateThreat_Series_20260501_231139.csv,DB,Moderate adversity,149,1144.0,1216.0,9.090909090909092,104.0,1144.0,19.58041958041958,224.0,1144.0,84.45723684210526,1027.0,1216.0,0.08741258741258741,1.0,1144.0,0.17482517482517482,2.0,1144.0,0.0,0.0,1144.0,30.856643356643353,353.0,1144.0,26.74825174825175,306.0,1144.0,13.461538461538462,154.0,1144.0,15.542763157894738,189.0,1216.0,0.0,0.0,1144.0
multiple_runs_DB_ModerateThreat_Series_20260501_231139.csv,multiple_runs_DB_ModerateThreat_Series_20260501_231139.csv,DB,Moderate adversity,150,1044.0,1190.0,0.28735632183908044,3.0,1044.0,15.134099616858238,158.0,1044.0,87.3109243697479,1039.0,1190.0,0.0,0.0,1044.0,0.7662835249042145,8.0,1044.0,0.0,0.0,1044.0,45.689655172413794,477.0,1044.0,36.49425287356322,381.0,1044.0,1.628352490421456,17.0,1044.0,12.6890756302521,151.0,1190.0,0.0,0.0,1044.0
multiple_runs_DB_ModerateThreat_Series_20260501_231139.csv,multiple_runs_DB_ModerateThreat_Series_20260501_231139.csv,DB,Moderate adversity,151,849.0,1201.0,0.47114252061248524,4.0,849.0,12.7208480565371,108.0,849.0,80.76602830974188,970.0,1201.0,0.5889281507656066,5.0,849.0,2.1201413427561837,18.0,849.0,0.0,0.0,849.0,35.100117785630154,298.0,849.0,46.76089517078916,397.0,849.0,2.237926972909305,19.0,849.0,19.233971690258116,231.0,1201.0,0.0,0.0,849.0
multiple_runs_DB_ModerateThreat_Series_20260501_231139.csv,multiple_runs_DB_ModerateThreat_Series_20260501_231139.csv,DB,Moderate adversity,152,1071.0,1197.0,0.3734827264239029,4.0,1071.0,15.49953314659197,166.0,1071.0,82.45614035087719,987.0,1197.0,0.3734827264239029,4.0,1071.0,1.400560224089636,15.0,1071.0,0.2801120448179272,3.0,1071.0,41.643323996265174,446.0,1071.0,39.028944911297856,418.0,1071.0,1.400560224089636,15.0,1071.0,17.543859649122805,210.0,1197.0,0.0,0.0,1071.0
multiple_runs_DB_ModerateThreat_Series_20260501_231139.csv,multiple_runs_DB_ModerateThreat_Series_20260501_231139.csv,DB,Moderate adversity,153,1184.0,1200.0,0.08445945945945946,1.0,1184.0,21.030405405405407,249.0,1184.0,82.33333333333334,988.0,1200.0,0.33783783783783783,4.0,1184.0,1.3513513513513513,16.0,1184.0,0.08445945945945946,1.0,1184.0,42.736486486486484,506.0,1184.0,32.60135135135135,386.0,1184.0,1.7736486486486487,21.0,1184.0,17.666666666666668,212.0,1200.0,0.0,0.0,1184.0
multiple_runs_DB_ModerateThreat_Series_20260501_231139.csv,multiple_runs_DB_ModerateThreat_Series_20260501_231139.csv,DB,Moderate adversity,154,1382.0,1203.0,4.92040520984081,68.0,1382.0,21.924746743849493,303.0,1382.0,80.88113050706566,973.0,1203.0,0.0,0.0,1382.0,0.5065123010130246,7.0,1382.0,0.0,0.0,1382.0,42.32995658465991,585.0,1382.0,23.589001447178003,326.0,1382.0,6.729377713458755,93.0,1382.0,19.11886949293433,230.0,1203.0,0.0,0.0,1382.0
multiple_runs_DB_ModerateThreat_Series_20260501_231139.csv,multiple_runs_DB_ModerateThreat_Series_20260501_231139.csv,DB,Moderate adversity,155,1032.0,1178.0,16.76356589147287,173.0,1032.0,4.748062015503876,49.0,1032.0,88.96434634974533,1048.0,1178.0,0.0,0.0,1032.0,0.872093023255814,9.0,1032.0,0.0,0.0,1032.0,25.678294573643413,265.0,1032.0,19.670542635658915,203.0,1032.0,32.26744186046512,333.0,1032.0,11.03565365025467,130.0,1178.0,0.0,0.0,1032.0
multiple_runs_DB_ModerateThreat_Series_20260501_231139.csv,multiple_runs_DB_ModerateThreat_Series_20260501_231139.csv,DB,Moderate adversity,156,1338.0,1189.0,6.203288490284006,83.0,1338.0,20.92675635276532,280.0,1338.0,80.74011774600504,960.0,1189.0,0.0,0.0,1338.0,0.0,0.0,1338.0,0.0,0.0,1338.0,41.106128550074736,550.0,1338.0,23.99103139013453,321.0,1338.0,7.772795216741405,104.0,1338.0,19.259882253994952,229.0,1189.0,0.0,0.0,1338.0
multiple_runs_DB_ModerateThreat_Series_20260501_231139.csv,multiple_runs_DB_ModerateThreat_Series_20260501_231139.csv,DB,Moderate adversity,157,1042.0,1209.0,0.5758157389635317,6.0,1042.0,19.193857965451055,200.0,1042.0,78.99090157154673,955.0,1209.0,0.28790786948176583,3.0,1042.0,1.8234165067178503,19.0,1042.0,0.09596928982725528,1.0,1042.0,39.44337811900192,411.0,1042.0,37.23608445297505,388.0,1042.0,1.3435700575815739,14.0,1042.0,21.009098428453267,254.0,1209.0,0.0,0.0,1042.0
multiple_runs_DB_ModerateThreat_Series_20260501_231139.csv,multiple_runs_DB_ModerateThreat_Series_20260501_231139.csv,DB,Moderate adversity,158,1301.0,1206.0,11.529592621060722,150.0,1301.0,15.142198308993082,197.0,1301.0,85.90381426202322,1036.0,1206.0,0.0,0.0,1301.0,0.3843197540353574,5.0,1301.0,0.0,0.0,1301.0,39.27747886241353,511.0,1301.0,20.522674865488085,267.0,1301.0,13.143735588009223,171.0,1301.0,14.096185737976782,170.0,1206.0,0.0,0.0,1301.0
multiple_runs_DB_ModerateThreat_Series_20260501_231139.csv,multiple_runs_DB_ModerateThreat_Series_20260501_231139.csv,DB,Moderate adversity,159,1367.0,1222.0,6.730065837600585,92.0,1367.0,17.410387710314556,238.0,1367.0,81.50572831423895,996.0,1222.0,0.21945866861741037,3.0,1367.0,0.1463057790782736,2.0,1367.0,0.0,0.0,1367.0,42.42867593269934,580.0,1367.0,24.067300658376006,329.0,1367.0,8.997805413313825,123.0,1367.0,18.494271685761046,226.0,1222.0,0.0,0.0,1367.0
multiple_runs_DB_ModerateThreat_Series_20260501_231139.csv,multiple_runs_DB_ModerateThreat_Series_20260501_231139.csv,DB,Moderate adversity,160,1216.0,1194.0,0.4934210526315789,6.0,1216.0,8.05921052631579,98.0,1216.0,96.98492462311557,1158.0,1194.0,0.3289473684210526,4.0,1216.0,0.3289473684210526,4.0,1216.0,0.575657894736842,7.0,1216.0,36.92434210526316,449.0,1216.0,31.990131578947366,389.0,1216.0,21.299342105263158,259.0,1216.0,3.015075376884422,36.0,1194.0,0.0,0.0,1216.0
multiple_runs_DB_ModerateThreat_Series_20260501_231139.csv,multiple_runs_DB_ModerateThreat_Series_20260501_231139.csv,DB,Moderate adversity,161,1359.0,1187.0,6.843267108167771,93.0,1359.0,14.937454010301693,203.0,1359.0,85.76242628475147,1018.0,1187.0,0.22075055187637968,3.0,1359.0,0.0,0.0,1359.0,0.0,0.0,1359.0,41.35393671817513,562.0,1359.0,23.178807947019866,315.0,1359.0,13.46578366445916,183.0,1359.0,14.237573715248525,169.0,1187.0,0.0,0.0,1359.0
multiple_runs_DB_ModerateThreat_Series_20260501_231139.csv,multiple_runs_DB_ModerateThreat_Series_20260501_231139.csv,DB,Moderate adversity,162,1070.0,1183.0,0.1869158878504673,2.0,1070.0,15.046728971962617,161.0,1070.0,82.24852071005917,973.0,1183.0,0.46728971962616817,5.0,1070.0,1.4018691588785046,15.0,1070.0,1.0280373831775702,11.0,1070.0,44.76635514018692,479.0,1070.0,33.271028037383175,356.0,1070.0,3.8317757009345796,41.0,1070.0,17.75147928994083,210.0,1183.0,0.0,0.0,1070.0
multiple_runs_DB_ModerateThreat_Series_20260501_231139.csv,multiple_runs_DB_ModerateThreat_Series_20260501_231139.csv,DB,Moderate adversity,163,1303.0,1195.0,8.365310821181888,109.0,1303.0,18.802762854950114,245.0,1303.0,80.836820083682,966.0,1195.0,0.0,0.0,1303.0,0.0,0.0,1303.0,0.0,0.0,1303.0,39.98465080583269,521.0,1303.0,20.414428242517268,266.0,1303.0,12.432847275518036,162.0,1303.0,19.16317991631799,229.0,1195.0,0.0,0.0,1303.0
multiple_runs_DB_ModerateThreat_Series_20260501_231139.csv,multiple_runs_DB_ModerateThreat_Series_20260501_231139.csv,DB,Moderate adversity,164,1360.0,1201.0,0.5147058823529411,7.0,1360.0,25.808823529411768,351.0,1360.0,89.59200666111575,1076.0,1201.0,0.29411764705882354,4.0,1360.0,1.6176470588235297,22.0,1360.0,0.0,0.0,1360.0,40.73529411764706,554.0,1360.0,29.33823529411765,399.0,1360.0,1.6911764705882353,23.0,1360.0,10.407993338884262,125.0,1201.0,0.0,0.0,1360.0
multiple_runs_DB_ModerateThreat_Series_20260501_231139.csv,multiple_runs_DB_ModerateThreat_Series_20260501_231139.csv,DB,Moderate adversity,165,1043.0,1205.0,2.3969319271332696,25.0,1043.0,13.7104506232023,143.0,1043.0,91.78423236514523,1106.0,1205.0,0.0,0.0,1043.0,0.28763183125599234,3.0,1043.0,0.09587727708533077,1.0,1043.0,38.830297219558965,405.0,1043.0,34.61169702780441,361.0,1043.0,10.06711409395973,105.0,1043.0,8.215767634854771,99.0,1205.0,0.0,0.0,1043.0
multiple_runs_DB_ModerateThreat_Series_20260501_231139.csv,multiple_runs_DB_ModerateThreat_Series_20260501_231139.csv,DB,Moderate adversity,166,1252.0,1201.0,10.702875399361023,134.0,1252.0,13.178913738019169,165.0,1252.0,83.76353039134055,1006.0,1201.0,0.1597444089456869,2.0,1252.0,0.3194888178913738,4.0,1252.0,0.0,0.0,1252.0,34.7444089456869,435.0,1252.0,21.645367412140576,271.0,1252.0,19.249201277955272,241.0,1252.0,16.23646960865945,195.0,1201.0,0.0,0.0,1252.0
multiple_runs_DB_ModerateThreat_Series_20260501_231139.csv,multiple_runs_DB_ModerateThreat_Series_20260501_231139.csv,DB,Moderate adversity,167,897.0,1205.0,4.459308807134894,40.0,897.0,7.357859531772576,66.0,897.0,85.47717842323651,1030.0,1205.0,0.4459308807134894,4.0,897.0,0.0,0.0,897.0,0.2229654403567447,2.0,897.0,44.70457079152732,401.0,897.0,40.022296544035676,359.0,897.0,2.787068004459309,25.0,897.0,14.522821576763487,175.0,1205.0,0.0,0.0,897.0
multiple_runs_DB_ModerateThreat_Series_20260501_231139.csv,multiple_runs_DB_ModerateThreat_Series_20260501_231139.csv,DB,Moderate adversity,168,1235.0,1201.0,9.554655870445345,118.0,1235.0,8.502024291497975,105.0,1235.0,90.00832639467112,1081.0,1201.0,0.08097165991902834,1.0,1235.0,0.08097165991902834,1.0,1235.0,0.0,0.0,1235.0,35.38461538461539,437.0,1235.0,22.995951417004047,284.0,1235.0,23.40080971659919,289.0,1235.0,9.991673605328891,120.0,1201.0,0.0,0.0,1235.0
multiple_runs_DB_ModerateThreat_Series_20260501_231139.csv,multiple_runs_DB_ModerateThreat_Series_20260501_231139.csv,DB,Moderate adversity,169,956.0,1196.0,0.7322175732217573,7.0,956.0,15.376569037656903,147.0,956.0,80.93645484949833,968.0,1196.0,0.3138075313807531,3.0,956.0,0.8368200836820083,8.0,956.0,0.41841004184100417,4.0,956.0,42.46861924686193,406.0,956.0,37.55230125523013,359.0,956.0,2.301255230125523,22.0,956.0,19.063545150501675,228.0,1196.0,0.0,0.0,956.0
multiple_runs_DB_ModerateThreat_Series_20260501_231139.csv,multiple_runs_DB_ModerateThreat_Series_20260501_231139.csv,DB,Moderate adversity,170,1204.0,1225.0,0.5813953488372093,7.0,1204.0,11.461794019933555,138.0,1204.0,82.36734693877551,1009.0,1225.0,0.5813953488372093,7.0,1204.0,2.0764119601328903,25.0,1204.0,0.24916943521594684,3.0,1204.0,50.332225913621265,606.0,1204.0,33.80398671096346,407.0,1204.0,0.9136212624584719,11.0,1204.0,17.63265306122449,216.0,1225.0,0.0,0.0,1204.0
multiple_runs_DB_ModerateThreat_Series_20260501_231139.csv,multiple_runs_DB_ModerateThreat_Series_20260501_231139.csv,DB,Moderate adversity,171,724.0,1200.0,0.9668508287292817,7.0,724.0,9.806629834254144,71.0,724.0,80.25,963.0,1200.0,0.0,0.0,724.0,0.0,0.0,724.0,0.0,0.0,724.0,32.87292817679558,238.0,724.0,55.24861878453039,400.0,724.0,1.1049723756906076,8.0,724.0,19.75,237.0,1200.0,0.0,0.0,724.0
multiple_runs_DB_ModerateThreat_Series_20260501_231139.csv,multiple_runs_DB_ModerateThreat_Series_20260501_231139.csv,DB,Moderate adversity,172,1049.0,1214.0,1.0486177311725453,11.0,1049.0,13.727359389895138,144.0,1049.0,84.59637561779242,1027.0,1214.0,0.19065776930409914,2.0,1049.0,1.7159199237368923,18.0,1049.0,0.19065776930409914,2.0,1049.0,42.99332697807436,451.0,1049.0,37.75023832221163,396.0,1049.0,2.3832221163012393,25.0,1049.0,15.403624382207578,187.0,1214.0,0.0,0.0,1049.0
multiple_runs_DB_ModerateThreat_Series_20260501_231139.csv,multiple_runs_DB_ModerateThreat_Series_20260501_231139.csv,DB,Moderate adversity,173,1259.0,1212.0,0.7148530579825259,9.0,1259.0,28.594122319301036,360.0,1259.0,78.96039603960396,957.0,1212.0,0.23828435266084197,3.0,1259.0,0.0,0.0,1259.0,0.0,0.0,1259.0,37.33121525019857,470.0,1259.0,31.37410643367752,395.0,1259.0,1.7474185861795075,22.0,1259.0,21.03960396039604,255.0,1212.0,0.0,0.0,1259.0
multiple_runs_DB_ModerateThreat_Series_20260501_231139.csv,multiple_runs_DB_ModerateThreat_Series_20260501_231139.csv,DB,Moderate adversity,174,1206.0,1184.0,3.9800995024875623,48.0,1206.0,26.45107794361526,319.0,1206.0,83.78378378378379,992.0,1184.0,0.33167495854063017,4.0,1206.0,0.41459369817578773,5.0,1206.0,0.24875621890547264,3.0,1206.0,35.40630182421227,427.0,1206.0,30.09950248756219,363.0,1206.0,3.067993366500829,37.0,1206.0,16.216216216216218,192.0,1184.0,0.0,0.0,1206.0
multiple_runs_DB_ModerateThreat_Series_20260501_231139.csv,multiple_runs_DB_ModerateThreat_Series_20260501_231139.csv,DB,Moderate adversity,175,1281.0,1196.0,0.0,0.0,1281.0,27.478532396565186,352.0,1281.0,79.0133779264214,945.0,1196.0,0.0,0.0,1281.0,0.468384074941452,6.0,1281.0,0.078064012490242,1.0,1281.0,37.704918032786885,483.0,1281.0,33.09914129586261,424.0,1281.0,1.1709601873536302,15.0,1281.0,20.986622073578594,251.0,1196.0,0.0,0.0,1281.0
multiple_runs_DB_ModerateThreat_Series_20260501_231139.csv,multiple_runs_DB_ModerateThreat_Series_20260501_231139.csv,DB,Moderate adversity,176,1481.0,1209.0,0.0,0.0,1481.0,22.88993923024983,339.0,1481.0,82.87841191066998,1002.0,1209.0,0.1350438892640108,2.0,1481.0,1.2829169480081026,19.0,1481.0,0.0,0.0,1481.0,47.602970965563806,705.0,1481.0,26.73869007427414,396.0,1481.0,1.350438892640108,20.0,1481.0,17.121588089330025,207.0,1209.0,0.0,0.0,1481.0
multiple_runs_DB_ModerateThreat_Series_20260501_231139.csv,multiple_runs_DB_ModerateThreat_Series_20260501_231139.csv,DB,Moderate adversity,177,1258.0,1213.0,0.3179650238473768,4.0,1258.0,26.86804451510334,338.0,1258.0,78.81286067600989,956.0,1213.0,0.23847376788553257,3.0,1258.0,1.4308426073131957,18.0,1258.0,0.0794912559618442,1.0,1258.0,37.91732909379969,477.0,1258.0,30.92209856915739,389.0,1258.0,2.2257551669316373,28.0,1258.0,21.187139323990106,257.0,1213.0,0.0,0.0,1258.0
multiple_runs_DB_ModerateThreat_Series_20260501_231139.csv,multiple_runs_DB_ModerateThreat_Series_20260501_231139.csv,DB,Moderate adversity,178,953.0,1199.0,26.442812172088143,252.0,953.0,10.073452256033578,96.0,953.0,92.24353628023353,1106.0,1199.0,0.0,0.0,953.0,0.1049317943336831,1.0,953.0,0.0,0.0,953.0,19.20251836306401,183.0,953.0,14.060860440713535,134.0,953.0,30.115424973767052,287.0,953.0,7.756463719766472,93.0,1199.0,0.0,0.0,953.0
multiple_runs_DB_ModerateThreat_Series_20260501_231139.csv,multiple_runs_DB_ModerateThreat_Series_20260501_231139.csv,DB,Moderate adversity,179,1301.0,1199.0,7.763259031514219,101.0,1301.0,16.52574942352037,215.0,1301.0,85.4045037531276,1024.0,1199.0,0.07686395080707148,1.0,1301.0,0.3074558032282859,4.0,1301.0,0.0,0.0,1301.0,39.04688700999232,508.0,1301.0,22.444273635664874,292.0,1301.0,13.835511145272866,180.0,1301.0,14.595496246872393,175.0,1199.0,0.0,0.0,1301.0
multiple_runs_DB_ModerateThreat_Series_20260501_231139.csv,multiple_runs_DB_ModerateThreat_Series_20260501_231139.csv,DB,Moderate adversity,180,1294.0,1196.0,9.969088098918084,129.0,1294.0,21.097372488408038,273.0,1294.0,82.19063545150502,983.0,1196.0,0.07727975270479134,1.0,1294.0,0.0,0.0,1294.0,0.0,0.0,1294.0,38.02163833075734,492.0,1294.0,19.397217928902627,251.0,1294.0,11.437403400309119,148.0,1294.0,17.809364548494983,213.0,1196.0,0.0,0.0,1294.0
multiple_runs_DB_ModerateThreat_Series_20260501_231139.csv,multiple_runs_DB_ModerateThreat_Series_20260501_231139.csv,DB,Moderate adversity,181,1188.0,1190.0,0.33670033670033667,4.0,1188.0,18.939393939393938,225.0,1188.0,90.4201680672269,1076.0,1190.0,0.33670033670033667,4.0,1188.0,2.441077441077441,29.0,1188.0,0.08417508417508417,1.0,1188.0,43.26599326599327,514.0,1188.0,32.996632996633,392.0,1188.0,1.5993265993265993,19.0,1188.0,9.57983193277311,114.0,1190.0,0.0,0.0,1188.0
multiple_runs_DB_ModerateThreat_Series_20260501_231139.csv,multiple_runs_DB_ModerateThreat_Series_20260501_231139.csv,DB,Moderate adversity,182,968.0,1186.0,19.52479338842975,189.0,968.0,7.747933884297521,75.0,968.0,88.53288364249579,1050.0,1186.0,0.0,0.0,968.0,0.0,0.0,968.0,0.2066115702479339,2.0,968.0,30.888429752066116,299.0,968.0,19.00826446280992,184.0,968.0,22.62396694214876,219.0,968.0,11.467116357504215,136.0,1186.0,0.0,0.0,968.0
multiple_runs_DB_ModerateThreat_Series_20260501_231139.csv,multiple_runs_DB_ModerateThreat_Series_20260501_231139.csv,DB,Moderate adversity,183,1064.0,1203.0,3.571428571428571,38.0,1064.0,22.74436090225564,242.0,1064.0,89.02743142144638,1071.0,1203.0,0.37593984962406013,4.0,1064.0,1.4097744360902256,15.0,1064.0,0.0,0.0,1064.0,38.62781954887218,411.0,1064.0,32.98872180451128,351.0,1064.0,0.28195488721804507,3.0,1064.0,10.972568578553615,132.0,1203.0,0.0,0.0,1064.0
multiple_runs_DB_ModerateThreat_Series_20260501_231139.csv,multiple_runs_DB_ModerateThreat_Series_20260501_231139.csv,DB,Moderate adversity,184,1417.0,1205.0,4.304869442484121,61.0,1417.0,21.312632321806635,302.0,1417.0,81.07883817427386,977.0,1205.0,0.0,0.0,1417.0,0.776287932251235,11.0,1417.0,0.0,0.0,1417.0,43.18983768525053,612.0,1417.0,24.488355681016234,347.0,1417.0,5.9280169371912494,84.0,1417.0,18.92116182572614,228.0,1205.0,0.0,0.0,1417.0
multiple_runs_DB_ModerateThreat_Series_20260501_231139.csv,multiple_runs_DB_ModerateThreat_Series_20260501_231139.csv,DB,Moderate adversity,185,950.0,1186.0,0.42105263157894735,4.0,950.0,14.947368421052632,142.0,950.0,81.53456998313659,967.0,1186.0,0.3157894736842105,3.0,950.0,1.0526315789473684,10.0,950.0,0.10526315789473684,1.0,950.0,42.526315789473685,404.0,950.0,38.21052631578947,363.0,950.0,2.4210526315789473,23.0,950.0,18.465430016863408,219.0,1186.0,0.0,0.0,950.0
multiple_runs_DB_ModerateThreat_Series_20260501_231139.csv,multiple_runs_DB_ModerateThreat_Series_20260501_231139.csv,DB,Moderate adversity,186,1166.0,1208.0,0.8576329331046313,10.0,1166.0,20.754716981132077,242.0,1166.0,92.71523178807946,1120.0,1208.0,0.42881646655231564,5.0,1166.0,1.9725557461406518,23.0,1166.0,0.34305317324185247,4.0,1166.0,41.080617495711834,479.0,1166.0,33.44768439108062,390.0,1166.0,1.1149228130360207,13.0,1166.0,7.28476821192053,88.0,1208.0,0.0,0.0,1166.0
multiple_runs_DB_ModerateThreat_Series_20260501_231139.csv,multiple_runs_DB_ModerateThreat_Series_20260501_231139.csv,DB,Moderate adversity,187,1028.0,1196.0,2.6264591439688716,27.0,1028.0,13.229571984435799,136.0,1028.0,85.95317725752508,1028.0,1196.0,0.09727626459143969,1.0,1028.0,2.0428015564202333,21.0,1028.0,0.0,0.0,1028.0,43.8715953307393,451.0,1028.0,35.40856031128405,364.0,1028.0,2.7237354085603114,28.0,1028.0,14.046822742474916,168.0,1196.0,0.0,0.0,1028.0
multiple_runs_DB_ModerateThreat_Series_20260501_231139.csv,multiple_runs_DB_ModerateThreat_Series_20260501_231139.csv,DB,Moderate adversity,188,990.0,1192.0,0.6060606060606061,6.0,990.0,12.929292929292929,128.0,990.0,81.79530201342283,975.0,1192.0,0.0,0.0,990.0,1.1111111111111112,11.0,990.0,0.20202020202020202,2.0,990.0,45.151515151515156,447.0,990.0,37.77777777777778,374.0,990.0,2.2222222222222223,22.0,990.0,18.20469798657718,217.0,1192.0,0.0,0.0,990.0
multiple_runs_DB_ModerateThreat_Series_20260501_231139.csv,multiple_runs_DB_ModerateThreat_Series_20260501_231139.csv,DB,Moderate adversity,189,1059.0,1185.0,0.0,0.0,1059.0,10.48158640226629,111.0,1059.0,87.0886075949367,1032.0,1185.0,0.0,0.0,1059.0,1.13314447592068,12.0,1059.0,0.09442870632672333,1.0,1059.0,46.27006610009443,490.0,1059.0,39.47119924457035,418.0,1059.0,2.5495750708215295,27.0,1059.0,12.91139240506329,153.0,1185.0,0.0,0.0,1059.0
multiple_runs_DB_ModerateThreat_Series_20260501_231139.csv,multiple_runs_DB_ModerateThreat_Series_20260501_231139.csv,DB,Moderate adversity,190,1035.0,1211.0,0.0,0.0,1035.0,11.11111111111111,115.0,1035.0,77.53922378199834,939.0,1211.0,0.8695652173913043,9.0,1035.0,1.3526570048309179,14.0,1035.0,0.5797101449275363,6.0,1035.0,42.80193236714976,443.0,1035.0,40.28985507246377,417.0,1035.0,2.995169082125604,31.0,1035.0,22.46077621800165,272.0,1211.0,0.0,0.0,1035.0
multiple_runs_DB_ModerateThreat_Series_20260501_231139.csv,multiple_runs_DB_ModerateThreat_Series_20260501_231139.csv,DB,Moderate adversity,191,999.0,1196.0,0.10010010010010009,1.0,999.0,12.312312312312311,123.0,999.0,77.25752508361204,924.0,1196.0,0.6006006006006006,6.0,999.0,1.7017017017017018,17.0,999.0,0.5005005005005005,5.0,999.0,42.94294294294294,429.0,999.0,38.73873873873874,387.0,999.0,3.1031031031031033,31.0,999.0,22.74247491638796,272.0,1196.0,0.0,0.0,999.0
multiple_runs_DB_ModerateThreat_Series_20260501_231139.csv,multiple_runs_DB_ModerateThreat_Series_20260501_231139.csv,DB,Moderate adversity,192,962.0,1221.0,10.602910602910603,102.0,962.0,2.079002079002079,20.0,962.0,92.62899262899262,1131.0,1221.0,0.31185031185031187,3.0,962.0,0.0,0.0,962.0,0.5197505197505198,5.0,962.0,32.95218295218295,317.0,962.0,28.8981288981289,278.0,962.0,24.636174636174637,237.0,962.0,7.371007371007371,90.0,1221.0,0.0,0.0,962.0
multiple_runs_DB_ModerateThreat_Series_20260501_231139.csv,multiple_runs_DB_ModerateThreat_Series_20260501_231139.csv,DB,Moderate adversity,193,889.0,1188.0,5.061867266591676,45.0,889.0,10.798650168728908,96.0,889.0,83.92255892255892,997.0,1188.0,0.44994375703037126,4.0,889.0,0.44994375703037126,4.0,889.0,0.0,0.0,889.0,42.51968503937008,378.0,889.0,37.79527559055118,336.0,889.0,2.924634420697413,26.0,889.0,16.077441077441076,191.0,1188.0,0.0,0.0,889.0
multiple_runs_DB_ModerateThreat_Series_20260501_231139.csv,multiple_runs_DB_ModerateThreat_Series_20260501_231139.csv,DB,Moderate adversity,194,882.0,1193.0,17.687074829931973,156.0,882.0,5.1020408163265305,45.0,882.0,88.26487845766974,1053.0,1193.0,0.0,0.0,882.0,0.0,0.0,882.0,0.0,0.0,882.0,34.92063492063492,308.0,882.0,29.365079365079367,259.0,882.0,12.925170068027212,114.0,882.0,11.73512154233026,140.0,1193.0,0.0,0.0,882.0
multiple_runs_DB_ModerateThreat_Series_20260501_231139.csv,multiple_runs_DB_ModerateThreat_Series_20260501_231139.csv,DB,Moderate adversity,195,794.0,1199.0,0.6297229219143577,5.0,794.0,12.97229219143577,103.0,794.0,85.48790658882403,1025.0,1199.0,0.0,0.0,794.0,0.0,0.0,794.0,0.0,0.0,794.0,35.3904282115869,281.0,794.0,48.36272040302267,384.0,794.0,2.644836272040302,21.0,794.0,14.51209341117598,174.0,1199.0,0.0,0.0,794.0
multiple_runs_DB_ModerateThreat_Series_20260501_231139.csv,multiple_runs_DB_ModerateThreat_Series_20260501_231139.csv,DB,Moderate adversity,196,997.0,1187.0,4.212637913741224,42.0,997.0,7.622868605817453,76.0,997.0,90.81718618365628,1078.0,1187.0,0.10030090270812438,1.0,997.0,0.5015045135406219,5.0,997.0,0.0,0.0,997.0,40.42126379137412,403.0,997.0,36.91073219658977,368.0,997.0,10.230692076228685,102.0,997.0,9.182813816343725,109.0,1187.0,0.0,0.0,997.0
multiple_runs_DB_ModerateThreat_Series_20260501_231139.csv,multiple_runs_DB_ModerateThreat_Series_20260501_231139.csv,DB,Moderate adversity,197,953.0,1204.0,1.5739769150052465,15.0,953.0,12.17208814270724,116.0,953.0,87.62458471760797,1055.0,1204.0,0.3147953830010493,3.0,953.0,0.5246589716684155,5.0,953.0,0.0,0.0,953.0,43.96642182581322,419.0,953.0,39.979013641133264,381.0,953.0,1.4690451206715633,14.0,953.0,12.375415282392026,149.0,1204.0,0.0,0.0,953.0
multiple_runs_DB_ModerateThreat_Series_20260501_231139.csv,multiple_runs_DB_ModerateThreat_Series_20260501_231139.csv,DB,Moderate adversity,198,953.0,1181.0,0.944386149003148,9.0,953.0,11.227701993704093,107.0,953.0,81.96443691786621,968.0,1181.0,0.7345225603357817,7.0,953.0,1.3641133263378804,13.0,953.0,0.0,0.0,953.0,41.34312696747114,394.0,953.0,42.60230849947534,406.0,953.0,1.7838405036726128,17.0,953.0,18.035563082133784,213.0,1181.0,0.0,0.0,953.0
multiple_runs_DB_ModerateThreat_Series_20260501_231139.csv,multiple_runs_DB_ModerateThreat_Series_20260501_231139.csv,DB,Moderate adversity,199,1178.0,1197.0,0.1697792869269949,2.0,1178.0,24.36332767402377,287.0,1178.0,90.30910609857979,1081.0,1197.0,0.4244482173174873,5.0,1178.0,2.2920203735144313,27.0,1178.0,0.0,0.0,1178.0,40.2376910016978,474.0,1178.0,30.89983022071307,364.0,1178.0,1.6129032258064515,19.0,1178.0,9.690893901420218,116.0,1197.0,0.0,0.0,1178.0
multiple_runs_DB_ModerateThreat_Series_20260501_231139.csv,multiple_runs_DB_ModerateThreat_Series_20260501_231139.csv,DB,Moderate adversity,200,921.0,1213.0,0.21715526601520088,2.0,921.0,13.137893593919653,121.0,921.0,81.53338829348722,989.0,1213.0,0.5428881650380022,5.0,921.0,1.737242128121607,16.0,921.0,0.43431053203040176,4.0,921.0,38.870792616720955,358.0,921.0,42.45385450597177,391.0,921.0,2.6058631921824107,24.0,921.0,18.46661170651278,224.0,1213.0,0.0,0.0,921.0
multiple_runs_NB_HighThreat_Series_20260501_201727.csv,multiple_runs_NB_HighThreat_Series_20260501_201727.csv,NB,ACE,1,770.0,1197.0,34.54545454545455,266.0,770.0,0.0,0.0,770.0,84.37761069340016,1010.0,1197.0,0.7792207792207793,6.0,770.0,42.72727272727273,329.0,770.0,18.441558441558442,142.0,770.0,0.0,0.0,770.0,1.2987012987012987,10.0,770.0,2.207792207792208,17.0,770.0,15.622389306599832,187.0,1197.0,0.0,0.0,770.0
multiple_runs_NB_HighThreat_Series_20260501_201727.csv,multiple_runs_NB_HighThreat_Series_20260501_201727.csv,NB,ACE,2,582.0,1198.0,60.996563573883165,355.0,582.0,0.0,0.0,582.0,84.2237061769616,1009.0,1198.0,30.06872852233677,175.0,582.0,4.29553264604811,25.0,582.0,0.0,0.0,582.0,0.0,0.0,582.0,0.3436426116838488,2.0,582.0,4.29553264604811,25.0,582.0,15.776293823038397,189.0,1198.0,0.0,0.0,582.0
multiple_runs_NB_HighThreat_Series_20260501_201727.csv,multiple_runs_NB_HighThreat_Series_20260501_201727.csv,NB,ACE,3,614.0,1188.0,64.98371335504885,399.0,614.0,0.0,0.0,614.0,85.1010101010101,1011.0,1188.0,26.87296416938111,165.0,614.0,4.397394136807818,27.0,614.0,0.0,0.0,614.0,0.0,0.0,614.0,0.9771986970684038,6.0,614.0,2.768729641693811,17.0,614.0,14.898989898989898,177.0,1188.0,0.0,0.0,614.0
multiple_runs_NB_HighThreat_Series_20260501_201727.csv,multiple_runs_NB_HighThreat_Series_20260501_201727.csv,NB,ACE,4,772.0,1200.0,34.067357512953365,263.0,772.0,0.0,0.0,772.0,85.58333333333333,1027.0,1200.0,0.9067357512953367,7.0,772.0,45.33678756476684,350.0,772.0,17.487046632124354,135.0,772.0,0.0,0.0,772.0,0.38860103626943004,3.0,772.0,1.8134715025906734,14.0,772.0,14.416666666666666,173.0,1200.0,0.0,0.0,772.0
multiple_runs_NB_HighThreat_Series_20260501_201727.csv,multiple_runs_NB_HighThreat_Series_20260501_201727.csv,NB,ACE,5,764.0,1203.0,43.19371727748691,330.0,764.0,0.0,0.0,764.0,79.38487115544473,955.0,1203.0,0.7853403141361256,6.0,764.0,45.94240837696335,351.0,764.0,5.7591623036649215,44.0,764.0,0.2617801047120419,2.0,764.0,0.13089005235602094,1.0,764.0,3.926701570680628,30.0,764.0,20.61512884455528,248.0,1203.0,0.0,0.0,764.0
multiple_runs_NB_HighThreat_Series_20260501_201727.csv,multiple_runs_NB_HighThreat_Series_20260501_201727.csv,NB,ACE,6,616.0,1202.0,20.454545454545457,126.0,616.0,0.0,0.0,616.0,80.78202995008319,971.0,1202.0,19.642857142857142,121.0,616.0,14.772727272727273,91.0,616.0,40.909090909090914,252.0,616.0,0.16233766233766234,1.0,616.0,0.3246753246753247,2.0,616.0,3.7337662337662336,23.0,616.0,19.217970049916804,231.0,1202.0,0.0,0.0,616.0
multiple_runs_NB_HighThreat_Series_20260501_201727.csv,multiple_runs_NB_HighThreat_Series_20260501_201727.csv,NB,ACE,7,788.0,1205.0,22.84263959390863,180.0,788.0,0.0,0.0,788.0,79.08713692946058,953.0,1205.0,0.5076142131979695,4.0,788.0,46.31979695431472,365.0,788.0,27.79187817258883,219.0,788.0,0.0,0.0,788.0,0.0,0.0,788.0,2.5380710659898478,20.0,788.0,20.91286307053942,252.0,1205.0,0.0,0.0,788.0
multiple_runs_NB_HighThreat_Series_20260501_201727.csv,multiple_runs_NB_HighThreat_Series_20260501_201727.csv,NB,ACE,8,583.0,1191.0,62.0926243567753,362.0,583.0,0.0,0.0,583.0,79.51301427371956,947.0,1191.0,32.075471698113205,187.0,583.0,2.2298456260720414,13.0,583.0,0.0,0.0,583.0,0.0,0.0,583.0,0.0,0.0,583.0,3.6020583190394513,21.0,583.0,20.486985726280437,244.0,1191.0,0.0,0.0,583.0
multiple_runs_NB_HighThreat_Series_20260501_201727.csv,multiple_runs_NB_HighThreat_Series_20260501_201727.csv,NB,ACE,9,614.0,1203.0,64.49511400651465,396.0,614.0,0.0,0.0,614.0,81.62926018287614,982.0,1203.0,25.732899022801302,158.0,614.0,7.0032573289902285,43.0,614.0,0.0,0.0,614.0,0.0,0.0,614.0,0.0,0.0,614.0,2.768729641693811,17.0,614.0,18.37073981712386,221.0,1203.0,0.0,0.0,614.0
multiple_runs_NB_HighThreat_Series_20260501_201727.csv,multiple_runs_NB_HighThreat_Series_20260501_201727.csv,NB,ACE,10,751.0,1178.0,36.75099866844207,276.0,751.0,0.0,0.0,751.0,83.5314091680815,984.0,1178.0,1.1984021304926764,9.0,751.0,46.737683089214386,351.0,751.0,13.049267643142477,98.0,751.0,0.0,0.0,751.0,0.3994673768308922,3.0,751.0,1.8641810918774968,14.0,751.0,16.468590831918505,194.0,1178.0,0.0,0.0,751.0
multiple_runs_NB_HighThreat_Series_20260501_201727.csv,multiple_runs_NB_HighThreat_Series_20260501_201727.csv,NB,ACE,11,744.0,1192.0,23.9247311827957,178.0,744.0,0.0,0.0,744.0,78.60738255033557,937.0,1192.0,2.0161290322580645,15.0,744.0,41.80107526881721,311.0,744.0,28.763440860215056,214.0,744.0,0.0,0.0,744.0,0.0,0.0,744.0,3.494623655913978,26.0,744.0,21.39261744966443,255.0,1192.0,0.0,0.0,744.0
multiple_runs_NB_HighThreat_Series_20260501_201727.csv,multiple_runs_NB_HighThreat_Series_20260501_201727.csv,NB,ACE,12,585.0,1202.0,62.39316239316239,365.0,585.0,0.0,0.0,585.0,83.77703826955076,1007.0,1202.0,28.547008547008545,167.0,585.0,4.444444444444445,26.0,585.0,1.1965811965811968,7.0,585.0,0.0,0.0,585.0,0.0,0.0,585.0,3.418803418803419,20.0,585.0,16.22296173044925,195.0,1202.0,0.0,0.0,585.0
multiple_runs_NB_HighThreat_Series_20260501_201727.csv,multiple_runs_NB_HighThreat_Series_20260501_201727.csv,NB,ACE,13,751.0,1200.0,49.533954727030626,372.0,751.0,0.0,0.0,751.0,85.33333333333334,1024.0,1200.0,1.3315579227696404,10.0,751.0,41.81091877496671,314.0,751.0,4.527296937416778,34.0,751.0,0.0,0.0,751.0,0.13315579227696406,1.0,751.0,2.6631158455392807,20.0,751.0,14.666666666666666,176.0,1200.0,0.0,0.0,751.0
multiple_runs_NB_HighThreat_Series_20260501_201727.csv,multiple_runs_NB_HighThreat_Series_20260501_201727.csv,NB,ACE,14,792.0,1188.0,43.05555555555556,341.0,792.0,0.0,0.0,792.0,82.65993265993265,982.0,1188.0,2.398989898989899,19.0,792.0,44.19191919191919,350.0,792.0,7.3232323232323235,58.0,792.0,0.0,0.0,792.0,0.0,0.0,792.0,3.0303030303030303,24.0,792.0,17.34006734006734,206.0,1188.0,0.0,0.0,792.0
multiple_runs_NB_HighThreat_Series_20260501_201727.csv,multiple_runs_NB_HighThreat_Series_20260501_201727.csv,NB,ACE,15,789.0,1220.0,34.347275031685676,271.0,789.0,0.0,0.0,789.0,81.88524590163935,999.0,1220.0,2.788339670468948,22.0,789.0,46.51457541191382,367.0,789.0,13.307984790874524,105.0,789.0,0.0,0.0,789.0,0.0,0.0,789.0,3.041825095057034,24.0,789.0,18.114754098360656,221.0,1220.0,0.0,0.0,789.0
multiple_runs_NB_HighThreat_Series_20260501_201727.csv,multiple_runs_NB_HighThreat_Series_20260501_201727.csv,NB,ACE,16,601.0,1195.0,63.89351081530782,384.0,601.0,0.0,0.0,601.0,81.25523012552301,971.0,1195.0,29.11813643926789,175.0,601.0,4.159733777038269,25.0,601.0,0.0,0.0,601.0,0.0,0.0,601.0,0.0,0.0,601.0,2.828618968386023,17.0,601.0,18.744769874476987,224.0,1195.0,0.0,0.0,601.0
multiple_runs_NB_HighThreat_Series_20260501_201727.csv,multiple_runs_NB_HighThreat_Series_20260501_201727.csv,NB,ACE,17,754.0,1196.0,49.20424403183024,371.0,754.0,0.0,0.0,754.0,82.6923076923077,989.0,1196.0,4.641909814323608,35.0,754.0,37.0026525198939,279.0,754.0,6.23342175066313,47.0,754.0,0.0,0.0,754.0,0.0,0.0,754.0,2.9177718832891246,22.0,754.0,17.307692307692307,207.0,1196.0,0.0,0.0,754.0
multiple_runs_NB_HighThreat_Series_20260501_201727.csv,multiple_runs_NB_HighThreat_Series_20260501_201727.csv,NB,ACE,18,740.0,1212.0,47.02702702702703,348.0,740.0,0.0,0.0,740.0,84.73597359735973,1027.0,1212.0,4.1891891891891895,31.0,740.0,35.810810810810814,265.0,740.0,10.135135135135135,75.0,740.0,0.0,0.0,740.0,0.0,0.0,740.0,2.837837837837838,21.0,740.0,15.264026402640262,185.0,1212.0,0.0,0.0,740.0
multiple_runs_NB_HighThreat_Series_20260501_201727.csv,multiple_runs_NB_HighThreat_Series_20260501_201727.csv,NB,ACE,19,730.0,1197.0,50.54794520547945,369.0,730.0,0.0,0.0,730.0,82.87385129490391,992.0,1197.0,6.712328767123288,49.0,730.0,35.89041095890411,262.0,730.0,3.4246575342465753,25.0,730.0,0.0,0.0,730.0,0.0,0.0,730.0,3.4246575342465753,25.0,730.0,17.12614870509607,205.0,1197.0,0.0,0.0,730.0
multiple_runs_NB_HighThreat_Series_20260501_201727.csv,multiple_runs_NB_HighThreat_Series_20260501_201727.csv,NB,ACE,20,732.0,1191.0,47.950819672131146,351.0,732.0,0.0,0.0,732.0,87.3215785054576,1040.0,1191.0,1.366120218579235,10.0,732.0,43.5792349726776,319.0,732.0,5.601092896174864,41.0,732.0,0.0,0.0,732.0,0.1366120218579235,1.0,732.0,1.366120218579235,10.0,732.0,12.678421494542402,151.0,1191.0,0.0,0.0,732.0
multiple_runs_NB_HighThreat_Series_20260501_201727.csv,multiple_runs_NB_HighThreat_Series_20260501_201727.csv,NB,ACE,21,761.0,1187.0,44.15243101182654,336.0,761.0,0.0,0.0,761.0,86.26790227464195,1024.0,1187.0,1.314060446780552,10.0,761.0,48.22601839684626,367.0,761.0,2.759526938239159,21.0,761.0,0.0,0.0,761.0,0.2628120893561104,2.0,761.0,3.28515111695138,25.0,761.0,13.732097725358045,163.0,1187.0,0.0,0.0,761.0
multiple_runs_NB_HighThreat_Series_20260501_201727.csv,multiple_runs_NB_HighThreat_Series_20260501_201727.csv,NB,ACE,22,768.0,1204.0,37.36979166666667,287.0,768.0,0.0,0.0,768.0,80.39867109634552,968.0,1204.0,3.515625,27.0,768.0,40.625,312.0,768.0,15.625,120.0,768.0,0.0,0.0,768.0,0.0,0.0,768.0,2.864583333333333,22.0,768.0,19.601328903654487,236.0,1204.0,0.0,0.0,768.0
multiple_runs_NB_HighThreat_Series_20260501_201727.csv,multiple_runs_NB_HighThreat_Series_20260501_201727.csv,NB,ACE,23,614.0,1192.0,68.89250814332247,423.0,614.0,0.0,0.0,614.0,82.38255033557047,982.0,1192.0,24.592833876221498,151.0,614.0,1.6286644951140066,10.0,614.0,0.6514657980456027,4.0,614.0,0.0,0.0,614.0,0.0,0.0,614.0,4.234527687296417,26.0,614.0,17.61744966442953,210.0,1192.0,0.0,0.0,614.0
multiple_runs_NB_HighThreat_Series_20260501_201727.csv,multiple_runs_NB_HighThreat_Series_20260501_201727.csv,NB,ACE,24,630.0,1189.0,64.44444444444444,406.0,630.0,0.0,0.0,630.0,79.89907485281749,950.0,1189.0,26.825396825396826,169.0,630.0,4.761904761904762,30.0,630.0,0.15873015873015872,1.0,630.0,0.0,0.0,630.0,0.0,0.0,630.0,3.8095238095238098,24.0,630.0,20.100925147182505,239.0,1189.0,0.0,0.0,630.0
multiple_runs_NB_HighThreat_Series_20260501_201727.csv,multiple_runs_NB_HighThreat_Series_20260501_201727.csv,NB,ACE,25,783.0,1215.0,43.93358876117497,344.0,783.0,0.0,0.0,783.0,85.67901234567901,1041.0,1215.0,2.1711366538952745,17.0,783.0,39.97445721583653,313.0,783.0,9.961685823754788,78.0,783.0,0.0,0.0,783.0,0.0,0.0,783.0,3.959131545338442,31.0,783.0,14.320987654320987,174.0,1215.0,0.0,0.0,783.0
multiple_runs_NB_HighThreat_Series_20260501_201727.csv,multiple_runs_NB_HighThreat_Series_20260501_201727.csv,NB,ACE,26,812.0,1209.0,45.812807881773395,372.0,812.0,0.0,0.0,812.0,82.38213399503722,996.0,1209.0,1.600985221674877,13.0,812.0,48.399014778325125,393.0,812.0,1.600985221674877,13.0,812.0,0.0,0.0,812.0,0.0,0.0,812.0,2.586206896551724,21.0,812.0,17.617866004962778,213.0,1209.0,0.0,0.0,812.0
multiple_runs_NB_HighThreat_Series_20260501_201727.csv,multiple_runs_NB_HighThreat_Series_20260501_201727.csv,NB,ACE,27,591.0,1184.0,67.34348561759728,398.0,591.0,0.0,0.0,591.0,80.48986486486487,953.0,1184.0,26.057529610829107,154.0,591.0,1.353637901861252,8.0,591.0,0.0,0.0,591.0,0.0,0.0,591.0,0.338409475465313,2.0,591.0,4.906937394247039,29.0,591.0,19.510135135135133,231.0,1184.0,0.0,0.0,591.0
multiple_runs_NB_HighThreat_Series_20260501_201727.csv,multiple_runs_NB_HighThreat_Series_20260501_201727.csv,NB,ACE,28,600.0,1193.0,66.5,399.0,600.0,0.16666666666666669,1.0,600.0,77.28415758591785,922.0,1193.0,24.833333333333332,149.0,600.0,4.833333333333333,29.0,600.0,0.0,0.0,600.0,0.0,0.0,600.0,0.0,0.0,600.0,3.6666666666666665,22.0,600.0,22.715842414082147,271.0,1193.0,0.0,0.0,600.0
multiple_runs_NB_HighThreat_Series_20260501_201727.csv,multiple_runs_NB_HighThreat_Series_20260501_201727.csv,NB,ACE,29,602.0,1216.0,67.27574750830566,405.0,602.0,0.0,0.0,602.0,85.85526315789474,1044.0,1216.0,28.405315614617937,171.0,602.0,1.1627906976744187,7.0,602.0,0.16611295681063123,1.0,602.0,0.16611295681063123,1.0,602.0,0.16611295681063123,1.0,602.0,2.6578073089700998,16.0,602.0,14.144736842105262,172.0,1216.0,0.0,0.0,602.0
multiple_runs_NB_HighThreat_Series_20260501_201727.csv,multiple_runs_NB_HighThreat_Series_20260501_201727.csv,NB,ACE,30,754.0,1190.0,44.03183023872679,332.0,754.0,0.0,0.0,754.0,85.29411764705883,1015.0,1190.0,1.8567639257294428,14.0,754.0,45.35809018567639,342.0,754.0,6.36604774535809,48.0,754.0,0.0,0.0,754.0,0.1326259946949602,1.0,754.0,2.2546419098143233,17.0,754.0,14.705882352941178,175.0,1190.0,0.0,0.0,754.0
multiple_runs_NB_HighThreat_Series_20260501_201727.csv,multiple_runs_NB_HighThreat_Series_20260501_201727.csv,NB,ACE,31,624.0,1217.0,66.34615384615384,414.0,624.0,0.0,0.0,624.0,85.45603944124898,1040.0,1217.0,26.602564102564102,166.0,624.0,4.326923076923077,27.0,624.0,0.16025641025641024,1.0,624.0,0.0,0.0,624.0,0.0,0.0,624.0,2.564102564102564,16.0,624.0,14.543960558751026,177.0,1217.0,0.0,0.0,624.0
multiple_runs_NB_HighThreat_Series_20260501_201727.csv,multiple_runs_NB_HighThreat_Series_20260501_201727.csv,NB,ACE,32,592.0,1185.0,65.70945945945947,389.0,592.0,0.0,0.0,592.0,84.05063291139241,996.0,1185.0,29.72972972972973,176.0,592.0,1.3513513513513513,8.0,592.0,0.0,0.0,592.0,0.0,0.0,592.0,0.0,0.0,592.0,3.209459459459459,19.0,592.0,15.949367088607595,189.0,1185.0,0.0,0.0,592.0
multiple_runs_NB_HighThreat_Series_20260501_201727.csv,multiple_runs_NB_HighThreat_Series_20260501_201727.csv,NB,ACE,33,680.0,1200.0,56.91176470588235,387.0,680.0,0.0,0.0,680.0,85.33333333333334,1024.0,1200.0,14.705882352941178,100.0,680.0,22.794117647058822,155.0,680.0,1.911764705882353,13.0,680.0,0.14705882352941177,1.0,680.0,0.14705882352941177,1.0,680.0,3.3823529411764706,23.0,680.0,14.666666666666666,176.0,1200.0,0.0,0.0,680.0
multiple_runs_NB_HighThreat_Series_20260501_201727.csv,multiple_runs_NB_HighThreat_Series_20260501_201727.csv,NB,ACE,34,587.0,1189.0,61.499148211243615,361.0,587.0,0.0,0.0,587.0,85.44995794785534,1016.0,1189.0,26.405451448040886,155.0,587.0,2.8960817717206133,17.0,587.0,1.192504258943782,7.0,587.0,0.0,0.0,587.0,3.9182282793867125,23.0,587.0,4.088586030664395,24.0,587.0,14.55004205214466,173.0,1189.0,0.0,0.0,587.0
multiple_runs_NB_HighThreat_Series_20260501_201727.csv,multiple_runs_NB_HighThreat_Series_20260501_201727.csv,NB,ACE,35,752.0,1196.0,42.68617021276596,321.0,752.0,0.0,0.0,752.0,86.53846153846155,1035.0,1196.0,1.5957446808510638,12.0,752.0,44.148936170212764,332.0,752.0,9.042553191489363,68.0,752.0,0.0,0.0,752.0,0.0,0.0,752.0,2.5265957446808507,19.0,752.0,13.461538461538462,161.0,1196.0,0.0,0.0,752.0
multiple_runs_NB_HighThreat_Series_20260501_201727.csv,multiple_runs_NB_HighThreat_Series_20260501_201727.csv,NB,ACE,36,605.0,1211.0,66.94214876033058,405.0,605.0,0.0,0.0,605.0,85.46655656482245,1035.0,1211.0,29.421487603305785,178.0,605.0,0.49586776859504134,3.0,605.0,0.0,0.0,605.0,0.0,0.0,605.0,0.1652892561983471,1.0,605.0,2.975206611570248,18.0,605.0,14.53344343517754,176.0,1211.0,0.0,0.0,605.0
multiple_runs_NB_HighThreat_Series_20260501_201727.csv,multiple_runs_NB_HighThreat_Series_20260501_201727.csv,NB,ACE,37,750.0,1182.0,45.733333333333334,343.0,750.0,0.0,0.0,750.0,88.3248730964467,1044.0,1182.0,0.8,6.0,750.0,41.733333333333334,313.0,750.0,8.799999999999999,66.0,750.0,0.0,0.0,750.0,0.0,0.0,750.0,2.933333333333333,22.0,750.0,11.6751269035533,138.0,1182.0,0.0,0.0,750.0
multiple_runs_NB_HighThreat_Series_20260501_201727.csv,multiple_runs_NB_HighThreat_Series_20260501_201727.csv,NB,ACE,38,627.0,1218.0,65.23125996810208,409.0,627.0,0.0,0.0,627.0,79.06403940886699,963.0,1218.0,24.561403508771928,154.0,627.0,5.741626794258373,36.0,627.0,0.0,0.0,627.0,0.0,0.0,627.0,0.0,0.0,627.0,4.4657097288676235,28.0,627.0,20.935960591133004,255.0,1218.0,0.0,0.0,627.0
multiple_runs_NB_HighThreat_Series_20260501_201727.csv,multiple_runs_NB_HighThreat_Series_20260501_201727.csv,NB,ACE,39,614.0,1205.0,65.96091205211727,405.0,614.0,0.0,0.0,614.0,84.48132780082987,1018.0,1205.0,28.175895765472315,173.0,614.0,1.3029315960912053,8.0,614.0,0.0,0.0,614.0,0.0,0.0,614.0,0.0,0.0,614.0,4.5602605863192185,28.0,614.0,15.518672199170124,187.0,1205.0,0.0,0.0,614.0
multiple_runs_NB_HighThreat_Series_20260501_201727.csv,multiple_runs_NB_HighThreat_Series_20260501_201727.csv,NB,ACE,40,605.0,1198.0,60.82644628099173,368.0,605.0,0.0,0.0,605.0,77.29549248747914,926.0,1198.0,25.123966942148762,152.0,605.0,3.1404958677685952,19.0,605.0,3.8016528925619832,23.0,605.0,0.0,0.0,605.0,0.0,0.0,605.0,7.107438016528926,43.0,605.0,22.70450751252087,272.0,1198.0,0.0,0.0,605.0
multiple_runs_NB_HighThreat_Series_20260501_201727.csv,multiple_runs_NB_HighThreat_Series_20260501_201727.csv,NB,ACE,41,752.0,1199.0,45.611702127659576,343.0,752.0,0.0,0.0,752.0,82.23519599666389,986.0,1199.0,1.9946808510638299,15.0,752.0,42.02127659574468,316.0,752.0,6.781914893617021,51.0,752.0,0.0,0.0,752.0,0.0,0.0,752.0,3.590425531914894,27.0,752.0,17.764804003336113,213.0,1199.0,0.0,0.0,752.0
multiple_runs_NB_HighThreat_Series_20260501_201727.csv,multiple_runs_NB_HighThreat_Series_20260501_201727.csv,NB,ACE,42,785.0,1199.0,42.80254777070064,336.0,785.0,0.0,0.0,785.0,83.40283569641367,1000.0,1199.0,2.1656050955414012,17.0,785.0,43.05732484076433,338.0,785.0,9.044585987261145,71.0,785.0,0.0,0.0,785.0,0.0,0.0,785.0,2.9299363057324843,23.0,785.0,16.59716430358632,199.0,1199.0,0.0,0.0,785.0
multiple_runs_NB_HighThreat_Series_20260501_201727.csv,multiple_runs_NB_HighThreat_Series_20260501_201727.csv,NB,ACE,43,582.0,1212.0,67.0103092783505,390.0,582.0,0.0,0.0,582.0,84.24092409240924,1021.0,1212.0,24.398625429553263,142.0,582.0,1.8900343642611683,11.0,582.0,2.9209621993127146,17.0,582.0,0.0,0.0,582.0,0.1718213058419244,1.0,582.0,3.608247422680412,21.0,582.0,15.75907590759076,191.0,1212.0,0.0,0.0,582.0
multiple_runs_NB_HighThreat_Series_20260501_201727.csv,multiple_runs_NB_HighThreat_Series_20260501_201727.csv,NB,ACE,44,655.0,1209.0,61.679389312977094,404.0,655.0,0.0,0.0,655.0,88.17204301075269,1066.0,1209.0,20.610687022900763,135.0,655.0,14.80916030534351,97.0,655.0,0.0,0.0,655.0,0.0,0.0,655.0,0.3053435114503817,2.0,655.0,2.595419847328244,17.0,655.0,11.827956989247312,143.0,1209.0,0.0,0.0,655.0
multiple_runs_NB_HighThreat_Series_20260501_201727.csv,multiple_runs_NB_HighThreat_Series_20260501_201727.csv,NB,ACE,45,761.0,1201.0,25.229960578186596,192.0,761.0,0.0,0.0,761.0,78.43463780183181,942.0,1201.0,2.759526938239159,21.0,761.0,41.26149802890933,314.0,761.0,27.595269382391592,210.0,761.0,0.0,0.0,761.0,0.0,0.0,761.0,3.1537450722733245,24.0,761.0,21.56536219816819,259.0,1201.0,0.0,0.0,761.0
multiple_runs_NB_HighThreat_Series_20260501_201727.csv,multiple_runs_NB_HighThreat_Series_20260501_201727.csv,NB,ACE,46,785.0,1230.0,41.783439490445865,328.0,785.0,0.0,0.0,785.0,85.28455284552847,1049.0,1230.0,2.038216560509554,16.0,785.0,42.038216560509554,330.0,785.0,11.0828025477707,87.0,785.0,0.0,0.0,785.0,0.6369426751592357,5.0,785.0,2.420382165605096,19.0,785.0,14.715447154471544,181.0,1230.0,0.0,0.0,785.0
multiple_runs_NB_HighThreat_Series_20260501_201727.csv,multiple_runs_NB_HighThreat_Series_20260501_201727.csv,NB,ACE,47,624.0,1194.0,66.98717948717949,418.0,624.0,0.0,0.0,624.0,86.01340033500837,1027.0,1194.0,28.365384615384613,177.0,624.0,2.564102564102564,16.0,624.0,0.16025641025641024,1.0,624.0,0.0,0.0,624.0,0.0,0.0,624.0,1.9230769230769231,12.0,624.0,13.986599664991624,167.0,1194.0,0.0,0.0,624.0
multiple_runs_NB_HighThreat_Series_20260501_201727.csv,multiple_runs_NB_HighThreat_Series_20260501_201727.csv,NB,ACE,48,730.0,1211.0,40.273972602739725,294.0,730.0,0.0,0.0,730.0,80.34682080924856,973.0,1211.0,4.10958904109589,30.0,730.0,39.726027397260275,290.0,730.0,13.013698630136986,95.0,730.0,0.0,0.0,730.0,0.0,0.0,730.0,2.8767123287671232,21.0,730.0,19.653179190751445,238.0,1211.0,0.0,0.0,730.0
multiple_runs_NB_HighThreat_Series_20260501_201727.csv,multiple_runs_NB_HighThreat_Series_20260501_201727.csv,NB,ACE,49,759.0,1192.0,32.54281949934124,247.0,759.0,0.0,0.0,759.0,79.78187919463086,951.0,1192.0,0.922266139657444,7.0,759.0,48.35309617918313,367.0,759.0,15.151515151515152,115.0,759.0,0.0,0.0,759.0,0.0,0.0,759.0,3.0303030303030303,23.0,759.0,20.21812080536913,241.0,1192.0,0.0,0.0,759.0
multiple_runs_NB_HighThreat_Series_20260501_201727.csv,multiple_runs_NB_HighThreat_Series_20260501_201727.csv,NB,ACE,50,621.0,1203.0,64.25120772946859,399.0,621.0,0.0,0.0,621.0,85.95178719866999,1034.0,1203.0,28.663446054750402,178.0,621.0,2.4154589371980677,15.0,621.0,0.4830917874396135,3.0,621.0,0.0,0.0,621.0,0.0,0.0,621.0,4.186795491143317,26.0,621.0,14.04821280133001,169.0,1203.0,0.0,0.0,621.0
multiple_runs_NB_HighThreat_Series_20260501_201727.csv,multiple_runs_NB_HighThreat_Series_20260501_201727.csv,NB,ACE,51,766.0,1215.0,41.90600522193211,321.0,766.0,0.0,0.0,766.0,79.75308641975309,969.0,1215.0,2.610966057441253,20.0,766.0,46.99738903394256,360.0,766.0,6.005221932114883,46.0,766.0,0.0,0.0,766.0,0.0,0.0,766.0,2.4804177545691903,19.0,766.0,20.246913580246915,246.0,1215.0,0.0,0.0,766.0
multiple_runs_NB_HighThreat_Series_20260501_201727.csv,multiple_runs_NB_HighThreat_Series_20260501_201727.csv,NB,ACE,52,698.0,1204.0,56.59025787965616,395.0,698.0,0.0,0.0,698.0,87.29235880398672,1051.0,1204.0,9.742120343839542,68.0,698.0,31.51862464183381,220.0,698.0,0.14326647564469913,1.0,698.0,0.0,0.0,698.0,0.0,0.0,698.0,2.005730659025788,14.0,698.0,12.70764119601329,153.0,1204.0,0.0,0.0,698.0
multiple_runs_NB_HighThreat_Series_20260501_201727.csv,multiple_runs_NB_HighThreat_Series_20260501_201727.csv,NB,ACE,53,794.0,1219.0,33.37531486146096,265.0,794.0,0.0,0.0,794.0,85.06972928630024,1037.0,1219.0,1.1335012594458438,9.0,794.0,41.43576826196473,329.0,794.0,19.143576826196472,152.0,794.0,0.0,0.0,794.0,1.5113350125944585,12.0,794.0,3.400503778337532,27.0,794.0,14.930270713699754,182.0,1219.0,0.0,0.0,794.0
multiple_runs_NB_HighThreat_Series_20260501_201727.csv,multiple_runs_NB_HighThreat_Series_20260501_201727.csv,NB,ACE,54,794.0,1205.0,27.581863979848865,219.0,794.0,0.0,0.0,794.0,81.65975103734439,984.0,1205.0,1.0075566750629723,8.0,794.0,44.584382871536526,354.0,794.0,23.67758186397985,188.0,794.0,0.0,0.0,794.0,0.2518891687657431,2.0,794.0,2.8967254408060454,23.0,794.0,18.3402489626556,221.0,1205.0,0.0,0.0,794.0
multiple_runs_NB_HighThreat_Series_20260501_201727.csv,multiple_runs_NB_HighThreat_Series_20260501_201727.csv,NB,ACE,55,760.0,1196.0,35.13157894736842,267.0,760.0,0.0,0.0,760.0,82.77591973244147,990.0,1196.0,1.0526315789473684,8.0,760.0,45.526315789473685,346.0,760.0,16.315789473684212,124.0,760.0,0.0,0.0,760.0,0.0,0.0,760.0,1.9736842105263157,15.0,760.0,17.224080267558527,206.0,1196.0,0.0,0.0,760.0
multiple_runs_NB_HighThreat_Series_20260501_201727.csv,multiple_runs_NB_HighThreat_Series_20260501_201727.csv,NB,ACE,56,699.0,1211.0,55.65092989985694,389.0,699.0,0.0,0.0,699.0,81.42031379025599,986.0,1211.0,7.439198855507868,52.0,699.0,32.904148783977114,230.0,699.0,0.7153075822603719,5.0,699.0,0.0,0.0,699.0,0.0,0.0,699.0,3.290414878397711,23.0,699.0,18.57968620974401,225.0,1211.0,0.0,0.0,699.0
multiple_runs_NB_HighThreat_Series_20260501_201727.csv,multiple_runs_NB_HighThreat_Series_20260501_201727.csv,NB,ACE,57,632.0,1199.0,67.5632911392405,427.0,632.0,0.0,0.0,632.0,86.15512927439532,1033.0,1199.0,26.582278481012654,168.0,632.0,1.2658227848101267,8.0,632.0,0.0,0.0,632.0,0.0,0.0,632.0,0.0,0.0,632.0,4.588607594936709,29.0,632.0,13.844870725604672,166.0,1199.0,0.0,0.0,632.0
multiple_runs_NB_HighThreat_Series_20260501_201727.csv,multiple_runs_NB_HighThreat_Series_20260501_201727.csv,NB,ACE,58,750.0,1195.0,22.400000000000002,168.0,750.0,0.0,0.0,750.0,81.75732217573221,977.0,1195.0,0.5333333333333333,4.0,750.0,45.2,339.0,750.0,28.26666666666667,212.0,750.0,0.0,0.0,750.0,0.0,0.0,750.0,3.5999999999999996,27.0,750.0,18.242677824267783,218.0,1195.0,0.0,0.0,750.0
multiple_runs_NB_HighThreat_Series_20260501_201727.csv,multiple_runs_NB_HighThreat_Series_20260501_201727.csv,NB,ACE,59,755.0,1208.0,8.609271523178808,65.0,755.0,0.0,0.0,755.0,81.62251655629139,986.0,1208.0,1.0596026490066226,8.0,755.0,43.70860927152318,330.0,755.0,41.98675496688742,317.0,755.0,0.0,0.0,755.0,1.9867549668874174,15.0,755.0,2.6490066225165565,20.0,755.0,18.37748344370861,222.0,1208.0,0.0,0.0,755.0
multiple_runs_NB_HighThreat_Series_20260501_201727.csv,multiple_runs_NB_HighThreat_Series_20260501_201727.csv,NB,ACE,60,632.0,1209.0,66.93037974683544,423.0,632.0,0.0,0.0,632.0,84.69809760132341,1024.0,1209.0,26.89873417721519,170.0,632.0,1.5822784810126582,10.0,632.0,0.0,0.0,632.0,0.15822784810126583,1.0,632.0,0.15822784810126583,1.0,632.0,4.272151898734177,27.0,632.0,15.301902398676592,185.0,1209.0,0.0,0.0,632.0
multiple_runs_NB_HighThreat_Series_20260501_201727.csv,multiple_runs_NB_HighThreat_Series_20260501_201727.csv,NB,ACE,61,745.0,1200.0,48.45637583892618,361.0,745.0,0.0,0.0,745.0,82.75,993.0,1200.0,2.953020134228188,22.0,745.0,36.91275167785235,275.0,745.0,8.053691275167784,60.0,745.0,0.0,0.0,745.0,0.0,0.0,745.0,3.6241610738255035,27.0,745.0,17.25,207.0,1200.0,0.0,0.0,745.0
multiple_runs_NB_HighThreat_Series_20260501_201727.csv,multiple_runs_NB_HighThreat_Series_20260501_201727.csv,NB,ACE,62,765.0,1231.0,47.84313725490196,366.0,765.0,0.0,0.0,765.0,88.38342810722989,1088.0,1231.0,3.1372549019607843,24.0,765.0,44.83660130718955,343.0,765.0,1.045751633986928,8.0,765.0,0.0,0.0,765.0,0.0,0.0,765.0,3.1372549019607843,24.0,765.0,11.616571892770105,143.0,1231.0,0.0,0.0,765.0
multiple_runs_NB_HighThreat_Series_20260501_201727.csv,multiple_runs_NB_HighThreat_Series_20260501_201727.csv,NB,ACE,63,686.0,1202.0,56.99708454810496,391.0,686.0,0.0,0.0,686.0,83.86023294509151,1008.0,1202.0,10.932944606413994,75.0,686.0,29.44606413994169,202.0,686.0,0.0,0.0,686.0,0.0,0.0,686.0,0.0,0.0,686.0,2.623906705539359,18.0,686.0,16.139767054908486,194.0,1202.0,0.0,0.0,686.0
multiple_runs_NB_HighThreat_Series_20260501_201727.csv,multiple_runs_NB_HighThreat_Series_20260501_201727.csv,NB,ACE,64,747.0,1202.0,41.900937081659976,313.0,747.0,0.0,0.0,747.0,81.36439267886855,978.0,1202.0,1.6064257028112447,12.0,747.0,43.64123159303882,326.0,747.0,10.174029451137885,76.0,747.0,0.0,0.0,747.0,0.0,0.0,747.0,2.677376171352075,20.0,747.0,18.63560732113145,224.0,1202.0,0.0,0.0,747.0
multiple_runs_NB_HighThreat_Series_20260501_201727.csv,multiple_runs_NB_HighThreat_Series_20260501_201727.csv,NB,ACE,65,780.0,1208.0,43.84615384615385,342.0,780.0,0.0,0.0,780.0,85.26490066225165,1030.0,1208.0,1.7948717948717947,14.0,780.0,42.17948717948718,329.0,780.0,9.230769230769232,72.0,780.0,0.0,0.0,780.0,0.0,0.0,780.0,2.9487179487179485,23.0,780.0,14.735099337748345,178.0,1208.0,0.0,0.0,780.0
multiple_runs_NB_HighThreat_Series_20260501_201727.csv,multiple_runs_NB_HighThreat_Series_20260501_201727.csv,NB,ACE,66,781.0,1204.0,49.039692701664535,383.0,781.0,0.0,0.0,781.0,83.38870431893687,1004.0,1204.0,2.0486555697823303,16.0,781.0,42.12548015364917,329.0,781.0,3.0729833546734953,24.0,781.0,0.0,0.0,781.0,0.0,0.0,781.0,3.713188220230474,29.0,781.0,16.611295681063122,200.0,1204.0,0.0,0.0,781.0
multiple_runs_NB_HighThreat_Series_20260501_201727.csv,multiple_runs_NB_HighThreat_Series_20260501_201727.csv,NB,ACE,67,678.0,1193.0,53.53982300884957,363.0,678.0,0.0,0.0,678.0,80.63704945515508,962.0,1193.0,13.274336283185843,90.0,678.0,25.663716814159294,174.0,678.0,2.5073746312684366,17.0,678.0,0.14749262536873156,1.0,678.0,0.0,0.0,678.0,4.867256637168142,33.0,678.0,19.362950544844928,231.0,1193.0,0.0,0.0,678.0
multiple_runs_NB_HighThreat_Series_20260501_201727.csv,multiple_runs_NB_HighThreat_Series_20260501_201727.csv,NB,ACE,68,753.0,1187.0,44.6215139442231,336.0,753.0,0.0,0.0,753.0,87.02611625947767,1033.0,1187.0,1.593625498007968,12.0,753.0,41.168658698539176,310.0,753.0,10.225763612217795,77.0,753.0,0.0,0.0,753.0,0.0,0.0,753.0,2.3904382470119523,18.0,753.0,12.973883740522323,154.0,1187.0,0.0,0.0,753.0
multiple_runs_NB_HighThreat_Series_20260501_201727.csv,multiple_runs_NB_HighThreat_Series_20260501_201727.csv,NB,ACE,69,715.0,1194.0,39.16083916083916,280.0,715.0,0.0,0.0,715.0,84.33835845896147,1007.0,1194.0,0.6993006993006993,5.0,715.0,44.19580419580419,316.0,715.0,12.447552447552447,89.0,715.0,0.0,0.0,715.0,0.0,0.0,715.0,3.4965034965034967,25.0,715.0,15.661641541038525,187.0,1194.0,0.0,0.0,715.0
multiple_runs_NB_HighThreat_Series_20260501_201727.csv,multiple_runs_NB_HighThreat_Series_20260501_201727.csv,NB,ACE,70,786.0,1190.0,32.06106870229007,252.0,786.0,0.0,0.0,786.0,83.36134453781513,992.0,1190.0,0.8905852417302799,7.0,786.0,45.038167938931295,354.0,786.0,18.956743002544528,149.0,786.0,0.0,0.0,786.0,0.0,0.0,786.0,3.0534351145038165,24.0,786.0,16.63865546218487,198.0,1190.0,0.0,0.0,786.0
multiple_runs_NB_HighThreat_Series_20260501_201727.csv,multiple_runs_NB_HighThreat_Series_20260501_201727.csv,NB,ACE,71,773.0,1208.0,40.7503234152652,315.0,773.0,0.0,0.0,773.0,84.60264900662253,1022.0,1208.0,1.9404915912031047,15.0,773.0,44.372574385511,343.0,773.0,8.667529107373868,67.0,773.0,0.0,0.0,773.0,1.1642949547218628,9.0,773.0,3.1047865459249677,24.0,773.0,15.397350993377485,186.0,1208.0,0.0,0.0,773.0
multiple_runs_NB_HighThreat_Series_20260501_201727.csv,multiple_runs_NB_HighThreat_Series_20260501_201727.csv,NB,ACE,72,730.0,1203.0,43.56164383561644,318.0,730.0,0.0,0.0,730.0,83.45802161263508,1004.0,1203.0,2.8767123287671232,21.0,730.0,39.58904109589041,289.0,730.0,9.726027397260275,71.0,730.0,0.0,0.0,730.0,0.0,0.0,730.0,4.2465753424657535,31.0,730.0,16.54197838736492,199.0,1203.0,0.0,0.0,730.0
multiple_runs_NB_HighThreat_Series_20260501_201727.csv,multiple_runs_NB_HighThreat_Series_20260501_201727.csv,NB,ACE,73,756.0,1188.0,26.58730158730159,201.0,756.0,0.0,0.0,756.0,81.81818181818183,972.0,1188.0,3.439153439153439,26.0,756.0,41.93121693121693,317.0,756.0,23.809523809523807,180.0,756.0,0.0,0.0,756.0,0.6613756613756614,5.0,756.0,3.571428571428571,27.0,756.0,18.181818181818183,216.0,1188.0,0.0,0.0,756.0
multiple_runs_NB_HighThreat_Series_20260501_201727.csv,multiple_runs_NB_HighThreat_Series_20260501_201727.csv,NB,ACE,74,620.0,1204.0,63.70967741935484,395.0,620.0,0.0,0.0,620.0,77.90697674418605,938.0,1204.0,26.93548387096774,167.0,620.0,3.064516129032258,19.0,620.0,1.6129032258064515,10.0,620.0,0.3225806451612903,2.0,620.0,0.0,0.0,620.0,4.354838709677419,27.0,620.0,22.093023255813954,266.0,1204.0,0.0,0.0,620.0
multiple_runs_NB_HighThreat_Series_20260501_201727.csv,multiple_runs_NB_HighThreat_Series_20260501_201727.csv,NB,ACE,75,780.0,1202.0,39.1025641025641,305.0,780.0,0.0,0.0,780.0,84.77537437603993,1019.0,1202.0,0.2564102564102564,2.0,780.0,46.794871794871796,365.0,780.0,11.666666666666666,91.0,780.0,0.0,0.0,780.0,0.0,0.0,780.0,2.1794871794871793,17.0,780.0,15.224625623960067,183.0,1202.0,0.0,0.0,780.0
multiple_runs_NB_HighThreat_Series_20260501_201727.csv,multiple_runs_NB_HighThreat_Series_20260501_201727.csv,NB,ACE,76,608.0,1205.0,64.9671052631579,395.0,608.0,0.0,0.0,608.0,76.01659751037344,916.0,1205.0,27.960526315789476,170.0,608.0,1.151315789473684,7.0,608.0,0.0,0.0,608.0,0.0,0.0,608.0,0.1644736842105263,1.0,608.0,5.756578947368421,35.0,608.0,23.983402489626556,289.0,1205.0,0.0,0.0,608.0
multiple_runs_NB_HighThreat_Series_20260501_201727.csv,multiple_runs_NB_HighThreat_Series_20260501_201727.csv,NB,ACE,77,778.0,1206.0,28.14910025706941,219.0,778.0,0.0,0.0,778.0,78.68988391376452,949.0,1206.0,2.442159383033419,19.0,778.0,47.55784061696658,370.0,778.0,18.637532133676093,145.0,778.0,0.0,0.0,778.0,0.0,0.0,778.0,3.2133676092544987,25.0,778.0,21.31011608623549,257.0,1206.0,0.0,0.0,778.0
multiple_runs_NB_HighThreat_Series_20260501_201727.csv,multiple_runs_NB_HighThreat_Series_20260501_201727.csv,NB,ACE,78,666.0,1215.0,61.711711711711715,411.0,666.0,0.0,0.0,666.0,88.06584362139918,1070.0,1215.0,21.92192192192192,146.0,666.0,11.26126126126126,75.0,666.0,1.951951951951952,13.0,666.0,0.0,0.0,666.0,0.0,0.0,666.0,3.153153153153153,21.0,666.0,11.934156378600823,145.0,1215.0,0.0,0.0,666.0
multiple_runs_NB_HighThreat_Series_20260501_201727.csv,multiple_runs_NB_HighThreat_Series_20260501_201727.csv,NB,ACE,79,769.0,1180.0,43.69310793237972,336.0,769.0,0.0,0.0,769.0,84.32203389830508,995.0,1180.0,0.9102730819245773,7.0,769.0,47.20416124837451,363.0,769.0,5.071521456436931,39.0,769.0,0.0,0.0,769.0,0.0,0.0,769.0,3.1209362808842656,24.0,769.0,15.677966101694915,185.0,1180.0,0.0,0.0,769.0
multiple_runs_NB_HighThreat_Series_20260501_201727.csv,multiple_runs_NB_HighThreat_Series_20260501_201727.csv,NB,ACE,80,594.0,1191.0,62.79461279461279,373.0,594.0,0.0,0.0,594.0,84.80268681780016,1010.0,1191.0,30.808080808080806,183.0,594.0,2.356902356902357,14.0,594.0,0.5050505050505051,3.0,594.0,0.0,0.0,594.0,0.16835016835016833,1.0,594.0,3.3670033670033668,20.0,594.0,15.197313182199832,181.0,1191.0,0.0,0.0,594.0
multiple_runs_NB_HighThreat_Series_20260501_201727.csv,multiple_runs_NB_HighThreat_Series_20260501_201727.csv,NB,ACE,81,728.0,1192.0,39.972527472527474,291.0,728.0,0.0,0.0,728.0,78.43959731543623,935.0,1192.0,3.4340659340659343,25.0,728.0,42.30769230769231,308.0,728.0,10.43956043956044,76.0,728.0,0.0,0.0,728.0,0.0,0.0,728.0,3.8461538461538463,28.0,728.0,21.56040268456376,257.0,1192.0,0.0,0.0,728.0
multiple_runs_NB_HighThreat_Series_20260501_201727.csv,multiple_runs_NB_HighThreat_Series_20260501_201727.csv,NB,ACE,82,598.0,1196.0,64.21404682274247,384.0,598.0,0.0,0.0,598.0,84.94983277591973,1016.0,1196.0,29.09698996655518,174.0,598.0,2.6755852842809364,16.0,598.0,0.16722408026755853,1.0,598.0,0.0,0.0,598.0,0.0,0.0,598.0,3.8461538461538463,23.0,598.0,15.050167224080269,180.0,1196.0,0.0,0.0,598.0
multiple_runs_NB_HighThreat_Series_20260501_201727.csv,multiple_runs_NB_HighThreat_Series_20260501_201727.csv,NB,ACE,83,600.0,1198.0,62.16666666666667,373.0,600.0,0.0,0.0,600.0,84.72454090150251,1015.0,1198.0,27.833333333333332,167.0,600.0,5.166666666666667,31.0,600.0,0.5,3.0,600.0,0.0,0.0,600.0,1.6666666666666667,10.0,600.0,2.666666666666667,16.0,600.0,15.275459098497496,183.0,1198.0,0.0,0.0,600.0
multiple_runs_NB_HighThreat_Series_20260501_201727.csv,multiple_runs_NB_HighThreat_Series_20260501_201727.csv,NB,ACE,84,767.0,1216.0,43.9374185136897,337.0,767.0,0.0,0.0,767.0,87.08881578947368,1059.0,1216.0,2.8683181225554106,22.0,767.0,42.11212516297262,323.0,767.0,8.34419817470665,64.0,767.0,0.0,0.0,767.0,0.0,0.0,767.0,2.737940026075619,21.0,767.0,12.911184210526317,157.0,1216.0,0.0,0.0,767.0
multiple_runs_NB_HighThreat_Series_20260501_201727.csv,multiple_runs_NB_HighThreat_Series_20260501_201727.csv,NB,ACE,85,741.0,1205.0,36.30229419703104,269.0,741.0,0.0,0.0,741.0,82.98755186721992,1000.0,1205.0,1.8893387314439947,14.0,741.0,42.7800269905533,317.0,741.0,16.869095816464238,125.0,741.0,0.0,0.0,741.0,0.0,0.0,741.0,2.1592442645074224,16.0,741.0,17.012448132780083,205.0,1205.0,0.0,0.0,741.0
multiple_runs_NB_HighThreat_Series_20260501_201727.csv,multiple_runs_NB_HighThreat_Series_20260501_201727.csv,NB,ACE,86,629.0,1181.0,57.710651828298886,363.0,629.0,0.0,0.0,629.0,82.9805249788315,980.0,1181.0,16.534181240063592,104.0,629.0,19.554848966613672,123.0,629.0,2.7027027027027026,17.0,629.0,0.0,0.0,629.0,0.0,0.0,629.0,3.4976152623211445,22.0,629.0,17.0194750211685,201.0,1181.0,0.0,0.0,629.0
multiple_runs_NB_HighThreat_Series_20260501_201727.csv,multiple_runs_NB_HighThreat_Series_20260501_201727.csv,NB,ACE,87,683.0,1194.0,55.78330893118595,381.0,683.0,0.0,0.0,683.0,82.07705192629817,980.0,1194.0,4.392386530014641,30.0,683.0,33.52855051244509,229.0,683.0,2.635431918008785,18.0,683.0,0.0,0.0,683.0,0.0,0.0,683.0,3.6603221083455346,25.0,683.0,17.922948073701843,214.0,1194.0,0.0,0.0,683.0
multiple_runs_NB_HighThreat_Series_20260501_201727.csv,multiple_runs_NB_HighThreat_Series_20260501_201727.csv,NB,ACE,88,768.0,1208.0,46.484375,357.0,768.0,0.0,0.0,768.0,85.34768211920529,1031.0,1208.0,1.3020833333333335,10.0,768.0,45.703125,351.0,768.0,4.427083333333334,34.0,768.0,0.0,0.0,768.0,0.0,0.0,768.0,2.083333333333333,16.0,768.0,14.652317880794701,177.0,1208.0,0.0,0.0,768.0
multiple_runs_NB_HighThreat_Series_20260501_201727.csv,multiple_runs_NB_HighThreat_Series_20260501_201727.csv,NB,ACE,89,790.0,1210.0,13.037974683544304,103.0,790.0,0.0,0.0,790.0,81.48760330578513,986.0,1210.0,0.7594936708860759,6.0,790.0,42.91139240506329,339.0,790.0,38.9873417721519,308.0,790.0,0.0,0.0,790.0,0.0,0.0,790.0,4.30379746835443,34.0,790.0,18.512396694214875,224.0,1210.0,0.0,0.0,790.0
multiple_runs_NB_HighThreat_Series_20260501_201727.csv,multiple_runs_NB_HighThreat_Series_20260501_201727.csv,NB,ACE,90,771.0,1206.0,48.50843060959792,374.0,771.0,0.0,0.0,771.0,84.74295190713102,1022.0,1206.0,2.594033722438392,20.0,771.0,43.320363164721144,334.0,771.0,2.204928664072633,17.0,771.0,0.0,0.0,771.0,0.0,0.0,771.0,3.372243839169909,26.0,771.0,15.257048092868988,184.0,1206.0,0.0,0.0,771.0
multiple_runs_NB_HighThreat_Series_20260501_201727.csv,multiple_runs_NB_HighThreat_Series_20260501_201727.csv,NB,ACE,91,588.0,1205.0,66.15646258503402,389.0,588.0,0.0,0.0,588.0,81.74273858921161,985.0,1205.0,26.190476190476193,154.0,588.0,3.061224489795918,18.0,588.0,0.17006802721088435,1.0,588.0,0.0,0.0,588.0,0.0,0.0,588.0,4.421768707482993,26.0,588.0,18.25726141078838,220.0,1205.0,0.0,0.0,588.0
multiple_runs_NB_HighThreat_Series_20260501_201727.csv,multiple_runs_NB_HighThreat_Series_20260501_201727.csv,NB,ACE,92,722.0,1193.0,39.88919667590028,288.0,722.0,0.0,0.0,722.0,81.47527242246437,972.0,1193.0,6.64819944598338,48.0,722.0,32.13296398891966,232.0,722.0,17.86703601108033,129.0,722.0,0.0,0.0,722.0,0.0,0.0,722.0,3.4626038781163437,25.0,722.0,18.524727577535625,221.0,1193.0,0.0,0.0,722.0
multiple_runs_NB_HighThreat_Series_20260501_201727.csv,multiple_runs_NB_HighThreat_Series_20260501_201727.csv,NB,ACE,93,751.0,1208.0,38.8814913448735,292.0,751.0,0.0,0.0,751.0,86.09271523178808,1040.0,1208.0,1.3315579227696404,10.0,751.0,45.80559254327563,344.0,751.0,9.587217043941411,72.0,751.0,0.0,0.0,751.0,0.0,0.0,751.0,4.394141145139813,33.0,751.0,13.90728476821192,168.0,1208.0,0.0,0.0,751.0
multiple_runs_NB_HighThreat_Series_20260501_201727.csv,multiple_runs_NB_HighThreat_Series_20260501_201727.csv,NB,ACE,94,801.0,1198.0,46.31710362047441,371.0,801.0,0.0,0.0,801.0,84.47412353923205,1012.0,1198.0,0.8739076154806492,7.0,801.0,45.068664169787766,361.0,801.0,4.619225967540574,37.0,801.0,0.0,0.0,801.0,0.0,0.0,801.0,3.1210986267166043,25.0,801.0,15.525876460767945,186.0,1198.0,0.0,0.0,801.0
multiple_runs_NB_HighThreat_Series_20260501_201727.csv,multiple_runs_NB_HighThreat_Series_20260501_201727.csv,NB,ACE,95,740.0,1194.0,24.72972972972973,183.0,740.0,0.0,0.0,740.0,83.66834170854271,999.0,1194.0,0.6756756756756757,5.0,740.0,42.83783783783784,317.0,740.0,27.56756756756757,204.0,740.0,0.0,0.0,740.0,0.0,0.0,740.0,4.1891891891891895,31.0,740.0,16.331658291457288,195.0,1194.0,0.0,0.0,740.0
multiple_runs_NB_HighThreat_Series_20260501_201727.csv,multiple_runs_NB_HighThreat_Series_20260501_201727.csv,NB,ACE,96,765.0,1203.0,29.54248366013072,226.0,765.0,0.0,0.0,765.0,83.20864505403158,1001.0,1203.0,2.7450980392156863,21.0,765.0,41.17647058823529,315.0,765.0,23.52941176470588,180.0,765.0,0.0,0.0,765.0,1.045751633986928,8.0,765.0,1.9607843137254901,15.0,765.0,16.79135494596841,202.0,1203.0,0.0,0.0,765.0
multiple_runs_NB_HighThreat_Series_20260501_201727.csv,multiple_runs_NB_HighThreat_Series_20260501_201727.csv,NB,ACE,97,723.0,1202.0,52.42047026279392,379.0,723.0,0.0,0.0,723.0,84.6089850249584,1017.0,1202.0,5.670816044260028,41.0,723.0,38.17427385892116,276.0,723.0,1.6597510373443984,12.0,723.0,0.0,0.0,723.0,0.2766251728907331,2.0,723.0,1.7980636237897647,13.0,723.0,15.391014975041598,185.0,1202.0,0.0,0.0,723.0
multiple_runs_NB_HighThreat_Series_20260501_201727.csv,multiple_runs_NB_HighThreat_Series_20260501_201727.csv,NB,ACE,98,755.0,1194.0,33.11258278145696,250.0,755.0,0.0,0.0,755.0,82.74706867671692,988.0,1194.0,1.1920529801324504,9.0,755.0,46.22516556291391,349.0,755.0,14.437086092715232,109.0,755.0,0.0,0.0,755.0,1.1920529801324504,9.0,755.0,3.8410596026490067,29.0,755.0,17.252931323283082,206.0,1194.0,0.0,0.0,755.0
multiple_runs_NB_HighThreat_Series_20260501_201727.csv,multiple_runs_NB_HighThreat_Series_20260501_201727.csv,NB,ACE,99,667.0,1198.0,55.62218890554723,371.0,667.0,0.0,0.0,667.0,85.30884808013356,1022.0,1198.0,16.041979010494753,107.0,667.0,22.788605697151425,152.0,667.0,2.548725637181409,17.0,667.0,0.14992503748125938,1.0,667.0,0.7496251874062968,5.0,667.0,2.0989505247376314,14.0,667.0,14.691151919866444,176.0,1198.0,0.0,0.0,667.0
multiple_runs_NB_HighThreat_Series_20260501_201727.csv,multiple_runs_NB_HighThreat_Series_20260501_201727.csv,NB,ACE,100,759.0,1189.0,40.05270092226614,304.0,759.0,0.0,0.0,759.0,85.36585365853658,1015.0,1189.0,0.5270092226613966,4.0,759.0,41.23847167325428,313.0,759.0,15.678524374176547,119.0,759.0,0.0,0.0,759.0,0.13175230566534915,1.0,759.0,2.371541501976284,18.0,759.0,14.634146341463413,174.0,1189.0,0.0,0.0,759.0
multiple_runs_NB_HighThreat_Series_20260501_201727.csv,multiple_runs_NB_HighThreat_Series_20260501_201727.csv,NB,ACE,101,719.0,1198.0,40.333796940194716,290.0,719.0,0.0,0.0,719.0,85.39232053422371,1023.0,1198.0,3.05980528511822,22.0,719.0,41.863699582753824,301.0,719.0,11.821974965229485,85.0,719.0,0.0,0.0,719.0,0.13908205841446453,1.0,719.0,2.781641168289291,20.0,719.0,14.607679465776293,175.0,1198.0,0.0,0.0,719.0
multiple_runs_NB_HighThreat_Series_20260501_201727.csv,multiple_runs_NB_HighThreat_Series_20260501_201727.csv,NB,ACE,102,767.0,1209.0,44.98044328552803,345.0,767.0,0.0,0.0,767.0,84.7808105872622,1025.0,1209.0,2.9986962190352022,23.0,767.0,40.938722294654504,314.0,767.0,8.604954367666231,66.0,767.0,0.0,0.0,767.0,0.0,0.0,767.0,2.4771838331160363,19.0,767.0,15.2191894127378,184.0,1209.0,0.0,0.0,767.0
multiple_runs_NB_HighThreat_Series_20260501_201727.csv,multiple_runs_NB_HighThreat_Series_20260501_201727.csv,NB,ACE,103,620.0,1190.0,59.193548387096776,367.0,620.0,0.0,0.0,620.0,85.21008403361344,1014.0,1190.0,24.677419354838708,153.0,620.0,12.741935483870966,79.0,620.0,0.0,0.0,620.0,0.0,0.0,620.0,0.0,0.0,620.0,3.387096774193549,21.0,620.0,14.789915966386555,176.0,1190.0,0.0,0.0,620.0
multiple_runs_NB_HighThreat_Series_20260501_201727.csv,multiple_runs_NB_HighThreat_Series_20260501_201727.csv,NB,ACE,104,613.0,1193.0,67.86296900489397,416.0,613.0,0.0,0.0,613.0,85.07963118189438,1015.0,1193.0,27.732463295269167,170.0,613.0,2.1207177814029365,13.0,613.0,0.0,0.0,613.0,0.0,0.0,613.0,0.0,0.0,613.0,2.2838499184339316,14.0,613.0,14.920368818105617,178.0,1193.0,0.0,0.0,613.0
multiple_runs_NB_HighThreat_Series_20260501_201727.csv,multiple_runs_NB_HighThreat_Series_20260501_201727.csv,NB,ACE,105,788.0,1211.0,39.847715736040605,314.0,788.0,0.0,0.0,788.0,85.1362510322048,1031.0,1211.0,0.8883248730964468,7.0,788.0,45.17766497461929,356.0,788.0,12.18274111675127,96.0,788.0,0.0,0.0,788.0,0.0,0.0,788.0,1.903553299492386,15.0,788.0,14.86374896779521,180.0,1211.0,0.0,0.0,788.0
multiple_runs_NB_HighThreat_Series_20260501_201727.csv,multiple_runs_NB_HighThreat_Series_20260501_201727.csv,NB,ACE,106,633.0,1196.0,60.505529225908376,383.0,633.0,0.0,0.0,633.0,82.6086956521739,988.0,1196.0,24.170616113744074,153.0,633.0,10.268562401263823,65.0,633.0,0.0,0.0,633.0,0.0,0.0,633.0,1.263823064770932,8.0,633.0,3.7914691943127963,24.0,633.0,17.391304347826086,208.0,1196.0,0.0,0.0,633.0
multiple_runs_NB_HighThreat_Series_20260501_201727.csv,multiple_runs_NB_HighThreat_Series_20260501_201727.csv,NB,ACE,107,753.0,1202.0,39.9734395750332,301.0,753.0,0.0,0.0,753.0,84.44259567387688,1015.0,1202.0,1.4608233731739706,11.0,753.0,42.49667994687915,320.0,753.0,13.014608233731739,98.0,753.0,0.0,0.0,753.0,0.0,0.0,753.0,3.054448871181939,23.0,753.0,15.557404326123129,187.0,1202.0,0.0,0.0,753.0
multiple_runs_NB_HighThreat_Series_20260501_201727.csv,multiple_runs_NB_HighThreat_Series_20260501_201727.csv,NB,ACE,108,761.0,1211.0,40.86727989487516,311.0,761.0,0.0,0.0,761.0,81.99834847233691,993.0,1211.0,5.124835742444152,39.0,761.0,38.76478318002628,295.0,761.0,11.695137976346912,89.0,761.0,0.0,0.0,761.0,0.0,0.0,761.0,3.5479632063074904,27.0,761.0,18.001651527663086,218.0,1211.0,0.0,0.0,761.0
multiple_runs_NB_HighThreat_Series_20260501_201727.csv,multiple_runs_NB_HighThreat_Series_20260501_201727.csv,NB,ACE,109,757.0,1193.0,33.55350066050198,254.0,757.0,0.0,0.0,757.0,84.99580888516346,1014.0,1193.0,1.7173051519154559,13.0,757.0,46.10303830911493,349.0,757.0,15.587846763540291,118.0,757.0,0.0,0.0,757.0,0.3963011889035667,3.0,757.0,2.642007926023778,20.0,757.0,15.004191114836546,179.0,1193.0,0.0,0.0,757.0
multiple_runs_NB_HighThreat_Series_20260501_201727.csv,multiple_runs_NB_HighThreat_Series_20260501_201727.csv,NB,ACE,110,597.0,1207.0,64.82412060301507,387.0,597.0,0.0,0.0,597.0,80.03314001657,966.0,1207.0,28.643216080402013,171.0,597.0,2.0100502512562812,12.0,597.0,0.0,0.0,597.0,0.0,0.0,597.0,0.5025125628140703,3.0,597.0,4.0201005025125625,24.0,597.0,19.96685998342999,241.0,1207.0,0.0,0.0,597.0
multiple_runs_NB_HighThreat_Series_20260501_201727.csv,multiple_runs_NB_HighThreat_Series_20260501_201727.csv,NB,ACE,111,777.0,1197.0,39.38223938223938,306.0,777.0,0.0,0.0,777.0,80.20050125313283,960.0,1197.0,1.0296010296010296,8.0,777.0,50.70785070785071,394.0,777.0,6.435006435006435,50.0,777.0,0.0,0.0,777.0,0.0,0.0,777.0,2.445302445302445,19.0,777.0,19.799498746867165,237.0,1197.0,0.0,0.0,777.0
multiple_runs_NB_HighThreat_Series_20260501_201727.csv,multiple_runs_NB_HighThreat_Series_20260501_201727.csv,NB,ACE,112,591.0,1187.0,65.31302876480541,386.0,591.0,0.1692047377326565,1.0,591.0,83.9932603201348,997.0,1187.0,27.749576988155667,164.0,591.0,3.7225042301184432,22.0,591.0,0.1692047377326565,1.0,591.0,0.0,0.0,591.0,0.0,0.0,591.0,2.8764805414551606,17.0,591.0,16.006739679865206,190.0,1187.0,0.0,0.0,591.0
multiple_runs_NB_HighThreat_Series_20260501_201727.csv,multiple_runs_NB_HighThreat_Series_20260501_201727.csv,NB,ACE,113,599.0,1194.0,65.7762938230384,394.0,599.0,0.0,0.0,599.0,79.22948073701842,946.0,1194.0,30.550918196994992,183.0,599.0,1.335559265442404,8.0,599.0,0.0,0.0,599.0,0.0,0.0,599.0,0.0,0.0,599.0,2.337228714524207,14.0,599.0,20.770519262981573,248.0,1194.0,0.0,0.0,599.0
multiple_runs_NB_HighThreat_Series_20260501_201727.csv,multiple_runs_NB_HighThreat_Series_20260501_201727.csv,NB,ACE,114,591.0,1201.0,63.7901861252115,377.0,591.0,0.0,0.0,591.0,84.84596169858452,1019.0,1201.0,24.873096446700508,147.0,591.0,7.1065989847715745,42.0,591.0,1.6920473773265652,10.0,591.0,0.1692047377326565,1.0,591.0,0.1692047377326565,1.0,591.0,2.199661590524535,13.0,591.0,15.154038301415488,182.0,1201.0,0.0,0.0,591.0
multiple_runs_NB_HighThreat_Series_20260501_201727.csv,multiple_runs_NB_HighThreat_Series_20260501_201727.csv,NB,ACE,115,795.0,1215.0,24.150943396226417,192.0,795.0,0.0,0.0,795.0,83.86831275720165,1019.0,1215.0,0.8805031446540881,7.0,795.0,47.0440251572327,374.0,795.0,24.528301886792452,195.0,795.0,0.0,0.0,795.0,0.12578616352201258,1.0,795.0,3.270440251572327,26.0,795.0,16.131687242798353,196.0,1215.0,0.0,0.0,795.0
multiple_runs_NB_HighThreat_Series_20260501_201727.csv,multiple_runs_NB_HighThreat_Series_20260501_201727.csv,NB,ACE,116,630.0,1206.0,64.12698412698413,404.0,630.0,0.0,0.0,630.0,84.24543946932008,1016.0,1206.0,30.952380952380953,195.0,630.0,2.0634920634920633,13.0,630.0,0.0,0.0,630.0,0.0,0.0,630.0,0.0,0.0,630.0,2.857142857142857,18.0,630.0,15.754560530679933,190.0,1206.0,0.0,0.0,630.0
multiple_runs_NB_HighThreat_Series_20260501_201727.csv,multiple_runs_NB_HighThreat_Series_20260501_201727.csv,NB,ACE,117,612.0,1190.0,63.0718954248366,386.0,612.0,0.0,0.0,612.0,82.10084033613445,977.0,1190.0,18.954248366013072,116.0,612.0,11.11111111111111,68.0,612.0,2.1241830065359477,13.0,612.0,0.0,0.0,612.0,0.0,0.0,612.0,4.738562091503268,29.0,612.0,17.899159663865547,213.0,1190.0,0.0,0.0,612.0
multiple_runs_NB_HighThreat_Series_20260501_201727.csv,multiple_runs_NB_HighThreat_Series_20260501_201727.csv,NB,ACE,118,772.0,1199.0,21.373056994818654,165.0,772.0,0.1295336787564767,1.0,772.0,78.23185988323603,938.0,1199.0,1.16580310880829,9.0,772.0,43.005181347150256,332.0,772.0,31.476683937823836,243.0,772.0,0.1295336787564767,1.0,772.0,0.1295336787564767,1.0,772.0,2.5906735751295336,20.0,772.0,21.76814011676397,261.0,1199.0,0.0,0.0,772.0
multiple_runs_NB_HighThreat_Series_20260501_201727.csv,multiple_runs_NB_HighThreat_Series_20260501_201727.csv,NB,ACE,119,615.0,1187.0,66.5040650406504,409.0,615.0,0.0,0.0,615.0,84.41449031171018,1002.0,1187.0,29.268292682926827,180.0,615.0,0.975609756097561,6.0,615.0,0.0,0.0,615.0,0.0,0.0,615.0,0.0,0.0,615.0,3.2520325203252036,20.0,615.0,15.585509688289806,185.0,1187.0,0.0,0.0,615.0
multiple_runs_NB_HighThreat_Series_20260501_201727.csv,multiple_runs_NB_HighThreat_Series_20260501_201727.csv,NB,ACE,120,605.0,1191.0,64.29752066115702,389.0,605.0,0.0,0.0,605.0,85.8942065491184,1023.0,1191.0,25.28925619834711,153.0,605.0,5.454545454545454,33.0,605.0,0.1652892561983471,1.0,605.0,0.0,0.0,605.0,0.0,0.0,605.0,4.793388429752066,29.0,605.0,14.105793450881613,168.0,1191.0,0.0,0.0,605.0
multiple_runs_NB_HighThreat_Series_20260501_201727.csv,multiple_runs_NB_HighThreat_Series_20260501_201727.csv,NB,ACE,121,742.0,1211.0,37.870619946091644,281.0,742.0,0.0,0.0,742.0,81.99834847233691,993.0,1211.0,0.9433962264150944,7.0,742.0,43.261455525606465,321.0,742.0,13.881401617250674,103.0,742.0,0.0,0.0,742.0,0.40431266846361186,3.0,742.0,3.638814016172507,27.0,742.0,18.001651527663086,218.0,1211.0,0.0,0.0,742.0
multiple_runs_NB_HighThreat_Series_20260501_201727.csv,multiple_runs_NB_HighThreat_Series_20260501_201727.csv,NB,ACE,122,610.0,1207.0,63.60655737704918,388.0,610.0,0.0,0.0,610.0,79.53603976801989,960.0,1207.0,26.885245901639344,164.0,610.0,4.918032786885246,30.0,610.0,0.0,0.0,610.0,0.0,0.0,610.0,0.0,0.0,610.0,4.590163934426229,28.0,610.0,20.463960231980117,247.0,1207.0,0.0,0.0,610.0
multiple_runs_NB_HighThreat_Series_20260501_201727.csv,multiple_runs_NB_HighThreat_Series_20260501_201727.csv,NB,ACE,123,762.0,1198.0,34.90813648293963,266.0,762.0,0.0,0.0,762.0,83.47245409015025,1000.0,1198.0,1.0498687664041995,8.0,762.0,44.48818897637795,339.0,762.0,15.616797900262466,119.0,762.0,0.0,0.0,762.0,0.0,0.0,762.0,3.937007874015748,30.0,762.0,16.52754590984975,198.0,1198.0,0.0,0.0,762.0
multiple_runs_NB_HighThreat_Series_20260501_201727.csv,multiple_runs_NB_HighThreat_Series_20260501_201727.csv,NB,ACE,124,730.0,1197.0,51.917808219178085,379.0,730.0,0.0,0.0,730.0,82.03842940685045,982.0,1197.0,6.8493150684931505,50.0,730.0,37.12328767123287,271.0,730.0,0.410958904109589,3.0,730.0,0.0,0.0,730.0,0.0,0.0,730.0,3.6986301369863015,27.0,730.0,17.96157059314954,215.0,1197.0,0.0,0.0,730.0
multiple_runs_NB_HighThreat_Series_20260501_201727.csv,multiple_runs_NB_HighThreat_Series_20260501_201727.csv,NB,ACE,125,766.0,1202.0,47.127937336814625,361.0,766.0,0.0,0.0,766.0,82.77870216306157,995.0,1202.0,0.7832898172323759,6.0,766.0,41.64490861618799,319.0,766.0,7.180156657963447,55.0,766.0,0.0,0.0,766.0,0.0,0.0,766.0,3.263707571801567,25.0,766.0,17.221297836938437,207.0,1202.0,0.0,0.0,766.0
multiple_runs_NB_HighThreat_Series_20260501_201727.csv,multiple_runs_NB_HighThreat_Series_20260501_201727.csv,NB,ACE,126,765.0,1199.0,28.75816993464052,220.0,765.0,0.0,0.0,765.0,82.40200166805671,988.0,1199.0,0.7843137254901961,6.0,765.0,44.052287581699346,337.0,765.0,24.836601307189543,190.0,765.0,0.0,0.0,765.0,0.0,0.0,765.0,1.5686274509803921,12.0,765.0,17.597998331943284,211.0,1199.0,0.0,0.0,765.0
multiple_runs_NB_HighThreat_Series_20260501_201727.csv,multiple_runs_NB_HighThreat_Series_20260501_201727.csv,NB,ACE,127,639.0,1207.0,61.34585289514867,392.0,639.0,0.1564945226917058,1.0,639.0,77.13338856669428,931.0,1207.0,25.508607198748045,163.0,639.0,7.198748043818466,46.0,639.0,0.0,0.0,639.0,0.0,0.0,639.0,0.0,0.0,639.0,5.790297339593114,37.0,639.0,22.866611433305717,276.0,1207.0,0.0,0.0,639.0
multiple_runs_NB_HighThreat_Series_20260501_201727.csv,multiple_runs_NB_HighThreat_Series_20260501_201727.csv,NB,ACE,128,616.0,1217.0,68.83116883116884,424.0,616.0,0.0,0.0,616.0,80.936729663106,985.0,1217.0,25.97402597402597,160.0,616.0,1.6233766233766231,10.0,616.0,0.0,0.0,616.0,0.0,0.0,616.0,0.0,0.0,616.0,3.571428571428571,22.0,616.0,19.063270336894,232.0,1217.0,0.0,0.0,616.0
multiple_runs_NB_HighThreat_Series_20260501_201727.csv,multiple_runs_NB_HighThreat_Series_20260501_201727.csv,NB,ACE,129,609.0,1206.0,66.66666666666666,406.0,609.0,0.0,0.0,609.0,85.98673300165838,1037.0,1206.0,28.899835796387517,176.0,609.0,0.9852216748768473,6.0,609.0,0.0,0.0,609.0,0.0,0.0,609.0,0.0,0.0,609.0,3.4482758620689653,21.0,609.0,14.013266998341626,169.0,1206.0,0.0,0.0,609.0
multiple_runs_NB_HighThreat_Series_20260501_201727.csv,multiple_runs_NB_HighThreat_Series_20260501_201727.csv,NB,ACE,130,642.0,1202.0,59.65732087227414,383.0,642.0,0.0,0.0,642.0,78.20299500831946,940.0,1202.0,26.791277258566975,172.0,642.0,10.59190031152648,68.0,642.0,0.1557632398753894,1.0,642.0,0.0,0.0,642.0,0.0,0.0,642.0,2.803738317757009,18.0,642.0,21.79700499168053,262.0,1202.0,0.0,0.0,642.0
multiple_runs_NB_HighThreat_Series_20260501_201727.csv,multiple_runs_NB_HighThreat_Series_20260501_201727.csv,NB,ACE,131,637.0,1199.0,67.03296703296702,427.0,637.0,0.0,0.0,637.0,81.56797331109257,978.0,1199.0,25.745682888540035,164.0,637.0,2.9827315541601256,19.0,637.0,0.9419152276295133,6.0,637.0,0.0,0.0,637.0,0.0,0.0,637.0,3.296703296703297,21.0,637.0,18.432026688907424,221.0,1199.0,0.0,0.0,637.0
multiple_runs_NB_HighThreat_Series_20260501_201727.csv,multiple_runs_NB_HighThreat_Series_20260501_201727.csv,NB,ACE,132,715.0,1207.0,53.426573426573434,382.0,715.0,0.0,0.0,715.0,87.73819386909693,1059.0,1207.0,10.76923076923077,77.0,715.0,28.951048951048953,207.0,715.0,2.6573426573426575,19.0,715.0,0.0,0.0,715.0,0.0,0.0,715.0,4.195804195804196,30.0,715.0,12.261806130903064,148.0,1207.0,0.0,0.0,715.0
multiple_runs_NB_HighThreat_Series_20260501_201727.csv,multiple_runs_NB_HighThreat_Series_20260501_201727.csv,NB,ACE,133,685.0,1197.0,52.700729927007295,361.0,685.0,0.0,0.0,685.0,81.62071846282373,977.0,1197.0,15.766423357664234,108.0,685.0,26.86131386861314,184.0,685.0,0.7299270072992701,5.0,685.0,0.0,0.0,685.0,0.145985401459854,1.0,685.0,3.795620437956204,26.0,685.0,18.379281537176272,220.0,1197.0,0.0,0.0,685.0
multiple_runs_NB_HighThreat_Series_20260501_201727.csv,multiple_runs_NB_HighThreat_Series_20260501_201727.csv,NB,ACE,134,770.0,1216.0,36.103896103896105,278.0,770.0,0.0,0.0,770.0,85.2796052631579,1037.0,1216.0,2.857142857142857,22.0,770.0,41.94805194805195,323.0,770.0,15.064935064935064,116.0,770.0,0.0,0.0,770.0,0.0,0.0,770.0,4.025974025974026,31.0,770.0,14.720394736842104,179.0,1216.0,0.0,0.0,770.0
multiple_runs_NB_HighThreat_Series_20260501_201727.csv,multiple_runs_NB_HighThreat_Series_20260501_201727.csv,NB,ACE,135,764.0,1215.0,22.12041884816754,169.0,764.0,0.0,0.0,764.0,85.02057613168724,1033.0,1215.0,1.3089005235602094,10.0,764.0,45.15706806282723,345.0,764.0,29.31937172774869,224.0,764.0,0.13089005235602094,1.0,764.0,0.13089005235602094,1.0,764.0,1.832460732984293,14.0,764.0,14.979423868312757,182.0,1215.0,0.0,0.0,764.0
multiple_runs_NB_HighThreat_Series_20260501_201727.csv,multiple_runs_NB_HighThreat_Series_20260501_201727.csv,NB,ACE,136,781.0,1222.0,23.943661971830984,187.0,781.0,0.0,0.0,781.0,79.70540098199672,974.0,1222.0,1.0243277848911652,8.0,781.0,41.86939820742638,327.0,781.0,29.449423815621,230.0,781.0,0.0,0.0,781.0,0.0,0.0,781.0,3.713188220230474,29.0,781.0,20.29459901800327,248.0,1222.0,0.0,0.0,781.0
multiple_runs_NB_HighThreat_Series_20260501_201727.csv,multiple_runs_NB_HighThreat_Series_20260501_201727.csv,NB,ACE,137,600.0,1203.0,62.83333333333333,377.0,600.0,0.0,0.0,600.0,78.38736492103075,943.0,1203.0,30.166666666666668,181.0,600.0,3.833333333333333,23.0,600.0,0.0,0.0,600.0,0.0,0.0,600.0,0.0,0.0,600.0,3.166666666666667,19.0,600.0,21.612635078969245,260.0,1203.0,0.0,0.0,600.0
multiple_runs_NB_HighThreat_Series_20260501_201727.csv,multiple_runs_NB_HighThreat_Series_20260501_201727.csv,NB,ACE,138,781.0,1196.0,38.41229193341869,300.0,781.0,0.0,0.0,781.0,82.10702341137124,982.0,1196.0,0.6402048655569782,5.0,781.0,43.40588988476313,339.0,781.0,14.340588988476313,112.0,781.0,0.0,0.0,781.0,0.0,0.0,781.0,3.201024327784891,25.0,781.0,17.892976588628763,214.0,1196.0,0.0,0.0,781.0
multiple_runs_NB_HighThreat_Series_20260501_201727.csv,multiple_runs_NB_HighThreat_Series_20260501_201727.csv,NB,ACE,139,770.0,1195.0,47.79220779220779,368.0,770.0,0.0,0.0,770.0,82.34309623430963,984.0,1195.0,4.285714285714286,33.0,770.0,38.18181818181819,294.0,770.0,6.233766233766234,48.0,770.0,0.0,0.0,770.0,0.0,0.0,770.0,3.506493506493506,27.0,770.0,17.656903765690377,211.0,1195.0,0.0,0.0,770.0
multiple_runs_NB_HighThreat_Series_20260501_201727.csv,multiple_runs_NB_HighThreat_Series_20260501_201727.csv,NB,ACE,140,749.0,1207.0,46.5954606141522,349.0,749.0,0.13351134846461948,1.0,749.0,81.44159072079536,983.0,1207.0,4.2723631508678235,32.0,749.0,41.655540720961284,312.0,749.0,3.871829105473965,29.0,749.0,0.13351134846461948,1.0,749.0,0.13351134846461948,1.0,749.0,3.204272363150868,24.0,749.0,18.55840927920464,224.0,1207.0,0.0,0.0,749.0
multiple_runs_NB_HighThreat_Series_20260501_201727.csv,multiple_runs_NB_HighThreat_Series_20260501_201727.csv,NB,ACE,141,758.0,1205.0,40.50131926121372,307.0,758.0,0.0,0.0,758.0,82.98755186721992,1000.0,1205.0,1.978891820580475,15.0,758.0,43.53562005277045,330.0,758.0,9.762532981530343,74.0,758.0,0.0,0.0,758.0,0.0,0.0,758.0,4.221635883905013,32.0,758.0,17.012448132780083,205.0,1205.0,0.0,0.0,758.0
multiple_runs_NB_HighThreat_Series_20260501_201727.csv,multiple_runs_NB_HighThreat_Series_20260501_201727.csv,NB,ACE,142,802.0,1208.0,11.346633416458852,91.0,802.0,0.0,0.0,802.0,80.96026490066225,978.0,1208.0,0.0,0.0,802.0,47.13216957605985,378.0,802.0,35.785536159601,287.0,802.0,0.0,0.0,802.0,3.117206982543641,25.0,802.0,2.6184538653366585,21.0,802.0,19.039735099337747,230.0,1208.0,0.0,0.0,802.0
multiple_runs_NB_HighThreat_Series_20260501_201727.csv,multiple_runs_NB_HighThreat_Series_20260501_201727.csv,NB,ACE,143,801.0,1203.0,36.45443196004994,292.0,801.0,0.0,0.0,801.0,81.71238570241064,983.0,1203.0,1.6229712858926344,13.0,801.0,44.44444444444444,356.0,801.0,13.2334581772784,106.0,801.0,0.0,0.0,801.0,0.0,0.0,801.0,4.2446941323345815,34.0,801.0,18.28761429758936,220.0,1203.0,0.0,0.0,801.0
multiple_runs_NB_HighThreat_Series_20260501_201727.csv,multiple_runs_NB_HighThreat_Series_20260501_201727.csv,NB,ACE,144,659.0,1205.0,62.2154779969651,410.0,659.0,0.0,0.0,659.0,85.22821576763485,1027.0,1205.0,22.76176024279211,150.0,659.0,11.380880121396055,75.0,659.0,0.15174506828528073,1.0,659.0,0.0,0.0,659.0,0.0,0.0,659.0,3.490136570561457,23.0,659.0,14.771784232365146,178.0,1205.0,0.0,0.0,659.0
multiple_runs_NB_HighThreat_Series_20260501_201727.csv,multiple_runs_NB_HighThreat_Series_20260501_201727.csv,NB,ACE,145,776.0,1208.0,54.25257731958762,421.0,776.0,0.0,0.0,776.0,83.77483443708608,1012.0,1208.0,2.0618556701030926,16.0,776.0,39.43298969072165,306.0,776.0,1.1597938144329898,9.0,776.0,0.0,0.0,776.0,0.0,0.0,776.0,3.0927835051546393,24.0,776.0,16.225165562913908,196.0,1208.0,0.0,0.0,776.0
multiple_runs_NB_HighThreat_Series_20260501_201727.csv,multiple_runs_NB_HighThreat_Series_20260501_201727.csv,NB,ACE,146,740.0,1217.0,25.675675675675674,190.0,740.0,0.0,0.0,740.0,78.71815940838125,958.0,1217.0,1.2162162162162162,9.0,740.0,38.91891891891892,288.0,740.0,29.864864864864867,221.0,740.0,0.0,0.0,740.0,0.0,0.0,740.0,4.324324324324325,32.0,740.0,21.281840591618735,259.0,1217.0,0.0,0.0,740.0
multiple_runs_NB_HighThreat_Series_20260501_201727.csv,multiple_runs_NB_HighThreat_Series_20260501_201727.csv,NB,ACE,147,753.0,1214.0,29.880478087649404,225.0,753.0,0.0,0.0,753.0,83.27841845140033,1011.0,1214.0,1.3280212483399734,10.0,753.0,44.090305444887115,332.0,753.0,20.717131474103585,156.0,753.0,0.0,0.0,753.0,0.6640106241699867,5.0,753.0,3.3200531208499333,25.0,753.0,16.72158154859967,203.0,1214.0,0.0,0.0,753.0
multiple_runs_NB_HighThreat_Series_20260501_201727.csv,multiple_runs_NB_HighThreat_Series_20260501_201727.csv,NB,ACE,148,750.0,1191.0,46.0,345.0,750.0,0.0,0.0,750.0,85.97816960537364,1024.0,1191.0,1.2,9.0,750.0,43.6,327.0,750.0,6.4,48.0,750.0,0.0,0.0,750.0,0.9333333333333335,7.0,750.0,1.866666666666667,14.0,750.0,14.021830394626363,167.0,1191.0,0.0,0.0,750.0
multiple_runs_NB_HighThreat_Series_20260501_201727.csv,multiple_runs_NB_HighThreat_Series_20260501_201727.csv,NB,ACE,149,805.0,1208.0,31.925465838509314,257.0,805.0,0.0,0.0,805.0,82.0364238410596,991.0,1208.0,0.6211180124223602,5.0,805.0,44.72049689440994,360.0,805.0,19.006211180124225,153.0,805.0,0.0,0.0,805.0,0.0,0.0,805.0,3.7267080745341614,30.0,805.0,17.9635761589404,217.0,1208.0,0.0,0.0,805.0
multiple_runs_NB_HighThreat_Series_20260501_201727.csv,multiple_runs_NB_HighThreat_Series_20260501_201727.csv,NB,ACE,150,758.0,1208.0,6.992084432717678,53.0,758.0,0.0,0.0,758.0,82.53311258278146,997.0,1208.0,1.0554089709762533,8.0,758.0,44.19525065963061,335.0,758.0,44.72295514511873,339.0,758.0,0.0,0.0,758.0,0.2638522427440633,2.0,758.0,2.7704485488126647,21.0,758.0,17.466887417218544,211.0,1208.0,0.0,0.0,758.0
multiple_runs_NB_HighThreat_Series_20260501_201727.csv,multiple_runs_NB_HighThreat_Series_20260501_201727.csv,NB,ACE,151,629.0,1197.0,62.48012718600954,393.0,629.0,0.0,0.0,629.0,85.71428571428571,1026.0,1197.0,24.006359300476948,151.0,629.0,9.697933227344992,61.0,629.0,0.1589825119236884,1.0,629.0,0.0,0.0,629.0,0.0,0.0,629.0,3.6565977742448332,23.0,629.0,14.285714285714285,171.0,1197.0,0.0,0.0,629.0
multiple_runs_NB_HighThreat_Series_20260501_201727.csv,multiple_runs_NB_HighThreat_Series_20260501_201727.csv,NB,ACE,152,625.0,1195.0,66.4,415.0,625.0,0.0,0.0,625.0,84.76987447698745,1013.0,1195.0,23.200000000000003,145.0,625.0,6.88,43.0,625.0,0.0,0.0,625.0,0.0,0.0,625.0,0.0,0.0,625.0,3.52,22.0,625.0,15.230125523012553,182.0,1195.0,0.0,0.0,625.0
multiple_runs_NB_HighThreat_Series_20260501_201727.csv,multiple_runs_NB_HighThreat_Series_20260501_201727.csv,NB,ACE,153,622.0,1201.0,60.45016077170418,376.0,622.0,0.0,0.0,622.0,85.34554537885096,1025.0,1201.0,26.527331189710612,165.0,622.0,5.787781350482315,36.0,622.0,0.1607717041800643,1.0,622.0,0.0,0.0,622.0,4.501607717041801,28.0,622.0,2.572347266881029,16.0,622.0,14.654454621149043,176.0,1201.0,0.0,0.0,622.0
multiple_runs_NB_HighThreat_Series_20260501_201727.csv,multiple_runs_NB_HighThreat_Series_20260501_201727.csv,NB,ACE,154,763.0,1199.0,46.00262123197903,351.0,763.0,0.1310615989515072,1.0,763.0,83.98665554628857,1007.0,1199.0,0.5242463958060288,4.0,763.0,45.87155963302752,350.0,763.0,3.9318479685452163,30.0,763.0,0.1310615989515072,1.0,763.0,0.0,0.0,763.0,3.4076015727391877,26.0,763.0,16.013344453711426,192.0,1199.0,0.0,0.0,763.0
multiple_runs_NB_HighThreat_Series_20260501_201727.csv,multiple_runs_NB_HighThreat_Series_20260501_201727.csv,NB,ACE,155,758.0,1186.0,12.401055408970976,94.0,758.0,0.0,0.0,758.0,81.36593591905566,965.0,1186.0,1.58311345646438,12.0,758.0,43.66754617414248,331.0,758.0,38.522427440633244,292.0,758.0,0.0,0.0,758.0,0.2638522427440633,2.0,758.0,3.562005277044855,27.0,758.0,18.634064080944352,221.0,1186.0,0.0,0.0,758.0
multiple_runs_NB_HighThreat_Series_20260501_201727.csv,multiple_runs_NB_HighThreat_Series_20260501_201727.csv,NB,ACE,156,776.0,1201.0,37.75773195876289,293.0,776.0,0.0,0.0,776.0,84.34637801831806,1013.0,1201.0,1.9329896907216495,15.0,776.0,45.618556701030926,354.0,776.0,11.469072164948454,89.0,776.0,0.0,0.0,776.0,0.3865979381443299,3.0,776.0,2.8350515463917527,22.0,776.0,15.653621981681932,188.0,1201.0,0.0,0.0,776.0
multiple_runs_NB_HighThreat_Series_20260501_201727.csv,multiple_runs_NB_HighThreat_Series_20260501_201727.csv,NB,ACE,157,776.0,1181.0,43.29896907216495,336.0,776.0,0.0,0.0,776.0,84.41998306519899,997.0,1181.0,1.1597938144329898,9.0,776.0,44.58762886597938,346.0,776.0,8.24742268041237,64.0,776.0,0.0,0.0,776.0,0.0,0.0,776.0,2.7061855670103094,21.0,776.0,15.580016934801016,184.0,1181.0,0.0,0.0,776.0
multiple_runs_NB_HighThreat_Series_20260501_201727.csv,multiple_runs_NB_HighThreat_Series_20260501_201727.csv,NB,ACE,158,735.0,1192.0,44.48979591836735,327.0,735.0,0.0,0.0,735.0,81.54362416107382,972.0,1192.0,2.585034013605442,19.0,735.0,40.816326530612244,300.0,735.0,8.435374149659863,62.0,735.0,0.0,0.0,735.0,0.0,0.0,735.0,3.6734693877551026,27.0,735.0,18.456375838926174,220.0,1192.0,0.0,0.0,735.0
multiple_runs_NB_HighThreat_Series_20260501_201727.csv,multiple_runs_NB_HighThreat_Series_20260501_201727.csv,NB,ACE,159,616.0,1201.0,66.3961038961039,409.0,616.0,0.0,0.0,616.0,85.26228143213989,1024.0,1201.0,28.246753246753247,174.0,616.0,2.272727272727273,14.0,616.0,0.0,0.0,616.0,0.0,0.0,616.0,0.0,0.0,616.0,3.0844155844155843,19.0,616.0,14.737718567860117,177.0,1201.0,0.0,0.0,616.0
multiple_runs_NB_HighThreat_Series_20260501_201727.csv,multiple_runs_NB_HighThreat_Series_20260501_201727.csv,NB,ACE,160,645.0,1206.0,64.65116279069767,417.0,645.0,0.0,0.0,645.0,86.65008291873963,1045.0,1206.0,21.86046511627907,141.0,645.0,10.542635658914728,68.0,645.0,0.0,0.0,645.0,0.0,0.0,645.0,0.0,0.0,645.0,2.945736434108527,19.0,645.0,13.349917081260365,161.0,1206.0,0.0,0.0,645.0
multiple_runs_NB_HighThreat_Series_20260501_201727.csv,multiple_runs_NB_HighThreat_Series_20260501_201727.csv,NB,ACE,161,739.0,1237.0,50.20297699594046,371.0,739.0,0.0,0.0,739.0,81.56831042845593,1009.0,1237.0,5.006765899864682,37.0,739.0,37.48308525033829,277.0,739.0,3.924221921515562,29.0,739.0,0.0,0.0,739.0,0.0,0.0,739.0,3.3829499323410013,25.0,739.0,18.43168957154406,228.0,1237.0,0.0,0.0,739.0
multiple_runs_NB_HighThreat_Series_20260501_201727.csv,multiple_runs_NB_HighThreat_Series_20260501_201727.csv,NB,ACE,162,764.0,1195.0,49.345549738219894,377.0,764.0,0.0,0.0,764.0,82.09205020920503,981.0,1195.0,1.5706806282722512,12.0,764.0,43.06282722513089,329.0,764.0,2.225130890052356,17.0,764.0,0.0,0.0,764.0,0.7853403141361256,6.0,764.0,3.0104712041884816,23.0,764.0,17.90794979079498,214.0,1195.0,0.0,0.0,764.0
multiple_runs_NB_HighThreat_Series_20260501_201727.csv,multiple_runs_NB_HighThreat_Series_20260501_201727.csv,NB,ACE,163,771.0,1186.0,40.59662775616083,313.0,771.0,0.0,0.0,771.0,88.36424957841484,1048.0,1186.0,2.3346303501945527,18.0,771.0,45.39559014267186,350.0,771.0,9.59792477302205,74.0,771.0,0.0,0.0,771.0,0.0,0.0,771.0,2.075226977950713,16.0,771.0,11.63575042158516,138.0,1186.0,0.0,0.0,771.0
multiple_runs_NB_HighThreat_Series_20260501_201727.csv,multiple_runs_NB_HighThreat_Series_20260501_201727.csv,NB,ACE,164,621.0,1209.0,62.80193236714976,390.0,621.0,0.0,0.0,621.0,84.94623655913979,1027.0,1209.0,24.798711755233494,154.0,621.0,6.119162640901772,38.0,621.0,1.4492753623188406,9.0,621.0,0.0,0.0,621.0,0.0,0.0,621.0,4.830917874396135,30.0,621.0,15.053763440860216,182.0,1209.0,0.0,0.0,621.0
multiple_runs_NB_HighThreat_Series_20260501_201727.csv,multiple_runs_NB_HighThreat_Series_20260501_201727.csv,NB,ACE,165,762.0,1210.0,33.46456692913386,255.0,762.0,0.0,0.0,762.0,81.90082644628099,991.0,1210.0,1.3123359580052494,10.0,762.0,44.750656167979,341.0,762.0,18.503937007874015,141.0,762.0,0.0,0.0,762.0,0.0,0.0,762.0,1.968503937007874,15.0,762.0,18.09917355371901,219.0,1210.0,0.0,0.0,762.0
multiple_runs_NB_HighThreat_Series_20260501_201727.csv,multiple_runs_NB_HighThreat_Series_20260501_201727.csv,NB,ACE,166,758.0,1198.0,45.77836411609499,347.0,758.0,0.0,0.0,758.0,82.3873121869783,987.0,1198.0,1.3192612137203166,10.0,758.0,44.9868073878628,341.0,758.0,5.145118733509235,39.0,758.0,0.0,0.0,758.0,0.0,0.0,758.0,2.7704485488126647,21.0,758.0,17.6126878130217,211.0,1198.0,0.0,0.0,758.0
multiple_runs_NB_HighThreat_Series_20260501_201727.csv,multiple_runs_NB_HighThreat_Series_20260501_201727.csv,NB,ACE,167,713.0,1213.0,48.80785413744741,348.0,713.0,0.0,0.0,713.0,81.94558944765046,994.0,1213.0,7.854137447405329,56.0,713.0,31.697054698457222,226.0,713.0,7.5736325385694245,54.0,713.0,0.0,0.0,713.0,0.0,0.0,713.0,4.067321178120617,29.0,713.0,18.054410552349548,219.0,1213.0,0.0,0.0,713.0
multiple_runs_NB_HighThreat_Series_20260501_201727.csv,multiple_runs_NB_HighThreat_Series_20260501_201727.csv,NB,ACE,168,710.0,1211.0,42.112676056338024,299.0,710.0,0.0,0.0,710.0,81.33773740710157,985.0,1211.0,4.084507042253521,29.0,710.0,41.12676056338028,292.0,710.0,8.169014084507042,58.0,710.0,0.0,0.0,710.0,1.8309859154929577,13.0,710.0,2.676056338028169,19.0,710.0,18.662262592898433,226.0,1211.0,0.0,0.0,710.0
multiple_runs_NB_HighThreat_Series_20260501_201727.csv,multiple_runs_NB_HighThreat_Series_20260501_201727.csv,NB,ACE,169,757.0,1195.0,31.571994715984147,239.0,757.0,0.0,0.0,757.0,78.41004184100419,937.0,1195.0,1.5852047556142668,12.0,757.0,44.38573315719947,336.0,757.0,19.550858652575958,148.0,757.0,0.0,0.0,757.0,0.0,0.0,757.0,2.906208718626156,22.0,757.0,21.589958158995817,258.0,1195.0,0.0,0.0,757.0
multiple_runs_NB_HighThreat_Series_20260501_201727.csv,multiple_runs_NB_HighThreat_Series_20260501_201727.csv,NB,ACE,170,743.0,1183.0,40.5114401076716,301.0,743.0,0.0,0.0,743.0,79.96618765849534,946.0,1183.0,3.095558546433378,23.0,743.0,38.89636608344549,289.0,743.0,14.670255720053834,109.0,743.0,0.0,0.0,743.0,0.0,0.0,743.0,2.826379542395693,21.0,743.0,20.03381234150465,237.0,1183.0,0.0,0.0,743.0
multiple_runs_NB_HighThreat_Series_20260501_201727.csv,multiple_runs_NB_HighThreat_Series_20260501_201727.csv,NB,ACE,171,699.0,1195.0,56.22317596566524,393.0,699.0,0.0,0.0,699.0,79.7489539748954,953.0,1195.0,17.310443490701,121.0,699.0,23.74821173104435,166.0,699.0,0.14306151645207438,1.0,699.0,0.0,0.0,699.0,0.0,0.0,699.0,2.575107296137339,18.0,699.0,20.251046025104603,242.0,1195.0,0.0,0.0,699.0
multiple_runs_NB_HighThreat_Series_20260501_201727.csv,multiple_runs_NB_HighThreat_Series_20260501_201727.csv,NB,ACE,172,783.0,1208.0,28.991060025542787,227.0,783.0,0.0,0.0,783.0,83.94039735099338,1014.0,1208.0,1.40485312899106,11.0,783.0,44.572158365261814,349.0,783.0,21.58365261813538,169.0,783.0,0.0,0.0,783.0,0.0,0.0,783.0,3.4482758620689653,27.0,783.0,16.05960264900662,194.0,1208.0,0.0,0.0,783.0
multiple_runs_NB_HighThreat_Series_20260501_201727.csv,multiple_runs_NB_HighThreat_Series_20260501_201727.csv,NB,ACE,173,741.0,1208.0,47.908232118758434,355.0,741.0,0.0,0.0,741.0,85.67880794701986,1035.0,1208.0,2.564102564102564,19.0,741.0,42.6450742240216,316.0,741.0,4.723346828609987,35.0,741.0,0.0,0.0,741.0,0.0,0.0,741.0,2.1592442645074224,16.0,741.0,14.321192052980134,173.0,1208.0,0.0,0.0,741.0
multiple_runs_NB_HighThreat_Series_20260501_201727.csv,multiple_runs_NB_HighThreat_Series_20260501_201727.csv,NB,ACE,174,768.0,1213.0,49.21875,378.0,768.0,0.0,0.0,768.0,86.47980214344601,1049.0,1213.0,1.953125,15.0,768.0,41.015625,315.0,768.0,4.817708333333334,37.0,768.0,0.0,0.0,768.0,0.0,0.0,768.0,2.994791666666667,23.0,768.0,13.520197856553997,164.0,1213.0,0.0,0.0,768.0
multiple_runs_NB_HighThreat_Series_20260501_201727.csv,multiple_runs_NB_HighThreat_Series_20260501_201727.csv,NB,ACE,175,607.0,1192.0,62.108731466227354,377.0,607.0,0.0,0.0,607.0,85.06711409395973,1014.0,1192.0,29.818780889621088,181.0,607.0,4.118616144975288,25.0,607.0,0.0,0.0,607.0,0.0,0.0,607.0,0.0,0.0,607.0,3.9538714991762767,24.0,607.0,14.93288590604027,178.0,1192.0,0.0,0.0,607.0
multiple_runs_NB_HighThreat_Series_20260501_201727.csv,multiple_runs_NB_HighThreat_Series_20260501_201727.csv,NB,ACE,176,745.0,1188.0,19.86577181208054,148.0,745.0,0.0,0.0,745.0,80.21885521885523,953.0,1188.0,1.342281879194631,10.0,745.0,45.100671140939596,336.0,745.0,30.87248322147651,230.0,745.0,0.0,0.0,745.0,0.0,0.0,745.0,2.8187919463087248,21.0,745.0,19.78114478114478,235.0,1188.0,0.0,0.0,745.0
multiple_runs_NB_HighThreat_Series_20260501_201727.csv,multiple_runs_NB_HighThreat_Series_20260501_201727.csv,NB,ACE,177,792.0,1209.0,44.06565656565656,349.0,792.0,0.0,0.0,792.0,82.87841191066998,1002.0,1209.0,1.3888888888888888,11.0,792.0,45.32828282828283,359.0,792.0,6.0606060606060606,48.0,792.0,0.0,0.0,792.0,0.0,0.0,792.0,3.1565656565656566,25.0,792.0,17.121588089330025,207.0,1209.0,0.0,0.0,792.0
multiple_runs_NB_HighThreat_Series_20260501_201727.csv,multiple_runs_NB_HighThreat_Series_20260501_201727.csv,NB,ACE,178,622.0,1191.0,64.30868167202573,400.0,622.0,0.0,0.0,622.0,81.61209068010076,972.0,1191.0,20.578778135048232,128.0,622.0,11.093247588424438,69.0,622.0,0.1607717041800643,1.0,622.0,0.0,0.0,622.0,0.0,0.0,622.0,3.858520900321544,24.0,622.0,18.387909319899247,219.0,1191.0,0.0,0.0,622.0
multiple_runs_NB_HighThreat_Series_20260501_201727.csv,multiple_runs_NB_HighThreat_Series_20260501_201727.csv,NB,ACE,179,749.0,1209.0,45.92790387182911,344.0,749.0,0.0,0.0,749.0,86.26964433416046,1043.0,1209.0,3.7383177570093453,28.0,749.0,42.72363150867824,320.0,749.0,5.607476635514018,42.0,749.0,0.0,0.0,749.0,0.13351134846461948,1.0,749.0,1.8691588785046727,14.0,749.0,13.730355665839536,166.0,1209.0,0.0,0.0,749.0
multiple_runs_NB_HighThreat_Series_20260501_201727.csv,multiple_runs_NB_HighThreat_Series_20260501_201727.csv,NB,ACE,180,756.0,1214.0,39.55026455026455,299.0,756.0,0.0,0.0,756.0,85.58484349258649,1039.0,1214.0,1.1904761904761905,9.0,756.0,42.72486772486773,323.0,756.0,13.492063492063492,102.0,756.0,0.0,0.0,756.0,0.0,0.0,756.0,3.0423280423280423,23.0,756.0,14.41515650741351,175.0,1214.0,0.0,0.0,756.0
multiple_runs_NB_HighThreat_Series_20260501_201727.csv,multiple_runs_NB_HighThreat_Series_20260501_201727.csv,NB,ACE,181,761.0,1197.0,26.675427069645202,203.0,761.0,0.0,0.0,761.0,82.62322472848788,989.0,1197.0,2.2339027595269383,17.0,761.0,40.21024967148489,306.0,761.0,27.8580814717477,212.0,761.0,0.0,0.0,761.0,0.2628120893561104,2.0,761.0,2.759526938239159,21.0,761.0,17.376775271512113,208.0,1197.0,0.0,0.0,761.0
multiple_runs_NB_HighThreat_Series_20260501_201727.csv,multiple_runs_NB_HighThreat_Series_20260501_201727.csv,NB,ACE,182,743.0,1190.0,48.85598923283984,363.0,743.0,0.0,0.0,743.0,82.26890756302521,979.0,1190.0,4.172274562584119,31.0,743.0,38.89636608344549,289.0,743.0,4.979811574697174,37.0,743.0,0.0,0.0,743.0,0.0,0.0,743.0,3.095558546433378,23.0,743.0,17.73109243697479,211.0,1190.0,0.0,0.0,743.0
multiple_runs_NB_HighThreat_Series_20260501_201727.csv,multiple_runs_NB_HighThreat_Series_20260501_201727.csv,NB,ACE,183,687.0,1198.0,41.48471615720524,285.0,687.0,0.0,0.0,687.0,79.96661101836395,958.0,1198.0,6.986899563318777,48.0,687.0,32.896652110625915,226.0,687.0,14.847161572052403,102.0,687.0,0.0,0.0,687.0,0.0,0.0,687.0,3.7845705967976713,26.0,687.0,20.03338898163606,240.0,1198.0,0.0,0.0,687.0
multiple_runs_NB_HighThreat_Series_20260501_201727.csv,multiple_runs_NB_HighThreat_Series_20260501_201727.csv,NB,ACE,184,766.0,1203.0,27.676240208877285,212.0,766.0,0.0,0.0,766.0,83.1255195344971,1000.0,1203.0,0.9138381201044387,7.0,766.0,44.516971279373365,341.0,766.0,24.151436031331595,185.0,766.0,0.0,0.0,766.0,0.0,0.0,766.0,2.741514360313316,21.0,766.0,16.87448046550291,203.0,1203.0,0.0,0.0,766.0
multiple_runs_NB_HighThreat_Series_20260501_201727.csv,multiple_runs_NB_HighThreat_Series_20260501_201727.csv,NB,ACE,185,610.0,1212.0,60.81967213114754,371.0,610.0,0.0,0.0,610.0,82.92079207920791,1005.0,1212.0,22.62295081967213,138.0,610.0,12.131147540983607,74.0,610.0,0.0,0.0,610.0,0.16393442622950818,1.0,610.0,0.16393442622950818,1.0,610.0,4.098360655737705,25.0,610.0,17.07920792079208,207.0,1212.0,0.0,0.0,610.0
multiple_runs_NB_HighThreat_Series_20260501_201727.csv,multiple_runs_NB_HighThreat_Series_20260501_201727.csv,NB,ACE,186,612.0,1194.0,64.70588235294117,396.0,612.0,0.0,0.0,612.0,83.08207705192629,992.0,1194.0,25.816993464052292,158.0,612.0,3.2679738562091507,20.0,612.0,2.6143790849673203,16.0,612.0,0.0,0.0,612.0,0.0,0.0,612.0,3.594771241830065,22.0,612.0,16.917922948073702,202.0,1194.0,0.0,0.0,612.0
multiple_runs_NB_HighThreat_Series_20260501_201727.csv,multiple_runs_NB_HighThreat_Series_20260501_201727.csv,NB,ACE,187,747.0,1223.0,25.301204819277107,189.0,747.0,0.0,0.0,747.0,82.9926410466067,1015.0,1223.0,2.5435073627844713,19.0,747.0,44.042838018741634,329.0,747.0,24.230254350736278,181.0,747.0,0.0,0.0,747.0,0.2677376171352075,2.0,747.0,3.614457831325301,27.0,747.0,17.007358953393297,208.0,1223.0,0.0,0.0,747.0
multiple_runs_NB_HighThreat_Series_20260501_201727.csv,multiple_runs_NB_HighThreat_Series_20260501_201727.csv,NB,ACE,188,647.0,1212.0,65.2241112828439,422.0,647.0,0.0,0.0,647.0,83.33333333333334,1010.0,1212.0,27.202472952086552,176.0,647.0,3.400309119010819,22.0,647.0,0.1545595054095827,1.0,647.0,0.0,0.0,647.0,0.0,0.0,647.0,4.01854714064915,26.0,647.0,16.666666666666664,202.0,1212.0,0.0,0.0,647.0
multiple_runs_NB_HighThreat_Series_20260501_201727.csv,multiple_runs_NB_HighThreat_Series_20260501_201727.csv,NB,ACE,189,696.0,1192.0,39.08045977011494,272.0,696.0,0.0,0.0,696.0,85.31879194630872,1017.0,1192.0,6.321839080459771,44.0,696.0,34.195402298850574,238.0,696.0,16.379310344827587,114.0,696.0,0.14367816091954022,1.0,696.0,0.14367816091954022,1.0,696.0,3.7356321839080464,26.0,696.0,14.681208053691275,175.0,1192.0,0.0,0.0,696.0
multiple_runs_NB_HighThreat_Series_20260501_201727.csv,multiple_runs_NB_HighThreat_Series_20260501_201727.csv,NB,ACE,190,789.0,1203.0,44.48669201520912,351.0,789.0,0.0,0.0,789.0,85.453034081463,1028.0,1203.0,0.25348542458808615,2.0,789.0,46.7680608365019,369.0,789.0,6.337135614702155,50.0,789.0,0.0,0.0,789.0,0.0,0.0,789.0,2.1546261089987326,17.0,789.0,14.54696591853699,175.0,1203.0,0.0,0.0,789.0
multiple_runs_NB_HighThreat_Series_20260501_201727.csv,multiple_runs_NB_HighThreat_Series_20260501_201727.csv,NB,ACE,191,798.0,1206.0,40.97744360902256,327.0,798.0,0.0,0.0,798.0,81.92371475953566,988.0,1206.0,1.5037593984962405,12.0,798.0,42.98245614035088,343.0,798.0,11.403508771929824,91.0,798.0,0.0,0.0,798.0,0.0,0.0,798.0,3.132832080200501,25.0,798.0,18.076285240464347,218.0,1206.0,0.0,0.0,798.0
multiple_runs_NB_HighThreat_Series_20260501_201727.csv,multiple_runs_NB_HighThreat_Series_20260501_201727.csv,NB,ACE,192,596.0,1200.0,64.76510067114094,386.0,596.0,0.0,0.0,596.0,84.75,1017.0,1200.0,31.543624161073826,188.0,596.0,0.6711409395973155,4.0,596.0,0.0,0.0,596.0,0.0,0.0,596.0,0.16778523489932887,1.0,596.0,2.8523489932885906,17.0,596.0,15.25,183.0,1200.0,0.0,0.0,596.0
multiple_runs_NB_HighThreat_Series_20260501_201727.csv,multiple_runs_NB_HighThreat_Series_20260501_201727.csv,NB,ACE,193,764.0,1193.0,44.76439790575916,342.0,764.0,0.0,0.0,764.0,83.15171835708298,992.0,1193.0,1.963350785340314,15.0,764.0,45.54973821989529,348.0,764.0,3.4031413612565444,26.0,764.0,0.0,0.0,764.0,0.7853403141361256,6.0,764.0,3.5340314136125657,27.0,764.0,16.848281642917016,201.0,1193.0,0.0,0.0,764.0
multiple_runs_NB_HighThreat_Series_20260501_201727.csv,multiple_runs_NB_HighThreat_Series_20260501_201727.csv,NB,ACE,194,646.0,1204.0,61.145510835913306,395.0,646.0,0.0,0.0,646.0,81.3953488372093,980.0,1204.0,14.860681114551083,96.0,646.0,18.730650154798763,121.0,646.0,0.9287925696594427,6.0,646.0,0.0,0.0,646.0,1.393188854489164,9.0,646.0,2.941176470588235,19.0,646.0,18.6046511627907,224.0,1204.0,0.0,0.0,646.0
multiple_runs_NB_HighThreat_Series_20260501_201727.csv,multiple_runs_NB_HighThreat_Series_20260501_201727.csv,NB,ACE,195,728.0,1213.0,47.25274725274725,344.0,728.0,0.0,0.0,728.0,85.73784006595218,1040.0,1213.0,6.043956043956044,44.0,728.0,33.65384615384615,245.0,728.0,9.752747252747254,71.0,728.0,0.0,0.0,728.0,0.0,0.0,728.0,3.296703296703297,24.0,728.0,14.262159934047816,173.0,1213.0,0.0,0.0,728.0
multiple_runs_NB_HighThreat_Series_20260501_201727.csv,multiple_runs_NB_HighThreat_Series_20260501_201727.csv,NB,ACE,196,624.0,1190.0,67.1474358974359,419.0,624.0,0.0,0.0,624.0,78.31932773109244,932.0,1190.0,26.442307692307693,165.0,624.0,2.403846153846154,15.0,624.0,0.16025641025641024,1.0,624.0,0.0,0.0,624.0,0.0,0.0,624.0,3.8461538461538463,24.0,624.0,21.680672268907564,258.0,1190.0,0.0,0.0,624.0
multiple_runs_NB_HighThreat_Series_20260501_201727.csv,multiple_runs_NB_HighThreat_Series_20260501_201727.csv,NB,ACE,197,751.0,1181.0,44.34087882822903,333.0,751.0,0.0,0.0,751.0,85.01270110076207,1004.0,1181.0,2.796271637816245,21.0,751.0,43.54194407456725,327.0,751.0,6.790945406125166,51.0,751.0,0.0,0.0,751.0,0.0,0.0,751.0,2.5299600532623168,19.0,751.0,14.987298899237933,177.0,1181.0,0.0,0.0,751.0
multiple_runs_NB_HighThreat_Series_20260501_201727.csv,multiple_runs_NB_HighThreat_Series_20260501_201727.csv,NB,ACE,198,671.0,1207.0,49.32935916542474,331.0,671.0,0.0,0.0,671.0,77.71333885666944,938.0,1207.0,12.518628912071536,84.0,671.0,26.08047690014903,175.0,671.0,9.38897168405365,63.0,671.0,0.0,0.0,671.0,0.0,0.0,671.0,2.682563338301043,18.0,671.0,22.286661143330573,269.0,1207.0,0.0,0.0,671.0
multiple_runs_NB_HighThreat_Series_20260501_201727.csv,multiple_runs_NB_HighThreat_Series_20260501_201727.csv,NB,ACE,199,706.0,1215.0,57.082152974504254,403.0,706.0,0.0,0.0,706.0,83.86831275720165,1019.0,1215.0,11.3314447592068,80.0,706.0,26.628895184135974,188.0,706.0,0.9915014164305949,7.0,706.0,0.0,0.0,706.0,0.0,0.0,706.0,3.9660056657223794,28.0,706.0,16.131687242798353,196.0,1215.0,0.0,0.0,706.0
multiple_runs_NB_HighThreat_Series_20260501_201727.csv,multiple_runs_NB_HighThreat_Series_20260501_201727.csv,NB,ACE,200,766.0,1200.0,20.234986945169712,155.0,766.0,0.0,0.0,766.0,79.75,957.0,1200.0,0.6527415143603132,5.0,766.0,44.12532637075718,338.0,766.0,32.637075718015666,250.0,766.0,0.0,0.0,766.0,0.0,0.0,766.0,2.3498694516971277,18.0,766.0,20.25,243.0,1200.0,0.0,0.0,766.0
multiple_runs_NB_LowThreat_Series_20260501_180717.csv,multiple_runs_NB_LowThreat_Series_20260501_180717.csv,NB,No ACE,1,692.0,1210.0,15.028901734104046,104.0,692.0,3.1791907514450863,22.0,692.0,79.42148760330579,961.0,1210.0,29.335260115606935,203.0,692.0,6.358381502890173,44.0,692.0,42.48554913294797,294.0,692.0,0.1445086705202312,1.0,692.0,1.4450867052023122,10.0,692.0,2.023121387283237,14.0,692.0,20.578512396694215,249.0,1210.0,0.0,0.0,692.0
multiple_runs_NB_LowThreat_Series_20260501_180717.csv,multiple_runs_NB_LowThreat_Series_20260501_180717.csv,NB,No ACE,2,774.0,1190.0,33.97932816537468,263.0,774.0,3.6175710594315245,28.0,774.0,87.98319327731092,1047.0,1190.0,1.550387596899225,12.0,774.0,40.95607235142119,317.0,774.0,5.684754521963824,44.0,774.0,3.488372093023256,27.0,774.0,7.751937984496124,60.0,774.0,2.9715762273901807,23.0,774.0,12.016806722689076,143.0,1190.0,0.0,0.0,774.0
multiple_runs_NB_LowThreat_Series_20260501_180717.csv,multiple_runs_NB_LowThreat_Series_20260501_180717.csv,NB,No ACE,3,761.0,1186.0,30.223390275952696,230.0,761.0,1.971090670170828,15.0,761.0,90.55649241146712,1074.0,1186.0,4.07358738501971,31.0,761.0,37.319316688567675,284.0,761.0,22.207621550591327,169.0,761.0,0.657030223390276,5.0,761.0,0.9198423127463863,7.0,761.0,2.628120893561104,20.0,761.0,9.443507588532883,112.0,1186.0,0.0,0.0,761.0
multiple_runs_NB_LowThreat_Series_20260501_180717.csv,multiple_runs_NB_LowThreat_Series_20260501_180717.csv,NB,No ACE,4,763.0,1194.0,36.435124508519,278.0,763.0,0.655307994757536,5.0,763.0,90.7035175879397,1083.0,1194.0,19.921363040629096,152.0,763.0,25.29488859764089,193.0,763.0,14.678899082568808,112.0,763.0,0.39318479685452157,3.0,763.0,0.5242463958060288,4.0,763.0,2.0969855832241153,16.0,763.0,9.296482412060302,111.0,1194.0,0.0,0.0,763.0
multiple_runs_NB_LowThreat_Series_20260501_180717.csv,multiple_runs_NB_LowThreat_Series_20260501_180717.csv,NB,No ACE,5,755.0,1182.0,31.788079470198678,240.0,755.0,1.8543046357615895,14.0,755.0,86.63282571912013,1024.0,1182.0,9.668874172185431,73.0,755.0,31.920529801324506,241.0,755.0,20.0,151.0,755.0,0.5298013245033113,4.0,755.0,2.6490066225165565,20.0,755.0,1.5894039735099337,12.0,755.0,13.367174280879865,158.0,1182.0,0.0,0.0,755.0
multiple_runs_NB_LowThreat_Series_20260501_180717.csv,multiple_runs_NB_LowThreat_Series_20260501_180717.csv,NB,No ACE,6,676.0,1203.0,21.301775147928996,144.0,676.0,1.0355029585798818,7.0,676.0,87.86367414796342,1057.0,1203.0,29.88165680473373,202.0,676.0,5.325443786982249,36.0,676.0,39.349112426035504,266.0,676.0,0.7396449704142012,5.0,676.0,0.8875739644970414,6.0,676.0,1.4792899408284024,10.0,676.0,12.136325852036576,146.0,1203.0,0.0,0.0,676.0
multiple_runs_NB_LowThreat_Series_20260501_180717.csv,multiple_runs_NB_LowThreat_Series_20260501_180717.csv,NB,No ACE,7,775.0,1204.0,41.677419354838705,323.0,775.0,0.3870967741935484,3.0,775.0,90.36544850498339,1088.0,1204.0,4.129032258064516,32.0,775.0,39.225806451612904,304.0,775.0,13.419354838709676,104.0,775.0,0.0,0.0,775.0,0.12903225806451613,1.0,775.0,1.032258064516129,8.0,775.0,9.634551495016613,116.0,1204.0,0.0,0.0,775.0
multiple_runs_NB_LowThreat_Series_20260501_180717.csv,multiple_runs_NB_LowThreat_Series_20260501_180717.csv,NB,No ACE,8,715.0,1211.0,41.53846153846154,297.0,715.0,0.4195804195804196,3.0,715.0,89.8431048720066,1088.0,1211.0,25.594405594405593,183.0,715.0,14.685314685314685,105.0,715.0,15.104895104895105,108.0,715.0,0.5594405594405595,4.0,715.0,0.5594405594405595,4.0,715.0,1.5384615384615385,11.0,715.0,10.156895127993394,123.0,1211.0,0.0,0.0,715.0
multiple_runs_NB_LowThreat_Series_20260501_180717.csv,multiple_runs_NB_LowThreat_Series_20260501_180717.csv,NB,No ACE,9,723.0,1200.0,30.843706777316736,223.0,723.0,0.2766251728907331,2.0,723.0,83.41666666666666,1001.0,1200.0,13.831258644536653,100.0,723.0,28.63070539419087,207.0,723.0,23.09820193637621,167.0,723.0,0.8298755186721992,6.0,723.0,1.3831258644536653,10.0,723.0,1.1065006915629323,8.0,723.0,16.583333333333332,199.0,1200.0,0.0,0.0,723.0
multiple_runs_NB_LowThreat_Series_20260501_180717.csv,multiple_runs_NB_LowThreat_Series_20260501_180717.csv,NB,No ACE,10,660.0,1210.0,47.72727272727273,315.0,660.0,0.30303030303030304,2.0,660.0,89.33884297520662,1081.0,1210.0,24.545454545454547,162.0,660.0,15.909090909090908,105.0,660.0,9.090909090909092,60.0,660.0,0.0,0.0,660.0,0.45454545454545453,3.0,660.0,1.9696969696969695,13.0,660.0,10.661157024793388,129.0,1210.0,0.0,0.0,660.0
multiple_runs_NB_LowThreat_Series_20260501_180717.csv,multiple_runs_NB_LowThreat_Series_20260501_180717.csv,NB,No ACE,11,698.0,1200.0,35.673352435530084,249.0,698.0,0.42979942693409745,3.0,698.0,92.5,1110.0,1200.0,15.759312320916905,110.0,698.0,24.212034383954155,169.0,698.0,17.908309455587393,125.0,698.0,1.7191977077363898,12.0,698.0,3.29512893982808,23.0,698.0,1.002865329512894,7.0,698.0,7.5,90.0,1200.0,0.0,0.0,698.0
multiple_runs_NB_LowThreat_Series_20260501_180717.csv,multiple_runs_NB_LowThreat_Series_20260501_180717.csv,NB,No ACE,12,474.0,1185.0,21.308016877637133,101.0,474.0,4.641350210970464,22.0,474.0,82.02531645569621,972.0,1185.0,1.6877637130801686,8.0,474.0,10.337552742616033,49.0,474.0,22.9957805907173,109.0,474.0,3.375527426160337,16.0,474.0,32.278481012658226,153.0,474.0,3.375527426160337,16.0,474.0,17.974683544303797,213.0,1185.0,0.0,0.0,474.0
multiple_runs_NB_LowThreat_Series_20260501_180717.csv,multiple_runs_NB_LowThreat_Series_20260501_180717.csv,NB,No ACE,13,711.0,1186.0,45.56962025316456,324.0,711.0,0.5625879043600562,4.0,711.0,88.44856661045532,1049.0,1186.0,19.268635724331926,137.0,711.0,22.081575246132207,157.0,711.0,6.329113924050633,45.0,711.0,0.14064697609001406,1.0,711.0,4.922644163150492,35.0,711.0,1.1251758087201125,8.0,711.0,11.551433389544687,137.0,1186.0,0.0,0.0,711.0
multiple_runs_NB_LowThreat_Series_20260501_180717.csv,multiple_runs_NB_LowThreat_Series_20260501_180717.csv,NB,No ACE,14,553.0,1206.0,22.24231464737794,123.0,553.0,0.9041591320072333,5.0,553.0,84.99170812603649,1025.0,1206.0,20.253164556962027,112.0,553.0,3.9783001808318263,22.0,553.0,49.90958408679928,276.0,553.0,0.18083182640144665,1.0,553.0,0.3616636528028933,2.0,553.0,2.1699819168173597,12.0,553.0,15.008291873963516,181.0,1206.0,0.0,0.0,553.0
multiple_runs_NB_LowThreat_Series_20260501_180717.csv,multiple_runs_NB_LowThreat_Series_20260501_180717.csv,NB,No ACE,15,713.0,1208.0,15.147265077138849,108.0,713.0,0.42075736325385693,3.0,713.0,86.83774834437085,1049.0,1208.0,20.75736325385694,148.0,713.0,20.897615708274895,149.0,713.0,37.30715287517531,266.0,713.0,0.8415147265077139,6.0,713.0,3.506311360448808,25.0,713.0,1.1220196353436185,8.0,713.0,13.16225165562914,159.0,1208.0,0.0,0.0,713.0
multiple_runs_NB_LowThreat_Series_20260501_180717.csv,multiple_runs_NB_LowThreat_Series_20260501_180717.csv,NB,No ACE,16,756.0,1199.0,36.507936507936506,276.0,756.0,0.7936507936507936,6.0,756.0,90.32527105921602,1083.0,1199.0,0.26455026455026454,2.0,756.0,42.857142857142854,324.0,756.0,12.83068783068783,97.0,756.0,1.455026455026455,11.0,756.0,3.0423280423280423,23.0,756.0,2.2486772486772484,17.0,756.0,9.674728940783988,116.0,1199.0,0.0,0.0,756.0
multiple_runs_NB_LowThreat_Series_20260501_180717.csv,multiple_runs_NB_LowThreat_Series_20260501_180717.csv,NB,No ACE,17,744.0,1214.0,35.3494623655914,263.0,744.0,1.6129032258064515,12.0,744.0,92.17462932454696,1119.0,1214.0,14.650537634408604,109.0,744.0,1.2096774193548387,9.0,744.0,15.994623655913978,119.0,744.0,0.6720430107526881,5.0,744.0,4.838709677419355,36.0,744.0,25.672043010752688,191.0,744.0,7.825370675453048,95.0,1214.0,0.0,0.0,744.0
multiple_runs_NB_LowThreat_Series_20260501_180717.csv,multiple_runs_NB_LowThreat_Series_20260501_180717.csv,NB,No ACE,18,693.0,1191.0,16.594516594516595,115.0,693.0,0.4329004329004329,3.0,693.0,84.80268681780016,1010.0,1191.0,32.75613275613276,227.0,693.0,2.1645021645021645,15.0,693.0,35.20923520923521,244.0,693.0,3.0303030303030303,21.0,693.0,6.349206349206349,44.0,693.0,3.463203463203463,24.0,693.0,15.197313182199832,181.0,1191.0,0.0,0.0,693.0
multiple_runs_NB_LowThreat_Series_20260501_180717.csv,multiple_runs_NB_LowThreat_Series_20260501_180717.csv,NB,No ACE,19,741.0,1193.0,21.727395411605936,161.0,741.0,0.8097165991902834,6.0,741.0,87.67812238055322,1046.0,1193.0,21.727395411605936,161.0,741.0,20.10796221322537,149.0,741.0,33.198380566801625,246.0,741.0,0.0,0.0,741.0,0.6747638326585695,5.0,741.0,1.7543859649122806,13.0,741.0,12.321877619446772,147.0,1193.0,0.0,0.0,741.0
multiple_runs_NB_LowThreat_Series_20260501_180717.csv,multiple_runs_NB_LowThreat_Series_20260501_180717.csv,NB,No ACE,20,615.0,1187.0,32.52032520325203,200.0,615.0,1.788617886178862,11.0,615.0,86.77337826453243,1030.0,1187.0,27.64227642276423,170.0,615.0,4.390243902439024,27.0,615.0,23.739837398373982,146.0,615.0,2.4390243902439024,15.0,615.0,6.178861788617886,38.0,615.0,1.3008130081300813,8.0,615.0,13.226621735467564,157.0,1187.0,0.0,0.0,615.0
multiple_runs_NB_LowThreat_Series_20260501_180717.csv,multiple_runs_NB_LowThreat_Series_20260501_180717.csv,NB,No ACE,21,735.0,1227.0,34.01360544217687,250.0,735.0,0.0,0.0,735.0,84.3520782396088,1035.0,1227.0,30.476190476190478,224.0,735.0,7.891156462585033,58.0,735.0,18.095238095238095,133.0,735.0,0.27210884353741494,2.0,735.0,3.4013605442176873,25.0,735.0,5.850340136054422,43.0,735.0,15.647921760391197,192.0,1227.0,0.0,0.0,735.0
multiple_runs_NB_LowThreat_Series_20260501_180717.csv,multiple_runs_NB_LowThreat_Series_20260501_180717.csv,NB,No ACE,22,726.0,1210.0,42.97520661157025,312.0,726.0,0.4132231404958678,3.0,726.0,93.05785123966942,1126.0,1210.0,22.865013774104685,166.0,726.0,12.258953168044078,89.0,726.0,8.677685950413224,63.0,726.0,1.5151515151515151,11.0,726.0,2.8925619834710745,21.0,726.0,8.402203856749312,61.0,726.0,6.9421487603305785,84.0,1210.0,0.0,0.0,726.0
multiple_runs_NB_LowThreat_Series_20260501_180717.csv,multiple_runs_NB_LowThreat_Series_20260501_180717.csv,NB,No ACE,23,572.0,1191.0,47.9020979020979,274.0,572.0,1.3986013986013985,8.0,572.0,86.64987405541562,1032.0,1191.0,0.34965034965034963,2.0,572.0,34.44055944055944,197.0,572.0,10.664335664335663,61.0,572.0,0.0,0.0,572.0,4.020979020979021,23.0,572.0,1.2237762237762237,7.0,572.0,13.350125944584383,159.0,1191.0,0.0,0.0,572.0
multiple_runs_NB_LowThreat_Series_20260501_180717.csv,multiple_runs_NB_LowThreat_Series_20260501_180717.csv,NB,No ACE,24,709.0,1179.0,42.59520451339915,302.0,709.0,3.1029619181946404,22.0,709.0,87.70144189991518,1034.0,1179.0,3.9492242595204514,28.0,709.0,39.21015514809591,278.0,709.0,9.026798307475318,64.0,709.0,0.7052186177715092,5.0,709.0,1.1283497884344147,8.0,709.0,0.2820874471086037,2.0,709.0,12.298558100084819,145.0,1179.0,0.0,0.0,709.0
multiple_runs_NB_LowThreat_Series_20260501_180717.csv,multiple_runs_NB_LowThreat_Series_20260501_180717.csv,NB,No ACE,25,735.0,1202.0,48.29931972789115,355.0,735.0,2.312925170068027,17.0,735.0,93.84359400998336,1128.0,1202.0,26.802721088435373,197.0,735.0,14.421768707482993,106.0,735.0,6.394557823129252,47.0,735.0,0.13605442176870747,1.0,735.0,0.40816326530612246,3.0,735.0,1.2244897959183674,9.0,735.0,6.156405990016639,74.0,1202.0,0.0,0.0,735.0
multiple_runs_NB_LowThreat_Series_20260501_180717.csv,multiple_runs_NB_LowThreat_Series_20260501_180717.csv,NB,No ACE,26,732.0,1200.0,9.289617486338798,68.0,732.0,0.1366120218579235,1.0,732.0,79.08333333333334,949.0,1200.0,3.6885245901639343,27.0,732.0,42.07650273224044,308.0,732.0,38.3879781420765,281.0,732.0,1.5027322404371584,11.0,732.0,4.2349726775956285,31.0,732.0,0.6830601092896175,5.0,732.0,20.916666666666668,251.0,1200.0,0.0,0.0,732.0
multiple_runs_NB_LowThreat_Series_20260501_180717.csv,multiple_runs_NB_LowThreat_Series_20260501_180717.csv,NB,No ACE,27,707.0,1192.0,38.189533239038184,270.0,707.0,0.2828854314002829,2.0,707.0,87.83557046979867,1047.0,1192.0,22.63083451202263,160.0,707.0,17.53889674681754,124.0,707.0,18.104667609618105,128.0,707.0,0.7072135785007072,5.0,707.0,0.9900990099009901,7.0,707.0,1.5558698727015559,11.0,707.0,12.164429530201343,145.0,1192.0,0.0,0.0,707.0
multiple_runs_NB_LowThreat_Series_20260501_180717.csv,multiple_runs_NB_LowThreat_Series_20260501_180717.csv,NB,No ACE,28,754.0,1205.0,31.29973474801061,236.0,754.0,1.5915119363395225,12.0,754.0,90.12448132780084,1086.0,1205.0,1.8567639257294428,14.0,754.0,40.9814323607427,309.0,754.0,17.108753315649867,129.0,754.0,0.9283819628647214,7.0,754.0,4.907161803713528,37.0,754.0,1.3262599469496021,10.0,754.0,9.87551867219917,119.0,1205.0,0.0,0.0,754.0
multiple_runs_NB_LowThreat_Series_20260501_180717.csv,multiple_runs_NB_LowThreat_Series_20260501_180717.csv,NB,No ACE,29,593.0,1187.0,29.51096121416526,175.0,593.0,1.5177065767284992,9.0,593.0,89.72198820556024,1065.0,1187.0,10.286677908937605,61.0,593.0,15.851602023608768,94.0,593.0,32.715008431703204,194.0,593.0,0.0,0.0,593.0,1.6863406408094435,10.0,593.0,8.431703204047219,50.0,593.0,10.278011794439765,122.0,1187.0,0.0,0.0,593.0
multiple_runs_NB_LowThreat_Series_20260501_180717.csv,multiple_runs_NB_LowThreat_Series_20260501_180717.csv,NB,No ACE,30,703.0,1199.0,31.721194879089616,223.0,703.0,1.2802275960170697,9.0,703.0,90.40867389491243,1084.0,1199.0,25.746799431009958,181.0,703.0,16.216216216216218,114.0,703.0,20.34139402560455,143.0,703.0,0.2844950213371266,2.0,703.0,0.7112375533428165,5.0,703.0,3.698435277382646,26.0,703.0,9.591326105087573,115.0,1199.0,0.0,0.0,703.0
multiple_runs_NB_LowThreat_Series_20260501_180717.csv,multiple_runs_NB_LowThreat_Series_20260501_180717.csv,NB,No ACE,31,704.0,1197.0,36.36363636363637,256.0,704.0,1.1363636363636365,8.0,704.0,91.89640768588137,1100.0,1197.0,26.988636363636363,190.0,704.0,8.096590909090908,57.0,704.0,17.613636363636363,124.0,704.0,0.8522727272727272,6.0,704.0,3.6931818181818183,26.0,704.0,5.255681818181818,37.0,704.0,8.103592314118629,97.0,1197.0,0.0,0.0,704.0
multiple_runs_NB_LowThreat_Series_20260501_180717.csv,multiple_runs_NB_LowThreat_Series_20260501_180717.csv,NB,No ACE,32,794.0,1192.0,39.29471032745592,312.0,794.0,0.0,0.0,794.0,86.74496644295301,1034.0,1192.0,5.793450881612091,46.0,794.0,39.168765743073045,311.0,794.0,9.82367758186398,78.0,794.0,2.141057934508816,17.0,794.0,1.0075566750629723,8.0,794.0,2.770780856423174,22.0,794.0,13.25503355704698,158.0,1192.0,0.0,0.0,794.0
multiple_runs_NB_LowThreat_Series_20260501_180717.csv,multiple_runs_NB_LowThreat_Series_20260501_180717.csv,NB,No ACE,33,581.0,1216.0,43.88984509466437,255.0,581.0,1.549053356282272,9.0,581.0,90.46052631578947,1100.0,1216.0,10.671256454388985,62.0,581.0,23.580034423407916,137.0,581.0,12.048192771084338,70.0,581.0,0.5163511187607573,3.0,581.0,6.024096385542169,35.0,581.0,1.7211703958691909,10.0,581.0,9.539473684210527,116.0,1216.0,0.0,0.0,581.0
multiple_runs_NB_LowThreat_Series_20260501_180717.csv,multiple_runs_NB_LowThreat_Series_20260501_180717.csv,NB,No ACE,34,674.0,1194.0,46.88427299703264,316.0,674.0,0.5934718100890208,4.0,674.0,91.87604690117253,1097.0,1194.0,32.195845697329375,217.0,674.0,1.3353115727002967,9.0,674.0,6.6765578635014835,45.0,674.0,2.6706231454005933,18.0,674.0,7.71513353115727,52.0,674.0,1.9287833827893175,13.0,674.0,8.12395309882747,97.0,1194.0,0.0,0.0,674.0
multiple_runs_NB_LowThreat_Series_20260501_180717.csv,multiple_runs_NB_LowThreat_Series_20260501_180717.csv,NB,No ACE,35,617.0,1218.0,52.836304700162074,326.0,617.0,0.8103727714748784,5.0,617.0,90.64039408866995,1104.0,1218.0,27.71474878444084,171.0,617.0,4.376012965964344,27.0,617.0,10.53484602917342,65.0,617.0,0.6482982171799028,4.0,617.0,0.48622366288492713,3.0,617.0,2.593192868719611,16.0,617.0,9.35960591133005,114.0,1218.0,0.0,0.0,617.0
multiple_runs_NB_LowThreat_Series_20260501_180717.csv,multiple_runs_NB_LowThreat_Series_20260501_180717.csv,NB,No ACE,36,683.0,1190.0,16.83748169838946,115.0,683.0,1.7569546120058566,12.0,683.0,81.09243697478992,965.0,1190.0,33.08931185944363,226.0,683.0,1.0248901903367496,7.0,683.0,42.313323572474374,289.0,683.0,0.0,0.0,683.0,2.1961932650073206,15.0,683.0,2.781844802342606,19.0,683.0,18.907563025210084,225.0,1190.0,0.0,0.0,683.0
multiple_runs_NB_LowThreat_Series_20260501_180717.csv,multiple_runs_NB_LowThreat_Series_20260501_180717.csv,NB,No ACE,37,580.0,1195.0,55.00000000000001,319.0,580.0,1.5517241379310345,9.0,580.0,92.30125523012552,1103.0,1195.0,3.9655172413793105,23.0,580.0,21.72413793103448,126.0,580.0,3.620689655172414,21.0,580.0,1.0344827586206897,6.0,580.0,9.482758620689655,55.0,580.0,3.620689655172414,21.0,580.0,7.698744769874477,92.0,1195.0,0.0,0.0,580.0
multiple_runs_NB_LowThreat_Series_20260501_180717.csv,multiple_runs_NB_LowThreat_Series_20260501_180717.csv,NB,No ACE,38,733.0,1204.0,26.73942701227831,196.0,733.0,1.0914051841746248,8.0,733.0,86.04651162790698,1036.0,1204.0,8.867667121418826,65.0,733.0,30.69577080491132,225.0,733.0,30.15006821282401,221.0,733.0,0.2728512960436562,2.0,733.0,1.5006821282401093,11.0,733.0,0.6821282401091405,5.0,733.0,13.953488372093023,168.0,1204.0,0.0,0.0,733.0
multiple_runs_NB_LowThreat_Series_20260501_180717.csv,multiple_runs_NB_LowThreat_Series_20260501_180717.csv,NB,No ACE,39,733.0,1215.0,17.871759890859483,131.0,733.0,0.8185538881309686,6.0,733.0,86.74897119341564,1054.0,1215.0,24.556616643929058,180.0,733.0,9.959072305593452,73.0,733.0,33.15143246930423,243.0,733.0,0.2728512960436562,2.0,733.0,4.774897680763983,35.0,733.0,8.594815825375171,63.0,733.0,13.251028806584362,161.0,1215.0,0.0,0.0,733.0
multiple_runs_NB_LowThreat_Series_20260501_180717.csv,multiple_runs_NB_LowThreat_Series_20260501_180717.csv,NB,No ACE,40,686.0,1206.0,13.411078717201166,92.0,686.0,0.7288629737609329,5.0,686.0,91.7910447761194,1107.0,1206.0,30.903790087463555,212.0,686.0,9.037900874635568,62.0,686.0,40.816326530612244,280.0,686.0,0.1457725947521866,1.0,686.0,1.0204081632653061,7.0,686.0,3.9358600583090384,27.0,686.0,8.208955223880597,99.0,1206.0,0.0,0.0,686.0
multiple_runs_NB_LowThreat_Series_20260501_180717.csv,multiple_runs_NB_LowThreat_Series_20260501_180717.csv,NB,No ACE,41,679.0,1191.0,39.76435935198822,270.0,679.0,6.774668630338733,46.0,679.0,91.77162048698573,1093.0,1191.0,11.7820324005891,80.0,679.0,21.207658321060382,144.0,679.0,14.285714285714285,97.0,679.0,0.8836524300441826,6.0,679.0,2.798232695139912,19.0,679.0,2.503681885125184,17.0,679.0,8.228379513014273,98.0,1191.0,0.0,0.0,679.0
multiple_runs_NB_LowThreat_Series_20260501_180717.csv,multiple_runs_NB_LowThreat_Series_20260501_180717.csv,NB,No ACE,42,672.0,1212.0,46.577380952380956,313.0,672.0,0.2976190476190476,2.0,672.0,89.85148514851485,1089.0,1212.0,37.05357142857143,249.0,672.0,3.7202380952380953,25.0,672.0,9.970238095238097,67.0,672.0,0.0,0.0,672.0,0.1488095238095238,1.0,672.0,2.232142857142857,15.0,672.0,10.14851485148515,123.0,1212.0,0.0,0.0,672.0
multiple_runs_NB_LowThreat_Series_20260501_180717.csv,multiple_runs_NB_LowThreat_Series_20260501_180717.csv,NB,No ACE,43,708.0,1194.0,11.581920903954803,82.0,708.0,0.2824858757062147,2.0,708.0,85.59463986599664,1022.0,1194.0,27.966101694915253,198.0,708.0,12.570621468926554,89.0,708.0,43.36158192090395,307.0,708.0,1.1299435028248588,8.0,708.0,1.694915254237288,12.0,708.0,1.4124293785310735,10.0,708.0,14.40536013400335,172.0,1194.0,0.0,0.0,708.0
multiple_runs_NB_LowThreat_Series_20260501_180717.csv,multiple_runs_NB_LowThreat_Series_20260501_180717.csv,NB,No ACE,44,734.0,1184.0,32.28882833787466,237.0,734.0,0.8174386920980926,6.0,734.0,87.66891891891892,1038.0,1184.0,2.861035422343324,21.0,734.0,42.64305177111717,313.0,734.0,8.310626702997276,61.0,734.0,0.6811989100817438,5.0,734.0,11.580381471389646,85.0,734.0,0.8174386920980926,6.0,734.0,12.33108108108108,146.0,1184.0,0.0,0.0,734.0
multiple_runs_NB_LowThreat_Series_20260501_180717.csv,multiple_runs_NB_LowThreat_Series_20260501_180717.csv,NB,No ACE,45,665.0,1209.0,33.68421052631579,224.0,665.0,0.4511278195488722,3.0,665.0,88.75103391232425,1073.0,1209.0,4.962406015037594,33.0,665.0,35.18796992481203,234.0,665.0,16.090225563909772,107.0,665.0,2.4060150375939853,16.0,665.0,5.413533834586466,36.0,665.0,1.8045112781954888,12.0,665.0,11.248966087675766,136.0,1209.0,0.0,0.0,665.0
multiple_runs_NB_LowThreat_Series_20260501_180717.csv,multiple_runs_NB_LowThreat_Series_20260501_180717.csv,NB,No ACE,46,684.0,1206.0,51.02339181286549,349.0,684.0,0.43859649122807015,3.0,684.0,88.47429519071311,1067.0,1206.0,24.707602339181285,169.0,684.0,13.596491228070176,93.0,684.0,7.748538011695906,53.0,684.0,0.0,0.0,684.0,1.3157894736842104,9.0,684.0,1.1695906432748537,8.0,684.0,11.5257048092869,139.0,1206.0,0.0,0.0,684.0
multiple_runs_NB_LowThreat_Series_20260501_180717.csv,multiple_runs_NB_LowThreat_Series_20260501_180717.csv,NB,No ACE,47,687.0,1208.0,41.3391557496361,284.0,687.0,1.3100436681222707,9.0,687.0,88.90728476821192,1074.0,1208.0,0.727802037845706,5.0,687.0,36.972343522561864,254.0,687.0,15.283842794759824,105.0,687.0,0.1455604075691412,1.0,687.0,1.6011644832605532,11.0,687.0,2.6200873362445414,18.0,687.0,11.092715231788079,134.0,1208.0,0.0,0.0,687.0
multiple_runs_NB_LowThreat_Series_20260501_180717.csv,multiple_runs_NB_LowThreat_Series_20260501_180717.csv,NB,No ACE,48,729.0,1195.0,41.1522633744856,300.0,729.0,1.9204389574759946,14.0,729.0,84.76987447698745,1013.0,1195.0,3.9780521262002746,29.0,729.0,42.524005486968456,310.0,729.0,8.093278463648835,59.0,729.0,0.1371742112482853,1.0,729.0,1.5089163237311385,11.0,729.0,0.6858710562414266,5.0,729.0,15.230125523012553,182.0,1195.0,0.0,0.0,729.0
multiple_runs_NB_LowThreat_Series_20260501_180717.csv,multiple_runs_NB_LowThreat_Series_20260501_180717.csv,NB,No ACE,49,780.0,1194.0,15.0,117.0,780.0,1.6666666666666667,13.0,780.0,85.92964824120602,1026.0,1194.0,2.6923076923076925,21.0,780.0,41.92307692307693,327.0,780.0,35.0,273.0,780.0,0.2564102564102564,2.0,780.0,2.051282051282051,16.0,780.0,1.4102564102564104,11.0,780.0,14.07035175879397,168.0,1194.0,0.0,0.0,780.0
multiple_runs_NB_LowThreat_Series_20260501_180717.csv,multiple_runs_NB_LowThreat_Series_20260501_180717.csv,NB,No ACE,50,774.0,1212.0,36.69250645994832,284.0,774.0,0.2583979328165375,2.0,774.0,85.72607260726073,1039.0,1212.0,4.263565891472868,33.0,774.0,39.01808785529715,302.0,774.0,13.565891472868216,105.0,774.0,0.9043927648578811,7.0,774.0,4.1343669250646,32.0,774.0,1.1627906976744187,9.0,774.0,14.273927392739274,173.0,1212.0,0.0,0.0,774.0
multiple_runs_NB_LowThreat_Series_20260501_180717.csv,multiple_runs_NB_LowThreat_Series_20260501_180717.csv,NB,No ACE,51,754.0,1204.0,29.57559681697613,223.0,754.0,0.9283819628647214,7.0,754.0,88.28903654485049,1063.0,1204.0,2.122015915119363,16.0,754.0,41.11405835543766,310.0,754.0,21.352785145888596,161.0,754.0,0.5305039787798408,4.0,754.0,3.580901856763926,27.0,754.0,0.7957559681697612,6.0,754.0,11.710963455149502,141.0,1204.0,0.0,0.0,754.0
multiple_runs_NB_LowThreat_Series_20260501_180717.csv,multiple_runs_NB_LowThreat_Series_20260501_180717.csv,NB,No ACE,52,751.0,1193.0,36.21837549933422,272.0,751.0,0.3994673768308922,3.0,751.0,92.95892707460185,1109.0,1193.0,27.82956058588549,209.0,751.0,15.712383488681759,118.0,751.0,17.576564580559253,132.0,751.0,0.2663115845539281,2.0,751.0,0.3994673768308922,3.0,751.0,1.5978695073235687,12.0,751.0,7.041072925398156,84.0,1193.0,0.0,0.0,751.0
multiple_runs_NB_LowThreat_Series_20260501_180717.csv,multiple_runs_NB_LowThreat_Series_20260501_180717.csv,NB,No ACE,53,716.0,1185.0,35.89385474860335,257.0,716.0,1.9553072625698324,14.0,716.0,93.41772151898734,1107.0,1185.0,23.88268156424581,171.0,716.0,18.296089385474858,131.0,716.0,13.40782122905028,96.0,716.0,0.0,0.0,716.0,2.793296089385475,20.0,716.0,3.7709497206703912,27.0,716.0,6.582278481012659,78.0,1185.0,0.0,0.0,716.0
multiple_runs_NB_LowThreat_Series_20260501_180717.csv,multiple_runs_NB_LowThreat_Series_20260501_180717.csv,NB,No ACE,54,676.0,1194.0,28.698224852071007,194.0,676.0,2.366863905325444,16.0,676.0,89.36348408710218,1067.0,1194.0,23.076923076923077,156.0,676.0,15.976331360946746,108.0,676.0,19.674556213017752,133.0,676.0,0.8875739644970414,6.0,676.0,8.284023668639055,56.0,676.0,1.0355029585798818,7.0,676.0,10.636515912897822,127.0,1194.0,0.0,0.0,676.0
multiple_runs_NB_LowThreat_Series_20260501_180717.csv,multiple_runs_NB_LowThreat_Series_20260501_180717.csv,NB,No ACE,55,568.0,1198.0,45.24647887323944,257.0,568.0,2.464788732394366,14.0,568.0,86.3939899833055,1035.0,1198.0,21.830985915492956,124.0,568.0,4.753521126760563,27.0,568.0,18.133802816901408,103.0,568.0,0.528169014084507,3.0,568.0,4.049295774647888,23.0,568.0,2.992957746478873,17.0,568.0,13.606010016694492,163.0,1198.0,0.0,0.0,568.0
multiple_runs_NB_LowThreat_Series_20260501_180717.csv,multiple_runs_NB_LowThreat_Series_20260501_180717.csv,NB,No ACE,56,691.0,1225.0,32.99565846599132,228.0,691.0,2.460202604920405,17.0,691.0,83.51020408163265,1023.0,1225.0,32.27206946454414,223.0,691.0,2.460202604920405,17.0,691.0,26.19392185238784,181.0,691.0,0.723589001447178,5.0,691.0,1.7366136034732274,12.0,691.0,1.1577424023154848,8.0,691.0,16.48979591836735,202.0,1225.0,0.0,0.0,691.0
multiple_runs_NB_LowThreat_Series_20260501_180717.csv,multiple_runs_NB_LowThreat_Series_20260501_180717.csv,NB,No ACE,57,568.0,1196.0,52.112676056338024,296.0,568.0,3.5211267605633805,20.0,568.0,88.62876254180601,1060.0,1196.0,24.471830985915492,139.0,568.0,7.570422535211267,43.0,568.0,7.394366197183098,42.0,568.0,0.528169014084507,3.0,568.0,3.697183098591549,21.0,568.0,0.7042253521126761,4.0,568.0,11.37123745819398,136.0,1196.0,0.0,0.0,568.0
multiple_runs_NB_LowThreat_Series_20260501_180717.csv,multiple_runs_NB_LowThreat_Series_20260501_180717.csv,NB,No ACE,58,660.0,1223.0,29.545454545454547,195.0,660.0,1.2121212121212122,8.0,660.0,83.48323793949305,1021.0,1223.0,35.45454545454545,234.0,660.0,0.6060606060606061,4.0,660.0,30.303030303030305,200.0,660.0,0.45454545454545453,3.0,660.0,0.7575757575757576,5.0,660.0,1.6666666666666667,11.0,660.0,16.516762060506952,202.0,1223.0,0.0,0.0,660.0
multiple_runs_NB_LowThreat_Series_20260501_180717.csv,multiple_runs_NB_LowThreat_Series_20260501_180717.csv,NB,No ACE,59,689.0,1174.0,34.107402031930334,235.0,689.0,4.2089985486211905,29.0,689.0,91.396933560477,1073.0,1174.0,8.417997097242381,58.0,689.0,22.786647314949203,157.0,689.0,19.88388969521045,137.0,689.0,0.8708272859216255,6.0,689.0,3.0478955007256894,21.0,689.0,6.676342525399129,46.0,689.0,8.603066439522998,101.0,1174.0,0.0,0.0,689.0
multiple_runs_NB_LowThreat_Series_20260501_180717.csv,multiple_runs_NB_LowThreat_Series_20260501_180717.csv,NB,No ACE,60,658.0,1204.0,17.78115501519757,117.0,658.0,0.4559270516717325,3.0,658.0,81.22923588039868,978.0,1204.0,26.29179331306991,173.0,658.0,14.58966565349544,96.0,658.0,37.99392097264438,250.0,658.0,0.0,0.0,658.0,1.6717325227963524,11.0,658.0,1.21580547112462,8.0,658.0,18.77076411960133,226.0,1204.0,0.0,0.0,658.0
multiple_runs_NB_LowThreat_Series_20260501_180717.csv,multiple_runs_NB_LowThreat_Series_20260501_180717.csv,NB,No ACE,61,747.0,1197.0,37.21552878179384,278.0,747.0,1.2048192771084338,9.0,747.0,90.30910609857979,1081.0,1197.0,1.4725568942436411,11.0,747.0,40.29451137884873,301.0,747.0,14.725568942436412,110.0,747.0,1.07095046854083,8.0,747.0,2.9451137884872822,22.0,747.0,1.07095046854083,8.0,747.0,9.690893901420218,116.0,1197.0,0.0,0.0,747.0
multiple_runs_NB_LowThreat_Series_20260501_180717.csv,multiple_runs_NB_LowThreat_Series_20260501_180717.csv,NB,No ACE,62,640.0,1206.0,45.15625,289.0,640.0,0.15625,1.0,640.0,90.46434494195688,1091.0,1206.0,36.5625,234.0,640.0,4.53125,29.0,640.0,11.5625,74.0,640.0,0.0,0.0,640.0,2.03125,13.0,640.0,0.0,0.0,640.0,9.535655058043117,115.0,1206.0,0.0,0.0,640.0
multiple_runs_NB_LowThreat_Series_20260501_180717.csv,multiple_runs_NB_LowThreat_Series_20260501_180717.csv,NB,No ACE,63,757.0,1208.0,38.837516512549534,294.0,757.0,1.0568031704095113,8.0,757.0,90.06622516556291,1088.0,1208.0,6.340819022457067,48.0,757.0,41.87582562747688,317.0,757.0,8.718626155878468,66.0,757.0,0.3963011889035667,3.0,757.0,1.1889035667107,9.0,757.0,1.5852047556142668,12.0,757.0,9.933774834437086,120.0,1208.0,0.0,0.0,757.0
multiple_runs_NB_LowThreat_Series_20260501_180717.csv,multiple_runs_NB_LowThreat_Series_20260501_180717.csv,NB,No ACE,64,768.0,1201.0,17.578125,135.0,768.0,1.171875,9.0,768.0,89.34221482098252,1073.0,1201.0,5.208333333333334,40.0,768.0,39.19270833333333,301.0,768.0,28.255208333333332,217.0,768.0,0.5208333333333333,4.0,768.0,5.859375,45.0,768.0,2.213541666666667,17.0,768.0,10.657785179017486,128.0,1201.0,0.0,0.0,768.0
multiple_runs_NB_LowThreat_Series_20260501_180717.csv,multiple_runs_NB_LowThreat_Series_20260501_180717.csv,NB,No ACE,65,707.0,1189.0,28.854314002828858,204.0,707.0,1.8387553041018387,13.0,707.0,86.87973086627419,1033.0,1189.0,24.045261669024047,170.0,707.0,16.973125884016973,120.0,707.0,19.519094766619517,138.0,707.0,2.1216407355021216,15.0,707.0,5.9405940594059405,42.0,707.0,0.7072135785007072,5.0,707.0,13.12026913372582,156.0,1189.0,0.0,0.0,707.0
multiple_runs_NB_LowThreat_Series_20260501_180717.csv,multiple_runs_NB_LowThreat_Series_20260501_180717.csv,NB,No ACE,66,724.0,1185.0,22.92817679558011,166.0,724.0,1.7955801104972375,13.0,724.0,90.042194092827,1067.0,1185.0,16.022099447513813,116.0,724.0,26.243093922651934,190.0,724.0,27.624309392265197,200.0,724.0,0.4143646408839779,3.0,724.0,3.867403314917127,28.0,724.0,1.1049723756906076,8.0,724.0,9.957805907172995,118.0,1185.0,0.0,0.0,724.0
multiple_runs_NB_LowThreat_Series_20260501_180717.csv,multiple_runs_NB_LowThreat_Series_20260501_180717.csv,NB,No ACE,67,753.0,1197.0,44.8871181938911,338.0,753.0,5.444887118193891,41.0,753.0,91.0609857978279,1090.0,1197.0,5.710491367861885,43.0,753.0,30.677290836653388,231.0,753.0,9.694555112881806,73.0,753.0,0.6640106241699867,5.0,753.0,1.9920318725099602,15.0,753.0,0.9296148738379815,7.0,753.0,8.939014202172096,107.0,1197.0,0.0,0.0,753.0
multiple_runs_NB_LowThreat_Series_20260501_180717.csv,multiple_runs_NB_LowThreat_Series_20260501_180717.csv,NB,No ACE,68,726.0,1197.0,25.068870523415974,182.0,726.0,1.790633608815427,13.0,726.0,90.64327485380117,1085.0,1197.0,9.50413223140496,69.0,726.0,33.33333333333333,242.0,726.0,27.548209366391184,200.0,726.0,0.9641873278236914,7.0,726.0,0.6887052341597797,5.0,726.0,1.1019283746556474,8.0,726.0,9.35672514619883,112.0,1197.0,0.0,0.0,726.0
multiple_runs_NB_LowThreat_Series_20260501_180717.csv,multiple_runs_NB_LowThreat_Series_20260501_180717.csv,NB,No ACE,69,645.0,1202.0,27.44186046511628,177.0,645.0,1.3953488372093024,9.0,645.0,77.3710482529118,930.0,1202.0,35.1937984496124,227.0,645.0,3.255813953488372,21.0,645.0,29.457364341085274,190.0,645.0,0.46511627906976744,3.0,645.0,1.550387596899225,10.0,645.0,1.2403100775193798,8.0,645.0,22.628951747088184,272.0,1202.0,0.0,0.0,645.0
multiple_runs_NB_LowThreat_Series_20260501_180717.csv,multiple_runs_NB_LowThreat_Series_20260501_180717.csv,NB,No ACE,70,623.0,1208.0,41.41252006420545,258.0,623.0,0.4815409309791332,3.0,623.0,91.3907284768212,1104.0,1208.0,12.841091492776885,80.0,623.0,21.990369181380416,137.0,623.0,16.853932584269664,105.0,623.0,0.6420545746388443,4.0,623.0,4.815409309791333,30.0,623.0,0.9630818619582664,6.0,623.0,8.609271523178808,104.0,1208.0,0.0,0.0,623.0
multiple_runs_NB_LowThreat_Series_20260501_180717.csv,multiple_runs_NB_LowThreat_Series_20260501_180717.csv,NB,No ACE,71,757.0,1189.0,23.381770145310433,177.0,757.0,1.8494055482166447,14.0,757.0,87.55256518082423,1041.0,1189.0,5.9445178335535,45.0,757.0,28.533685601056803,216.0,757.0,29.326287978863935,222.0,757.0,0.13210039630118892,1.0,757.0,1.5852047556142668,12.0,757.0,9.247027741083222,70.0,757.0,12.447434819175777,148.0,1189.0,0.0,0.0,757.0
multiple_runs_NB_LowThreat_Series_20260501_180717.csv,multiple_runs_NB_LowThreat_Series_20260501_180717.csv,NB,No ACE,72,649.0,1201.0,42.68104776579353,277.0,649.0,6.779661016949152,44.0,649.0,89.42547876769359,1074.0,1201.0,29.429892141756547,191.0,649.0,5.546995377503852,36.0,649.0,13.097072419106318,85.0,649.0,0.46224961479198773,3.0,649.0,0.6163328197226503,4.0,649.0,1.386748844375963,9.0,649.0,10.574521232306411,127.0,1201.0,0.0,0.0,649.0
multiple_runs_NB_LowThreat_Series_20260501_180717.csv,multiple_runs_NB_LowThreat_Series_20260501_180717.csv,NB,No ACE,73,769.0,1210.0,31.469440832249674,242.0,769.0,0.5201560468140443,4.0,769.0,86.11570247933884,1042.0,1210.0,1.4304291287386215,11.0,769.0,34.850455136540965,268.0,769.0,18.205461638491546,140.0,769.0,0.5201560468140443,4.0,769.0,4.031209362808843,31.0,769.0,8.972691807542263,69.0,769.0,13.884297520661157,168.0,1210.0,0.0,0.0,769.0
multiple_runs_NB_LowThreat_Series_20260501_180717.csv,multiple_runs_NB_LowThreat_Series_20260501_180717.csv,NB,No ACE,74,549.0,1209.0,20.036429872495447,110.0,549.0,2.73224043715847,15.0,549.0,89.41273779983457,1081.0,1209.0,13.114754098360656,72.0,549.0,6.375227686703097,35.0,549.0,50.09107468123861,275.0,549.0,1.092896174863388,6.0,549.0,4.371584699453552,24.0,549.0,2.185792349726776,12.0,549.0,10.587262200165426,128.0,1209.0,0.0,0.0,549.0
multiple_runs_NB_LowThreat_Series_20260501_180717.csv,multiple_runs_NB_LowThreat_Series_20260501_180717.csv,NB,No ACE,75,728.0,1197.0,36.81318681318682,268.0,728.0,1.9230769230769231,14.0,728.0,88.7218045112782,1062.0,1197.0,5.906593406593406,43.0,728.0,34.34065934065934,250.0,728.0,14.697802197802199,107.0,728.0,1.6483516483516485,12.0,728.0,2.7472527472527473,20.0,728.0,1.9230769230769231,14.0,728.0,11.278195488721805,135.0,1197.0,0.0,0.0,728.0
multiple_runs_NB_LowThreat_Series_20260501_180717.csv,multiple_runs_NB_LowThreat_Series_20260501_180717.csv,NB,No ACE,76,674.0,1197.0,35.311572700296736,238.0,674.0,1.483679525222552,10.0,674.0,89.47368421052632,1071.0,1197.0,30.267062314540063,204.0,674.0,8.160237388724036,55.0,674.0,19.584569732937684,132.0,674.0,0.741839762611276,5.0,674.0,4.154302670623145,28.0,674.0,0.2967359050445104,2.0,674.0,10.526315789473683,126.0,1197.0,0.0,0.0,674.0
multiple_runs_NB_LowThreat_Series_20260501_180717.csv,multiple_runs_NB_LowThreat_Series_20260501_180717.csv,NB,No ACE,77,716.0,1202.0,50.0,358.0,716.0,5.4469273743016755,39.0,716.0,92.5124792013311,1112.0,1202.0,21.368715083798882,153.0,716.0,16.75977653631285,120.0,716.0,3.35195530726257,24.0,716.0,0.13966480446927373,1.0,716.0,2.094972067039106,15.0,716.0,0.8379888268156425,6.0,716.0,7.487520798668886,90.0,1202.0,0.0,0.0,716.0
multiple_runs_NB_LowThreat_Series_20260501_180717.csv,multiple_runs_NB_LowThreat_Series_20260501_180717.csv,NB,No ACE,78,726.0,1198.0,40.909090909090914,297.0,726.0,8.953168044077135,65.0,726.0,89.39899833055091,1071.0,1198.0,21.074380165289256,153.0,726.0,12.121212121212121,88.0,726.0,14.18732782369146,103.0,726.0,0.13774104683195593,1.0,726.0,0.6887052341597797,5.0,726.0,1.9283746556473829,14.0,726.0,10.601001669449083,127.0,1198.0,0.0,0.0,726.0
multiple_runs_NB_LowThreat_Series_20260501_180717.csv,multiple_runs_NB_LowThreat_Series_20260501_180717.csv,NB,No ACE,79,787.0,1204.0,23.63405336721728,186.0,787.0,1.0165184243964422,8.0,787.0,84.96677740863787,1023.0,1204.0,3.6848792884371027,29.0,787.0,41.550190597204576,327.0,787.0,22.36340533672173,176.0,787.0,1.3977128335451081,11.0,787.0,3.303684879288437,26.0,787.0,3.0495552731893265,24.0,787.0,15.033222591362128,181.0,1204.0,0.0,0.0,787.0
multiple_runs_NB_LowThreat_Series_20260501_180717.csv,multiple_runs_NB_LowThreat_Series_20260501_180717.csv,NB,No ACE,80,735.0,1201.0,18.231292517006803,134.0,735.0,1.2244897959183674,9.0,735.0,84.42964196502915,1014.0,1201.0,6.394557823129252,47.0,735.0,36.3265306122449,267.0,735.0,0.13605442176870747,1.0,735.0,0.13605442176870747,1.0,735.0,35.78231292517007,263.0,735.0,1.7687074829931975,13.0,735.0,15.570358034970857,187.0,1201.0,0.0,0.0,735.0
multiple_runs_NB_LowThreat_Series_20260501_180717.csv,multiple_runs_NB_LowThreat_Series_20260501_180717.csv,NB,No ACE,81,734.0,1205.0,44.4141689373297,326.0,734.0,0.8174386920980926,6.0,734.0,89.87551867219918,1083.0,1205.0,34.468664850136236,253.0,734.0,11.444141689373296,84.0,734.0,4.087193460490464,30.0,734.0,1.08991825613079,8.0,734.0,3.4059945504087197,25.0,734.0,0.2724795640326975,2.0,734.0,10.12448132780083,122.0,1205.0,0.0,0.0,734.0
multiple_runs_NB_LowThreat_Series_20260501_180717.csv,multiple_runs_NB_LowThreat_Series_20260501_180717.csv,NB,No ACE,82,587.0,1201.0,54.855195911413965,322.0,587.0,1.192504258943782,7.0,587.0,89.50874271440466,1075.0,1201.0,10.562180579216355,62.0,587.0,12.947189097103918,76.0,587.0,10.221465076660987,60.0,587.0,1.5332197614991483,9.0,587.0,2.385008517887564,14.0,587.0,6.303236797274275,37.0,587.0,10.491257285595337,126.0,1201.0,0.0,0.0,587.0
multiple_runs_NB_LowThreat_Series_20260501_180717.csv,multiple_runs_NB_LowThreat_Series_20260501_180717.csv,NB,No ACE,83,774.0,1205.0,43.669250645994836,338.0,774.0,5.943152454780361,46.0,774.0,85.39419087136929,1029.0,1205.0,9.819121447028424,76.0,774.0,25.710594315245476,199.0,774.0,7.751937984496124,60.0,774.0,1.550387596899225,12.0,774.0,0.12919896640826875,1.0,774.0,5.426356589147287,42.0,774.0,14.605809128630707,176.0,1205.0,0.0,0.0,774.0
multiple_runs_NB_LowThreat_Series_20260501_180717.csv,multiple_runs_NB_LowThreat_Series_20260501_180717.csv,NB,No ACE,84,757.0,1201.0,27.344782034346103,207.0,757.0,1.9815059445178336,15.0,757.0,89.92506244796003,1080.0,1201.0,4.095112285336857,31.0,757.0,39.365918097754296,298.0,757.0,23.513870541611624,178.0,757.0,0.5284015852047557,4.0,757.0,1.8494055482166447,14.0,757.0,1.321003963011889,10.0,757.0,10.074937552039968,121.0,1201.0,0.0,0.0,757.0
multiple_runs_NB_LowThreat_Series_20260501_180717.csv,multiple_runs_NB_LowThreat_Series_20260501_180717.csv,NB,No ACE,85,760.0,1197.0,32.76315789473684,249.0,760.0,0.9210526315789472,7.0,760.0,86.29908103592314,1033.0,1197.0,7.631578947368421,58.0,760.0,32.5,247.0,760.0,21.31578947368421,162.0,760.0,1.3157894736842104,10.0,760.0,1.5789473684210527,12.0,760.0,1.9736842105263157,15.0,760.0,13.700918964076859,164.0,1197.0,0.0,0.0,760.0
multiple_runs_NB_LowThreat_Series_20260501_180717.csv,multiple_runs_NB_LowThreat_Series_20260501_180717.csv,NB,No ACE,86,724.0,1218.0,32.87292817679558,238.0,724.0,1.3812154696132597,10.0,724.0,89.73727422003283,1093.0,1218.0,37.70718232044199,273.0,724.0,2.4861878453038675,18.0,724.0,19.19889502762431,139.0,724.0,0.5524861878453038,4.0,724.0,4.143646408839778,30.0,724.0,1.6574585635359116,12.0,724.0,10.262725779967159,125.0,1218.0,0.0,0.0,724.0
multiple_runs_NB_LowThreat_Series_20260501_180717.csv,multiple_runs_NB_LowThreat_Series_20260501_180717.csv,NB,No ACE,87,691.0,1201.0,29.81186685962373,206.0,691.0,0.43415340086830684,3.0,691.0,83.59700249791841,1004.0,1201.0,30.68017366136035,212.0,691.0,8.24891461649783,57.0,691.0,22.865412445730826,158.0,691.0,0.1447178002894356,1.0,691.0,3.039073806078148,21.0,691.0,4.775687409551375,33.0,691.0,16.402997502081597,197.0,1201.0,0.0,0.0,691.0
multiple_runs_NB_LowThreat_Series_20260501_180717.csv,multiple_runs_NB_LowThreat_Series_20260501_180717.csv,NB,No ACE,88,773.0,1190.0,13.71280724450194,106.0,773.0,1.034928848641656,8.0,773.0,85.46218487394958,1017.0,1190.0,2.975420439844761,23.0,773.0,40.7503234152652,315.0,773.0,39.06856403622251,302.0,773.0,0.517464424320828,4.0,773.0,0.646830530401035,5.0,773.0,1.29366106080207,10.0,773.0,14.537815126050422,173.0,1190.0,0.0,0.0,773.0
multiple_runs_NB_LowThreat_Series_20260501_180717.csv,multiple_runs_NB_LowThreat_Series_20260501_180717.csv,NB,No ACE,89,732.0,1202.0,32.51366120218579,238.0,732.0,1.092896174863388,8.0,732.0,90.8485856905158,1092.0,1202.0,7.5136612021857925,55.0,732.0,35.24590163934426,258.0,732.0,20.081967213114755,147.0,732.0,0.819672131147541,6.0,732.0,1.639344262295082,12.0,732.0,1.092896174863388,8.0,732.0,9.151414309484194,110.0,1202.0,0.0,0.0,732.0
multiple_runs_NB_LowThreat_Series_20260501_180717.csv,multiple_runs_NB_LowThreat_Series_20260501_180717.csv,NB,No ACE,90,719.0,1208.0,39.91655076495132,287.0,719.0,0.6954102920723227,5.0,719.0,85.43046357615894,1032.0,1208.0,21.41863699582754,154.0,719.0,21.279554937413074,153.0,719.0,13.073713490959666,94.0,719.0,0.4172461752433936,3.0,719.0,1.1126564673157162,8.0,719.0,2.086230876216968,15.0,719.0,14.56953642384106,176.0,1208.0,0.0,0.0,719.0
multiple_runs_NB_LowThreat_Series_20260501_180717.csv,multiple_runs_NB_LowThreat_Series_20260501_180717.csv,NB,No ACE,91,658.0,1221.0,55.62310030395137,366.0,658.0,2.735562310030395,18.0,658.0,93.77559377559378,1145.0,1221.0,27.203647416413375,179.0,658.0,3.64741641337386,24.0,658.0,6.68693009118541,44.0,658.0,0.1519756838905775,1.0,658.0,1.6717325227963524,11.0,658.0,2.2796352583586628,15.0,658.0,6.224406224406224,76.0,1221.0,0.0,0.0,658.0
multiple_runs_NB_LowThreat_Series_20260501_180717.csv,multiple_runs_NB_LowThreat_Series_20260501_180717.csv,NB,No ACE,92,730.0,1190.0,37.80821917808219,276.0,730.0,1.095890410958904,8.0,730.0,89.91596638655463,1070.0,1190.0,11.095890410958905,81.0,730.0,30.273972602739725,221.0,730.0,13.424657534246576,98.0,730.0,1.2328767123287672,9.0,730.0,3.287671232876712,24.0,730.0,1.7808219178082192,13.0,730.0,10.084033613445378,120.0,1190.0,0.0,0.0,730.0
multiple_runs_NB_LowThreat_Series_20260501_180717.csv,multiple_runs_NB_LowThreat_Series_20260501_180717.csv,NB,No ACE,93,753.0,1179.0,32.669322709163346,246.0,753.0,0.9296148738379815,7.0,753.0,88.88888888888889,1048.0,1179.0,14.07702523240372,106.0,753.0,32.13811420982736,242.0,753.0,16.46746347941567,124.0,753.0,0.5312084993359893,4.0,753.0,2.3904382470119523,18.0,753.0,0.796812749003984,6.0,753.0,11.11111111111111,131.0,1179.0,0.0,0.0,753.0
multiple_runs_NB_LowThreat_Series_20260501_180717.csv,multiple_runs_NB_LowThreat_Series_20260501_180717.csv,NB,No ACE,94,797.0,1198.0,43.66373902132999,348.0,797.0,1.2547051442910917,10.0,797.0,88.39732888146912,1059.0,1198.0,6.273525721455458,50.0,797.0,40.276035131744045,321.0,797.0,4.0150564617314926,32.0,797.0,0.6273525721455459,5.0,797.0,1.3801756587202008,11.0,797.0,2.5094102885821834,20.0,797.0,11.602671118530884,139.0,1198.0,0.0,0.0,797.0
multiple_runs_NB_LowThreat_Series_20260501_180717.csv,multiple_runs_NB_LowThreat_Series_20260501_180717.csv,NB,No ACE,95,743.0,1174.0,28.129205921938087,209.0,743.0,3.2301480484522207,24.0,743.0,80.06814310051107,940.0,1174.0,1.0767160161507403,8.0,743.0,44.01076716016151,327.0,743.0,21.399730820995963,159.0,743.0,0.0,0.0,743.0,1.0767160161507403,8.0,743.0,1.0767160161507403,8.0,743.0,19.931856899488924,234.0,1174.0,0.0,0.0,743.0
multiple_runs_NB_LowThreat_Series_20260501_180717.csv,multiple_runs_NB_LowThreat_Series_20260501_180717.csv,NB,No ACE,96,767.0,1188.0,30.117340286831812,231.0,767.0,0.651890482398957,5.0,767.0,85.1010101010101,1011.0,1188.0,0.0,0.0,767.0,45.76271186440678,351.0,767.0,0.5215123859191656,4.0,767.0,1.0430247718383312,8.0,767.0,19.6870925684485,151.0,767.0,2.216427640156454,17.0,767.0,14.898989898989898,177.0,1188.0,0.0,0.0,767.0
multiple_runs_NB_LowThreat_Series_20260501_180717.csv,multiple_runs_NB_LowThreat_Series_20260501_180717.csv,NB,No ACE,97,768.0,1189.0,38.93229166666667,299.0,768.0,2.34375,18.0,768.0,90.07569386038689,1071.0,1189.0,2.213541666666667,17.0,768.0,39.84375,306.0,768.0,14.192708333333334,109.0,768.0,0.9114583333333334,7.0,768.0,1.0416666666666665,8.0,768.0,0.5208333333333333,4.0,768.0,9.92430613961312,118.0,1189.0,0.0,0.0,768.0
multiple_runs_NB_LowThreat_Series_20260501_180717.csv,multiple_runs_NB_LowThreat_Series_20260501_180717.csv,NB,No ACE,98,660.0,1195.0,12.727272727272727,84.0,660.0,2.1212121212121215,14.0,660.0,75.64853556485356,904.0,1195.0,32.87878787878788,217.0,660.0,4.090909090909091,27.0,660.0,45.45454545454545,300.0,660.0,0.45454545454545453,3.0,660.0,2.272727272727273,15.0,660.0,0.0,0.0,660.0,24.351464435146443,291.0,1195.0,0.0,0.0,660.0
multiple_runs_NB_LowThreat_Series_20260501_180717.csv,multiple_runs_NB_LowThreat_Series_20260501_180717.csv,NB,No ACE,99,669.0,1193.0,17.040358744394617,114.0,669.0,1.7937219730941705,12.0,669.0,89.01927912824812,1062.0,1193.0,34.379671150971596,230.0,669.0,4.783258594917788,32.0,669.0,33.482810164424514,224.0,669.0,1.9431988041853512,13.0,669.0,5.680119581464873,38.0,669.0,0.8968609865470852,6.0,669.0,10.980720871751885,131.0,1193.0,0.0,0.0,669.0
multiple_runs_NB_LowThreat_Series_20260501_180717.csv,multiple_runs_NB_LowThreat_Series_20260501_180717.csv,NB,No ACE,100,713.0,1194.0,24.26367461430575,173.0,713.0,1.8232819074333801,13.0,713.0,86.09715242881072,1028.0,1194.0,34.081346423562415,243.0,713.0,8.274894810659186,59.0,713.0,27.489481065918653,196.0,713.0,1.1220196353436185,8.0,713.0,1.8232819074333801,13.0,713.0,1.1220196353436185,8.0,713.0,13.90284757118928,166.0,1194.0,0.0,0.0,713.0
multiple_runs_NB_LowThreat_Series_20260501_180717.csv,multiple_runs_NB_LowThreat_Series_20260501_180717.csv,NB,No ACE,101,768.0,1198.0,37.5,288.0,768.0,7.161458333333333,55.0,768.0,88.89816360601002,1065.0,1198.0,0.6510416666666667,5.0,768.0,38.41145833333333,295.0,768.0,6.25,48.0,768.0,2.213541666666667,17.0,768.0,6.770833333333333,52.0,768.0,1.0416666666666665,8.0,768.0,11.101836393989984,133.0,1198.0,0.0,0.0,768.0
multiple_runs_NB_LowThreat_Series_20260501_180717.csv,multiple_runs_NB_LowThreat_Series_20260501_180717.csv,NB,No ACE,102,742.0,1201.0,24.663072776280323,183.0,742.0,3.7735849056603774,28.0,742.0,89.09242298084929,1070.0,1201.0,21.83288409703504,162.0,742.0,18.328840970350406,136.0,742.0,30.05390835579515,223.0,742.0,0.0,0.0,742.0,0.13477088948787064,1.0,742.0,1.2129380053908356,9.0,742.0,10.907577019150708,131.0,1201.0,0.0,0.0,742.0
multiple_runs_NB_LowThreat_Series_20260501_180717.csv,multiple_runs_NB_LowThreat_Series_20260501_180717.csv,NB,No ACE,103,709.0,1193.0,28.63187588152327,203.0,709.0,0.4231311706629055,3.0,709.0,85.58256496227996,1021.0,1193.0,14.809590973201692,105.0,709.0,26.79830747531735,190.0,709.0,25.52891396332863,181.0,709.0,0.4231311706629055,3.0,709.0,0.5641748942172073,4.0,709.0,2.8208744710860367,20.0,709.0,14.417435037720033,172.0,1193.0,0.0,0.0,709.0
multiple_runs_NB_LowThreat_Series_20260501_180717.csv,multiple_runs_NB_LowThreat_Series_20260501_180717.csv,NB,No ACE,104,603.0,1206.0,33.83084577114428,204.0,603.0,1.1608623548922055,7.0,603.0,87.47927031509121,1055.0,1206.0,15.754560530679933,95.0,603.0,17.24709784411277,104.0,603.0,26.368159203980102,159.0,603.0,0.33167495854063017,2.0,603.0,1.8242122719734661,11.0,603.0,3.482587064676617,21.0,603.0,12.52072968490879,151.0,1206.0,0.0,0.0,603.0
multiple_runs_NB_LowThreat_Series_20260501_180717.csv,multiple_runs_NB_LowThreat_Series_20260501_180717.csv,NB,No ACE,105,770.0,1202.0,6.883116883116883,53.0,770.0,0.2597402597402597,2.0,770.0,83.11148086522464,999.0,1202.0,12.857142857142856,99.0,770.0,32.33766233766234,249.0,770.0,45.45454545454545,350.0,770.0,0.0,0.0,770.0,1.1688311688311688,9.0,770.0,1.0389610389610389,8.0,770.0,16.888519134775372,203.0,1202.0,0.0,0.0,770.0
multiple_runs_NB_LowThreat_Series_20260501_180717.csv,multiple_runs_NB_LowThreat_Series_20260501_180717.csv,NB,No ACE,106,665.0,1206.0,48.87218045112782,325.0,665.0,0.6015037593984963,4.0,665.0,87.81094527363184,1059.0,1206.0,31.72932330827068,211.0,665.0,4.962406015037594,33.0,665.0,10.225563909774436,68.0,665.0,0.0,0.0,665.0,3.007518796992481,20.0,665.0,0.6015037593984963,4.0,665.0,12.189054726368159,147.0,1206.0,0.0,0.0,665.0
multiple_runs_NB_LowThreat_Series_20260501_180717.csv,multiple_runs_NB_LowThreat_Series_20260501_180717.csv,NB,No ACE,107,754.0,1192.0,28.779840848806366,217.0,754.0,1.989389920424403,15.0,754.0,85.40268456375838,1018.0,1192.0,1.4588859416445623,11.0,754.0,42.97082228116711,324.0,754.0,21.618037135278513,163.0,754.0,0.0,0.0,754.0,1.5915119363395225,12.0,754.0,1.5915119363395225,12.0,754.0,14.597315436241612,174.0,1192.0,0.0,0.0,754.0
multiple_runs_NB_LowThreat_Series_20260501_180717.csv,multiple_runs_NB_LowThreat_Series_20260501_180717.csv,NB,No ACE,108,723.0,1209.0,21.715076071922546,157.0,723.0,1.7980636237897647,13.0,723.0,86.76592224979322,1049.0,1209.0,23.09820193637621,167.0,723.0,4.011065006915629,29.0,723.0,32.2268326417704,233.0,723.0,0.13831258644536654,1.0,723.0,4.426002766251729,32.0,723.0,12.586445366528354,91.0,723.0,13.234077750206783,160.0,1209.0,0.0,0.0,723.0
multiple_runs_NB_LowThreat_Series_20260501_180717.csv,multiple_runs_NB_LowThreat_Series_20260501_180717.csv,NB,No ACE,109,732.0,1198.0,30.191256830601095,221.0,732.0,0.819672131147541,6.0,732.0,92.15358931552588,1104.0,1198.0,7.923497267759563,58.0,732.0,34.01639344262295,249.0,732.0,25.546448087431695,187.0,732.0,0.4098360655737705,3.0,732.0,1.092896174863388,8.0,732.0,0.0,0.0,732.0,7.846410684474124,94.0,1198.0,0.0,0.0,732.0
multiple_runs_NB_LowThreat_Series_20260501_180717.csv,multiple_runs_NB_LowThreat_Series_20260501_180717.csv,NB,No ACE,110,671.0,1214.0,7.749627421758569,52.0,671.0,0.29806259314456035,2.0,671.0,77.0181219110379,935.0,1214.0,35.91654247391952,241.0,671.0,1.3412816691505216,9.0,671.0,49.92548435171386,335.0,671.0,0.29806259314456035,2.0,671.0,1.4903129657228018,10.0,671.0,2.9806259314456036,20.0,671.0,22.98187808896211,279.0,1214.0,0.0,0.0,671.0
multiple_runs_NB_LowThreat_Series_20260501_180717.csv,multiple_runs_NB_LowThreat_Series_20260501_180717.csv,NB,No ACE,111,618.0,1206.0,29.773462783171524,184.0,618.0,1.4563106796116505,9.0,618.0,86.7330016583748,1046.0,1206.0,2.750809061488673,17.0,618.0,28.317152103559874,175.0,618.0,17.96116504854369,111.0,618.0,0.0,0.0,618.0,19.25566343042071,119.0,618.0,0.48543689320388345,3.0,618.0,13.266998341625207,160.0,1206.0,0.0,0.0,618.0
multiple_runs_NB_LowThreat_Series_20260501_180717.csv,multiple_runs_NB_LowThreat_Series_20260501_180717.csv,NB,No ACE,112,549.0,1217.0,45.537340619307834,250.0,549.0,4.371584699453552,24.0,549.0,88.90714872637633,1082.0,1217.0,2.5500910746812386,14.0,549.0,22.040072859744992,121.0,549.0,16.757741347905284,92.0,549.0,0.546448087431694,3.0,549.0,7.103825136612022,39.0,549.0,1.092896174863388,6.0,549.0,11.092851273623666,135.0,1217.0,0.0,0.0,549.0
multiple_runs_NB_LowThreat_Series_20260501_180717.csv,multiple_runs_NB_LowThreat_Series_20260501_180717.csv,NB,No ACE,113,709.0,1184.0,15.514809590973202,110.0,709.0,0.9873060648801129,7.0,709.0,85.97972972972973,1018.0,1184.0,30.32440056417489,215.0,709.0,11.283497884344147,80.0,709.0,37.79971791255289,268.0,709.0,0.14104372355430184,1.0,709.0,1.2693935119887165,9.0,709.0,2.6798307475317347,19.0,709.0,14.020270270270272,166.0,1184.0,0.0,0.0,709.0
multiple_runs_NB_LowThreat_Series_20260501_180717.csv,multiple_runs_NB_LowThreat_Series_20260501_180717.csv,NB,No ACE,114,748.0,1218.0,40.106951871657756,300.0,748.0,0.267379679144385,2.0,748.0,88.75205254515599,1081.0,1218.0,2.6737967914438503,20.0,748.0,45.855614973262036,343.0,748.0,10.427807486631016,78.0,748.0,0.0,0.0,748.0,0.0,0.0,748.0,0.6684491978609626,5.0,748.0,11.247947454844006,137.0,1218.0,0.0,0.0,748.0
multiple_runs_NB_LowThreat_Series_20260501_180717.csv,multiple_runs_NB_LowThreat_Series_20260501_180717.csv,NB,No ACE,115,692.0,1201.0,46.67630057803468,323.0,692.0,5.491329479768786,38.0,692.0,87.51040799333887,1051.0,1201.0,1.7341040462427744,12.0,692.0,29.046242774566473,201.0,692.0,10.260115606936417,71.0,692.0,0.8670520231213872,6.0,692.0,3.4682080924855487,24.0,692.0,2.4566473988439306,17.0,692.0,12.489592006661116,150.0,1201.0,0.0,0.0,692.0
multiple_runs_NB_LowThreat_Series_20260501_180717.csv,multiple_runs_NB_LowThreat_Series_20260501_180717.csv,NB,No ACE,116,715.0,1212.0,47.27272727272727,338.0,715.0,1.6783216783216783,12.0,715.0,92.32673267326733,1119.0,1212.0,9.93006993006993,71.0,715.0,30.76923076923077,220.0,715.0,6.013986013986014,43.0,715.0,0.6993006993006993,5.0,715.0,2.237762237762238,16.0,715.0,1.3986013986013985,10.0,715.0,7.673267326732673,93.0,1212.0,0.0,0.0,715.0
multiple_runs_NB_LowThreat_Series_20260501_180717.csv,multiple_runs_NB_LowThreat_Series_20260501_180717.csv,NB,No ACE,117,698.0,1212.0,22.349570200573066,156.0,698.0,0.8595988538681949,6.0,698.0,88.36633663366337,1071.0,1212.0,24.785100286532952,173.0,698.0,14.040114613180515,98.0,698.0,33.810888252149,236.0,698.0,1.4326647564469914,10.0,698.0,1.146131805157593,8.0,698.0,1.5759312320916905,11.0,698.0,11.633663366336634,141.0,1212.0,0.0,0.0,698.0
multiple_runs_NB_LowThreat_Series_20260501_180717.csv,multiple_runs_NB_LowThreat_Series_20260501_180717.csv,NB,No ACE,118,684.0,1189.0,16.228070175438596,111.0,684.0,1.023391812865497,7.0,684.0,83.2632464255677,990.0,1189.0,39.03508771929825,267.0,684.0,1.461988304093567,10.0,684.0,39.32748538011696,269.0,684.0,0.0,0.0,684.0,1.9005847953216373,13.0,684.0,1.023391812865497,7.0,684.0,16.736753574432296,199.0,1189.0,0.0,0.0,684.0
multiple_runs_NB_LowThreat_Series_20260501_180717.csv,multiple_runs_NB_LowThreat_Series_20260501_180717.csv,NB,No ACE,119,744.0,1195.0,37.76881720430107,281.0,744.0,1.3440860215053763,10.0,744.0,86.35983263598327,1032.0,1195.0,1.478494623655914,11.0,744.0,38.844086021505376,289.0,744.0,14.112903225806454,105.0,744.0,0.13440860215053765,1.0,744.0,0.6720430107526881,5.0,744.0,5.64516129032258,42.0,744.0,13.640167364016737,163.0,1195.0,0.0,0.0,744.0
multiple_runs_NB_LowThreat_Series_20260501_180717.csv,multiple_runs_NB_LowThreat_Series_20260501_180717.csv,NB,No ACE,120,514.0,1205.0,51.9455252918288,267.0,514.0,3.3073929961089497,17.0,514.0,87.63485477178423,1056.0,1205.0,10.700389105058365,55.0,514.0,0.19455252918287938,1.0,514.0,25.291828793774318,130.0,514.0,0.38910505836575876,2.0,514.0,5.836575875486381,30.0,514.0,2.3346303501945527,12.0,514.0,12.365145228215768,149.0,1205.0,0.0,0.0,514.0
multiple_runs_NB_LowThreat_Series_20260501_180717.csv,multiple_runs_NB_LowThreat_Series_20260501_180717.csv,NB,No ACE,121,661.0,1201.0,11.951588502269288,79.0,661.0,1.8154311649016641,12.0,661.0,86.17818484596171,1035.0,1201.0,28.593040847201213,189.0,661.0,10.43872919818457,69.0,661.0,38.12405446293495,252.0,661.0,0.0,0.0,661.0,6.959152798789712,46.0,661.0,2.118003025718608,14.0,661.0,13.821815154038303,166.0,1201.0,0.0,0.0,661.0
multiple_runs_NB_LowThreat_Series_20260501_180717.csv,multiple_runs_NB_LowThreat_Series_20260501_180717.csv,NB,No ACE,122,700.0,1192.0,40.0,280.0,700.0,2.2857142857142856,16.0,700.0,93.6241610738255,1116.0,1192.0,5.571428571428571,39.0,700.0,35.14285714285714,246.0,700.0,12.714285714285714,89.0,700.0,0.7142857142857143,5.0,700.0,1.7142857142857144,12.0,700.0,1.8571428571428572,13.0,700.0,6.375838926174497,76.0,1192.0,0.0,0.0,700.0
multiple_runs_NB_LowThreat_Series_20260501_180717.csv,multiple_runs_NB_LowThreat_Series_20260501_180717.csv,NB,No ACE,123,699.0,1210.0,44.92131616595136,314.0,699.0,1.7167381974248928,12.0,699.0,91.81818181818183,1111.0,1210.0,29.613733905579398,207.0,699.0,7.1530758226037205,50.0,699.0,9.298998569384835,65.0,699.0,1.2875536480686696,9.0,699.0,3.5765379113018603,25.0,699.0,2.432045779685265,17.0,699.0,8.181818181818182,99.0,1210.0,0.0,0.0,699.0
multiple_runs_NB_LowThreat_Series_20260501_180717.csv,multiple_runs_NB_LowThreat_Series_20260501_180717.csv,NB,No ACE,124,584.0,1193.0,59.589041095890416,348.0,584.0,0.684931506849315,4.0,584.0,93.04274937133277,1110.0,1193.0,13.698630136986301,80.0,584.0,7.191780821917808,42.0,584.0,8.21917808219178,48.0,584.0,0.0,0.0,584.0,1.7123287671232876,10.0,584.0,8.904109589041095,52.0,584.0,6.957250628667226,83.0,1193.0,0.0,0.0,584.0
multiple_runs_NB_LowThreat_Series_20260501_180717.csv,multiple_runs_NB_LowThreat_Series_20260501_180717.csv,NB,No ACE,125,746.0,1199.0,14.87935656836461,111.0,746.0,0.6702412868632708,5.0,746.0,87.98999165971642,1055.0,1199.0,3.485254691689008,26.0,746.0,35.25469168900804,263.0,746.0,32.84182305630027,245.0,746.0,1.876675603217158,14.0,746.0,4.1554959785522785,31.0,746.0,6.8364611260053625,51.0,746.0,12.01000834028357,144.0,1199.0,0.0,0.0,746.0
multiple_runs_NB_LowThreat_Series_20260501_180717.csv,multiple_runs_NB_LowThreat_Series_20260501_180717.csv,NB,No ACE,126,752.0,1196.0,47.6063829787234,358.0,752.0,0.0,0.0,752.0,91.47157190635451,1094.0,1196.0,1.4627659574468086,11.0,752.0,43.75,329.0,752.0,5.319148936170213,40.0,752.0,0.0,0.0,752.0,0.9308510638297872,7.0,752.0,0.9308510638297872,7.0,752.0,8.528428093645484,102.0,1196.0,0.0,0.0,752.0
multiple_runs_NB_LowThreat_Series_20260501_180717.csv,multiple_runs_NB_LowThreat_Series_20260501_180717.csv,NB,No ACE,127,820.0,1209.0,45.487804878048784,373.0,820.0,4.634146341463414,38.0,820.0,86.60049627791562,1047.0,1209.0,2.4390243902439024,20.0,820.0,35.97560975609756,295.0,820.0,5.853658536585367,48.0,820.0,1.951219512195122,16.0,820.0,0.7317073170731708,6.0,820.0,2.9268292682926833,24.0,820.0,13.399503722084367,162.0,1209.0,0.0,0.0,820.0
multiple_runs_NB_LowThreat_Series_20260501_180717.csv,multiple_runs_NB_LowThreat_Series_20260501_180717.csv,NB,No ACE,128,671.0,1177.0,38.00298062593144,255.0,671.0,0.29806259314456035,2.0,671.0,86.15123194562447,1014.0,1177.0,37.40685543964232,251.0,671.0,1.9374068554396422,13.0,671.0,16.691505216095383,112.0,671.0,0.5961251862891207,4.0,671.0,3.5767511177347244,24.0,671.0,1.4903129657228018,10.0,671.0,13.848768054375531,163.0,1177.0,0.0,0.0,671.0
multiple_runs_NB_LowThreat_Series_20260501_180717.csv,multiple_runs_NB_LowThreat_Series_20260501_180717.csv,NB,No ACE,129,735.0,1205.0,49.38775510204081,363.0,735.0,7.482993197278912,55.0,735.0,91.20331950207469,1099.0,1205.0,0.5442176870748299,4.0,735.0,31.020408163265305,228.0,735.0,3.9455782312925165,29.0,735.0,0.9523809523809524,7.0,735.0,5.170068027210884,38.0,735.0,1.4965986394557822,11.0,735.0,8.796680497925312,106.0,1205.0,0.0,0.0,735.0
multiple_runs_NB_LowThreat_Series_20260501_180717.csv,multiple_runs_NB_LowThreat_Series_20260501_180717.csv,NB,No ACE,130,628.0,1206.0,20.063694267515924,126.0,628.0,2.0700636942675157,13.0,628.0,85.1575456053068,1027.0,1206.0,32.48407643312102,204.0,628.0,1.910828025477707,12.0,628.0,40.76433121019109,256.0,628.0,0.15923566878980894,1.0,628.0,0.6369426751592357,4.0,628.0,1.910828025477707,12.0,628.0,14.842454394693199,179.0,1206.0,0.0,0.0,628.0
multiple_runs_NB_LowThreat_Series_20260501_180717.csv,multiple_runs_NB_LowThreat_Series_20260501_180717.csv,NB,No ACE,131,676.0,1185.0,14.497041420118343,98.0,676.0,0.8875739644970414,6.0,676.0,89.53586497890296,1061.0,1185.0,6.21301775147929,42.0,676.0,35.50295857988166,240.0,676.0,38.6094674556213,261.0,676.0,0.8875739644970414,6.0,676.0,2.9585798816568047,20.0,676.0,0.4437869822485207,3.0,676.0,10.464135021097047,124.0,1185.0,0.0,0.0,676.0
multiple_runs_NB_LowThreat_Series_20260501_180717.csv,multiple_runs_NB_LowThreat_Series_20260501_180717.csv,NB,No ACE,132,753.0,1204.0,51.79282868525896,390.0,753.0,0.0,0.0,753.0,83.80398671096346,1009.0,1204.0,22.974767596281538,173.0,753.0,12.217795484727755,92.0,753.0,3.5856573705179287,27.0,753.0,0.9296148738379815,7.0,753.0,0.13280212483399734,1.0,753.0,8.366533864541832,63.0,753.0,16.196013289036546,195.0,1204.0,0.0,0.0,753.0
multiple_runs_NB_LowThreat_Series_20260501_180717.csv,multiple_runs_NB_LowThreat_Series_20260501_180717.csv,NB,No ACE,133,720.0,1170.0,38.333333333333336,276.0,720.0,0.1388888888888889,1.0,720.0,90.42735042735043,1058.0,1170.0,1.1111111111111112,8.0,720.0,41.25,297.0,720.0,13.750000000000002,99.0,720.0,0.6944444444444444,5.0,720.0,1.6666666666666667,12.0,720.0,3.0555555555555554,22.0,720.0,9.572649572649574,112.0,1170.0,0.0,0.0,720.0
multiple_runs_NB_LowThreat_Series_20260501_180717.csv,multiple_runs_NB_LowThreat_Series_20260501_180717.csv,NB,No ACE,134,739.0,1194.0,22.73342354533153,168.0,739.0,1.4884979702300407,11.0,739.0,87.60469011725294,1046.0,1194.0,8.119079837618404,60.0,739.0,28.95805142083897,214.0,739.0,24.76319350473613,183.0,739.0,0.5412719891745602,4.0,739.0,9.201623815967523,68.0,739.0,4.194857916102842,31.0,739.0,12.39530988274707,148.0,1194.0,0.0,0.0,739.0
multiple_runs_NB_LowThreat_Series_20260501_180717.csv,multiple_runs_NB_LowThreat_Series_20260501_180717.csv,NB,No ACE,135,709.0,1195.0,19.18194640338505,136.0,709.0,0.0,0.0,709.0,85.35564853556485,1020.0,1195.0,12.693935119887165,90.0,709.0,27.785613540197463,197.0,709.0,38.081805359661494,270.0,709.0,0.14104372355430184,1.0,709.0,0.4231311706629055,3.0,709.0,1.692524682651622,12.0,709.0,14.644351464435147,175.0,1195.0,0.0,0.0,709.0
multiple_runs_NB_LowThreat_Series_20260501_180717.csv,multiple_runs_NB_LowThreat_Series_20260501_180717.csv,NB,No ACE,136,683.0,1194.0,16.544655929721817,113.0,683.0,1.0248901903367496,7.0,683.0,83.75209380234506,1000.0,1194.0,34.55344070278185,236.0,683.0,4.392386530014641,30.0,683.0,37.48169838945827,256.0,683.0,0.14641288433382138,1.0,683.0,0.5856515373352855,4.0,683.0,5.27086383601757,36.0,683.0,16.24790619765494,194.0,1194.0,0.0,0.0,683.0
multiple_runs_NB_LowThreat_Series_20260501_180717.csv,multiple_runs_NB_LowThreat_Series_20260501_180717.csv,NB,No ACE,137,635.0,1196.0,14.173228346456693,90.0,635.0,2.3622047244094486,15.0,635.0,87.54180602006689,1047.0,1196.0,32.44094488188976,206.0,635.0,0.6299212598425197,4.0,635.0,47.55905511811024,302.0,635.0,0.0,0.0,635.0,0.9448818897637795,6.0,635.0,1.889763779527559,12.0,635.0,12.45819397993311,149.0,1196.0,0.0,0.0,635.0
multiple_runs_NB_LowThreat_Series_20260501_180717.csv,multiple_runs_NB_LowThreat_Series_20260501_180717.csv,NB,No ACE,138,777.0,1191.0,38.86743886743887,302.0,777.0,0.9009009009009009,7.0,777.0,88.66498740554157,1056.0,1191.0,11.583011583011583,90.0,777.0,29.601029601029598,230.0,777.0,5.148005148005148,40.0,777.0,3.861003861003861,30.0,777.0,8.880308880308881,69.0,777.0,1.1583011583011582,9.0,777.0,11.335012594458437,135.0,1191.0,0.0,0.0,777.0
multiple_runs_NB_LowThreat_Series_20260501_180717.csv,multiple_runs_NB_LowThreat_Series_20260501_180717.csv,NB,No ACE,139,739.0,1191.0,12.313937753721245,91.0,739.0,0.40595399188092013,3.0,739.0,80.43660789252729,958.0,1191.0,5.142083897158322,38.0,739.0,40.46008119079838,299.0,739.0,39.106901217861974,289.0,739.0,0.8119079837618403,6.0,739.0,1.7591339648173208,13.0,739.0,0.0,0.0,739.0,19.563392107472712,233.0,1191.0,0.0,0.0,739.0
multiple_runs_NB_LowThreat_Series_20260501_180717.csv,multiple_runs_NB_LowThreat_Series_20260501_180717.csv,NB,No ACE,140,753.0,1195.0,24.9667994687915,188.0,753.0,0.9296148738379815,7.0,753.0,89.5397489539749,1070.0,1195.0,18.59229747675963,140.0,753.0,20.584329349269588,155.0,753.0,16.600265604249667,125.0,753.0,3.9840637450199203,30.0,753.0,11.022576361221779,83.0,753.0,3.3200531208499333,25.0,753.0,10.460251046025103,125.0,1195.0,0.0,0.0,753.0
multiple_runs_NB_LowThreat_Series_20260501_180717.csv,multiple_runs_NB_LowThreat_Series_20260501_180717.csv,NB,No ACE,141,622.0,1192.0,17.041800643086816,106.0,622.0,1.7684887459807075,11.0,622.0,87.66778523489933,1045.0,1192.0,24.59807073954984,153.0,622.0,11.89710610932476,74.0,622.0,40.51446945337621,252.0,622.0,0.1607717041800643,1.0,622.0,2.090032154340836,13.0,622.0,1.929260450160772,12.0,622.0,12.332214765100671,147.0,1192.0,0.0,0.0,622.0
multiple_runs_NB_LowThreat_Series_20260501_180717.csv,multiple_runs_NB_LowThreat_Series_20260501_180717.csv,NB,No ACE,142,509.0,1217.0,24.95088408644401,127.0,509.0,0.7858546168958742,4.0,509.0,82.99096138044372,1010.0,1217.0,7.269155206286837,37.0,509.0,5.1080550098231825,26.0,509.0,52.455795677799614,267.0,509.0,1.9646365422396856,10.0,509.0,5.1080550098231825,26.0,509.0,2.357563850687623,12.0,509.0,17.009038619556286,207.0,1217.0,0.0,0.0,509.0
multiple_runs_NB_LowThreat_Series_20260501_180717.csv,multiple_runs_NB_LowThreat_Series_20260501_180717.csv,NB,No ACE,143,724.0,1189.0,20.58011049723757,149.0,724.0,1.2430939226519337,9.0,724.0,84.94533221194281,1010.0,1189.0,1.5193370165745856,11.0,724.0,40.88397790055249,296.0,724.0,14.088397790055248,102.0,724.0,0.0,0.0,724.0,20.718232044198896,150.0,724.0,0.9668508287292817,7.0,724.0,15.054667788057191,179.0,1189.0,0.0,0.0,724.0
multiple_runs_NB_LowThreat_Series_20260501_180717.csv,multiple_runs_NB_LowThreat_Series_20260501_180717.csv,NB,No ACE,144,703.0,1185.0,26.03129445234708,183.0,703.0,1.422475106685633,10.0,703.0,87.84810126582279,1041.0,1185.0,16.216216216216218,114.0,703.0,16.642958748221908,117.0,703.0,22.617354196301566,159.0,703.0,0.42674253200568996,3.0,703.0,3.556187766714083,25.0,703.0,13.086770981507822,92.0,703.0,12.151898734177214,144.0,1185.0,0.0,0.0,703.0
multiple_runs_NB_LowThreat_Series_20260501_180717.csv,multiple_runs_NB_LowThreat_Series_20260501_180717.csv,NB,No ACE,145,681.0,1215.0,36.71071953010279,250.0,681.0,3.2305433186490458,22.0,681.0,89.95884773662551,1093.0,1215.0,27.165932452276063,185.0,681.0,9.985315712187958,68.0,681.0,13.950073421439061,95.0,681.0,1.908957415565345,13.0,681.0,6.167400881057269,42.0,681.0,0.881057268722467,6.0,681.0,10.041152263374485,122.0,1215.0,0.0,0.0,681.0
multiple_runs_NB_LowThreat_Series_20260501_180717.csv,multiple_runs_NB_LowThreat_Series_20260501_180717.csv,NB,No ACE,146,653.0,1214.0,36.29402756508423,237.0,653.0,7.9632465543644715,52.0,653.0,90.11532125205932,1094.0,1214.0,0.6125574272588056,4.0,653.0,28.024502297090354,183.0,653.0,19.142419601837673,125.0,653.0,0.9188361408882083,6.0,653.0,5.206738131699847,34.0,653.0,1.8376722817764166,12.0,653.0,9.884678747940692,120.0,1214.0,0.0,0.0,653.0
multiple_runs_NB_LowThreat_Series_20260501_180717.csv,multiple_runs_NB_LowThreat_Series_20260501_180717.csv,NB,No ACE,147,689.0,1188.0,42.670537010159656,294.0,689.0,0.0,0.0,689.0,89.98316498316498,1069.0,1188.0,26.850507982583455,185.0,689.0,17.271407837445572,119.0,689.0,10.88534107402032,75.0,689.0,0.0,0.0,689.0,1.3062409288824384,9.0,689.0,1.0159651669085632,7.0,689.0,10.016835016835017,119.0,1188.0,0.0,0.0,689.0
multiple_runs_NB_LowThreat_Series_20260501_180717.csv,multiple_runs_NB_LowThreat_Series_20260501_180717.csv,NB,No ACE,148,744.0,1197.0,32.795698924731184,244.0,744.0,2.28494623655914,17.0,744.0,84.9624060150376,1017.0,1197.0,5.10752688172043,38.0,744.0,39.247311827956985,292.0,744.0,17.06989247311828,127.0,744.0,0.5376344086021506,4.0,744.0,1.6129032258064515,12.0,744.0,1.3440860215053763,10.0,744.0,15.037593984962406,180.0,1197.0,0.0,0.0,744.0
multiple_runs_NB_LowThreat_Series_20260501_180717.csv,multiple_runs_NB_LowThreat_Series_20260501_180717.csv,NB,No ACE,149,654.0,1200.0,17.2782874617737,113.0,654.0,1.3761467889908259,9.0,654.0,82.33333333333334,988.0,1200.0,27.981651376146786,183.0,654.0,7.64525993883792,50.0,654.0,41.284403669724774,270.0,654.0,0.9174311926605505,6.0,654.0,1.6819571865443423,11.0,654.0,1.834862385321101,12.0,654.0,17.666666666666668,212.0,1200.0,0.0,0.0,654.0
multiple_runs_NB_LowThreat_Series_20260501_180717.csv,multiple_runs_NB_LowThreat_Series_20260501_180717.csv,NB,No ACE,150,713.0,1187.0,31.977559607293127,228.0,713.0,0.8415147265077139,6.0,713.0,87.44734625105308,1038.0,1187.0,16.269284712482467,116.0,713.0,25.806451612903224,184.0,713.0,20.196353436185134,144.0,713.0,0.5610098176718092,4.0,713.0,2.524544179523142,18.0,713.0,1.8232819074333801,13.0,713.0,12.552653748946923,149.0,1187.0,0.0,0.0,713.0
multiple_runs_NB_LowThreat_Series_20260501_180717.csv,multiple_runs_NB_LowThreat_Series_20260501_180717.csv,NB,No ACE,151,718.0,1192.0,22.00557103064067,158.0,718.0,1.392757660167131,10.0,718.0,83.7248322147651,998.0,1192.0,23.53760445682451,169.0,718.0,18.105849582172702,130.0,718.0,31.615598885793872,227.0,718.0,0.5571030640668524,4.0,718.0,1.9498607242339834,14.0,718.0,0.8356545961002786,6.0,718.0,16.2751677852349,194.0,1192.0,0.0,0.0,718.0
multiple_runs_NB_LowThreat_Series_20260501_180717.csv,multiple_runs_NB_LowThreat_Series_20260501_180717.csv,NB,No ACE,152,753.0,1198.0,33.86454183266932,255.0,753.0,1.3280212483399734,10.0,753.0,87.228714524207,1045.0,1198.0,1.0624169986719787,8.0,753.0,45.0199203187251,339.0,753.0,11.553784860557768,87.0,753.0,0.5312084993359893,4.0,753.0,4.249667994687915,32.0,753.0,2.3904382470119523,18.0,753.0,12.771285475792988,153.0,1198.0,0.0,0.0,753.0
multiple_runs_NB_LowThreat_Series_20260501_180717.csv,multiple_runs_NB_LowThreat_Series_20260501_180717.csv,NB,No ACE,153,715.0,1211.0,13.566433566433567,97.0,715.0,2.3776223776223775,17.0,715.0,85.71428571428571,1038.0,1211.0,16.923076923076923,121.0,715.0,16.083916083916083,115.0,715.0,26.99300699300699,193.0,715.0,6.153846153846154,44.0,715.0,16.503496503496503,118.0,715.0,1.3986013986013985,10.0,715.0,14.285714285714285,173.0,1211.0,0.0,0.0,715.0
multiple_runs_NB_LowThreat_Series_20260501_180717.csv,multiple_runs_NB_LowThreat_Series_20260501_180717.csv,NB,No ACE,154,745.0,1188.0,38.38926174496644,286.0,745.0,2.4161073825503356,18.0,745.0,76.93602693602693,914.0,1188.0,10.06711409395973,75.0,745.0,32.21476510067114,240.0,745.0,11.140939597315436,83.0,745.0,1.2080536912751678,9.0,745.0,0.6711409395973155,5.0,745.0,3.8926174496644297,29.0,745.0,23.063973063973066,274.0,1188.0,0.0,0.0,745.0
multiple_runs_NB_LowThreat_Series_20260501_180717.csv,multiple_runs_NB_LowThreat_Series_20260501_180717.csv,NB,No ACE,155,639.0,1193.0,28.325508607198746,181.0,639.0,0.3129890453834116,2.0,639.0,81.72673931265717,975.0,1193.0,37.8716744913928,242.0,639.0,0.7824726134585289,5.0,639.0,18.30985915492958,117.0,639.0,0.6259780907668232,4.0,639.0,13.615023474178404,87.0,639.0,0.1564945226917058,1.0,639.0,18.273260687342834,218.0,1193.0,0.0,0.0,639.0
multiple_runs_NB_LowThreat_Series_20260501_180717.csv,multiple_runs_NB_LowThreat_Series_20260501_180717.csv,NB,No ACE,156,765.0,1203.0,14.50980392156863,111.0,765.0,0.6535947712418301,5.0,765.0,84.62177888611804,1018.0,1203.0,3.3986928104575163,26.0,765.0,41.17647058823529,315.0,765.0,36.993464052287585,283.0,765.0,0.7843137254901961,6.0,765.0,2.2222222222222223,17.0,765.0,0.261437908496732,2.0,765.0,15.378221113881963,185.0,1203.0,0.0,0.0,765.0
multiple_runs_NB_LowThreat_Series_20260501_180717.csv,multiple_runs_NB_LowThreat_Series_20260501_180717.csv,NB,No ACE,157,691.0,1191.0,26.91751085383502,186.0,691.0,1.5918958031837915,11.0,691.0,87.23761544920235,1039.0,1191.0,7.23589001447178,50.0,691.0,31.83791606367583,220.0,691.0,27.785817655571638,192.0,691.0,1.0130246020260492,7.0,691.0,2.3154848046309695,16.0,691.0,1.3024602026049203,9.0,691.0,12.762384550797648,152.0,1191.0,0.0,0.0,691.0
multiple_runs_NB_LowThreat_Series_20260501_180717.csv,multiple_runs_NB_LowThreat_Series_20260501_180717.csv,NB,No ACE,158,707.0,1183.0,16.831683168316832,119.0,707.0,0.2828854314002829,2.0,707.0,84.44632290786137,999.0,1183.0,12.729844413012732,90.0,707.0,31.25884016973126,221.0,707.0,33.80480905233381,239.0,707.0,0.0,0.0,707.0,1.9801980198019802,14.0,707.0,3.1117397454031117,22.0,707.0,15.553677092138631,184.0,1183.0,0.0,0.0,707.0
multiple_runs_NB_LowThreat_Series_20260501_180717.csv,multiple_runs_NB_LowThreat_Series_20260501_180717.csv,NB,No ACE,159,729.0,1196.0,13.305898491083676,97.0,729.0,0.6858710562414266,5.0,729.0,86.45484949832776,1034.0,1196.0,3.292181069958848,24.0,729.0,36.762688614540465,268.0,729.0,40.74074074074074,297.0,729.0,1.2345679012345678,9.0,729.0,1.646090534979424,12.0,729.0,2.3319615912208507,17.0,729.0,13.54515050167224,162.0,1196.0,0.0,0.0,729.0
multiple_runs_NB_LowThreat_Series_20260501_180717.csv,multiple_runs_NB_LowThreat_Series_20260501_180717.csv,NB,No ACE,160,752.0,1207.0,33.77659574468085,254.0,752.0,0.6648936170212766,5.0,752.0,88.06959403479702,1063.0,1207.0,0.6648936170212766,5.0,752.0,43.351063829787236,326.0,752.0,16.75531914893617,126.0,752.0,0.7978723404255319,6.0,752.0,2.393617021276596,18.0,752.0,1.5957446808510638,12.0,752.0,11.930405965202983,144.0,1207.0,0.0,0.0,752.0
multiple_runs_NB_LowThreat_Series_20260501_180717.csv,multiple_runs_NB_LowThreat_Series_20260501_180717.csv,NB,No ACE,161,723.0,1187.0,22.544951590594746,163.0,723.0,0.0,0.0,723.0,81.21314237573716,964.0,1187.0,1.2448132780082988,9.0,723.0,46.058091286307054,333.0,723.0,28.077455048409405,203.0,723.0,0.0,0.0,723.0,0.5532503457814661,4.0,723.0,1.5214384508990317,11.0,723.0,18.786857624262847,223.0,1187.0,0.0,0.0,723.0
multiple_runs_NB_LowThreat_Series_20260501_180717.csv,multiple_runs_NB_LowThreat_Series_20260501_180717.csv,NB,No ACE,162,741.0,1204.0,21.3225371120108,158.0,741.0,0.1349527665317139,1.0,741.0,87.87375415282392,1058.0,1204.0,8.502024291497975,63.0,741.0,28.205128205128204,209.0,741.0,30.0944669365722,223.0,741.0,0.6747638326585695,5.0,741.0,2.1592442645074224,16.0,741.0,8.906882591093117,66.0,741.0,12.12624584717608,146.0,1204.0,0.0,0.0,741.0
multiple_runs_NB_LowThreat_Series_20260501_180717.csv,multiple_runs_NB_LowThreat_Series_20260501_180717.csv,NB,No ACE,163,725.0,1190.0,40.827586206896555,296.0,725.0,1.5172413793103448,11.0,725.0,89.32773109243698,1063.0,1190.0,12.827586206896552,93.0,725.0,27.172413793103452,197.0,725.0,13.655172413793103,99.0,725.0,0.8275862068965517,6.0,725.0,1.5172413793103448,11.0,725.0,1.6551724137931034,12.0,725.0,10.672268907563025,127.0,1190.0,0.0,0.0,725.0
multiple_runs_NB_LowThreat_Series_20260501_180717.csv,multiple_runs_NB_LowThreat_Series_20260501_180717.csv,NB,No ACE,164,766.0,1195.0,39.81723237597911,305.0,766.0,0.39164490861618795,3.0,766.0,88.3682008368201,1056.0,1195.0,5.87467362924282,45.0,766.0,40.73107049608355,312.0,766.0,11.357702349869452,87.0,766.0,0.0,0.0,766.0,0.9138381201044387,7.0,766.0,0.9138381201044387,7.0,766.0,11.631799163179917,139.0,1195.0,0.0,0.0,766.0
multiple_runs_NB_LowThreat_Series_20260501_180717.csv,multiple_runs_NB_LowThreat_Series_20260501_180717.csv,NB,No ACE,165,732.0,1201.0,43.5792349726776,319.0,732.0,33.33333333333333,244.0,732.0,85.76186511240633,1030.0,1201.0,3.9617486338797816,29.0,732.0,4.781420765027322,35.0,732.0,5.191256830601093,38.0,732.0,1.2295081967213115,9.0,732.0,6.147540983606557,45.0,732.0,1.7759562841530054,13.0,732.0,14.238134887593674,171.0,1201.0,0.0,0.0,732.0
multiple_runs_NB_LowThreat_Series_20260501_180717.csv,multiple_runs_NB_LowThreat_Series_20260501_180717.csv,NB,No ACE,166,660.0,1189.0,17.727272727272727,117.0,660.0,1.0606060606060608,7.0,660.0,85.02943650126157,1011.0,1189.0,23.939393939393938,158.0,660.0,17.727272727272727,117.0,660.0,37.57575757575757,248.0,660.0,0.15151515151515152,1.0,660.0,1.2121212121212122,8.0,660.0,0.6060606060606061,4.0,660.0,14.970563498738434,178.0,1189.0,0.0,0.0,660.0
multiple_runs_NB_LowThreat_Series_20260501_180717.csv,multiple_runs_NB_LowThreat_Series_20260501_180717.csv,NB,No ACE,167,705.0,1185.0,46.241134751773046,326.0,705.0,1.4184397163120568,10.0,705.0,92.9957805907173,1102.0,1185.0,36.45390070921986,257.0,705.0,5.957446808510639,42.0,705.0,8.226950354609928,58.0,705.0,0.0,0.0,705.0,1.1347517730496455,8.0,705.0,0.5673758865248227,4.0,705.0,7.0042194092827,83.0,1185.0,0.0,0.0,705.0
multiple_runs_NB_LowThreat_Series_20260501_180717.csv,multiple_runs_NB_LowThreat_Series_20260501_180717.csv,NB,No ACE,168,690.0,1198.0,14.927536231884059,103.0,690.0,0.14492753623188406,1.0,690.0,74.79131886477462,896.0,1198.0,34.92753623188406,241.0,690.0,1.5942028985507246,11.0,690.0,40.14492753623188,277.0,690.0,0.0,0.0,690.0,0.0,0.0,690.0,8.26086956521739,57.0,690.0,25.208681135225376,302.0,1198.0,0.0,0.0,690.0
multiple_runs_NB_LowThreat_Series_20260501_180717.csv,multiple_runs_NB_LowThreat_Series_20260501_180717.csv,NB,No ACE,169,725.0,1193.0,39.724137931034484,288.0,725.0,1.7931034482758619,13.0,725.0,93.1265716680637,1111.0,1193.0,7.724137931034483,56.0,725.0,29.10344827586207,211.0,725.0,12.413793103448276,90.0,725.0,0.5517241379310345,4.0,725.0,0.8275862068965517,6.0,725.0,7.862068965517241,57.0,725.0,6.873428331936295,82.0,1193.0,0.0,0.0,725.0
multiple_runs_NB_LowThreat_Series_20260501_180717.csv,multiple_runs_NB_LowThreat_Series_20260501_180717.csv,NB,No ACE,170,766.0,1207.0,44.778067885117494,343.0,766.0,1.4360313315926894,11.0,766.0,94.20049710024855,1137.0,1207.0,7.702349869451696,59.0,766.0,31.98433420365535,245.0,766.0,9.660574412532636,74.0,766.0,0.39164490861618795,3.0,766.0,2.088772845953003,16.0,766.0,1.95822454308094,15.0,766.0,5.79950289975145,70.0,1207.0,0.0,0.0,766.0
multiple_runs_NB_LowThreat_Series_20260501_180717.csv,multiple_runs_NB_LowThreat_Series_20260501_180717.csv,NB,No ACE,171,678.0,1192.0,49.11504424778761,333.0,678.0,0.8849557522123894,6.0,678.0,86.99664429530202,1037.0,1192.0,36.283185840707965,246.0,678.0,2.949852507374631,20.0,678.0,8.702064896755163,59.0,678.0,0.4424778761061947,3.0,678.0,1.6224188790560472,11.0,678.0,0.0,0.0,678.0,13.003355704697986,155.0,1192.0,0.0,0.0,678.0
multiple_runs_NB_LowThreat_Series_20260501_180717.csv,multiple_runs_NB_LowThreat_Series_20260501_180717.csv,NB,No ACE,172,480.0,1212.0,48.95833333333333,235.0,480.0,1.875,9.0,480.0,85.89108910891089,1041.0,1212.0,1.875,9.0,480.0,5.0,24.0,480.0,7.291666666666667,35.0,480.0,9.166666666666666,44.0,480.0,25.624999999999996,123.0,480.0,0.20833333333333334,1.0,480.0,14.108910891089108,171.0,1212.0,0.0,0.0,480.0
multiple_runs_NB_LowThreat_Series_20260501_180717.csv,multiple_runs_NB_LowThreat_Series_20260501_180717.csv,NB,No ACE,173,658.0,1196.0,39.51367781155015,260.0,658.0,0.0,0.0,658.0,86.37123745819399,1033.0,1196.0,39.361702127659576,259.0,658.0,5.623100303951368,37.0,658.0,13.98176291793313,92.0,658.0,0.0,0.0,658.0,1.21580547112462,8.0,658.0,0.303951367781155,2.0,658.0,13.628762541806019,163.0,1196.0,0.0,0.0,658.0
multiple_runs_NB_LowThreat_Series_20260501_180717.csv,multiple_runs_NB_LowThreat_Series_20260501_180717.csv,NB,No ACE,174,718.0,1197.0,30.08356545961003,216.0,718.0,2.6462395543175488,19.0,718.0,88.22055137844612,1056.0,1197.0,20.334261838440113,146.0,718.0,21.030640668523677,151.0,718.0,22.14484679665738,159.0,718.0,0.4178272980501393,3.0,718.0,0.8356545961002786,6.0,718.0,2.5069637883008355,18.0,718.0,11.779448621553884,141.0,1197.0,0.0,0.0,718.0
multiple_runs_NB_LowThreat_Series_20260501_180717.csv,multiple_runs_NB_LowThreat_Series_20260501_180717.csv,NB,No ACE,175,664.0,1202.0,10.542168674698797,70.0,664.0,1.8072289156626504,12.0,664.0,85.19134775374376,1024.0,1202.0,20.03012048192771,133.0,664.0,12.048192771084338,80.0,664.0,46.98795180722892,312.0,664.0,0.4518072289156626,3.0,664.0,4.819277108433735,32.0,664.0,3.313253012048193,22.0,664.0,14.80865224625624,178.0,1202.0,0.0,0.0,664.0
multiple_runs_NB_LowThreat_Series_20260501_180717.csv,multiple_runs_NB_LowThreat_Series_20260501_180717.csv,NB,No ACE,176,771.0,1207.0,30.739299610894943,237.0,771.0,0.12970168612191957,1.0,771.0,86.49544324772162,1044.0,1207.0,7.522697795071336,58.0,771.0,35.1491569390402,271.0,771.0,15.693904020752269,121.0,771.0,2.594033722438392,20.0,771.0,6.48508430609598,50.0,771.0,1.6861219195849546,13.0,771.0,13.504556752278377,163.0,1207.0,0.0,0.0,771.0
multiple_runs_NB_LowThreat_Series_20260501_180717.csv,multiple_runs_NB_LowThreat_Series_20260501_180717.csv,NB,No ACE,177,701.0,1200.0,30.527817403708983,214.0,701.0,0.5706134094151213,4.0,701.0,88.16666666666667,1058.0,1200.0,20.970042796005707,147.0,701.0,12.553495007132668,88.0,701.0,27.5320970042796,193.0,701.0,0.8559201141226819,6.0,701.0,1.1412268188302426,8.0,701.0,5.848787446504993,41.0,701.0,11.833333333333334,142.0,1200.0,0.0,0.0,701.0
multiple_runs_NB_LowThreat_Series_20260501_180717.csv,multiple_runs_NB_LowThreat_Series_20260501_180717.csv,NB,No ACE,178,776.0,1191.0,37.24226804123711,289.0,776.0,1.0309278350515463,8.0,776.0,82.87153652392946,987.0,1191.0,7.989690721649484,62.0,776.0,39.04639175257732,303.0,776.0,12.886597938144329,100.0,776.0,0.25773195876288657,2.0,776.0,1.0309278350515463,8.0,776.0,0.5154639175257731,4.0,776.0,17.12846347607053,204.0,1191.0,0.0,0.0,776.0
multiple_runs_NB_LowThreat_Series_20260501_180717.csv,multiple_runs_NB_LowThreat_Series_20260501_180717.csv,NB,No ACE,179,722.0,1198.0,29.085872576177284,210.0,722.0,2.7700831024930745,20.0,722.0,88.64774624373956,1062.0,1198.0,13.850415512465375,100.0,722.0,27.28531855955679,197.0,722.0,22.437673130193904,162.0,722.0,0.8310249307479225,6.0,722.0,2.7700831024930745,20.0,722.0,0.9695290858725761,7.0,722.0,11.352253756260435,136.0,1198.0,0.0,0.0,722.0
multiple_runs_NB_LowThreat_Series_20260501_180717.csv,multiple_runs_NB_LowThreat_Series_20260501_180717.csv,NB,No ACE,180,780.0,1194.0,35.76923076923077,279.0,780.0,1.5384615384615385,12.0,780.0,89.69849246231156,1071.0,1194.0,2.307692307692308,18.0,780.0,41.92307692307693,327.0,780.0,12.435897435897436,97.0,780.0,0.8974358974358974,7.0,780.0,4.358974358974359,34.0,780.0,0.7692307692307693,6.0,780.0,10.301507537688442,123.0,1194.0,0.0,0.0,780.0
multiple_runs_NB_LowThreat_Series_20260501_180717.csv,multiple_runs_NB_LowThreat_Series_20260501_180717.csv,NB,No ACE,181,727.0,1201.0,36.72627235213205,267.0,727.0,0.41265474552957354,3.0,727.0,92.75603663613656,1114.0,1201.0,13.342503438789546,97.0,727.0,29.98624484181568,218.0,727.0,15.818431911966988,115.0,727.0,1.1004126547455295,8.0,727.0,1.7881705639614855,13.0,727.0,0.8253094910591471,6.0,727.0,7.243963363863447,87.0,1201.0,0.0,0.0,727.0
multiple_runs_NB_LowThreat_Series_20260501_180717.csv,multiple_runs_NB_LowThreat_Series_20260501_180717.csv,NB,No ACE,182,737.0,1196.0,35.95658073270013,265.0,737.0,0.9497964721845319,7.0,737.0,87.95986622073578,1052.0,1196.0,22.65943012211669,167.0,737.0,14.518317503392131,107.0,737.0,16.14654002713704,119.0,737.0,0.40705563093622793,3.0,737.0,2.9850746268656714,22.0,737.0,6.377204884667571,47.0,737.0,12.040133779264215,144.0,1196.0,0.0,0.0,737.0
multiple_runs_NB_LowThreat_Series_20260501_180717.csv,multiple_runs_NB_LowThreat_Series_20260501_180717.csv,NB,No ACE,183,688.0,1185.0,13.226744186046513,91.0,688.0,0.872093023255814,6.0,688.0,80.59071729957806,955.0,1185.0,33.575581395348834,231.0,688.0,3.488372093023256,24.0,688.0,45.78488372093023,315.0,688.0,0.436046511627907,3.0,688.0,0.872093023255814,6.0,688.0,1.744186046511628,12.0,688.0,19.40928270042194,230.0,1185.0,0.0,0.0,688.0
multiple_runs_NB_LowThreat_Series_20260501_180717.csv,multiple_runs_NB_LowThreat_Series_20260501_180717.csv,NB,No ACE,184,769.0,1188.0,13.263979193758127,102.0,769.0,0.26007802340702213,2.0,769.0,92.25589225589226,1096.0,1188.0,4.811443433029909,37.0,769.0,39.401820546163854,303.0,769.0,36.93107932379714,284.0,769.0,0.7802340702210664,6.0,769.0,1.1703511053315996,9.0,769.0,3.3810143042912877,26.0,769.0,7.744107744107744,92.0,1188.0,0.0,0.0,769.0
multiple_runs_NB_LowThreat_Series_20260501_180717.csv,multiple_runs_NB_LowThreat_Series_20260501_180717.csv,NB,No ACE,185,700.0,1195.0,42.142857142857146,295.0,700.0,2.0,14.0,700.0,91.0460251046025,1088.0,1195.0,5.857142857142858,41.0,700.0,35.14285714285714,246.0,700.0,11.142857142857142,78.0,700.0,0.8571428571428572,6.0,700.0,0.4285714285714286,3.0,700.0,2.4285714285714284,17.0,700.0,8.95397489539749,107.0,1195.0,0.0,0.0,700.0
multiple_runs_NB_LowThreat_Series_20260501_180717.csv,multiple_runs_NB_LowThreat_Series_20260501_180717.csv,NB,No ACE,186,757.0,1189.0,14.927344782034346,113.0,757.0,0.9247027741083224,7.0,757.0,83.68376787216148,995.0,1189.0,1.5852047556142668,12.0,757.0,46.49933949801849,352.0,757.0,34.21400264200793,259.0,757.0,0.0,0.0,757.0,1.0568031704095113,8.0,757.0,0.7926023778071334,6.0,757.0,16.31623212783852,194.0,1189.0,0.0,0.0,757.0
multiple_runs_NB_LowThreat_Series_20260501_180717.csv,multiple_runs_NB_LowThreat_Series_20260501_180717.csv,NB,No ACE,187,771.0,1182.0,31.776913099870296,245.0,771.0,1.556420233463035,12.0,771.0,86.63282571912013,1024.0,1182.0,2.4643320363164722,19.0,771.0,40.07782101167315,309.0,771.0,12.710765239948119,98.0,771.0,3.11284046692607,24.0,771.0,8.171206225680933,63.0,771.0,0.12970168612191957,1.0,771.0,13.367174280879865,158.0,1182.0,0.0,0.0,771.0
multiple_runs_NB_LowThreat_Series_20260501_180717.csv,multiple_runs_NB_LowThreat_Series_20260501_180717.csv,NB,No ACE,188,640.0,1195.0,15.0,96.0,640.0,0.46875,3.0,640.0,83.43096234309624,997.0,1195.0,33.125,212.0,640.0,3.5937499999999996,23.0,640.0,41.875,268.0,640.0,0.625,4.0,640.0,1.5625,10.0,640.0,3.75,24.0,640.0,16.569037656903767,198.0,1195.0,0.0,0.0,640.0
multiple_runs_NB_LowThreat_Series_20260501_180717.csv,multiple_runs_NB_LowThreat_Series_20260501_180717.csv,NB,No ACE,189,724.0,1197.0,22.099447513812155,160.0,724.0,1.9337016574585635,14.0,724.0,91.72932330827066,1098.0,1197.0,0.9668508287292817,7.0,724.0,41.57458563535912,301.0,724.0,28.7292817679558,208.0,724.0,0.13812154696132595,1.0,724.0,3.4530386740331496,25.0,724.0,1.1049723756906076,8.0,724.0,8.270676691729323,99.0,1197.0,0.0,0.0,724.0
multiple_runs_NB_LowThreat_Series_20260501_180717.csv,multiple_runs_NB_LowThreat_Series_20260501_180717.csv,NB,No ACE,190,704.0,1193.0,14.204545454545455,100.0,704.0,0.4261363636363636,3.0,704.0,81.13998323554065,968.0,1193.0,9.659090909090908,68.0,704.0,35.9375,253.0,704.0,17.1875,121.0,704.0,0.2840909090909091,2.0,704.0,20.738636363636363,146.0,704.0,1.5625,11.0,704.0,18.86001676445935,225.0,1193.0,0.0,0.0,704.0
multiple_runs_NB_LowThreat_Series_20260501_180717.csv,multiple_runs_NB_LowThreat_Series_20260501_180717.csv,NB,No ACE,191,758.0,1208.0,22.691292875989447,172.0,758.0,0.6596306068601583,5.0,758.0,88.24503311258279,1066.0,1208.0,5.804749340369393,44.0,758.0,36.41160949868074,276.0,758.0,30.343007915567284,230.0,758.0,0.5277044854881267,4.0,758.0,2.242744063324538,17.0,758.0,1.3192612137203166,10.0,758.0,11.754966887417218,142.0,1208.0,0.0,0.0,758.0
multiple_runs_NB_LowThreat_Series_20260501_180717.csv,multiple_runs_NB_LowThreat_Series_20260501_180717.csv,NB,No ACE,192,640.0,1197.0,10.9375,70.0,640.0,1.7187500000000002,11.0,640.0,88.38763575605681,1058.0,1197.0,37.03125,237.0,640.0,0.15625,1.0,640.0,46.40625,297.0,640.0,0.9375,6.0,640.0,2.1875,14.0,640.0,0.625,4.0,640.0,11.61236424394319,139.0,1197.0,0.0,0.0,640.0
multiple_runs_NB_LowThreat_Series_20260501_180717.csv,multiple_runs_NB_LowThreat_Series_20260501_180717.csv,NB,No ACE,193,566.0,1199.0,52.473498233215544,297.0,566.0,3.0035335689045937,17.0,566.0,93.49457881567973,1121.0,1199.0,23.851590106007066,135.0,566.0,6.18374558303887,35.0,566.0,12.190812720848058,69.0,566.0,0.35335689045936397,2.0,566.0,0.88339222614841,5.0,566.0,1.0600706713780919,6.0,566.0,6.505421184320268,78.0,1199.0,0.0,0.0,566.0
multiple_runs_NB_LowThreat_Series_20260501_180717.csv,multiple_runs_NB_LowThreat_Series_20260501_180717.csv,NB,No ACE,194,679.0,1198.0,39.617083946980856,269.0,679.0,2.3564064801178204,16.0,679.0,82.5542570951586,989.0,1198.0,36.37702503681885,247.0,679.0,1.7673048600883652,12.0,679.0,16.05301914580265,109.0,679.0,0.14727540500736377,1.0,679.0,1.6200294550810017,11.0,679.0,2.0618556701030926,14.0,679.0,17.445742904841403,209.0,1198.0,0.0,0.0,679.0
multiple_runs_NB_LowThreat_Series_20260501_180717.csv,multiple_runs_NB_LowThreat_Series_20260501_180717.csv,NB,No ACE,195,780.0,1198.0,33.71794871794872,263.0,780.0,1.5384615384615385,12.0,780.0,86.47746243739566,1036.0,1198.0,1.5384615384615385,12.0,780.0,43.58974358974359,340.0,780.0,1.153846153846154,9.0,780.0,0.1282051282051282,1.0,780.0,15.769230769230768,123.0,780.0,2.564102564102564,20.0,780.0,13.52253756260434,162.0,1198.0,0.0,0.0,780.0
multiple_runs_NB_LowThreat_Series_20260501_180717.csv,multiple_runs_NB_LowThreat_Series_20260501_180717.csv,NB,No ACE,196,767.0,1199.0,23.598435462842243,181.0,767.0,2.0860495436766624,16.0,767.0,89.15763135946622,1069.0,1199.0,3.389830508474576,26.0,767.0,37.157757496740544,285.0,767.0,25.814863102998697,198.0,767.0,0.3911342894393742,3.0,767.0,1.694915254237288,13.0,767.0,5.867014341590613,45.0,767.0,10.842368640533778,130.0,1199.0,0.0,0.0,767.0
multiple_runs_NB_LowThreat_Series_20260501_180717.csv,multiple_runs_NB_LowThreat_Series_20260501_180717.csv,NB,No ACE,197,717.0,1194.0,29.567642956764296,212.0,717.0,0.8368200836820083,6.0,717.0,86.18090452261306,1029.0,1194.0,31.659693165969315,227.0,717.0,6.834030683403068,49.0,717.0,24.267782426778243,174.0,717.0,1.2552301255230125,9.0,717.0,0.0,0.0,717.0,5.578800557880056,40.0,717.0,13.819095477386934,165.0,1194.0,0.0,0.0,717.0
multiple_runs_NB_LowThreat_Series_20260501_180717.csv,multiple_runs_NB_LowThreat_Series_20260501_180717.csv,NB,No ACE,198,724.0,1199.0,42.67955801104972,309.0,724.0,1.7955801104972375,13.0,724.0,92.07673060884069,1104.0,1199.0,5.801104972375691,42.0,724.0,40.88397790055249,296.0,724.0,6.2154696132596685,45.0,724.0,0.4143646408839779,3.0,724.0,0.9668508287292817,7.0,724.0,1.2430939226519337,9.0,724.0,7.923269391159299,95.0,1199.0,0.0,0.0,724.0
multiple_runs_NB_LowThreat_Series_20260501_180717.csv,multiple_runs_NB_LowThreat_Series_20260501_180717.csv,NB,No ACE,199,700.0,1198.0,28.000000000000004,196.0,700.0,0.5714285714285714,4.0,700.0,83.2220367278798,997.0,1198.0,26.571428571428573,186.0,700.0,5.285714285714286,37.0,700.0,36.57142857142857,256.0,700.0,0.2857142857142857,2.0,700.0,1.0,7.0,700.0,1.7142857142857144,12.0,700.0,16.7779632721202,201.0,1198.0,0.0,0.0,700.0
multiple_runs_NB_LowThreat_Series_20260501_180717.csv,multiple_runs_NB_LowThreat_Series_20260501_180717.csv,NB,No ACE,200,676.0,1213.0,13.905325443786982,94.0,676.0,0.591715976331361,4.0,676.0,79.63726298433636,966.0,1213.0,23.37278106508876,158.0,676.0,21.153846153846153,143.0,676.0,37.278106508875744,252.0,676.0,0.591715976331361,4.0,676.0,2.0710059171597637,14.0,676.0,1.0355029585798818,7.0,676.0,20.362737015663644,247.0,1213.0,0.0,0.0,676.0
multiple_runs_NB_ModerateThreat_Series_20260501_185726.csv,multiple_runs_NB_ModerateThreat_Series_20260501_185726.csv,NB,Moderate adversity,1,757.0,1216.0,17.8335535006605,135.0,757.0,0.13210039630118892,1.0,757.0,87.17105263157895,1060.0,1216.0,6.472919418758257,49.0,757.0,36.06340819022457,273.0,757.0,32.89299867899604,249.0,757.0,1.9815059445178336,15.0,757.0,3.038309114927345,23.0,757.0,1.5852047556142668,12.0,757.0,12.828947368421053,156.0,1216.0,0.0,0.0,757.0
multiple_runs_NB_ModerateThreat_Series_20260501_185726.csv,multiple_runs_NB_ModerateThreat_Series_20260501_185726.csv,NB,Moderate adversity,2,723.0,1192.0,36.23789764868603,262.0,723.0,0.0,0.0,723.0,82.71812080536914,986.0,1192.0,24.481327800829874,177.0,723.0,17.842323651452283,129.0,723.0,18.39557399723375,133.0,723.0,0.0,0.0,723.0,0.8298755186721992,6.0,723.0,2.2130013831258646,16.0,723.0,17.28187919463087,206.0,1192.0,0.0,0.0,723.0
multiple_runs_NB_ModerateThreat_Series_20260501_185726.csv,multiple_runs_NB_ModerateThreat_Series_20260501_185726.csv,NB,Moderate adversity,3,780.0,1190.0,15.897435897435896,124.0,780.0,1.0256410256410255,8.0,780.0,84.03361344537815,1000.0,1190.0,0.7692307692307693,6.0,780.0,41.15384615384615,321.0,780.0,35.51282051282051,277.0,780.0,1.0256410256410255,8.0,780.0,1.153846153846154,9.0,780.0,3.4615384615384617,27.0,780.0,15.966386554621847,190.0,1190.0,0.0,0.0,780.0
multiple_runs_NB_ModerateThreat_Series_20260501_185726.csv,multiple_runs_NB_ModerateThreat_Series_20260501_185726.csv,NB,Moderate adversity,4,652.0,1190.0,44.01840490797546,287.0,652.0,1.5337423312883436,10.0,652.0,89.2436974789916,1062.0,1190.0,34.50920245398773,225.0,652.0,0.0,0.0,652.0,14.11042944785276,92.0,652.0,2.3006134969325154,15.0,652.0,2.607361963190184,17.0,652.0,0.9202453987730062,6.0,652.0,10.756302521008404,128.0,1190.0,0.0,0.0,652.0
multiple_runs_NB_ModerateThreat_Series_20260501_185726.csv,multiple_runs_NB_ModerateThreat_Series_20260501_185726.csv,NB,Moderate adversity,5,652.0,1193.0,41.87116564417178,273.0,652.0,1.687116564417178,11.0,652.0,87.51047778709136,1044.0,1193.0,29.754601226993866,194.0,652.0,8.282208588957054,54.0,652.0,14.877300613496933,97.0,652.0,0.7668711656441718,5.0,652.0,2.3006134969325154,15.0,652.0,0.4601226993865031,3.0,652.0,12.489522212908634,149.0,1193.0,0.0,0.0,652.0
multiple_runs_NB_ModerateThreat_Series_20260501_185726.csv,multiple_runs_NB_ModerateThreat_Series_20260501_185726.csv,NB,Moderate adversity,6,661.0,1193.0,40.39334341906203,267.0,661.0,0.30257186081694404,2.0,661.0,82.31349538977368,982.0,1193.0,7.413010590015129,49.0,661.0,31.164901664145233,206.0,661.0,15.73373676248109,104.0,661.0,0.0,0.0,661.0,2.5718608169440245,17.0,661.0,2.4205748865355523,16.0,661.0,17.68650461022632,211.0,1193.0,0.0,0.0,661.0
multiple_runs_NB_ModerateThreat_Series_20260501_185726.csv,multiple_runs_NB_ModerateThreat_Series_20260501_185726.csv,NB,Moderate adversity,7,605.0,1195.0,40.16528925619834,243.0,605.0,0.0,0.0,605.0,85.52301255230125,1022.0,1195.0,3.8016528925619832,23.0,605.0,28.264462809917358,171.0,605.0,24.297520661157023,147.0,605.0,0.0,0.0,605.0,1.487603305785124,9.0,605.0,1.9834710743801653,12.0,605.0,14.476987447698745,173.0,1195.0,0.0,0.0,605.0
multiple_runs_NB_ModerateThreat_Series_20260501_185726.csv,multiple_runs_NB_ModerateThreat_Series_20260501_185726.csv,NB,Moderate adversity,8,699.0,1195.0,36.9098712446352,258.0,699.0,2.1459227467811157,15.0,699.0,91.2970711297071,1091.0,1195.0,28.898426323319025,202.0,699.0,5.436337625178827,38.0,699.0,20.171673819742487,141.0,699.0,1.2875536480686696,9.0,699.0,2.432045779685265,17.0,699.0,2.7181688125894135,19.0,699.0,8.702928870292887,104.0,1195.0,0.0,0.0,699.0
multiple_runs_NB_ModerateThreat_Series_20260501_185726.csv,multiple_runs_NB_ModerateThreat_Series_20260501_185726.csv,NB,Moderate adversity,9,729.0,1187.0,32.78463648834019,239.0,729.0,0.823045267489712,6.0,729.0,86.94187026116259,1032.0,1187.0,11.659807956104252,85.0,729.0,31.13854595336077,227.0,729.0,21.810699588477366,159.0,729.0,0.0,0.0,729.0,1.3717421124828533,10.0,729.0,0.411522633744856,3.0,729.0,13.058129738837405,155.0,1187.0,0.0,0.0,729.0
multiple_runs_NB_ModerateThreat_Series_20260501_185726.csv,multiple_runs_NB_ModerateThreat_Series_20260501_185726.csv,NB,Moderate adversity,10,739.0,1209.0,32.205683355886336,238.0,739.0,1.2178619756427604,9.0,739.0,85.11166253101737,1029.0,1209.0,7.7131258457374825,57.0,739.0,37.88903924221921,280.0,739.0,15.426251691474965,114.0,739.0,0.2706359945872801,2.0,739.0,3.7889039242219216,28.0,739.0,1.4884979702300407,11.0,739.0,14.888337468982629,180.0,1209.0,0.0,0.0,739.0
multiple_runs_NB_ModerateThreat_Series_20260501_185726.csv,multiple_runs_NB_ModerateThreat_Series_20260501_185726.csv,NB,Moderate adversity,11,786.0,1204.0,19.083969465648856,150.0,786.0,0.0,0.0,786.0,85.29900332225914,1027.0,1204.0,4.8346055979643765,38.0,786.0,39.18575063613232,308.0,786.0,31.806615776081426,250.0,786.0,0.2544529262086514,2.0,786.0,2.7989821882951653,22.0,786.0,2.035623409669211,16.0,786.0,14.700996677740862,177.0,1204.0,0.0,0.0,786.0
multiple_runs_NB_ModerateThreat_Series_20260501_185726.csv,multiple_runs_NB_ModerateThreat_Series_20260501_185726.csv,NB,Moderate adversity,12,707.0,1196.0,33.097595473833096,234.0,707.0,0.8486562942008486,6.0,707.0,89.38127090301003,1069.0,1196.0,8.91089108910891,63.0,707.0,33.663366336633665,238.0,707.0,18.387553041018386,130.0,707.0,0.8486562942008486,6.0,707.0,3.536067892503536,25.0,707.0,0.7072135785007072,5.0,707.0,10.618729096989966,127.0,1196.0,0.0,0.0,707.0
multiple_runs_NB_ModerateThreat_Series_20260501_185726.csv,multiple_runs_NB_ModerateThreat_Series_20260501_185726.csv,NB,Moderate adversity,13,694.0,1198.0,16.714697406340058,116.0,694.0,1.729106628242075,12.0,694.0,85.30884808013356,1022.0,1198.0,32.85302593659942,228.0,694.0,6.628242074927954,46.0,694.0,32.997118155619596,229.0,694.0,1.2968299711815563,9.0,694.0,5.619596541786744,39.0,694.0,2.161383285302594,15.0,694.0,14.691151919866444,176.0,1198.0,0.0,0.0,694.0
multiple_runs_NB_ModerateThreat_Series_20260501_185726.csv,multiple_runs_NB_ModerateThreat_Series_20260501_185726.csv,NB,Moderate adversity,14,746.0,1212.0,43.029490616621985,321.0,746.0,0.2680965147453083,2.0,746.0,84.81848184818482,1028.0,1212.0,36.05898123324397,269.0,746.0,7.774798927613941,58.0,746.0,10.455764075067025,78.0,746.0,0.0,0.0,746.0,0.0,0.0,746.0,2.4128686327077746,18.0,746.0,15.181518151815181,184.0,1212.0,0.0,0.0,746.0
multiple_runs_NB_ModerateThreat_Series_20260501_185726.csv,multiple_runs_NB_ModerateThreat_Series_20260501_185726.csv,NB,Moderate adversity,15,651.0,1190.0,37.173579109062985,242.0,651.0,0.9216589861751152,6.0,651.0,85.88235294117646,1022.0,1190.0,36.86635944700461,240.0,651.0,6.451612903225806,42.0,651.0,13.517665130568357,88.0,651.0,0.7680491551459293,5.0,651.0,2.9185867895545314,19.0,651.0,1.3824884792626728,9.0,651.0,14.117647058823529,168.0,1190.0,0.0,0.0,651.0
multiple_runs_NB_ModerateThreat_Series_20260501_185726.csv,multiple_runs_NB_ModerateThreat_Series_20260501_185726.csv,NB,Moderate adversity,16,692.0,1203.0,24.13294797687861,167.0,692.0,1.8786127167630058,13.0,692.0,85.453034081463,1028.0,1203.0,8.236994219653178,57.0,692.0,23.410404624277454,162.0,692.0,35.54913294797688,246.0,692.0,1.4450867052023122,10.0,692.0,1.8786127167630058,13.0,692.0,3.4682080924855487,24.0,692.0,14.54696591853699,175.0,1203.0,0.0,0.0,692.0
multiple_runs_NB_ModerateThreat_Series_20260501_185726.csv,multiple_runs_NB_ModerateThreat_Series_20260501_185726.csv,NB,Moderate adversity,17,767.0,1209.0,20.208604954367665,155.0,767.0,0.3911342894393742,3.0,767.0,81.30686517783292,983.0,1209.0,2.9986962190352022,23.0,767.0,42.24250325945241,324.0,767.0,32.20338983050847,247.0,767.0,0.0,0.0,767.0,0.651890482398957,5.0,767.0,1.303780964797914,10.0,767.0,18.693134822167078,226.0,1209.0,0.0,0.0,767.0
multiple_runs_NB_ModerateThreat_Series_20260501_185726.csv,multiple_runs_NB_ModerateThreat_Series_20260501_185726.csv,NB,Moderate adversity,18,615.0,1206.0,31.70731707317073,195.0,615.0,3.577235772357724,22.0,615.0,88.55721393034825,1068.0,1206.0,30.569105691056908,188.0,615.0,1.4634146341463417,9.0,615.0,28.13008130081301,173.0,615.0,0.0,0.0,615.0,2.113821138211382,13.0,615.0,2.4390243902439024,15.0,615.0,11.442786069651742,138.0,1206.0,0.0,0.0,615.0
multiple_runs_NB_ModerateThreat_Series_20260501_185726.csv,multiple_runs_NB_ModerateThreat_Series_20260501_185726.csv,NB,Moderate adversity,19,752.0,1193.0,31.117021276595747,234.0,752.0,8.77659574468085,66.0,752.0,89.52221290863369,1068.0,1193.0,1.196808510638298,9.0,752.0,34.308510638297875,258.0,752.0,17.287234042553195,130.0,752.0,0.9308510638297872,7.0,752.0,5.718085106382978,43.0,752.0,0.6648936170212766,5.0,752.0,10.477787091366302,125.0,1193.0,0.0,0.0,752.0
multiple_runs_NB_ModerateThreat_Series_20260501_185726.csv,multiple_runs_NB_ModerateThreat_Series_20260501_185726.csv,NB,Moderate adversity,20,723.0,1183.0,25.72614107883817,186.0,723.0,2.4896265560165975,18.0,723.0,84.9535080304311,1005.0,1183.0,19.08713692946058,138.0,723.0,21.853388658367912,158.0,723.0,26.832641770401107,194.0,723.0,0.0,0.0,723.0,2.627939142461964,19.0,723.0,1.3831258644536653,10.0,723.0,15.046491969568892,178.0,1183.0,0.0,0.0,723.0
multiple_runs_NB_ModerateThreat_Series_20260501_185726.csv,multiple_runs_NB_ModerateThreat_Series_20260501_185726.csv,NB,Moderate adversity,21,811.0,1204.0,43.033292231812574,349.0,811.0,1.3563501849568433,11.0,811.0,91.69435215946844,1104.0,1204.0,10.480887792848335,85.0,811.0,36.99136868064119,300.0,811.0,6.781750924784218,55.0,811.0,0.36991368680641185,3.0,811.0,0.8631319358816275,7.0,811.0,0.12330456226880394,1.0,811.0,8.305647840531561,100.0,1204.0,0.0,0.0,811.0
multiple_runs_NB_ModerateThreat_Series_20260501_185726.csv,multiple_runs_NB_ModerateThreat_Series_20260501_185726.csv,NB,Moderate adversity,22,644.0,1196.0,45.807453416149066,295.0,644.0,0.15527950310559005,1.0,644.0,90.7190635451505,1085.0,1196.0,29.96894409937888,193.0,644.0,5.124223602484472,33.0,644.0,9.316770186335404,60.0,644.0,3.571428571428571,23.0,644.0,5.124223602484472,33.0,644.0,0.9316770186335404,6.0,644.0,9.280936454849497,111.0,1196.0,0.0,0.0,644.0
multiple_runs_NB_ModerateThreat_Series_20260501_185726.csv,multiple_runs_NB_ModerateThreat_Series_20260501_185726.csv,NB,Moderate adversity,23,762.0,1195.0,29.92125984251969,228.0,762.0,0.0,0.0,762.0,91.54811715481172,1094.0,1195.0,2.3622047244094486,18.0,762.0,40.419947506561684,308.0,762.0,18.241469816272964,139.0,762.0,2.099737532808399,16.0,762.0,4.724409448818897,36.0,762.0,2.2309711286089238,17.0,762.0,8.451882845188283,101.0,1195.0,0.0,0.0,762.0
multiple_runs_NB_ModerateThreat_Series_20260501_185726.csv,multiple_runs_NB_ModerateThreat_Series_20260501_185726.csv,NB,Moderate adversity,24,697.0,1208.0,39.59827833572454,276.0,697.0,2.4390243902439024,17.0,697.0,91.3907284768212,1104.0,1208.0,8.034433285509325,56.0,697.0,30.416068866571017,212.0,697.0,5.4519368723099,38.0,697.0,1.0043041606886656,7.0,697.0,9.038737446197992,63.0,697.0,4.017216642754662,28.0,697.0,8.609271523178808,104.0,1208.0,0.0,0.0,697.0
multiple_runs_NB_ModerateThreat_Series_20260501_185726.csv,multiple_runs_NB_ModerateThreat_Series_20260501_185726.csv,NB,Moderate adversity,25,660.0,1198.0,21.06060606060606,139.0,660.0,0.7575757575757576,5.0,660.0,85.47579298831386,1024.0,1198.0,16.969696969696972,112.0,660.0,18.484848484848484,122.0,660.0,33.33333333333333,220.0,660.0,3.0303030303030303,20.0,660.0,5.0,33.0,660.0,1.3636363636363635,9.0,660.0,14.524207011686144,174.0,1198.0,0.0,0.0,660.0
multiple_runs_NB_ModerateThreat_Series_20260501_185726.csv,multiple_runs_NB_ModerateThreat_Series_20260501_185726.csv,NB,Moderate adversity,26,732.0,1212.0,47.13114754098361,345.0,732.0,1.2295081967213115,9.0,732.0,91.0891089108911,1104.0,1212.0,13.524590163934427,99.0,732.0,26.366120218579237,193.0,732.0,6.967213114754098,51.0,732.0,0.1366120218579235,1.0,732.0,3.6885245901639343,27.0,732.0,0.9562841530054645,7.0,732.0,8.91089108910891,108.0,1212.0,0.0,0.0,732.0
multiple_runs_NB_ModerateThreat_Series_20260501_185726.csv,multiple_runs_NB_ModerateThreat_Series_20260501_185726.csv,NB,Moderate adversity,27,681.0,1192.0,17.474302496328928,119.0,681.0,1.1747430249632893,8.0,681.0,86.0738255033557,1026.0,1192.0,31.130690161527163,212.0,681.0,2.4963289280469896,17.0,681.0,41.99706314243759,286.0,681.0,0.5873715124816447,4.0,681.0,3.2305433186490458,22.0,681.0,1.908957415565345,13.0,681.0,13.926174496644295,166.0,1192.0,0.0,0.0,681.0
multiple_runs_NB_ModerateThreat_Series_20260501_185726.csv,multiple_runs_NB_ModerateThreat_Series_20260501_185726.csv,NB,Moderate adversity,28,728.0,1216.0,32.142857142857146,234.0,728.0,0.13736263736263737,1.0,728.0,86.92434210526315,1057.0,1216.0,2.3351648351648353,17.0,728.0,44.642857142857146,325.0,728.0,17.994505494505493,131.0,728.0,0.0,0.0,728.0,1.6483516483516485,12.0,728.0,1.098901098901099,8.0,728.0,13.075657894736842,159.0,1216.0,0.0,0.0,728.0
multiple_runs_NB_ModerateThreat_Series_20260501_185726.csv,multiple_runs_NB_ModerateThreat_Series_20260501_185726.csv,NB,Moderate adversity,29,753.0,1194.0,39.04382470119522,294.0,753.0,3.054448871181939,23.0,753.0,92.88107202680067,1109.0,1194.0,6.241699867197875,47.0,753.0,35.98937583001328,271.0,753.0,7.968127490039841,60.0,753.0,0.5312084993359893,4.0,753.0,3.9840637450199203,30.0,753.0,3.187250996015936,24.0,753.0,7.118927973199329,85.0,1194.0,0.0,0.0,753.0
multiple_runs_NB_ModerateThreat_Series_20260501_185726.csv,multiple_runs_NB_ModerateThreat_Series_20260501_185726.csv,NB,Moderate adversity,30,664.0,1198.0,47.74096385542169,317.0,664.0,1.0542168674698795,7.0,664.0,89.56594323873122,1073.0,1198.0,34.78915662650602,231.0,664.0,1.2048192771084338,8.0,664.0,5.271084337349398,35.0,664.0,0.6024096385542169,4.0,664.0,6.77710843373494,45.0,664.0,2.5602409638554215,17.0,664.0,10.434056761268781,125.0,1198.0,0.0,0.0,664.0
multiple_runs_NB_ModerateThreat_Series_20260501_185726.csv,multiple_runs_NB_ModerateThreat_Series_20260501_185726.csv,NB,Moderate adversity,31,674.0,1192.0,12.314540059347182,83.0,674.0,1.6320474777448073,11.0,674.0,89.26174496644296,1064.0,1192.0,32.047477744807125,216.0,674.0,12.01780415430267,81.0,674.0,36.94362017804154,249.0,674.0,0.0,0.0,674.0,3.7091988130563793,25.0,674.0,1.3353115727002967,9.0,674.0,10.738255033557047,128.0,1192.0,0.0,0.0,674.0
multiple_runs_NB_ModerateThreat_Series_20260501_185726.csv,multiple_runs_NB_ModerateThreat_Series_20260501_185726.csv,NB,Moderate adversity,32,623.0,1200.0,47.512038523274484,296.0,623.0,8.507223113964688,53.0,623.0,94.25,1131.0,1200.0,4.975922953451043,31.0,623.0,22.632423756019264,141.0,623.0,8.346709470304976,52.0,623.0,0.4815409309791332,3.0,623.0,4.975922953451043,31.0,623.0,2.568218298555377,16.0,623.0,5.75,69.0,1200.0,0.0,0.0,623.0
multiple_runs_NB_ModerateThreat_Series_20260501_185726.csv,multiple_runs_NB_ModerateThreat_Series_20260501_185726.csv,NB,Moderate adversity,33,707.0,1203.0,50.35360678925035,356.0,707.0,1.272984441301273,9.0,707.0,89.02743142144638,1071.0,1203.0,29.42008486562942,208.0,707.0,7.779349363507778,55.0,707.0,10.183875530410184,72.0,707.0,0.0,0.0,707.0,0.2828854314002829,2.0,707.0,0.7072135785007072,5.0,707.0,10.972568578553615,132.0,1203.0,0.0,0.0,707.0
multiple_runs_NB_ModerateThreat_Series_20260501_185726.csv,multiple_runs_NB_ModerateThreat_Series_20260501_185726.csv,NB,Moderate adversity,34,728.0,1178.0,37.5,273.0,728.0,0.5494505494505495,4.0,728.0,91.85059422750425,1082.0,1178.0,13.049450549450551,95.0,728.0,28.15934065934066,205.0,728.0,14.697802197802199,107.0,728.0,0.27472527472527475,2.0,728.0,2.7472527472527473,20.0,728.0,3.021978021978022,22.0,728.0,8.149405772495756,96.0,1178.0,0.0,0.0,728.0
multiple_runs_NB_ModerateThreat_Series_20260501_185726.csv,multiple_runs_NB_ModerateThreat_Series_20260501_185726.csv,NB,Moderate adversity,35,716.0,1194.0,38.26815642458101,274.0,716.0,1.9553072625698324,14.0,716.0,91.54103852596315,1093.0,1194.0,8.100558659217876,58.0,716.0,33.93854748603352,243.0,716.0,15.782122905027931,113.0,716.0,0.27932960893854747,2.0,716.0,1.2569832402234637,9.0,716.0,0.41899441340782123,3.0,716.0,8.458961474036851,101.0,1194.0,0.0,0.0,716.0
multiple_runs_NB_ModerateThreat_Series_20260501_185726.csv,multiple_runs_NB_ModerateThreat_Series_20260501_185726.csv,NB,Moderate adversity,36,723.0,1209.0,46.47302904564315,336.0,723.0,10.511756569847856,76.0,723.0,91.3151364764268,1104.0,1209.0,9.820193637621024,71.0,723.0,21.300138312586444,154.0,723.0,5.809128630705394,42.0,723.0,0.8298755186721992,6.0,723.0,3.0428769017980635,22.0,723.0,2.2130013831258646,16.0,723.0,8.6848635235732,105.0,1209.0,0.0,0.0,723.0
multiple_runs_NB_ModerateThreat_Series_20260501_185726.csv,multiple_runs_NB_ModerateThreat_Series_20260501_185726.csv,NB,Moderate adversity,37,640.0,1191.0,18.125,116.0,640.0,0.0,0.0,640.0,77.58186397984886,924.0,1191.0,32.96875,211.0,640.0,3.4375000000000004,22.0,640.0,38.125,244.0,640.0,2.65625,17.0,640.0,1.40625,9.0,640.0,3.28125,21.0,640.0,22.418136020151135,267.0,1191.0,0.0,0.0,640.0
multiple_runs_NB_ModerateThreat_Series_20260501_185726.csv,multiple_runs_NB_ModerateThreat_Series_20260501_185726.csv,NB,Moderate adversity,38,752.0,1197.0,45.07978723404255,339.0,752.0,1.0638297872340425,8.0,752.0,88.63826232247285,1061.0,1197.0,2.2606382978723407,17.0,752.0,40.691489361702125,306.0,752.0,5.851063829787234,44.0,752.0,0.5319148936170213,4.0,752.0,3.324468085106383,25.0,752.0,1.196808510638298,9.0,752.0,11.36173767752715,136.0,1197.0,0.0,0.0,752.0
multiple_runs_NB_ModerateThreat_Series_20260501_185726.csv,multiple_runs_NB_ModerateThreat_Series_20260501_185726.csv,NB,Moderate adversity,39,731.0,1200.0,36.66210670314637,268.0,731.0,0.27359781121751026,2.0,731.0,87.25,1047.0,1200.0,13.269493844049249,97.0,731.0,27.770177838577293,203.0,731.0,19.562243502051984,143.0,731.0,0.27359781121751026,2.0,731.0,1.6415868673050615,12.0,731.0,0.5471956224350205,4.0,731.0,12.75,153.0,1200.0,0.0,0.0,731.0
multiple_runs_NB_ModerateThreat_Series_20260501_185726.csv,multiple_runs_NB_ModerateThreat_Series_20260501_185726.csv,NB,Moderate adversity,40,766.0,1179.0,40.992167101827675,314.0,766.0,1.6971279373368149,13.0,766.0,88.88888888888889,1048.0,1179.0,17.885117493472585,137.0,766.0,24.151436031331595,185.0,766.0,10.966057441253264,84.0,766.0,0.39164490861618795,3.0,766.0,0.5221932114882507,4.0,766.0,3.3942558746736298,26.0,766.0,11.11111111111111,131.0,1179.0,0.0,0.0,766.0
multiple_runs_NB_ModerateThreat_Series_20260501_185726.csv,multiple_runs_NB_ModerateThreat_Series_20260501_185726.csv,NB,Moderate adversity,41,754.0,1199.0,29.708222811671085,224.0,754.0,2.122015915119363,16.0,754.0,84.90408673894912,1018.0,1199.0,3.183023872679045,24.0,754.0,39.6551724137931,299.0,754.0,22.944297082228115,173.0,754.0,0.5305039787798408,4.0,754.0,1.7241379310344827,13.0,754.0,0.1326259946949602,1.0,754.0,15.095913261050875,181.0,1199.0,0.0,0.0,754.0
multiple_runs_NB_ModerateThreat_Series_20260501_185726.csv,multiple_runs_NB_ModerateThreat_Series_20260501_185726.csv,NB,Moderate adversity,42,732.0,1216.0,16.39344262295082,120.0,732.0,2.8688524590163933,21.0,732.0,75.0,912.0,1216.0,27.595628415300546,202.0,732.0,9.426229508196721,69.0,732.0,38.114754098360656,279.0,732.0,0.0,0.0,732.0,2.8688524590163933,21.0,732.0,2.73224043715847,20.0,732.0,25.0,304.0,1216.0,0.0,0.0,732.0
multiple_runs_NB_ModerateThreat_Series_20260501_185726.csv,multiple_runs_NB_ModerateThreat_Series_20260501_185726.csv,NB,Moderate adversity,43,688.0,1202.0,31.3953488372093,216.0,688.0,0.7267441860465116,5.0,688.0,83.44425956738769,1003.0,1202.0,32.122093023255815,221.0,688.0,5.087209302325581,35.0,688.0,10.319767441860465,71.0,688.0,0.7267441860465116,5.0,688.0,17.296511627906977,119.0,688.0,2.3255813953488373,16.0,688.0,16.55574043261231,199.0,1202.0,0.0,0.0,688.0
multiple_runs_NB_ModerateThreat_Series_20260501_185726.csv,multiple_runs_NB_ModerateThreat_Series_20260501_185726.csv,NB,Moderate adversity,44,746.0,1186.0,49.06166219839142,366.0,746.0,2.949061662198391,22.0,746.0,94.35075885328837,1119.0,1186.0,2.8150134048257374,21.0,746.0,38.73994638069705,289.0,746.0,3.351206434316354,25.0,746.0,0.13404825737265416,1.0,746.0,1.876675603217158,14.0,746.0,1.0723860589812333,8.0,746.0,5.649241146711636,67.0,1186.0,0.0,0.0,746.0
multiple_runs_NB_ModerateThreat_Series_20260501_185726.csv,multiple_runs_NB_ModerateThreat_Series_20260501_185726.csv,NB,Moderate adversity,45,728.0,1217.0,48.489010989010985,353.0,728.0,0.13736263736263737,1.0,728.0,90.30402629416598,1099.0,1217.0,12.5,91.0,728.0,32.417582417582416,236.0,728.0,3.983516483516483,29.0,728.0,0.4120879120879121,3.0,728.0,0.9615384615384616,7.0,728.0,1.098901098901099,8.0,728.0,9.69597370583402,118.0,1217.0,0.0,0.0,728.0
multiple_runs_NB_ModerateThreat_Series_20260501_185726.csv,multiple_runs_NB_ModerateThreat_Series_20260501_185726.csv,NB,Moderate adversity,46,702.0,1198.0,29.48717948717949,207.0,702.0,1.7094017094017095,12.0,702.0,87.97996661101837,1054.0,1198.0,31.76638176638177,223.0,702.0,11.965811965811966,84.0,702.0,21.50997150997151,151.0,702.0,0.14245014245014245,1.0,702.0,2.9914529914529915,21.0,702.0,0.4273504273504274,3.0,702.0,12.020033388981636,144.0,1198.0,0.0,0.0,702.0
multiple_runs_NB_ModerateThreat_Series_20260501_185726.csv,multiple_runs_NB_ModerateThreat_Series_20260501_185726.csv,NB,Moderate adversity,47,731.0,1196.0,17.099863201094394,125.0,731.0,0.0,0.0,731.0,87.95986622073578,1052.0,1196.0,14.6374829001368,107.0,731.0,29.82216142270862,218.0,731.0,35.294117647058826,258.0,731.0,0.0,0.0,731.0,2.3255813953488373,17.0,731.0,0.8207934336525308,6.0,731.0,12.040133779264215,144.0,1196.0,0.0,0.0,731.0
multiple_runs_NB_ModerateThreat_Series_20260501_185726.csv,multiple_runs_NB_ModerateThreat_Series_20260501_185726.csv,NB,Moderate adversity,48,750.0,1214.0,27.200000000000003,204.0,750.0,0.13333333333333333,1.0,750.0,89.12685337726523,1082.0,1214.0,9.466666666666667,71.0,750.0,30.133333333333333,226.0,750.0,25.466666666666665,191.0,750.0,1.0666666666666667,8.0,750.0,4.666666666666667,35.0,750.0,1.866666666666667,14.0,750.0,10.873146622734762,132.0,1214.0,0.0,0.0,750.0
multiple_runs_NB_ModerateThreat_Series_20260501_185726.csv,multiple_runs_NB_ModerateThreat_Series_20260501_185726.csv,NB,Moderate adversity,49,741.0,1221.0,9.446693657219974,70.0,741.0,0.0,0.0,741.0,72.48157248157248,885.0,1221.0,35.35762483130904,262.0,741.0,9.986504723346828,74.0,741.0,41.02564102564102,304.0,741.0,0.6747638326585695,5.0,741.0,2.564102564102564,19.0,741.0,0.9446693657219973,7.0,741.0,27.51842751842752,336.0,1221.0,0.0,0.0,741.0
multiple_runs_NB_ModerateThreat_Series_20260501_185726.csv,multiple_runs_NB_ModerateThreat_Series_20260501_185726.csv,NB,Moderate adversity,50,726.0,1200.0,32.78236914600551,238.0,726.0,0.5509641873278237,4.0,726.0,92.08333333333333,1105.0,1200.0,25.206611570247933,183.0,726.0,19.421487603305785,141.0,726.0,18.87052341597796,137.0,726.0,0.4132231404958678,3.0,726.0,1.9283746556473829,14.0,726.0,0.8264462809917356,6.0,726.0,7.916666666666666,95.0,1200.0,0.0,0.0,726.0
multiple_runs_NB_ModerateThreat_Series_20260501_185726.csv,multiple_runs_NB_ModerateThreat_Series_20260501_185726.csv,NB,Moderate adversity,51,780.0,1210.0,39.35897435897436,307.0,780.0,1.4102564102564104,11.0,780.0,90.99173553719008,1101.0,1210.0,13.076923076923078,102.0,780.0,29.35897435897436,229.0,780.0,14.743589743589745,115.0,780.0,0.2564102564102564,2.0,780.0,1.153846153846154,9.0,780.0,0.641025641025641,5.0,780.0,9.008264462809917,109.0,1210.0,0.0,0.0,780.0
multiple_runs_NB_ModerateThreat_Series_20260501_185726.csv,multiple_runs_NB_ModerateThreat_Series_20260501_185726.csv,NB,Moderate adversity,52,724.0,1211.0,34.806629834254146,252.0,724.0,1.6574585635359116,12.0,724.0,90.66886870355079,1098.0,1211.0,20.441988950276244,148.0,724.0,9.668508287292818,70.0,724.0,13.535911602209943,98.0,724.0,0.8287292817679558,6.0,724.0,2.071823204419889,15.0,724.0,16.988950276243095,123.0,724.0,9.331131296449216,113.0,1211.0,0.0,0.0,724.0
multiple_runs_NB_ModerateThreat_Series_20260501_185726.csv,multiple_runs_NB_ModerateThreat_Series_20260501_185726.csv,NB,Moderate adversity,53,624.0,1212.0,36.378205128205124,227.0,624.0,1.6025641025641024,10.0,624.0,89.1914191419142,1081.0,1212.0,16.185897435897438,101.0,624.0,24.83974358974359,155.0,624.0,12.5,78.0,624.0,0.0,0.0,624.0,6.570512820512821,41.0,624.0,1.9230769230769231,12.0,624.0,10.80858085808581,131.0,1212.0,0.0,0.0,624.0
multiple_runs_NB_ModerateThreat_Series_20260501_185726.csv,multiple_runs_NB_ModerateThreat_Series_20260501_185726.csv,NB,Moderate adversity,54,691.0,1198.0,24.746743849493487,171.0,691.0,0.8683068017366137,6.0,691.0,82.5542570951586,989.0,1198.0,21.852387843704776,151.0,691.0,19.971056439942114,138.0,691.0,29.667149059334296,205.0,691.0,0.2894356005788712,2.0,691.0,1.5918958031837915,11.0,691.0,1.0130246020260492,7.0,691.0,17.445742904841403,209.0,1198.0,0.0,0.0,691.0
multiple_runs_NB_ModerateThreat_Series_20260501_185726.csv,multiple_runs_NB_ModerateThreat_Series_20260501_185726.csv,NB,Moderate adversity,55,746.0,1193.0,39.54423592493298,295.0,746.0,0.0,0.0,746.0,87.92958927074602,1049.0,1193.0,4.021447721179625,30.0,746.0,39.27613941018767,293.0,746.0,13.270777479892763,99.0,746.0,1.0723860589812333,8.0,746.0,1.876675603217158,14.0,746.0,0.938337801608579,7.0,746.0,12.070410729253982,144.0,1193.0,0.0,0.0,746.0
multiple_runs_NB_ModerateThreat_Series_20260501_185726.csv,multiple_runs_NB_ModerateThreat_Series_20260501_185726.csv,NB,Moderate adversity,56,778.0,1213.0,26.735218508997427,208.0,778.0,0.6426735218508998,5.0,778.0,87.79884583676835,1065.0,1213.0,9.640102827763496,75.0,778.0,35.98971722365039,280.0,778.0,20.17994858611825,157.0,778.0,0.12853470437017994,1.0,778.0,5.269922879177378,41.0,778.0,1.4138817480719794,11.0,778.0,12.201154163231658,148.0,1213.0,0.0,0.0,778.0
multiple_runs_NB_ModerateThreat_Series_20260501_185726.csv,multiple_runs_NB_ModerateThreat_Series_20260501_185726.csv,NB,Moderate adversity,57,729.0,1199.0,34.43072702331962,251.0,729.0,1.9204389574759946,14.0,729.0,88.74061718098415,1064.0,1199.0,25.65157750342936,187.0,729.0,15.775034293552812,115.0,729.0,18.381344307270233,134.0,729.0,0.411522633744856,3.0,729.0,2.194787379972565,16.0,729.0,1.2345679012345678,9.0,729.0,11.259382819015846,135.0,1199.0,0.0,0.0,729.0
multiple_runs_NB_ModerateThreat_Series_20260501_185726.csv,multiple_runs_NB_ModerateThreat_Series_20260501_185726.csv,NB,Moderate adversity,58,760.0,1200.0,36.973684210526315,281.0,760.0,0.0,0.0,760.0,88.66666666666667,1064.0,1200.0,0.5263157894736842,4.0,760.0,45.6578947368421,347.0,760.0,11.18421052631579,85.0,760.0,0.39473684210526316,3.0,760.0,4.736842105263158,36.0,760.0,0.5263157894736842,4.0,760.0,11.333333333333332,136.0,1200.0,0.0,0.0,760.0
multiple_runs_NB_ModerateThreat_Series_20260501_185726.csv,multiple_runs_NB_ModerateThreat_Series_20260501_185726.csv,NB,Moderate adversity,59,716.0,1209.0,33.37988826815643,239.0,716.0,2.653631284916201,19.0,716.0,90.81885856079404,1098.0,1209.0,28.631284916201118,205.0,716.0,10.754189944134078,77.0,716.0,21.22905027932961,152.0,716.0,0.41899441340782123,3.0,716.0,2.2346368715083798,16.0,716.0,0.6983240223463687,5.0,716.0,9.181141439205955,111.0,1209.0,0.0,0.0,716.0
multiple_runs_NB_ModerateThreat_Series_20260501_185726.csv,multiple_runs_NB_ModerateThreat_Series_20260501_185726.csv,NB,Moderate adversity,60,730.0,1189.0,27.945205479452056,204.0,730.0,1.36986301369863,10.0,730.0,86.4592094196804,1028.0,1189.0,7.260273972602739,53.0,730.0,36.3013698630137,265.0,730.0,21.232876712328768,155.0,730.0,1.643835616438356,12.0,730.0,3.8356164383561646,28.0,730.0,0.410958904109589,3.0,730.0,13.540790580319594,161.0,1189.0,0.0,0.0,730.0
multiple_runs_NB_ModerateThreat_Series_20260501_185726.csv,multiple_runs_NB_ModerateThreat_Series_20260501_185726.csv,NB,Moderate adversity,61,786.0,1206.0,24.55470737913486,193.0,786.0,0.5089058524173028,4.0,786.0,87.31343283582089,1053.0,1206.0,0.5089058524173028,4.0,786.0,44.783715012722645,352.0,786.0,26.08142493638677,205.0,786.0,0.0,0.0,786.0,2.1628498727735366,17.0,786.0,1.3994910941475827,11.0,786.0,12.686567164179104,153.0,1206.0,0.0,0.0,786.0
multiple_runs_NB_ModerateThreat_Series_20260501_185726.csv,multiple_runs_NB_ModerateThreat_Series_20260501_185726.csv,NB,Moderate adversity,62,755.0,1193.0,47.28476821192053,357.0,755.0,1.5894039735099337,12.0,755.0,80.21793797150042,957.0,1193.0,36.15894039735099,273.0,755.0,6.0927152317880795,46.0,755.0,2.384105960264901,18.0,755.0,1.456953642384106,11.0,755.0,0.6622516556291391,5.0,755.0,4.370860927152318,33.0,755.0,19.78206202849958,236.0,1193.0,0.0,0.0,755.0
multiple_runs_NB_ModerateThreat_Series_20260501_185726.csv,multiple_runs_NB_ModerateThreat_Series_20260501_185726.csv,NB,Moderate adversity,63,709.0,1190.0,39.06911142454161,277.0,709.0,0.0,0.0,709.0,91.59663865546219,1090.0,1190.0,24.400564174894217,173.0,709.0,19.322990126939352,137.0,709.0,10.860366713681241,77.0,709.0,2.3977433004231314,17.0,709.0,3.80818053596615,27.0,709.0,0.14104372355430184,1.0,709.0,8.403361344537815,100.0,1190.0,0.0,0.0,709.0
multiple_runs_NB_ModerateThreat_Series_20260501_185726.csv,multiple_runs_NB_ModerateThreat_Series_20260501_185726.csv,NB,Moderate adversity,64,749.0,1200.0,26.43524699599466,198.0,749.0,3.337783711615487,25.0,749.0,88.33333333333333,1060.0,1200.0,1.8691588785046727,14.0,749.0,40.720961281708945,305.0,749.0,26.168224299065418,196.0,749.0,0.26702269692923897,2.0,749.0,0.4005340453938585,3.0,749.0,0.801068090787717,6.0,749.0,11.666666666666666,140.0,1200.0,0.0,0.0,749.0
multiple_runs_NB_ModerateThreat_Series_20260501_185726.csv,multiple_runs_NB_ModerateThreat_Series_20260501_185726.csv,NB,Moderate adversity,65,685.0,1203.0,43.21167883211679,296.0,685.0,0.583941605839416,4.0,685.0,87.03241895261846,1047.0,1203.0,33.72262773722628,231.0,685.0,3.9416058394160585,27.0,685.0,13.138686131386862,90.0,685.0,2.0437956204379564,14.0,685.0,2.0437956204379564,14.0,685.0,1.313868613138686,9.0,685.0,12.967581047381547,156.0,1203.0,0.0,0.0,685.0
multiple_runs_NB_ModerateThreat_Series_20260501_185726.csv,multiple_runs_NB_ModerateThreat_Series_20260501_185726.csv,NB,Moderate adversity,66,673.0,1195.0,27.191679049034175,183.0,673.0,2.526002971768202,17.0,673.0,81.25523012552301,971.0,1195.0,35.36404160475483,238.0,673.0,2.2288261515601784,15.0,673.0,28.231797919762258,190.0,673.0,0.2971768202080238,2.0,673.0,3.268945022288262,22.0,673.0,0.8915304606240713,6.0,673.0,18.744769874476987,224.0,1195.0,0.0,0.0,673.0
multiple_runs_NB_ModerateThreat_Series_20260501_185726.csv,multiple_runs_NB_ModerateThreat_Series_20260501_185726.csv,NB,Moderate adversity,67,526.0,1211.0,45.627376425855516,240.0,526.0,0.0,0.0,526.0,92.65070189925682,1122.0,1211.0,17.300380228136884,91.0,526.0,1.7110266159695817,9.0,526.0,24.524714828897338,129.0,526.0,2.6615969581749046,14.0,526.0,5.133079847908745,27.0,526.0,3.041825095057034,16.0,526.0,7.349298100743187,89.0,1211.0,0.0,0.0,526.0
multiple_runs_NB_ModerateThreat_Series_20260501_185726.csv,multiple_runs_NB_ModerateThreat_Series_20260501_185726.csv,NB,Moderate adversity,68,733.0,1199.0,33.0150068212824,242.0,733.0,1.9099590723055935,14.0,733.0,87.2393661384487,1046.0,1199.0,2.046384720327422,15.0,733.0,42.01909959072306,308.0,733.0,3.547066848567531,26.0,733.0,0.2728512960436562,2.0,733.0,16.098226466575717,118.0,733.0,1.0914051841746248,8.0,733.0,12.760633861551293,153.0,1199.0,0.0,0.0,733.0
multiple_runs_NB_ModerateThreat_Series_20260501_185726.csv,multiple_runs_NB_ModerateThreat_Series_20260501_185726.csv,NB,Moderate adversity,69,776.0,1204.0,29.12371134020619,226.0,776.0,0.12886597938144329,1.0,776.0,87.79069767441861,1057.0,1204.0,2.8350515463917527,22.0,776.0,43.170103092783506,335.0,776.0,21.391752577319586,166.0,776.0,0.5154639175257731,4.0,776.0,1.1597938144329898,9.0,776.0,1.675257731958763,13.0,776.0,12.209302325581394,147.0,1204.0,0.0,0.0,776.0
multiple_runs_NB_ModerateThreat_Series_20260501_185726.csv,multiple_runs_NB_ModerateThreat_Series_20260501_185726.csv,NB,Moderate adversity,70,769.0,1213.0,15.99479843953186,123.0,769.0,0.13003901170351106,1.0,769.0,89.77741137675186,1089.0,1213.0,7.802340702210664,60.0,769.0,36.54096228868661,281.0,769.0,36.54096228868661,281.0,769.0,0.3901170351105332,3.0,769.0,0.6501950585175552,5.0,769.0,1.950585175552666,15.0,769.0,10.222588623248145,124.0,1213.0,0.0,0.0,769.0
multiple_runs_NB_ModerateThreat_Series_20260501_185726.csv,multiple_runs_NB_ModerateThreat_Series_20260501_185726.csv,NB,Moderate adversity,71,686.0,1197.0,25.364431486880466,174.0,686.0,0.0,0.0,686.0,91.22807017543859,1092.0,1197.0,34.69387755102041,238.0,686.0,9.183673469387756,63.0,686.0,28.717201166180757,197.0,686.0,0.0,0.0,686.0,1.749271137026239,12.0,686.0,0.2915451895043732,2.0,686.0,8.771929824561402,105.0,1197.0,0.0,0.0,686.0
multiple_runs_NB_ModerateThreat_Series_20260501_185726.csv,multiple_runs_NB_ModerateThreat_Series_20260501_185726.csv,NB,Moderate adversity,72,616.0,1200.0,41.396103896103895,255.0,616.0,0.8116883116883116,5.0,616.0,86.66666666666667,1040.0,1200.0,23.214285714285715,143.0,616.0,10.38961038961039,64.0,616.0,18.66883116883117,115.0,616.0,0.16233766233766234,1.0,616.0,3.896103896103896,24.0,616.0,1.461038961038961,9.0,616.0,13.333333333333334,160.0,1200.0,0.0,0.0,616.0
multiple_runs_NB_ModerateThreat_Series_20260501_185726.csv,multiple_runs_NB_ModerateThreat_Series_20260501_185726.csv,NB,Moderate adversity,73,750.0,1212.0,32.0,240.0,750.0,0.0,0.0,750.0,88.03630363036304,1067.0,1212.0,7.733333333333333,58.0,750.0,36.0,270.0,750.0,18.933333333333334,142.0,750.0,0.9333333333333335,7.0,750.0,3.5999999999999996,27.0,750.0,0.8,6.0,750.0,11.963696369636963,145.0,1212.0,0.0,0.0,750.0
multiple_runs_NB_ModerateThreat_Series_20260501_185726.csv,multiple_runs_NB_ModerateThreat_Series_20260501_185726.csv,NB,Moderate adversity,74,726.0,1200.0,46.28099173553719,336.0,726.0,0.13774104683195593,1.0,726.0,86.83333333333333,1042.0,1200.0,7.162534435261708,52.0,726.0,37.05234159779614,269.0,726.0,5.922865013774105,43.0,726.0,0.0,0.0,726.0,3.0303030303030303,22.0,726.0,0.4132231404958678,3.0,726.0,13.166666666666666,158.0,1200.0,0.0,0.0,726.0
multiple_runs_NB_ModerateThreat_Series_20260501_185726.csv,multiple_runs_NB_ModerateThreat_Series_20260501_185726.csv,NB,Moderate adversity,75,720.0,1206.0,31.52777777777778,227.0,720.0,1.3888888888888888,10.0,720.0,89.13764510779436,1075.0,1206.0,28.194444444444443,203.0,720.0,13.333333333333334,96.0,720.0,19.583333333333332,141.0,720.0,0.6944444444444444,5.0,720.0,3.4722222222222223,25.0,720.0,1.8055555555555554,13.0,720.0,10.862354892205639,131.0,1206.0,0.0,0.0,720.0
multiple_runs_NB_ModerateThreat_Series_20260501_185726.csv,multiple_runs_NB_ModerateThreat_Series_20260501_185726.csv,NB,Moderate adversity,76,775.0,1196.0,39.61290322580645,307.0,775.0,1.1612903225806452,9.0,775.0,83.94648829431438,1004.0,1196.0,2.838709677419355,22.0,775.0,40.25806451612903,312.0,775.0,11.096774193548386,86.0,775.0,1.2903225806451613,10.0,775.0,2.5806451612903225,20.0,775.0,1.1612903225806452,9.0,775.0,16.05351170568562,192.0,1196.0,0.0,0.0,775.0
multiple_runs_NB_ModerateThreat_Series_20260501_185726.csv,multiple_runs_NB_ModerateThreat_Series_20260501_185726.csv,NB,Moderate adversity,77,714.0,1215.0,32.35294117647059,231.0,714.0,0.5602240896358543,4.0,714.0,85.84362139917695,1043.0,1215.0,30.952380952380953,221.0,714.0,7.42296918767507,53.0,714.0,21.288515406162464,152.0,714.0,0.8403361344537815,6.0,714.0,3.9215686274509802,28.0,714.0,2.661064425770308,19.0,714.0,14.156378600823045,172.0,1215.0,0.0,0.0,714.0
multiple_runs_NB_ModerateThreat_Series_20260501_185726.csv,multiple_runs_NB_ModerateThreat_Series_20260501_185726.csv,NB,Moderate adversity,78,657.0,1196.0,46.42313546423135,305.0,657.0,1.5220700152207,10.0,657.0,88.7123745819398,1061.0,1196.0,31.506849315068493,207.0,657.0,6.0882800608828,40.0,657.0,11.263318112633181,74.0,657.0,0.60882800608828,4.0,657.0,2.13089802130898,14.0,657.0,0.45662100456621,3.0,657.0,11.2876254180602,135.0,1196.0,0.0,0.0,657.0
multiple_runs_NB_ModerateThreat_Series_20260501_185726.csv,multiple_runs_NB_ModerateThreat_Series_20260501_185726.csv,NB,Moderate adversity,79,784.0,1201.0,45.28061224489796,355.0,784.0,3.061224489795918,24.0,784.0,87.01082431307245,1045.0,1201.0,23.341836734693878,183.0,784.0,16.83673469387755,132.0,784.0,3.188775510204082,25.0,784.0,1.7857142857142856,14.0,784.0,1.7857142857142856,14.0,784.0,4.719387755102041,37.0,784.0,12.98917568692756,156.0,1201.0,0.0,0.0,784.0
multiple_runs_NB_ModerateThreat_Series_20260501_185726.csv,multiple_runs_NB_ModerateThreat_Series_20260501_185726.csv,NB,Moderate adversity,80,731.0,1187.0,45.55403556771546,333.0,731.0,0.957592339261286,7.0,731.0,93.00758213984835,1104.0,1187.0,10.807113543091655,79.0,731.0,28.454172366621066,208.0,731.0,9.028727770177838,66.0,731.0,0.6839945280437756,5.0,731.0,1.5047879616963065,11.0,731.0,3.009575923392613,22.0,731.0,6.992417860151642,83.0,1187.0,0.0,0.0,731.0
multiple_runs_NB_ModerateThreat_Series_20260501_185726.csv,multiple_runs_NB_ModerateThreat_Series_20260501_185726.csv,NB,Moderate adversity,81,704.0,1218.0,11.505681818181818,81.0,704.0,0.14204545454545456,1.0,704.0,69.95073891625616,852.0,1218.0,35.79545454545455,252.0,704.0,6.534090909090909,46.0,704.0,42.04545454545455,296.0,704.0,0.0,0.0,704.0,2.6988636363636362,19.0,704.0,1.278409090909091,9.0,704.0,30.049261083743843,366.0,1218.0,0.0,0.0,704.0
multiple_runs_NB_ModerateThreat_Series_20260501_185726.csv,multiple_runs_NB_ModerateThreat_Series_20260501_185726.csv,NB,Moderate adversity,82,674.0,1201.0,23.44213649851632,158.0,674.0,1.3353115727002967,9.0,674.0,77.51873438800999,931.0,1201.0,37.68545994065282,254.0,674.0,1.0385756676557862,7.0,674.0,30.415430267062316,205.0,674.0,0.2967359050445104,2.0,674.0,2.6706231454005933,18.0,674.0,3.115727002967359,21.0,674.0,22.481265611990008,270.0,1201.0,0.0,0.0,674.0
multiple_runs_NB_ModerateThreat_Series_20260501_185726.csv,multiple_runs_NB_ModerateThreat_Series_20260501_185726.csv,NB,Moderate adversity,83,699.0,1193.0,7.0100143061516444,49.0,699.0,0.28612303290414876,2.0,699.0,81.13998323554065,968.0,1193.0,24.74964234620887,173.0,699.0,19.599427753934194,137.0,699.0,45.35050071530758,317.0,699.0,0.14306151645207438,1.0,699.0,1.859799713876967,13.0,699.0,1.0014306151645207,7.0,699.0,18.86001676445935,225.0,1193.0,0.0,0.0,699.0
multiple_runs_NB_ModerateThreat_Series_20260501_185726.csv,multiple_runs_NB_ModerateThreat_Series_20260501_185726.csv,NB,Moderate adversity,84,705.0,1185.0,31.914893617021278,225.0,705.0,2.127659574468085,15.0,705.0,90.9704641350211,1078.0,1185.0,25.106382978723403,177.0,705.0,16.02836879432624,113.0,705.0,21.134751773049647,149.0,705.0,0.14184397163120568,1.0,705.0,2.9787234042553195,21.0,705.0,0.5673758865248227,4.0,705.0,9.029535864978904,107.0,1185.0,0.0,0.0,705.0
multiple_runs_NB_ModerateThreat_Series_20260501_185726.csv,multiple_runs_NB_ModerateThreat_Series_20260501_185726.csv,NB,Moderate adversity,85,775.0,1199.0,34.70967741935484,269.0,775.0,0.0,0.0,775.0,87.2393661384487,1046.0,1199.0,0.3870967741935484,3.0,775.0,46.32258064516129,359.0,775.0,12.0,93.0,775.0,1.2903225806451613,10.0,775.0,2.5806451612903225,20.0,775.0,2.7096774193548385,21.0,775.0,12.760633861551293,153.0,1199.0,0.0,0.0,775.0
multiple_runs_NB_ModerateThreat_Series_20260501_185726.csv,multiple_runs_NB_ModerateThreat_Series_20260501_185726.csv,NB,Moderate adversity,86,751.0,1206.0,26.764314247669773,201.0,751.0,0.3994673768308922,3.0,751.0,83.33333333333334,1005.0,1206.0,10.918774966711052,82.0,751.0,33.55525965379494,252.0,751.0,23.96804260985353,180.0,751.0,0.6657789613848202,5.0,751.0,2.5299600532623168,19.0,751.0,1.1984021304926764,9.0,751.0,16.666666666666664,201.0,1206.0,0.0,0.0,751.0
multiple_runs_NB_ModerateThreat_Series_20260501_185726.csv,multiple_runs_NB_ModerateThreat_Series_20260501_185726.csv,NB,Moderate adversity,87,804.0,1213.0,36.56716417910448,294.0,804.0,2.6119402985074625,21.0,804.0,92.91014014839241,1127.0,1213.0,1.1194029850746268,9.0,804.0,39.92537313432835,321.0,804.0,12.810945273631841,103.0,804.0,0.3731343283582089,3.0,804.0,3.3582089552238807,27.0,804.0,3.233830845771144,26.0,804.0,7.089859851607584,86.0,1213.0,0.0,0.0,804.0
multiple_runs_NB_ModerateThreat_Series_20260501_185726.csv,multiple_runs_NB_ModerateThreat_Series_20260501_185726.csv,NB,Moderate adversity,88,746.0,1180.0,28.820375335120644,215.0,746.0,1.2064343163538873,9.0,746.0,86.10169491525423,1016.0,1180.0,21.31367292225201,159.0,746.0,17.292225201072387,129.0,746.0,25.201072386058982,188.0,746.0,0.938337801608579,7.0,746.0,1.0723860589812333,8.0,746.0,4.1554959785522785,31.0,746.0,13.898305084745763,164.0,1180.0,0.0,0.0,746.0
multiple_runs_NB_ModerateThreat_Series_20260501_185726.csv,multiple_runs_NB_ModerateThreat_Series_20260501_185726.csv,NB,Moderate adversity,89,663.0,1196.0,27.450980392156865,182.0,663.0,2.262443438914027,15.0,663.0,87.04013377926422,1041.0,1196.0,28.355957767722472,188.0,663.0,5.88235294117647,39.0,663.0,30.015082956259427,199.0,663.0,1.3574660633484164,9.0,663.0,1.6591251885369533,11.0,663.0,3.0165912518853695,20.0,663.0,12.959866220735785,155.0,1196.0,0.0,0.0,663.0
multiple_runs_NB_ModerateThreat_Series_20260501_185726.csv,multiple_runs_NB_ModerateThreat_Series_20260501_185726.csv,NB,Moderate adversity,90,759.0,1183.0,36.100131752305664,274.0,759.0,1.185770750988142,9.0,759.0,86.89771766694844,1028.0,1183.0,4.743083003952568,36.0,759.0,36.75889328063241,279.0,759.0,17.12779973649539,130.0,759.0,1.0540184453227932,8.0,759.0,2.503293807641634,19.0,759.0,0.5270092226613966,4.0,759.0,13.102282333051562,155.0,1183.0,0.0,0.0,759.0
multiple_runs_NB_ModerateThreat_Series_20260501_185726.csv,multiple_runs_NB_ModerateThreat_Series_20260501_185726.csv,NB,Moderate adversity,91,687.0,1204.0,11.790393013100436,81.0,687.0,1.0189228529839884,7.0,687.0,78.23920265780731,942.0,1204.0,37.84570596797671,260.0,687.0,3.7845705967976713,26.0,687.0,40.61135371179039,279.0,687.0,0.5822416302765648,4.0,687.0,3.2023289665211063,22.0,687.0,1.1644832605531297,8.0,687.0,21.760797342192692,262.0,1204.0,0.0,0.0,687.0
multiple_runs_NB_ModerateThreat_Series_20260501_185726.csv,multiple_runs_NB_ModerateThreat_Series_20260501_185726.csv,NB,Moderate adversity,92,735.0,1199.0,14.557823129251702,107.0,735.0,1.0884353741496597,8.0,735.0,85.15429524603837,1021.0,1199.0,6.530612244897959,48.0,735.0,38.50340136054422,283.0,735.0,35.23809523809524,259.0,735.0,0.0,0.0,735.0,2.585034013605442,19.0,735.0,1.4965986394557822,11.0,735.0,14.845704753961636,178.0,1199.0,0.0,0.0,735.0
multiple_runs_NB_ModerateThreat_Series_20260501_185726.csv,multiple_runs_NB_ModerateThreat_Series_20260501_185726.csv,NB,Moderate adversity,93,748.0,1197.0,34.893048128342244,261.0,748.0,0.1336898395721925,1.0,748.0,85.1294903926483,1019.0,1197.0,0.8021390374331552,6.0,748.0,44.786096256684495,335.0,748.0,18.048128342245988,135.0,748.0,0.0,0.0,748.0,0.1336898395721925,1.0,748.0,1.2032085561497325,9.0,748.0,14.870509607351712,178.0,1197.0,0.0,0.0,748.0
multiple_runs_NB_ModerateThreat_Series_20260501_185726.csv,multiple_runs_NB_ModerateThreat_Series_20260501_185726.csv,NB,Moderate adversity,94,764.0,1197.0,14.397905759162304,110.0,764.0,0.0,0.0,764.0,86.71679197994987,1038.0,1197.0,12.172774869109947,93.0,764.0,37.43455497382199,286.0,764.0,25.916230366492147,198.0,764.0,1.7015706806282722,13.0,764.0,5.49738219895288,42.0,764.0,2.8795811518324608,22.0,764.0,13.283208020050125,159.0,1197.0,0.0,0.0,764.0
multiple_runs_NB_ModerateThreat_Series_20260501_185726.csv,multiple_runs_NB_ModerateThreat_Series_20260501_185726.csv,NB,Moderate adversity,95,761.0,1179.0,8.672798948751643,66.0,761.0,0.2628120893561104,2.0,761.0,83.3757421543681,983.0,1179.0,7.35873850197109,56.0,761.0,36.39947437582129,277.0,761.0,41.52431011826544,316.0,761.0,0.657030223390276,5.0,761.0,2.4967148488830486,19.0,761.0,2.628120893561104,20.0,761.0,16.62425784563189,196.0,1179.0,0.0,0.0,761.0
multiple_runs_NB_ModerateThreat_Series_20260501_185726.csv,multiple_runs_NB_ModerateThreat_Series_20260501_185726.csv,NB,Moderate adversity,96,753.0,1188.0,38.645418326693225,291.0,753.0,3.4528552456839305,26.0,753.0,92.003367003367,1093.0,1188.0,12.881806108897742,97.0,753.0,28.552456839309432,215.0,753.0,10.889774236387781,82.0,753.0,1.3280212483399734,10.0,753.0,3.187250996015936,24.0,753.0,1.0624169986719787,8.0,753.0,7.9966329966329965,95.0,1188.0,0.0,0.0,753.0
multiple_runs_NB_ModerateThreat_Series_20260501_185726.csv,multiple_runs_NB_ModerateThreat_Series_20260501_185726.csv,NB,Moderate adversity,97,708.0,1203.0,16.807909604519775,119.0,708.0,0.423728813559322,3.0,708.0,82.62676641729011,994.0,1203.0,31.92090395480226,226.0,708.0,5.367231638418079,38.0,708.0,41.66666666666667,295.0,708.0,0.2824858757062147,2.0,708.0,1.2711864406779663,9.0,708.0,2.2598870056497176,16.0,708.0,17.373233582709894,209.0,1203.0,0.0,0.0,708.0
multiple_runs_NB_ModerateThreat_Series_20260501_185726.csv,multiple_runs_NB_ModerateThreat_Series_20260501_185726.csv,NB,Moderate adversity,98,667.0,1197.0,13.6431784107946,91.0,667.0,2.6986506746626686,18.0,667.0,81.53717627401838,976.0,1197.0,32.38380809595202,216.0,667.0,6.746626686656672,45.0,667.0,1.199400299850075,8.0,667.0,0.0,0.0,667.0,42.87856071964018,286.0,667.0,0.4497751124437781,3.0,667.0,18.462823725981618,221.0,1197.0,0.0,0.0,667.0
multiple_runs_NB_ModerateThreat_Series_20260501_185726.csv,multiple_runs_NB_ModerateThreat_Series_20260501_185726.csv,NB,Moderate adversity,99,747.0,1196.0,26.639892904953143,199.0,747.0,0.2677376171352075,2.0,747.0,81.43812709030101,974.0,1196.0,8.165997322623829,61.0,747.0,34.67202141900937,259.0,747.0,25.702811244979916,192.0,747.0,0.4016064257028112,3.0,747.0,3.2128514056224895,24.0,747.0,0.9370816599732262,7.0,747.0,18.561872909698995,222.0,1196.0,0.0,0.0,747.0
multiple_runs_NB_ModerateThreat_Series_20260501_185726.csv,multiple_runs_NB_ModerateThreat_Series_20260501_185726.csv,NB,Moderate adversity,100,758.0,1195.0,31.79419525065963,241.0,758.0,1.1873350923482848,9.0,758.0,87.28033472803347,1043.0,1195.0,7.387862796833773,56.0,758.0,39.44591029023747,299.0,758.0,15.567282321899736,118.0,758.0,1.0554089709762533,8.0,758.0,1.8469656992084433,14.0,758.0,1.7150395778364116,13.0,758.0,12.719665271966527,152.0,1195.0,0.0,0.0,758.0
multiple_runs_NB_ModerateThreat_Series_20260501_185726.csv,multiple_runs_NB_ModerateThreat_Series_20260501_185726.csv,NB,Moderate adversity,101,770.0,1200.0,13.376623376623375,103.0,770.0,1.2987012987012987,10.0,770.0,82.08333333333333,985.0,1200.0,2.727272727272727,21.0,770.0,36.883116883116884,284.0,770.0,37.142857142857146,286.0,770.0,1.8181818181818181,14.0,770.0,4.805194805194805,37.0,770.0,1.948051948051948,15.0,770.0,17.916666666666668,215.0,1200.0,0.0,0.0,770.0
multiple_runs_NB_ModerateThreat_Series_20260501_185726.csv,multiple_runs_NB_ModerateThreat_Series_20260501_185726.csv,NB,Moderate adversity,102,723.0,1197.0,21.023513139695712,152.0,723.0,7.330567081604427,53.0,723.0,86.13199665831245,1031.0,1197.0,0.8298755186721992,6.0,723.0,34.024896265560166,246.0,723.0,29.045643153526974,210.0,723.0,0.4149377593360996,3.0,723.0,6.639004149377594,48.0,723.0,0.6915629322268326,5.0,723.0,13.868003341687551,166.0,1197.0,0.0,0.0,723.0
multiple_runs_NB_ModerateThreat_Series_20260501_185726.csv,multiple_runs_NB_ModerateThreat_Series_20260501_185726.csv,NB,Moderate adversity,103,762.0,1209.0,25.853018372703414,197.0,762.0,1.1811023622047243,9.0,762.0,85.52522746071133,1034.0,1209.0,3.2808398950131235,25.0,762.0,43.43832020997375,331.0,762.0,23.097112860892388,176.0,762.0,0.7874015748031495,6.0,762.0,1.837270341207349,14.0,762.0,0.5249343832020997,4.0,762.0,14.474772539288669,175.0,1209.0,0.0,0.0,762.0
multiple_runs_NB_ModerateThreat_Series_20260501_185726.csv,multiple_runs_NB_ModerateThreat_Series_20260501_185726.csv,NB,Moderate adversity,104,705.0,1203.0,15.177304964539006,107.0,705.0,1.1347517730496455,8.0,705.0,85.20365752285952,1025.0,1203.0,35.0354609929078,247.0,705.0,1.8439716312056738,13.0,705.0,44.39716312056737,313.0,705.0,0.28368794326241137,2.0,705.0,0.9929078014184398,7.0,705.0,1.1347517730496455,8.0,705.0,14.796342477140481,178.0,1203.0,0.0,0.0,705.0
multiple_runs_NB_ModerateThreat_Series_20260501_185726.csv,multiple_runs_NB_ModerateThreat_Series_20260501_185726.csv,NB,Moderate adversity,105,693.0,1195.0,34.77633477633478,241.0,693.0,1.443001443001443,10.0,693.0,86.69456066945607,1036.0,1195.0,36.94083694083694,256.0,693.0,2.1645021645021645,15.0,693.0,20.77922077922078,144.0,693.0,0.2886002886002886,2.0,693.0,0.2886002886002886,2.0,693.0,3.318903318903319,23.0,693.0,13.305439330543933,159.0,1195.0,0.0,0.0,693.0
multiple_runs_NB_ModerateThreat_Series_20260501_185726.csv,multiple_runs_NB_ModerateThreat_Series_20260501_185726.csv,NB,Moderate adversity,106,673.0,1213.0,14.85884101040119,100.0,673.0,0.0,0.0,673.0,85.07831821929102,1032.0,1213.0,38.484398216939084,259.0,673.0,1.040118870728083,7.0,673.0,38.632986627043095,260.0,673.0,1.188707280832095,8.0,673.0,5.49777117384844,37.0,673.0,0.2971768202080238,2.0,673.0,14.921681780708987,181.0,1213.0,0.0,0.0,673.0
multiple_runs_NB_ModerateThreat_Series_20260501_185726.csv,multiple_runs_NB_ModerateThreat_Series_20260501_185726.csv,NB,Moderate adversity,107,746.0,1207.0,34.45040214477212,257.0,746.0,3.485254691689008,26.0,746.0,86.49544324772162,1044.0,1207.0,5.630026809651475,42.0,746.0,32.30563002680965,241.0,746.0,4.557640750670242,34.0,746.0,0.5361930294906166,4.0,746.0,17.694369973190348,132.0,746.0,1.3404825737265416,10.0,746.0,13.504556752278377,163.0,1207.0,0.0,0.0,746.0
multiple_runs_NB_ModerateThreat_Series_20260501_185726.csv,multiple_runs_NB_ModerateThreat_Series_20260501_185726.csv,NB,Moderate adversity,108,666.0,1203.0,14.114114114114114,94.0,666.0,1.2012012012012012,8.0,666.0,75.39484621778885,907.0,1203.0,33.933933933933936,226.0,666.0,6.156156156156156,41.0,666.0,38.88888888888889,259.0,666.0,1.0510510510510511,7.0,666.0,3.003003003003003,20.0,666.0,1.6516516516516515,11.0,666.0,24.60515378221114,296.0,1203.0,0.0,0.0,666.0
multiple_runs_NB_ModerateThreat_Series_20260501_185726.csv,multiple_runs_NB_ModerateThreat_Series_20260501_185726.csv,NB,Moderate adversity,109,740.0,1197.0,13.108108108108107,97.0,740.0,0.0,0.0,740.0,83.79281537176274,1003.0,1197.0,2.1621621621621623,16.0,740.0,41.08108108108108,304.0,740.0,34.5945945945946,256.0,740.0,1.891891891891892,14.0,740.0,4.054054054054054,30.0,740.0,3.1081081081081083,23.0,740.0,16.207184628237258,194.0,1197.0,0.0,0.0,740.0
multiple_runs_NB_ModerateThreat_Series_20260501_185726.csv,multiple_runs_NB_ModerateThreat_Series_20260501_185726.csv,NB,Moderate adversity,110,717.0,1200.0,37.65690376569037,270.0,717.0,0.0,0.0,717.0,81.16666666666667,974.0,1200.0,20.641562064156208,148.0,717.0,23.01255230125523,165.0,717.0,15.062761506276152,108.0,717.0,1.5341701534170153,11.0,717.0,0.0,0.0,717.0,2.092050209205021,15.0,717.0,18.833333333333332,226.0,1200.0,0.0,0.0,717.0
multiple_runs_NB_ModerateThreat_Series_20260501_185726.csv,multiple_runs_NB_ModerateThreat_Series_20260501_185726.csv,NB,Moderate adversity,111,790.0,1211.0,27.72151898734177,219.0,790.0,0.5063291139240507,4.0,790.0,86.45747316267548,1047.0,1211.0,0.37974683544303794,3.0,790.0,46.70886075949367,369.0,790.0,16.962025316455694,134.0,790.0,0.8860759493670887,7.0,790.0,5.189873417721519,41.0,790.0,1.6455696202531647,13.0,790.0,13.542526837324525,164.0,1211.0,0.0,0.0,790.0
multiple_runs_NB_ModerateThreat_Series_20260501_185726.csv,multiple_runs_NB_ModerateThreat_Series_20260501_185726.csv,NB,Moderate adversity,112,736.0,1194.0,42.391304347826086,312.0,736.0,0.0,0.0,736.0,89.0284757118928,1063.0,1194.0,6.521739130434782,48.0,736.0,38.58695652173913,284.0,736.0,9.918478260869565,73.0,736.0,0.0,0.0,736.0,1.6304347826086956,12.0,736.0,0.9510869565217392,7.0,736.0,10.971524288107203,131.0,1194.0,0.0,0.0,736.0
multiple_runs_NB_ModerateThreat_Series_20260501_185726.csv,multiple_runs_NB_ModerateThreat_Series_20260501_185726.csv,NB,Moderate adversity,113,674.0,1178.0,41.69139465875371,281.0,674.0,0.5934718100890208,4.0,674.0,88.87945670628183,1047.0,1178.0,2.967359050445104,20.0,674.0,41.3946587537092,279.0,674.0,0.44510385756676557,3.0,674.0,0.44510385756676557,3.0,674.0,12.314540059347182,83.0,674.0,0.1483679525222552,1.0,674.0,11.120543293718166,131.0,1178.0,0.0,0.0,674.0
multiple_runs_NB_ModerateThreat_Series_20260501_185726.csv,multiple_runs_NB_ModerateThreat_Series_20260501_185726.csv,NB,Moderate adversity,114,827.0,1215.0,8.94800483675937,74.0,827.0,0.6045949214026602,5.0,827.0,86.09053497942386,1046.0,1215.0,9.552599758162032,79.0,827.0,33.736396614268436,279.0,827.0,43.772672309552604,362.0,827.0,0.24183796856106407,2.0,827.0,1.6928657799274487,14.0,827.0,1.4510278113663846,12.0,827.0,13.909465020576132,169.0,1215.0,0.0,0.0,827.0
multiple_runs_NB_ModerateThreat_Series_20260501_185726.csv,multiple_runs_NB_ModerateThreat_Series_20260501_185726.csv,NB,Moderate adversity,115,719.0,1212.0,23.504867872044507,169.0,719.0,0.8344923504867872,6.0,719.0,86.05610561056105,1043.0,1212.0,27.12100139082058,195.0,719.0,12.656467315716272,91.0,719.0,32.5452016689847,234.0,719.0,0.6954102920723227,5.0,719.0,2.2253129346314324,16.0,719.0,0.4172461752433936,3.0,719.0,13.943894389438944,169.0,1212.0,0.0,0.0,719.0
multiple_runs_NB_ModerateThreat_Series_20260501_185726.csv,multiple_runs_NB_ModerateThreat_Series_20260501_185726.csv,NB,Moderate adversity,116,660.0,1177.0,11.969696969696969,79.0,660.0,2.1212121212121215,14.0,660.0,81.39337298215803,958.0,1177.0,33.78787878787879,223.0,660.0,5.0,33.0,660.0,40.303030303030305,266.0,660.0,0.7575757575757576,5.0,660.0,4.393939393939394,29.0,660.0,1.6666666666666667,11.0,660.0,18.60662701784197,219.0,1177.0,0.0,0.0,660.0
multiple_runs_NB_ModerateThreat_Series_20260501_185726.csv,multiple_runs_NB_ModerateThreat_Series_20260501_185726.csv,NB,Moderate adversity,117,729.0,1193.0,20.85048010973937,152.0,729.0,2.194787379972565,16.0,729.0,86.92372170997486,1037.0,1193.0,10.973936899862826,80.0,729.0,31.001371742112482,226.0,729.0,30.727023319615913,224.0,729.0,0.2743484224965706,2.0,729.0,2.880658436213992,21.0,729.0,1.0973936899862824,8.0,729.0,13.076278290025147,156.0,1193.0,0.0,0.0,729.0
multiple_runs_NB_ModerateThreat_Series_20260501_185726.csv,multiple_runs_NB_ModerateThreat_Series_20260501_185726.csv,NB,Moderate adversity,118,763.0,1204.0,40.1048492791612,306.0,763.0,1.834862385321101,14.0,763.0,86.79401993355482,1045.0,1204.0,1.5727391874180863,12.0,763.0,41.41546526867628,316.0,763.0,6.946264744429882,53.0,763.0,0.5242463958060288,4.0,763.0,5.897771952817824,45.0,763.0,1.7038007863695939,13.0,763.0,13.205980066445184,159.0,1204.0,0.0,0.0,763.0
multiple_runs_NB_ModerateThreat_Series_20260501_185726.csv,multiple_runs_NB_ModerateThreat_Series_20260501_185726.csv,NB,Moderate adversity,119,782.0,1209.0,34.015345268542205,266.0,782.0,0.7672634271099744,6.0,782.0,79.73531844499587,964.0,1209.0,2.1739130434782608,17.0,782.0,39.89769820971867,312.0,782.0,18.286445012787723,143.0,782.0,1.0230179028132993,8.0,782.0,2.0460358056265986,16.0,782.0,1.7902813299232736,14.0,782.0,20.264681555004135,245.0,1209.0,0.0,0.0,782.0
multiple_runs_NB_ModerateThreat_Series_20260501_185726.csv,multiple_runs_NB_ModerateThreat_Series_20260501_185726.csv,NB,Moderate adversity,120,697.0,1200.0,30.416068866571017,212.0,697.0,0.0,0.0,697.0,86.16666666666667,1034.0,1200.0,28.120516499282637,196.0,697.0,12.91248206599713,90.0,697.0,26.6857962697274,186.0,697.0,0.0,0.0,697.0,1.5781922525107603,11.0,697.0,0.2869440459110474,2.0,697.0,13.833333333333334,166.0,1200.0,0.0,0.0,697.0
multiple_runs_NB_ModerateThreat_Series_20260501_185726.csv,multiple_runs_NB_ModerateThreat_Series_20260501_185726.csv,NB,Moderate adversity,121,790.0,1203.0,34.30379746835443,271.0,790.0,1.6455696202531647,13.0,790.0,91.52119700748129,1101.0,1203.0,3.0379746835443036,24.0,790.0,44.55696202531645,352.0,790.0,13.164556962025317,104.0,790.0,0.7594936708860759,6.0,790.0,0.7594936708860759,6.0,790.0,1.7721518987341773,14.0,790.0,8.478802992518704,102.0,1203.0,0.0,0.0,790.0
multiple_runs_NB_ModerateThreat_Series_20260501_185726.csv,multiple_runs_NB_ModerateThreat_Series_20260501_185726.csv,NB,Moderate adversity,122,681.0,1208.0,30.396475770925107,207.0,681.0,0.2936857562408223,2.0,681.0,82.86423841059603,1001.0,1208.0,34.948604992657856,238.0,681.0,2.936857562408223,20.0,681.0,28.046989720998532,191.0,681.0,0.2936857562408223,2.0,681.0,0.4405286343612335,3.0,681.0,2.643171806167401,18.0,681.0,17.135761589403973,207.0,1208.0,0.0,0.0,681.0
multiple_runs_NB_ModerateThreat_Series_20260501_185726.csv,multiple_runs_NB_ModerateThreat_Series_20260501_185726.csv,NB,Moderate adversity,123,756.0,1203.0,27.380952380952383,207.0,756.0,3.3068783068783065,25.0,756.0,89.11055694098089,1072.0,1203.0,2.91005291005291,22.0,756.0,43.65079365079365,330.0,756.0,10.714285714285714,81.0,756.0,0.9259259259259258,7.0,756.0,10.317460317460316,78.0,756.0,0.7936507936507936,6.0,756.0,10.889443059019118,131.0,1203.0,0.0,0.0,756.0
multiple_runs_NB_ModerateThreat_Series_20260501_185726.csv,multiple_runs_NB_ModerateThreat_Series_20260501_185726.csv,NB,Moderate adversity,124,727.0,1210.0,23.658872077028885,172.0,727.0,1.925722145804677,14.0,727.0,88.26446280991735,1068.0,1210.0,1.1004126547455295,8.0,727.0,43.46629986244842,316.0,727.0,23.24621733149931,169.0,727.0,1.1004126547455295,8.0,727.0,4.401650618982118,32.0,727.0,1.1004126547455295,8.0,727.0,11.735537190082644,142.0,1210.0,0.0,0.0,727.0
multiple_runs_NB_ModerateThreat_Series_20260501_185726.csv,multiple_runs_NB_ModerateThreat_Series_20260501_185726.csv,NB,Moderate adversity,125,702.0,1205.0,31.62393162393162,222.0,702.0,1.1396011396011396,8.0,702.0,87.13692946058092,1050.0,1205.0,14.814814814814813,104.0,702.0,24.92877492877493,175.0,702.0,23.219373219373217,163.0,702.0,0.0,0.0,702.0,1.8518518518518516,13.0,702.0,2.4216524216524213,17.0,702.0,12.863070539419086,155.0,1205.0,0.0,0.0,702.0
multiple_runs_NB_ModerateThreat_Series_20260501_185726.csv,multiple_runs_NB_ModerateThreat_Series_20260501_185726.csv,NB,Moderate adversity,126,578.0,1206.0,40.830449826989614,236.0,578.0,2.422145328719723,14.0,578.0,89.46932006633499,1079.0,1206.0,1.5570934256055362,9.0,578.0,23.875432525951556,138.0,578.0,26.81660899653979,155.0,578.0,0.34602076124567477,2.0,578.0,1.9031141868512111,11.0,578.0,2.249134948096886,13.0,578.0,10.53067993366501,127.0,1206.0,0.0,0.0,578.0
multiple_runs_NB_ModerateThreat_Series_20260501_185726.csv,multiple_runs_NB_ModerateThreat_Series_20260501_185726.csv,NB,Moderate adversity,127,637.0,1186.0,20.87912087912088,133.0,637.0,0.9419152276295133,6.0,637.0,77.15008431703204,915.0,1186.0,37.83359497645212,241.0,637.0,1.726844583987441,11.0,637.0,35.79277864992151,228.0,637.0,0.3139717425431711,2.0,637.0,1.8838304552590266,12.0,637.0,0.6279434850863422,4.0,637.0,22.849915682967957,271.0,1186.0,0.0,0.0,637.0
multiple_runs_NB_ModerateThreat_Series_20260501_185726.csv,multiple_runs_NB_ModerateThreat_Series_20260501_185726.csv,NB,Moderate adversity,128,725.0,1216.0,23.862068965517242,173.0,725.0,1.2413793103448276,9.0,725.0,84.45723684210526,1027.0,1216.0,1.103448275862069,8.0,725.0,40.827586206896555,296.0,725.0,28.551724137931032,207.0,725.0,0.5517241379310345,4.0,725.0,1.7931034482758619,13.0,725.0,2.0689655172413794,15.0,725.0,15.542763157894738,189.0,1216.0,0.0,0.0,725.0
multiple_runs_NB_ModerateThreat_Series_20260501_185726.csv,multiple_runs_NB_ModerateThreat_Series_20260501_185726.csv,NB,Moderate adversity,129,736.0,1203.0,36.95652173913043,272.0,736.0,0.1358695652173913,1.0,736.0,92.18620116375727,1109.0,1203.0,10.190217391304348,75.0,736.0,32.20108695652174,237.0,736.0,15.081521739130435,111.0,736.0,1.766304347826087,13.0,736.0,1.9021739130434785,14.0,736.0,1.766304347826087,13.0,736.0,7.813798836242726,94.0,1203.0,0.0,0.0,736.0
multiple_runs_NB_ModerateThreat_Series_20260501_185726.csv,multiple_runs_NB_ModerateThreat_Series_20260501_185726.csv,NB,Moderate adversity,130,713.0,1200.0,42.91725105189341,306.0,713.0,2.1037868162692845,15.0,713.0,92.33333333333333,1108.0,1200.0,21.31837307152875,152.0,713.0,17.67180925666199,126.0,713.0,9.817671809256662,70.0,713.0,0.0,0.0,713.0,2.3842917251051894,17.0,713.0,3.7868162692847123,27.0,713.0,7.666666666666666,92.0,1200.0,0.0,0.0,713.0
multiple_runs_NB_ModerateThreat_Series_20260501_185726.csv,multiple_runs_NB_ModerateThreat_Series_20260501_185726.csv,NB,Moderate adversity,131,726.0,1192.0,27.548209366391184,200.0,726.0,3.3057851239669422,24.0,726.0,92.9530201342282,1108.0,1192.0,20.798898071625345,151.0,726.0,18.044077134986225,131.0,726.0,25.206611570247933,183.0,726.0,0.27548209366391185,2.0,726.0,2.066115702479339,15.0,726.0,2.7548209366391188,20.0,726.0,7.046979865771812,84.0,1192.0,0.0,0.0,726.0
multiple_runs_NB_ModerateThreat_Series_20260501_185726.csv,multiple_runs_NB_ModerateThreat_Series_20260501_185726.csv,NB,Moderate adversity,132,640.0,1203.0,33.90625,217.0,640.0,0.9375,6.0,640.0,87.03241895261846,1047.0,1203.0,33.125,212.0,640.0,3.28125,21.0,640.0,25.78125,165.0,640.0,0.0,0.0,640.0,2.96875,19.0,640.0,0.0,0.0,640.0,12.967581047381547,156.0,1203.0,0.0,0.0,640.0
multiple_runs_NB_ModerateThreat_Series_20260501_185726.csv,multiple_runs_NB_ModerateThreat_Series_20260501_185726.csv,NB,Moderate adversity,133,720.0,1204.0,30.277777777777775,218.0,720.0,2.7777777777777777,20.0,720.0,93.43853820598007,1125.0,1204.0,13.472222222222221,97.0,720.0,25.972222222222225,187.0,720.0,21.25,153.0,720.0,0.6944444444444444,5.0,720.0,2.7777777777777777,20.0,720.0,2.7777777777777777,20.0,720.0,6.561461794019934,79.0,1204.0,0.0,0.0,720.0
multiple_runs_NB_ModerateThreat_Series_20260501_185726.csv,multiple_runs_NB_ModerateThreat_Series_20260501_185726.csv,NB,Moderate adversity,134,768.0,1192.0,42.96875,330.0,768.0,0.0,0.0,768.0,90.60402684563759,1080.0,1192.0,5.859375,45.0,768.0,40.88541666666667,314.0,768.0,5.208333333333334,40.0,768.0,1.3020833333333335,10.0,768.0,0.78125,6.0,768.0,2.994791666666667,23.0,768.0,9.395973154362416,112.0,1192.0,0.0,0.0,768.0
multiple_runs_NB_ModerateThreat_Series_20260501_185726.csv,multiple_runs_NB_ModerateThreat_Series_20260501_185726.csv,NB,Moderate adversity,135,713.0,1204.0,42.776998597475455,305.0,713.0,1.402524544179523,10.0,713.0,94.01993355481729,1132.0,1204.0,7.012622720897616,50.0,713.0,33.09957924263674,236.0,713.0,14.586255259467041,104.0,713.0,0.0,0.0,713.0,0.8415147265077139,6.0,713.0,0.2805049088359046,2.0,713.0,5.980066445182724,72.0,1204.0,0.0,0.0,713.0
multiple_runs_NB_ModerateThreat_Series_20260501_185726.csv,multiple_runs_NB_ModerateThreat_Series_20260501_185726.csv,NB,Moderate adversity,136,771.0,1198.0,32.03631647211414,247.0,771.0,0.9079118028534372,7.0,771.0,90.06677796327212,1079.0,1198.0,5.058365758754864,39.0,771.0,36.4461738002594,281.0,771.0,13.878080415045396,107.0,771.0,1.9455252918287937,15.0,771.0,8.560311284046692,66.0,771.0,1.1673151750972763,9.0,771.0,9.93322203672788,119.0,1198.0,0.0,0.0,771.0
multiple_runs_NB_ModerateThreat_Series_20260501_185726.csv,multiple_runs_NB_ModerateThreat_Series_20260501_185726.csv,NB,Moderate adversity,137,746.0,1210.0,27.34584450402145,204.0,746.0,1.742627345844504,13.0,746.0,90.08264462809917,1090.0,1210.0,7.506702412868632,56.0,746.0,37.39946380697051,279.0,746.0,22.78820375335121,170.0,746.0,0.5361930294906166,4.0,746.0,2.1447721179624666,16.0,746.0,0.5361930294906166,4.0,746.0,9.917355371900827,120.0,1210.0,0.0,0.0,746.0
multiple_runs_NB_ModerateThreat_Series_20260501_185726.csv,multiple_runs_NB_ModerateThreat_Series_20260501_185726.csv,NB,Moderate adversity,138,715.0,1192.0,45.17482517482517,323.0,715.0,0.0,0.0,715.0,92.4496644295302,1102.0,1192.0,1.9580419580419581,14.0,715.0,38.74125874125875,277.0,715.0,7.972027972027972,57.0,715.0,1.2587412587412588,9.0,715.0,1.6783216783216783,12.0,715.0,3.2167832167832167,23.0,715.0,7.550335570469799,90.0,1192.0,0.0,0.0,715.0
multiple_runs_NB_ModerateThreat_Series_20260501_185726.csv,multiple_runs_NB_ModerateThreat_Series_20260501_185726.csv,NB,Moderate adversity,139,710.0,1195.0,32.816901408450704,233.0,710.0,1.8309859154929577,13.0,710.0,87.61506276150628,1047.0,1195.0,17.887323943661972,127.0,710.0,23.239436619718308,165.0,710.0,21.267605633802816,151.0,710.0,0.0,0.0,710.0,1.267605633802817,9.0,710.0,1.6901408450704223,12.0,710.0,12.384937238493723,148.0,1195.0,0.0,0.0,710.0
multiple_runs_NB_ModerateThreat_Series_20260501_185726.csv,multiple_runs_NB_ModerateThreat_Series_20260501_185726.csv,NB,Moderate adversity,140,752.0,1217.0,37.234042553191486,280.0,752.0,3.4574468085106385,26.0,752.0,87.6746096959737,1067.0,1217.0,7.446808510638298,56.0,752.0,36.17021276595745,272.0,752.0,14.095744680851062,106.0,752.0,0.13297872340425532,1.0,752.0,0.5319148936170213,4.0,752.0,0.9308510638297872,7.0,752.0,12.325390304026294,150.0,1217.0,0.0,0.0,752.0
multiple_runs_NB_ModerateThreat_Series_20260501_185726.csv,multiple_runs_NB_ModerateThreat_Series_20260501_185726.csv,NB,Moderate adversity,141,586.0,1200.0,31.058020477815703,182.0,586.0,3.0716723549488054,18.0,586.0,85.83333333333333,1030.0,1200.0,5.802047781569966,34.0,586.0,16.89419795221843,99.0,586.0,33.78839590443686,198.0,586.0,1.1945392491467577,7.0,586.0,6.996587030716723,41.0,586.0,1.1945392491467577,7.0,586.0,14.166666666666666,170.0,1200.0,0.0,0.0,586.0
multiple_runs_NB_ModerateThreat_Series_20260501_185726.csv,multiple_runs_NB_ModerateThreat_Series_20260501_185726.csv,NB,Moderate adversity,142,661.0,1197.0,34.493192133131615,228.0,661.0,2.118003025718608,14.0,661.0,89.97493734335839,1077.0,1197.0,38.88048411497731,257.0,661.0,2.4205748865355523,16.0,661.0,17.851739788199698,118.0,661.0,0.15128593040847202,1.0,661.0,3.177004538577912,21.0,661.0,0.9077155824508321,6.0,661.0,10.025062656641603,120.0,1197.0,0.0,0.0,661.0
multiple_runs_NB_ModerateThreat_Series_20260501_185726.csv,multiple_runs_NB_ModerateThreat_Series_20260501_185726.csv,NB,Moderate adversity,143,695.0,1198.0,14.820143884892087,103.0,695.0,0.0,0.0,695.0,91.40233722871453,1095.0,1198.0,35.10791366906475,244.0,695.0,5.755395683453238,40.0,695.0,37.985611510791365,264.0,695.0,1.4388489208633095,10.0,695.0,2.5899280575539567,18.0,695.0,2.302158273381295,16.0,695.0,8.597662771285476,103.0,1198.0,0.0,0.0,695.0
multiple_runs_NB_ModerateThreat_Series_20260501_185726.csv,multiple_runs_NB_ModerateThreat_Series_20260501_185726.csv,NB,Moderate adversity,144,700.0,1201.0,51.714285714285715,362.0,700.0,1.2857142857142856,9.0,700.0,91.42381348875936,1098.0,1201.0,20.42857142857143,143.0,700.0,20.142857142857142,141.0,700.0,3.2857142857142856,23.0,700.0,0.4285714285714286,3.0,700.0,1.2857142857142856,9.0,700.0,1.4285714285714286,10.0,700.0,8.576186511240632,103.0,1201.0,0.0,0.0,700.0
multiple_runs_NB_ModerateThreat_Series_20260501_185726.csv,multiple_runs_NB_ModerateThreat_Series_20260501_185726.csv,NB,Moderate adversity,145,763.0,1211.0,28.440366972477065,217.0,763.0,0.9174311926605505,7.0,763.0,88.60445912469034,1073.0,1211.0,3.669724770642202,28.0,763.0,37.48361730013106,286.0,763.0,16.25163826998689,124.0,763.0,3.1454783748361725,24.0,763.0,7.732634338138926,59.0,763.0,2.3591087811271296,18.0,763.0,11.395540875309662,138.0,1211.0,0.0,0.0,763.0
multiple_runs_NB_ModerateThreat_Series_20260501_185726.csv,multiple_runs_NB_ModerateThreat_Series_20260501_185726.csv,NB,Moderate adversity,146,699.0,1202.0,45.493562231759654,318.0,699.0,1.2875536480686696,9.0,699.0,86.02329450915141,1034.0,1202.0,23.74821173104435,166.0,699.0,20.171673819742487,141.0,699.0,6.151645207439199,43.0,699.0,0.4291845493562232,3.0,699.0,1.7167381974248928,12.0,699.0,1.0014306151645207,7.0,699.0,13.976705490848584,168.0,1202.0,0.0,0.0,699.0
multiple_runs_NB_ModerateThreat_Series_20260501_185726.csv,multiple_runs_NB_ModerateThreat_Series_20260501_185726.csv,NB,Moderate adversity,147,686.0,1205.0,16.61807580174927,114.0,686.0,1.0204081632653061,7.0,686.0,86.47302904564316,1042.0,1205.0,23.760932944606413,163.0,686.0,15.160349854227405,104.0,686.0,40.816326530612244,280.0,686.0,0.0,0.0,686.0,0.8746355685131195,6.0,686.0,1.749271137026239,12.0,686.0,13.526970954356846,163.0,1205.0,0.0,0.0,686.0
multiple_runs_NB_ModerateThreat_Series_20260501_185726.csv,multiple_runs_NB_ModerateThreat_Series_20260501_185726.csv,NB,Moderate adversity,148,735.0,1201.0,9.931972789115646,73.0,735.0,1.6326530612244898,12.0,735.0,80.3497085761865,965.0,1201.0,0.5442176870748299,4.0,735.0,42.857142857142854,315.0,735.0,35.78231292517007,263.0,735.0,0.8163265306122449,6.0,735.0,6.802721088435375,50.0,735.0,1.6326530612244898,12.0,735.0,19.65029142381349,236.0,1201.0,0.0,0.0,735.0
multiple_runs_NB_ModerateThreat_Series_20260501_185726.csv,multiple_runs_NB_ModerateThreat_Series_20260501_185726.csv,NB,Moderate adversity,149,723.0,1185.0,33.8865836791148,245.0,723.0,0.0,0.0,723.0,90.46413502109705,1072.0,1185.0,11.479944674965422,83.0,723.0,33.748271092669434,244.0,723.0,18.948824343015215,137.0,723.0,0.0,0.0,723.0,0.4149377593360996,3.0,723.0,1.5214384508990317,11.0,723.0,9.535864978902953,113.0,1185.0,0.0,0.0,723.0
multiple_runs_NB_ModerateThreat_Series_20260501_185726.csv,multiple_runs_NB_ModerateThreat_Series_20260501_185726.csv,NB,Moderate adversity,150,704.0,1190.0,44.31818181818182,312.0,704.0,0.2840909090909091,2.0,704.0,87.22689075630252,1038.0,1190.0,34.51704545454545,243.0,704.0,6.107954545454546,43.0,704.0,8.238636363636363,58.0,704.0,0.4261363636363636,3.0,704.0,3.4090909090909087,24.0,704.0,2.6988636363636362,19.0,704.0,12.773109243697478,152.0,1190.0,0.0,0.0,704.0
multiple_runs_NB_ModerateThreat_Series_20260501_185726.csv,multiple_runs_NB_ModerateThreat_Series_20260501_185726.csv,NB,Moderate adversity,151,715.0,1183.0,34.12587412587413,244.0,715.0,0.0,0.0,715.0,86.30600169061708,1021.0,1183.0,37.48251748251748,268.0,715.0,4.335664335664335,31.0,715.0,21.25874125874126,152.0,715.0,0.13986013986013987,1.0,715.0,0.13986013986013987,1.0,715.0,2.5174825174825175,18.0,715.0,13.693998309382923,162.0,1183.0,0.0,0.0,715.0
multiple_runs_NB_ModerateThreat_Series_20260501_185726.csv,multiple_runs_NB_ModerateThreat_Series_20260501_185726.csv,NB,Moderate adversity,152,789.0,1196.0,18.124207858048162,143.0,789.0,0.0,0.0,789.0,81.60535117056857,976.0,1196.0,8.238276299112801,65.0,789.0,35.61470215462611,281.0,789.0,34.60076045627377,273.0,789.0,0.12674271229404308,1.0,789.0,0.5069708491761723,4.0,789.0,2.788339670468948,22.0,789.0,18.394648829431436,220.0,1196.0,0.0,0.0,789.0
multiple_runs_NB_ModerateThreat_Series_20260501_185726.csv,multiple_runs_NB_ModerateThreat_Series_20260501_185726.csv,NB,Moderate adversity,153,717.0,1209.0,18.549511854951188,133.0,717.0,1.394700139470014,10.0,717.0,84.20181968569065,1018.0,1209.0,2.092050209205021,15.0,717.0,38.633193863319384,277.0,717.0,34.58856345885635,248.0,717.0,0.41841004184100417,3.0,717.0,1.394700139470014,10.0,717.0,2.928870292887029,21.0,717.0,15.798180314309345,191.0,1209.0,0.0,0.0,717.0
multiple_runs_NB_ModerateThreat_Series_20260501_185726.csv,multiple_runs_NB_ModerateThreat_Series_20260501_185726.csv,NB,Moderate adversity,154,634.0,1195.0,34.542586750788644,219.0,634.0,1.4195583596214512,9.0,634.0,87.78242677824267,1049.0,1195.0,30.914826498422716,196.0,634.0,2.2082018927444795,14.0,634.0,28.23343848580442,179.0,634.0,0.0,0.0,634.0,1.7350157728706623,11.0,634.0,0.9463722397476341,6.0,634.0,12.217573221757322,146.0,1195.0,0.0,0.0,634.0
multiple_runs_NB_ModerateThreat_Series_20260501_185726.csv,multiple_runs_NB_ModerateThreat_Series_20260501_185726.csv,NB,Moderate adversity,155,654.0,1190.0,6.574923547400611,43.0,654.0,0.764525993883792,5.0,654.0,73.44537815126051,874.0,1190.0,33.63914373088685,220.0,654.0,4.740061162079511,31.0,654.0,48.47094801223242,317.0,654.0,0.9174311926605505,6.0,654.0,4.434250764525994,29.0,654.0,0.45871559633027525,3.0,654.0,26.554621848739497,316.0,1190.0,0.0,0.0,654.0
multiple_runs_NB_ModerateThreat_Series_20260501_185726.csv,multiple_runs_NB_ModerateThreat_Series_20260501_185726.csv,NB,Moderate adversity,156,772.0,1205.0,12.046632124352332,93.0,772.0,1.0362694300518136,8.0,772.0,88.63070539419087,1068.0,1205.0,8.937823834196891,69.0,772.0,35.233160621761655,272.0,772.0,36.787564766839374,284.0,772.0,0.2590673575129534,2.0,772.0,3.3678756476683938,26.0,772.0,2.33160621761658,18.0,772.0,11.369294605809129,137.0,1205.0,0.0,0.0,772.0
multiple_runs_NB_ModerateThreat_Series_20260501_185726.csv,multiple_runs_NB_ModerateThreat_Series_20260501_185726.csv,NB,Moderate adversity,157,657.0,1206.0,16.590563165905632,109.0,657.0,0.0,0.0,657.0,84.24543946932008,1016.0,1206.0,38.20395738203957,251.0,657.0,4.26179604261796,28.0,657.0,3.8051750380517504,25.0,657.0,0.45662100456621,3.0,657.0,34.70319634703196,228.0,657.0,1.97869101978691,13.0,657.0,15.754560530679933,190.0,1206.0,0.0,0.0,657.0
multiple_runs_NB_ModerateThreat_Series_20260501_185726.csv,multiple_runs_NB_ModerateThreat_Series_20260501_185726.csv,NB,Moderate adversity,158,727.0,1210.0,37.689133425034385,274.0,727.0,0.2751031636863824,2.0,727.0,88.34710743801652,1069.0,1210.0,29.573590096286107,215.0,727.0,11.416781292984869,83.0,727.0,16.09353507565337,117.0,727.0,0.8253094910591471,6.0,727.0,1.2379642365887207,9.0,727.0,2.8885832187070153,21.0,727.0,11.652892561983471,141.0,1210.0,0.0,0.0,727.0
multiple_runs_NB_ModerateThreat_Series_20260501_185726.csv,multiple_runs_NB_ModerateThreat_Series_20260501_185726.csv,NB,Moderate adversity,159,706.0,1204.0,25.07082152974504,177.0,706.0,0.28328611898017,2.0,706.0,88.87043189368771,1070.0,1204.0,28.47025495750708,201.0,706.0,14.022662889518415,99.0,706.0,26.912181303116146,190.0,706.0,0.424929178470255,3.0,706.0,4.53257790368272,32.0,706.0,0.28328611898017,2.0,706.0,11.129568106312291,134.0,1204.0,0.0,0.0,706.0
multiple_runs_NB_ModerateThreat_Series_20260501_185726.csv,multiple_runs_NB_ModerateThreat_Series_20260501_185726.csv,NB,Moderate adversity,160,728.0,1196.0,42.582417582417584,310.0,728.0,1.7857142857142856,13.0,728.0,91.30434782608695,1092.0,1196.0,16.62087912087912,121.0,728.0,22.115384615384613,161.0,728.0,11.263736263736265,82.0,728.0,0.8241758241758242,6.0,728.0,3.571428571428571,26.0,728.0,1.2362637362637363,9.0,728.0,8.695652173913043,104.0,1196.0,0.0,0.0,728.0
multiple_runs_NB_ModerateThreat_Series_20260501_185726.csv,multiple_runs_NB_ModerateThreat_Series_20260501_185726.csv,NB,Moderate adversity,161,780.0,1193.0,40.0,312.0,780.0,0.0,0.0,780.0,89.2707460184409,1065.0,1193.0,0.5128205128205128,4.0,780.0,45.12820512820513,352.0,780.0,10.384615384615385,81.0,780.0,0.38461538461538464,3.0,780.0,0.8974358974358974,7.0,780.0,2.6923076923076925,21.0,780.0,10.729253981559095,128.0,1193.0,0.0,0.0,780.0
multiple_runs_NB_ModerateThreat_Series_20260501_185726.csv,multiple_runs_NB_ModerateThreat_Series_20260501_185726.csv,NB,Moderate adversity,162,751.0,1180.0,28.495339547270305,214.0,751.0,0.0,0.0,751.0,89.57627118644068,1057.0,1180.0,7.723035952063914,58.0,751.0,37.150466045272964,279.0,751.0,23.435419440745672,176.0,751.0,1.3315579227696404,10.0,751.0,1.5978695073235687,12.0,751.0,0.2663115845539281,2.0,751.0,10.423728813559322,123.0,1180.0,0.0,0.0,751.0
multiple_runs_NB_ModerateThreat_Series_20260501_185726.csv,multiple_runs_NB_ModerateThreat_Series_20260501_185726.csv,NB,Moderate adversity,163,724.0,1199.0,25.828729281767952,187.0,724.0,1.2430939226519337,9.0,724.0,79.98331943286072,959.0,1199.0,3.4530386740331496,25.0,724.0,38.950276243093924,282.0,724.0,27.624309392265197,200.0,724.0,0.5524861878453038,4.0,724.0,1.5193370165745856,11.0,724.0,0.8287292817679558,6.0,724.0,20.016680567139282,240.0,1199.0,0.0,0.0,724.0
multiple_runs_NB_ModerateThreat_Series_20260501_185726.csv,multiple_runs_NB_ModerateThreat_Series_20260501_185726.csv,NB,Moderate adversity,164,696.0,1214.0,37.5,261.0,696.0,5.172413793103448,36.0,696.0,84.92586490939044,1031.0,1214.0,31.60919540229885,220.0,696.0,3.1609195402298855,22.0,696.0,17.95977011494253,125.0,696.0,0.28735632183908044,2.0,696.0,2.586206896551724,18.0,696.0,1.7241379310344827,12.0,696.0,15.074135090609555,183.0,1214.0,0.0,0.0,696.0
multiple_runs_NB_ModerateThreat_Series_20260501_185726.csv,multiple_runs_NB_ModerateThreat_Series_20260501_185726.csv,NB,Moderate adversity,165,740.0,1218.0,35.54054054054054,263.0,740.0,1.3513513513513513,10.0,740.0,83.74384236453201,1020.0,1218.0,15.27027027027027,113.0,740.0,23.783783783783786,176.0,740.0,20.135135135135133,149.0,740.0,0.945945945945946,7.0,740.0,1.3513513513513513,10.0,740.0,1.6216216216216217,12.0,740.0,16.25615763546798,198.0,1218.0,0.0,0.0,740.0
multiple_runs_NB_ModerateThreat_Series_20260501_185726.csv,multiple_runs_NB_ModerateThreat_Series_20260501_185726.csv,NB,Moderate adversity,166,638.0,1201.0,32.13166144200627,205.0,638.0,6.583072100313479,42.0,638.0,90.00832639467112,1081.0,1201.0,23.197492163009404,148.0,638.0,10.9717868338558,70.0,638.0,23.667711598746084,151.0,638.0,0.0,0.0,638.0,3.1347962382445136,20.0,638.0,0.3134796238244514,2.0,638.0,9.991673605328891,120.0,1201.0,0.0,0.0,638.0
multiple_runs_NB_ModerateThreat_Series_20260501_185726.csv,multiple_runs_NB_ModerateThreat_Series_20260501_185726.csv,NB,Moderate adversity,167,716.0,1209.0,35.47486033519553,254.0,716.0,0.0,0.0,716.0,81.88585607940446,990.0,1209.0,29.329608938547487,210.0,716.0,9.078212290502794,65.0,716.0,19.134078212290504,137.0,716.0,2.2346368715083798,16.0,716.0,0.0,0.0,716.0,4.748603351955307,34.0,716.0,18.11414392059553,219.0,1209.0,0.0,0.0,716.0
multiple_runs_NB_ModerateThreat_Series_20260501_185726.csv,multiple_runs_NB_ModerateThreat_Series_20260501_185726.csv,NB,Moderate adversity,168,737.0,1202.0,11.397557666214382,84.0,737.0,0.0,0.0,737.0,87.93677204658901,1057.0,1202.0,16.14654002713704,119.0,737.0,23.609226594301223,174.0,737.0,41.38398914518318,305.0,737.0,1.6282225237449117,12.0,737.0,3.6635006784260513,27.0,737.0,2.1709633649932156,16.0,737.0,12.063227953410982,145.0,1202.0,0.0,0.0,737.0
multiple_runs_NB_ModerateThreat_Series_20260501_185726.csv,multiple_runs_NB_ModerateThreat_Series_20260501_185726.csv,NB,Moderate adversity,169,743.0,1194.0,48.04845222072679,357.0,743.0,1.3458950201884252,10.0,743.0,91.54103852596315,1093.0,1194.0,3.6339165545087484,27.0,743.0,36.87752355316285,274.0,743.0,4.710632570659488,35.0,743.0,0.8075370121130552,6.0,743.0,1.8842530282637955,14.0,743.0,2.6917900403768504,20.0,743.0,8.458961474036851,101.0,1194.0,0.0,0.0,743.0
multiple_runs_NB_ModerateThreat_Series_20260501_185726.csv,multiple_runs_NB_ModerateThreat_Series_20260501_185726.csv,NB,Moderate adversity,170,765.0,1200.0,36.60130718954248,280.0,765.0,0.9150326797385622,7.0,765.0,88.66666666666667,1064.0,1200.0,6.535947712418301,50.0,765.0,35.03267973856209,268.0,765.0,16.33986928104575,125.0,765.0,0.522875816993464,4.0,765.0,2.6143790849673203,20.0,765.0,1.4379084967320261,11.0,765.0,11.333333333333332,136.0,1200.0,0.0,0.0,765.0
multiple_runs_NB_ModerateThreat_Series_20260501_185726.csv,multiple_runs_NB_ModerateThreat_Series_20260501_185726.csv,NB,Moderate adversity,171,770.0,1205.0,26.233766233766232,202.0,770.0,0.0,0.0,770.0,88.13278008298755,1062.0,1205.0,1.8181818181818181,14.0,770.0,40.38961038961039,311.0,770.0,25.58441558441558,197.0,770.0,2.0779220779220777,16.0,770.0,3.116883116883117,24.0,770.0,0.7792207792207793,6.0,770.0,11.867219917012447,143.0,1205.0,0.0,0.0,770.0
multiple_runs_NB_ModerateThreat_Series_20260501_185726.csv,multiple_runs_NB_ModerateThreat_Series_20260501_185726.csv,NB,Moderate adversity,172,733.0,1202.0,20.600272851296044,151.0,733.0,1.0914051841746248,8.0,733.0,85.52412645590682,1028.0,1202.0,16.780354706684857,123.0,733.0,26.05729877216917,191.0,733.0,31.51432469304229,231.0,733.0,1.227830832196453,9.0,733.0,2.046384720327422,15.0,733.0,0.6821282401091405,5.0,733.0,14.47587354409318,174.0,1202.0,0.0,0.0,733.0
multiple_runs_NB_ModerateThreat_Series_20260501_185726.csv,multiple_runs_NB_ModerateThreat_Series_20260501_185726.csv,NB,Moderate adversity,173,738.0,1205.0,20.18970189701897,149.0,738.0,0.0,0.0,738.0,89.29460580912864,1076.0,1205.0,10.29810298102981,76.0,738.0,36.856368563685635,272.0,738.0,29.132791327913278,215.0,738.0,0.0,0.0,738.0,2.303523035230352,17.0,738.0,1.2195121951219512,9.0,738.0,10.705394190871369,129.0,1205.0,0.0,0.0,738.0
multiple_runs_NB_ModerateThreat_Series_20260501_185726.csv,multiple_runs_NB_ModerateThreat_Series_20260501_185726.csv,NB,Moderate adversity,174,755.0,1202.0,35.894039735099334,271.0,755.0,0.0,0.0,755.0,85.85690515806988,1032.0,1202.0,0.6622516556291391,5.0,755.0,46.49006622516556,351.0,755.0,12.847682119205297,97.0,755.0,0.5298013245033113,4.0,755.0,3.443708609271523,26.0,755.0,0.13245033112582782,1.0,755.0,14.143094841930118,170.0,1202.0,0.0,0.0,755.0
multiple_runs_NB_ModerateThreat_Series_20260501_185726.csv,multiple_runs_NB_ModerateThreat_Series_20260501_185726.csv,NB,Moderate adversity,175,738.0,1206.0,13.279132791327914,98.0,738.0,0.13550135501355012,1.0,738.0,76.03648424543947,917.0,1206.0,36.72086720867209,271.0,738.0,4.200542005420054,31.0,738.0,42.68292682926829,315.0,738.0,0.27100271002710025,2.0,738.0,0.13550135501355012,1.0,738.0,2.5745257452574526,19.0,738.0,23.96351575456053,289.0,1206.0,0.0,0.0,738.0
multiple_runs_NB_ModerateThreat_Series_20260501_185726.csv,multiple_runs_NB_ModerateThreat_Series_20260501_185726.csv,NB,Moderate adversity,176,729.0,1202.0,27.434842249657066,200.0,729.0,3.9780521262002746,29.0,729.0,86.18968386023295,1036.0,1202.0,4.38957475994513,32.0,729.0,32.647462277091904,238.0,729.0,26.74897119341564,195.0,729.0,1.0973936899862824,8.0,729.0,2.4691358024691357,18.0,729.0,1.2345679012345678,9.0,729.0,13.810316139767053,166.0,1202.0,0.0,0.0,729.0
multiple_runs_NB_ModerateThreat_Series_20260501_185726.csv,multiple_runs_NB_ModerateThreat_Series_20260501_185726.csv,NB,Moderate adversity,177,789.0,1197.0,32.44613434727503,256.0,789.0,1.520912547528517,12.0,789.0,85.96491228070175,1029.0,1197.0,15.96958174904943,126.0,789.0,26.74271229404309,211.0,789.0,20.912547528517113,165.0,789.0,0.38022813688212925,3.0,789.0,0.0,0.0,789.0,2.027883396704689,16.0,789.0,14.035087719298245,168.0,1197.0,0.0,0.0,789.0
multiple_runs_NB_ModerateThreat_Series_20260501_185726.csv,multiple_runs_NB_ModerateThreat_Series_20260501_185726.csv,NB,Moderate adversity,178,727.0,1181.0,47.59284731774415,346.0,727.0,2.200825309491059,16.0,727.0,90.77053344623201,1072.0,1181.0,2.3383768913342506,17.0,727.0,41.81568088033013,304.0,727.0,1.2379642365887207,9.0,727.0,0.6877579092159559,5.0,727.0,2.7510316368638237,20.0,727.0,1.3755158184319118,10.0,727.0,9.229466553767992,109.0,1181.0,0.0,0.0,727.0
multiple_runs_NB_ModerateThreat_Series_20260501_185726.csv,multiple_runs_NB_ModerateThreat_Series_20260501_185726.csv,NB,Moderate adversity,179,761.0,1198.0,33.50854139290407,255.0,761.0,0.2628120893561104,2.0,761.0,90.98497495826378,1090.0,1198.0,3.942181340341656,30.0,761.0,40.60446780551905,309.0,761.0,16.16294349540079,123.0,761.0,1.1826544021024967,9.0,761.0,0.1314060446780552,1.0,761.0,4.204993429697766,32.0,761.0,9.015025041736227,108.0,1198.0,0.0,0.0,761.0
multiple_runs_NB_ModerateThreat_Series_20260501_185726.csv,multiple_runs_NB_ModerateThreat_Series_20260501_185726.csv,NB,Moderate adversity,180,715.0,1221.0,34.4055944055944,246.0,715.0,0.5594405594405595,4.0,715.0,84.93038493038493,1037.0,1221.0,19.02097902097902,136.0,715.0,21.11888111888112,151.0,715.0,20.27972027972028,145.0,715.0,0.27972027972027974,2.0,715.0,2.937062937062937,21.0,715.0,1.3986013986013985,10.0,715.0,15.06961506961507,184.0,1221.0,0.0,0.0,715.0
multiple_runs_NB_ModerateThreat_Series_20260501_185726.csv,multiple_runs_NB_ModerateThreat_Series_20260501_185726.csv,NB,Moderate adversity,181,742.0,1184.0,41.64420485175202,309.0,742.0,1.6172506738544474,12.0,742.0,89.3581081081081,1058.0,1184.0,16.576819407008088,123.0,742.0,25.336927223719673,188.0,742.0,10.107816711590296,75.0,742.0,1.078167115902965,8.0,742.0,3.0997304582210243,23.0,742.0,0.5390835579514826,4.0,742.0,10.641891891891891,126.0,1184.0,0.0,0.0,742.0
multiple_runs_NB_ModerateThreat_Series_20260501_185726.csv,multiple_runs_NB_ModerateThreat_Series_20260501_185726.csv,NB,Moderate adversity,182,672.0,1197.0,37.351190476190474,251.0,672.0,2.6785714285714284,18.0,672.0,91.31161236424394,1093.0,1197.0,28.57142857142857,192.0,672.0,10.863095238095239,73.0,672.0,14.136904761904761,95.0,672.0,1.1904761904761905,8.0,672.0,2.8273809523809526,19.0,672.0,2.380952380952381,16.0,672.0,8.688387635756056,104.0,1197.0,0.0,0.0,672.0
multiple_runs_NB_ModerateThreat_Series_20260501_185726.csv,multiple_runs_NB_ModerateThreat_Series_20260501_185726.csv,NB,Moderate adversity,183,693.0,1185.0,21.5007215007215,149.0,693.0,0.4329004329004329,3.0,693.0,84.81012658227847,1005.0,1185.0,28.13852813852814,195.0,693.0,15.728715728715729,109.0,693.0,2.7417027417027415,19.0,693.0,0.1443001443001443,1.0,693.0,29.725829725829726,206.0,693.0,1.5873015873015872,11.0,693.0,15.18987341772152,180.0,1185.0,0.0,0.0,693.0
multiple_runs_NB_ModerateThreat_Series_20260501_185726.csv,multiple_runs_NB_ModerateThreat_Series_20260501_185726.csv,NB,Moderate adversity,184,683.0,1197.0,40.55636896046852,277.0,683.0,0.7320644216691069,5.0,683.0,86.04845446950709,1030.0,1197.0,30.74670571010249,210.0,683.0,11.273792093704246,77.0,683.0,14.055636896046853,96.0,683.0,0.0,0.0,683.0,0.8784773060029283,6.0,683.0,1.7569546120058566,12.0,683.0,13.951545530492899,167.0,1197.0,0.0,0.0,683.0
multiple_runs_NB_ModerateThreat_Series_20260501_185726.csv,multiple_runs_NB_ModerateThreat_Series_20260501_185726.csv,NB,Moderate adversity,185,738.0,1202.0,19.37669376693767,143.0,738.0,0.27100271002710025,2.0,738.0,79.36772046589017,954.0,1202.0,29.945799457994582,221.0,738.0,12.601626016260163,93.0,738.0,33.87533875338754,250.0,738.0,1.7615176151761516,13.0,738.0,0.0,0.0,738.0,2.168021680216802,16.0,738.0,20.632279534109816,248.0,1202.0,0.0,0.0,738.0
multiple_runs_NB_ModerateThreat_Series_20260501_185726.csv,multiple_runs_NB_ModerateThreat_Series_20260501_185726.csv,NB,Moderate adversity,186,682.0,1180.0,40.909090909090914,279.0,682.0,0.5865102639296188,4.0,682.0,89.57627118644068,1057.0,1180.0,35.77712609970675,244.0,682.0,1.7595307917888565,12.0,682.0,12.609970674486803,86.0,682.0,1.466275659824047,10.0,682.0,4.9853372434017595,34.0,682.0,1.906158357771261,13.0,682.0,10.423728813559322,123.0,1180.0,0.0,0.0,682.0
multiple_runs_NB_ModerateThreat_Series_20260501_185726.csv,multiple_runs_NB_ModerateThreat_Series_20260501_185726.csv,NB,Moderate adversity,187,703.0,1217.0,43.66998577524893,307.0,703.0,1.2802275960170697,9.0,703.0,90.87921117502054,1106.0,1217.0,37.26884779516359,262.0,703.0,1.422475106685633,10.0,703.0,9.246088193456615,65.0,703.0,1.1379800853485065,8.0,703.0,3.698435277382646,26.0,703.0,2.275960170697013,16.0,703.0,9.120788824979458,111.0,1217.0,0.0,0.0,703.0
multiple_runs_NB_ModerateThreat_Series_20260501_185726.csv,multiple_runs_NB_ModerateThreat_Series_20260501_185726.csv,NB,Moderate adversity,188,751.0,1221.0,30.09320905459387,226.0,751.0,0.9320905459387484,7.0,751.0,89.59868959868959,1094.0,1221.0,3.1957390146471374,24.0,751.0,43.142476697736356,324.0,751.0,13.049267643142477,98.0,751.0,0.6657789613848202,5.0,751.0,8.655126498002662,65.0,751.0,0.2663115845539281,2.0,751.0,10.4013104013104,127.0,1221.0,0.0,0.0,751.0
multiple_runs_NB_ModerateThreat_Series_20260501_185726.csv,multiple_runs_NB_ModerateThreat_Series_20260501_185726.csv,NB,Moderate adversity,189,767.0,1212.0,40.80834419817471,313.0,767.0,2.4771838331160363,19.0,767.0,92.49174917491749,1121.0,1212.0,10.039113428943937,77.0,767.0,29.335071707953063,225.0,767.0,10.560625814863103,81.0,767.0,0.5215123859191656,4.0,767.0,4.563233376792699,35.0,767.0,1.694915254237288,13.0,767.0,7.508250825082509,91.0,1212.0,0.0,0.0,767.0
multiple_runs_NB_ModerateThreat_Series_20260501_185726.csv,multiple_runs_NB_ModerateThreat_Series_20260501_185726.csv,NB,Moderate adversity,190,656.0,1216.0,47.40853658536585,311.0,656.0,1.2195121951219512,8.0,656.0,89.80263157894737,1092.0,1216.0,28.96341463414634,190.0,656.0,3.353658536585366,22.0,656.0,12.5,82.0,656.0,1.0670731707317074,7.0,656.0,1.524390243902439,10.0,656.0,3.9634146341463414,26.0,656.0,10.197368421052632,124.0,1216.0,0.0,0.0,656.0
multiple_runs_NB_ModerateThreat_Series_20260501_185726.csv,multiple_runs_NB_ModerateThreat_Series_20260501_185726.csv,NB,Moderate adversity,191,752.0,1209.0,14.760638297872342,111.0,752.0,0.26595744680851063,2.0,752.0,86.26964433416046,1043.0,1209.0,8.377659574468085,63.0,752.0,37.765957446808514,284.0,752.0,33.51063829787234,252.0,752.0,0.13297872340425532,1.0,752.0,3.324468085106383,25.0,752.0,1.8617021276595744,14.0,752.0,13.730355665839536,166.0,1209.0,0.0,0.0,752.0
multiple_runs_NB_ModerateThreat_Series_20260501_185726.csv,multiple_runs_NB_ModerateThreat_Series_20260501_185726.csv,NB,Moderate adversity,192,668.0,1195.0,22.15568862275449,148.0,668.0,0.5988023952095809,4.0,668.0,83.17991631799163,994.0,1195.0,21.706586826347305,145.0,668.0,22.005988023952096,147.0,668.0,32.48502994011976,217.0,668.0,0.0,0.0,668.0,0.0,0.0,668.0,1.0479041916167664,7.0,668.0,16.82008368200837,201.0,1195.0,0.0,0.0,668.0
multiple_runs_NB_ModerateThreat_Series_20260501_185726.csv,multiple_runs_NB_ModerateThreat_Series_20260501_185726.csv,NB,Moderate adversity,193,551.0,1196.0,31.76043557168784,175.0,551.0,2.722323049001815,15.0,551.0,86.45484949832776,1034.0,1196.0,4.71869328493648,26.0,551.0,15.789473684210526,87.0,551.0,33.39382940108893,184.0,551.0,1.2704174228675136,7.0,551.0,5.9891107078039925,33.0,551.0,4.3557168784029034,24.0,551.0,13.54515050167224,162.0,1196.0,0.0,0.0,551.0
multiple_runs_NB_ModerateThreat_Series_20260501_185726.csv,multiple_runs_NB_ModerateThreat_Series_20260501_185726.csv,NB,Moderate adversity,194,711.0,1179.0,31.223628691983123,222.0,711.0,0.8438818565400843,6.0,711.0,88.04071246819338,1038.0,1179.0,2.6722925457102673,19.0,711.0,35.86497890295359,255.0,711.0,23.066104078762308,164.0,711.0,0.0,0.0,711.0,1.969057665260197,14.0,711.0,4.360056258790436,31.0,711.0,11.959287531806616,141.0,1179.0,0.0,0.0,711.0
multiple_runs_NB_ModerateThreat_Series_20260501_185726.csv,multiple_runs_NB_ModerateThreat_Series_20260501_185726.csv,NB,Moderate adversity,195,639.0,1190.0,20.970266040688575,134.0,639.0,1.0954616588419406,7.0,639.0,88.15126050420167,1049.0,1190.0,34.42879499217527,220.0,639.0,0.7824726134585289,5.0,639.0,36.15023474178404,231.0,639.0,0.1564945226917058,1.0,639.0,4.225352112676056,27.0,639.0,2.190923317683881,14.0,639.0,11.848739495798318,141.0,1190.0,0.0,0.0,639.0
multiple_runs_NB_ModerateThreat_Series_20260501_185726.csv,multiple_runs_NB_ModerateThreat_Series_20260501_185726.csv,NB,Moderate adversity,196,731.0,1220.0,28.0437756497948,205.0,731.0,0.27359781121751026,2.0,731.0,85.65573770491804,1045.0,1220.0,9.165526675786593,67.0,731.0,35.294117647058826,258.0,731.0,24.076607387140903,176.0,731.0,0.0,0.0,731.0,0.4103967168262654,3.0,731.0,2.7359781121751023,20.0,731.0,14.344262295081966,175.0,1220.0,0.0,0.0,731.0
multiple_runs_NB_ModerateThreat_Series_20260501_185726.csv,multiple_runs_NB_ModerateThreat_Series_20260501_185726.csv,NB,Moderate adversity,197,773.0,1195.0,31.82406209573092,246.0,773.0,1.034928848641656,8.0,773.0,89.1213389121339,1065.0,1195.0,2.846054333764554,22.0,773.0,42.04398447606727,325.0,773.0,16.429495472186286,127.0,773.0,2.069857697283312,16.0,773.0,2.58732212160414,20.0,773.0,1.1642949547218628,9.0,773.0,10.87866108786611,130.0,1195.0,0.0,0.0,773.0
multiple_runs_NB_ModerateThreat_Series_20260501_185726.csv,multiple_runs_NB_ModerateThreat_Series_20260501_185726.csv,NB,Moderate adversity,198,672.0,1203.0,21.726190476190478,146.0,672.0,0.0,0.0,672.0,81.21363258520365,977.0,1203.0,36.75595238095239,247.0,672.0,1.0416666666666665,7.0,672.0,36.30952380952381,244.0,672.0,0.0,0.0,672.0,0.8928571428571428,6.0,672.0,3.273809523809524,22.0,672.0,18.78636741479634,226.0,1203.0,0.0,0.0,672.0
multiple_runs_NB_ModerateThreat_Series_20260501_185726.csv,multiple_runs_NB_ModerateThreat_Series_20260501_185726.csv,NB,Moderate adversity,199,644.0,1197.0,42.391304347826086,273.0,644.0,0.7763975155279503,5.0,644.0,94.15204678362574,1127.0,1197.0,30.27950310559006,195.0,644.0,4.503105590062112,29.0,644.0,18.788819875776397,121.0,644.0,0.4658385093167702,3.0,644.0,1.2422360248447204,8.0,644.0,1.5527950310559007,10.0,644.0,5.847953216374268,70.0,1197.0,0.0,0.0,644.0
multiple_runs_NB_ModerateThreat_Series_20260501_185726.csv,multiple_runs_NB_ModerateThreat_Series_20260501_185726.csv,NB,Moderate adversity,200,747.0,1197.0,32.1285140562249,240.0,747.0,0.13386880856760375,1.0,747.0,86.88387635756057,1040.0,1197.0,15.261044176706829,114.0,747.0,28.11244979919679,210.0,747.0,3.3467202141900936,25.0,747.0,1.2048192771084338,9.0,747.0,18.072289156626507,135.0,747.0,1.7402945113788488,13.0,747.0,13.116123642439431,157.0,1197.0,0.0,0.0,747.0
