source_file,source_path,agent_type,condition,run,fight_count,flee_count,cry_count,chase_count
multiple_runs_NB_HighThreat_2_20260407_101013.csv,multiple_runs_NB_HighThreat_2_20260407_101013.csv,NB,ACE,1,4.992319508448541,71.50537634408603,5.376344086021505,18.125960061443934
multiple_runs_NB_HighThreat_2_20260407_101013.csv,multiple_runs_NB_HighThreat_2_20260407_101013.csv,NB,ACE,2,6.112702960840497,68.38586437440306,7.831900668576887,17.66953199617956
multiple_runs_NB_HighThreat_2_20260407_101013.csv,multiple_runs_NB_HighThreat_2_20260407_101013.csv,NB,ACE,3,5.5762081784386615,75.37174721189591,9.200743494423792,9.851301115241636
multiple_runs_NB_HighThreat_2_20260407_101013.csv,multiple_runs_NB_HighThreat_2_20260407_101013.csv,NB,ACE,4,5.223171889838556,66.66666666666666,7.027540360873694,21.082621082621085
multiple_runs_NB_HighThreat_2_20260407_101013.csv,multiple_runs_NB_HighThreat_2_20260407_101013.csv,NB,ACE,5,4.520795660036167,76.67269439421338,8.95117540687161,9.855334538878843
multiple_runs_NB_HighThreat_2_20260407_101013.csv,multiple_runs_NB_HighThreat_2_20260407_101013.csv,NB,ACE,6,5.545454545454546,69.18181818181817,6.636363636363636,18.636363636363637
multiple_runs_NB_HighThreat_2_20260407_101013.csv,multiple_runs_NB_HighThreat_2_20260407_101013.csv,NB,ACE,7,4.583723105706268,28.999064546304957,30.963517305893358,35.45369504209542
multiple_runs_NB_HighThreat_2_20260407_101013.csv,multiple_runs_NB_HighThreat_2_20260407_101013.csv,NB,ACE,8,4.6018991964937905,72.60774287801314,5.551497443389335,17.23886048210373
multiple_runs_NB_HighThreat_2_20260407_101013.csv,multiple_runs_NB_HighThreat_2_20260407_101013.csv,NB,ACE,9,4.9733570159857905,67.85079928952042,8.880994671403197,18.29484902309059
multiple_runs_NB_HighThreat_2_20260407_101013.csv,multiple_runs_NB_HighThreat_2_20260407_101013.csv,NB,ACE,10,5.965909090909091,46.11742424242424,26.23106060606061,21.685606060606062
multiple_runs_NB_HighThreat_2_20260407_101013.csv,multiple_runs_NB_HighThreat_2_20260407_101013.csv,NB,ACE,11,5.057251908396947,75.76335877862596,13.549618320610687,5.629770992366412
multiple_runs_NB_HighThreat_2_20260407_101013.csv,multiple_runs_NB_HighThreat_2_20260407_101013.csv,NB,ACE,12,4.864359214218896,71.09448082319925,5.332086061739944,18.709073900841908
multiple_runs_NB_HighThreat_2_20260407_101013.csv,multiple_runs_NB_HighThreat_2_20260407_101013.csv,NB,ACE,13,5.184534270650263,73.4622144112478,6.151142355008787,15.202108963093147
multiple_runs_NB_HighThreat_2_20260407_101013.csv,multiple_runs_NB_HighThreat_2_20260407_101013.csv,NB,ACE,14,7.122507122507122,70.65527065527066,16.524216524216524,5.698005698005698
multiple_runs_NB_HighThreat_2_20260407_101013.csv,multiple_runs_NB_HighThreat_2_20260407_101013.csv,NB,ACE,15,5.727699530516432,22.253521126760564,33.52112676056338,38.497652582159624
multiple_runs_NB_HighThreat_2_20260407_101013.csv,multiple_runs_NB_HighThreat_2_20260407_101013.csv,NB,ACE,16,5.680793507664562,69.97294860234446,5.320108205590622,19.026149684400362
multiple_runs_NB_HighThreat_2_20260407_101013.csv,multiple_runs_NB_HighThreat_2_20260407_101013.csv,NB,ACE,17,4.844606946983546,69.01279707495429,6.6727605118829985,19.46983546617916
multiple_runs_NB_HighThreat_2_20260407_101013.csv,multiple_runs_NB_HighThreat_2_20260407_101013.csv,NB,ACE,18,4.7272727272727275,70.36363636363636,6.8181818181818175,18.09090909090909
multiple_runs_NB_HighThreat_2_20260407_101013.csv,multiple_runs_NB_HighThreat_2_20260407_101013.csv,NB,ACE,19,6.941838649155723,62.19512195121951,8.536585365853659,22.326454033771107
multiple_runs_NB_HighThreat_2_20260407_101013.csv,multiple_runs_NB_HighThreat_2_20260407_101013.csv,NB,ACE,20,5.785123966942149,61.98347107438017,10.1010101010101,22.130394857667586
multiple_runs_NB_HighThreat_2_20260407_101013.csv,multiple_runs_NB_HighThreat_2_20260407_101013.csv,NB,ACE,21,6.666666666666667,19.090909090909093,42.12121212121212,32.121212121212125
multiple_runs_NB_HighThreat_2_20260407_101013.csv,multiple_runs_NB_HighThreat_2_20260407_101013.csv,NB,ACE,22,7.90273556231003,9.72644376899696,39.00709219858156,43.363728470111454
multiple_runs_NB_HighThreat_2_20260407_101013.csv,multiple_runs_NB_HighThreat_2_20260407_101013.csv,NB,ACE,23,5.294117647058823,73.72549019607844,13.529411764705882,7.450980392156863
multiple_runs_NB_HighThreat_2_20260407_101013.csv,multiple_runs_NB_HighThreat_2_20260407_101013.csv,NB,ACE,24,5.169340463458111,49.19786096256685,8.467023172905526,37.16577540106952
multiple_runs_NB_HighThreat_2_20260407_101013.csv,multiple_runs_NB_HighThreat_2_20260407_101013.csv,NB,ACE,25,3.9391226499552374,52.28290062667861,9.489704565801253,34.28827215756491
multiple_runs_NB_HighThreat_2_20260407_101013.csv,multiple_runs_NB_HighThreat_2_20260407_101013.csv,NB,ACE,26,6.474820143884892,42.65159301130524,43.26824254881809,7.605344295991778
multiple_runs_NB_HighThreat_2_20260407_101013.csv,multiple_runs_NB_HighThreat_2_20260407_101013.csv,NB,ACE,27,5.748175182481752,60.76642335766424,9.58029197080292,23.905109489051096
multiple_runs_NB_HighThreat_2_20260407_101013.csv,multiple_runs_NB_HighThreat_2_20260407_101013.csv,NB,ACE,28,4.253393665158371,75.1131221719457,6.877828054298643,13.755656108597286
multiple_runs_NB_HighThreat_2_20260407_101013.csv,multiple_runs_NB_HighThreat_2_20260407_101013.csv,NB,ACE,29,5.656934306569343,40.05474452554745,17.062043795620436,37.22627737226277
multiple_runs_NB_HighThreat_2_20260407_101013.csv,multiple_runs_NB_HighThreat_2_20260407_101013.csv,NB,ACE,30,5.520361990950226,68.05429864253394,6.6968325791855206,19.728506787330318
multiple_runs_NB_HighThreat_2_20260407_101013.csv,multiple_runs_NB_HighThreat_2_20260407_101013.csv,NB,ACE,31,5.581835383159887,60.264900662251655,10.122989593188269,24.03027436140019
multiple_runs_NB_HighThreat_2_20260407_101013.csv,multiple_runs_NB_HighThreat_2_20260407_101013.csv,NB,ACE,32,5.750487329434698,8.187134502923977,40.93567251461988,45.126705653021446
multiple_runs_NB_HighThreat_2_20260407_101013.csv,multiple_runs_NB_HighThreat_2_20260407_101013.csv,NB,ACE,33,3.6666666666666665,72.33333333333334,10.083333333333332,13.916666666666666
multiple_runs_NB_HighThreat_2_20260407_101013.csv,multiple_runs_NB_HighThreat_2_20260407_101013.csv,NB,ACE,34,4.203323558162268,42.619745845552295,36.75464320625611,16.422287390029325
multiple_runs_NB_HighThreat_2_20260407_101013.csv,multiple_runs_NB_HighThreat_2_20260407_101013.csv,NB,ACE,35,5.448449287510478,56.32858340318525,5.029337803855825,33.19362950544845
multiple_runs_NB_HighThreat_2_20260407_101013.csv,multiple_runs_NB_HighThreat_2_20260407_101013.csv,NB,ACE,36,7.015810276679842,80.9288537549407,7.5098814229249005,4.545454545454546
multiple_runs_NB_HighThreat_2_20260407_101013.csv,multiple_runs_NB_HighThreat_2_20260407_101013.csv,NB,ACE,37,5.83804143126177,66.85499058380414,7.8154425612052725,19.491525423728813
multiple_runs_NB_HighThreat_2_20260407_101013.csv,multiple_runs_NB_HighThreat_2_20260407_101013.csv,NB,ACE,38,5.858170606372045,52.20966084275437,36.896197327852,5.0359712230215825
multiple_runs_NB_HighThreat_2_20260407_101013.csv,multiple_runs_NB_HighThreat_2_20260407_101013.csv,NB,ACE,39,5.950095969289827,36.94817658349328,35.892514395393476,21.20921305182342
multiple_runs_NB_HighThreat_2_20260407_101013.csv,multiple_runs_NB_HighThreat_2_20260407_101013.csv,NB,ACE,40,5.3406998158379375,67.77163904235728,6.169429097605893,20.718232044198896
multiple_runs_NB_HighThreat_2_20260407_101013.csv,multiple_runs_NB_HighThreat_2_20260407_101013.csv,NB,ACE,41,6.906906906906906,8.208208208208207,39.13913913913914,45.74574574574575
multiple_runs_NB_HighThreat_2_20260407_101013.csv,multiple_runs_NB_HighThreat_2_20260407_101013.csv,NB,ACE,42,5.48604427333975,37.632338787295474,30.60635226179018,26.27526467757459
multiple_runs_NB_HighThreat_2_20260407_101013.csv,multiple_runs_NB_HighThreat_2_20260407_101013.csv,NB,ACE,43,6.423611111111111,65.71180555555556,7.118055555555555,20.74652777777778
multiple_runs_NB_HighThreat_2_20260407_101013.csv,multiple_runs_NB_HighThreat_2_20260407_101013.csv,NB,ACE,44,5.343511450381679,71.0771840542833,7.124681933842239,16.45462256149279
multiple_runs_NB_HighThreat_2_20260407_101013.csv,multiple_runs_NB_HighThreat_2_20260407_101013.csv,NB,ACE,45,4.005934718100891,79.74777448071217,4.747774480712167,11.498516320474778
multiple_runs_NB_HighThreat_2_20260407_101013.csv,multiple_runs_NB_HighThreat_2_20260407_101013.csv,NB,ACE,46,4.898336414048059,67.9297597042514,6.099815157116451,21.072088724584106
multiple_runs_NB_HighThreat_2_20260407_101013.csv,multiple_runs_NB_HighThreat_2_20260407_101013.csv,NB,ACE,47,6.536585365853659,9.75609756097561,39.90243902439025,43.80487804878049
multiple_runs_NB_HighThreat_2_20260407_101013.csv,multiple_runs_NB_HighThreat_2_20260407_101013.csv,NB,ACE,48,5.8505850585058505,65.61656165616562,6.390639063906391,22.142214221422144
multiple_runs_NB_HighThreat_2_20260407_101013.csv,multiple_runs_NB_HighThreat_2_20260407_101013.csv,NB,ACE,49,5.057251908396947,62.5,9.351145038167939,23.091603053435115
multiple_runs_NB_HighThreat_2_20260407_101013.csv,multiple_runs_NB_HighThreat_2_20260407_101013.csv,NB,ACE,50,4.23572744014733,67.03499079189686,7.826887661141805,20.902394106813997
multiple_runs_NB_HighThreat_2_20260407_101013.csv,multiple_runs_NB_HighThreat_2_20260407_101013.csv,NB,ACE,51,6.111111111111111,75.37037037037037,8.981481481481483,9.537037037037036
multiple_runs_NB_HighThreat_2_20260407_101013.csv,multiple_runs_NB_HighThreat_2_20260407_101013.csv,NB,ACE,52,6.686046511627906,63.08139534883721,9.980620155038759,20.251937984496124
multiple_runs_NB_HighThreat_2_20260407_101013.csv,multiple_runs_NB_HighThreat_2_20260407_101013.csv,NB,ACE,53,5.263157894736842,67.61819803746654,10.16949152542373,16.94915254237288
multiple_runs_NB_HighThreat_2_20260407_101013.csv,multiple_runs_NB_HighThreat_2_20260407_101013.csv,NB,ACE,54,6.313645621181263,7.739307535641547,37.4745417515275,48.472505091649694
multiple_runs_NB_HighThreat_2_20260407_101013.csv,multiple_runs_NB_HighThreat_2_20260407_101013.csv,NB,ACE,55,4.591836734693878,69.64285714285714,7.142857142857142,18.622448979591837
multiple_runs_NB_HighThreat_2_20260407_101013.csv,multiple_runs_NB_HighThreat_2_20260407_101013.csv,NB,ACE,56,4.466727438468551,70.19143117593437,4.557885141294439,20.783956244302644
multiple_runs_NB_HighThreat_2_20260407_101013.csv,multiple_runs_NB_HighThreat_2_20260407_101013.csv,NB,ACE,57,4.553415061295972,68.38879159369527,11.29597197898424,15.761821366024517
multiple_runs_NB_HighThreat_2_20260407_101013.csv,multiple_runs_NB_HighThreat_2_20260407_101013.csv,NB,ACE,58,5.420054200542006,20.59620596205962,36.58536585365854,37.39837398373984
multiple_runs_NB_HighThreat_2_20260407_101013.csv,multiple_runs_NB_HighThreat_2_20260407_101013.csv,NB,ACE,59,4.545454545454546,10.474308300395258,37.351778656126484,47.62845849802372
multiple_runs_NB_HighThreat_2_20260407_101013.csv,multiple_runs_NB_HighThreat_2_20260407_101013.csv,NB,ACE,60,5.445544554455446,51.4026402640264,5.775577557755775,37.37623762376238
multiple_runs_NB_HighThreat_2_20260407_101013.csv,multiple_runs_NB_HighThreat_2_20260407_101013.csv,NB,ACE,61,5.798394290811775,61.37377341659233,13.02408563782337,19.803746654772524
multiple_runs_NB_HighThreat_2_20260407_101013.csv,multiple_runs_NB_HighThreat_2_20260407_101013.csv,NB,ACE,62,6.954887218045112,61.278195488721806,6.015037593984962,25.75187969924812
multiple_runs_NB_HighThreat_2_20260407_101013.csv,multiple_runs_NB_HighThreat_2_20260407_101013.csv,NB,ACE,63,4.090513489991297,71.62750217580505,5.7441253263707575,18.5378590078329
multiple_runs_NB_HighThreat_2_20260407_101013.csv,multiple_runs_NB_HighThreat_2_20260407_101013.csv,NB,ACE,64,6.594399277326106,63.50496838301717,8.672086720867208,21.22854561878952
multiple_runs_NB_HighThreat_2_20260407_101013.csv,multiple_runs_NB_HighThreat_2_20260407_101013.csv,NB,ACE,65,4.403048264182896,78.91617273497037,8.128704487722269,8.55207451312447
multiple_runs_NB_HighThreat_2_20260407_101013.csv,multiple_runs_NB_HighThreat_2_20260407_101013.csv,NB,ACE,66,4.534792806880375,73.10398749022674,6.020328381548085,16.3408913213448
multiple_runs_NB_HighThreat_2_20260407_101013.csv,multiple_runs_NB_HighThreat_2_20260407_101013.csv,NB,ACE,67,6.448311156601842,44.21699078812692,43.398157625383824,5.93654042988741
multiple_runs_NB_HighThreat_2_20260407_101013.csv,multiple_runs_NB_HighThreat_2_20260407_101013.csv,NB,ACE,68,6.0576923076923075,61.15384615384616,7.211538461538461,25.576923076923073
multiple_runs_NB_HighThreat_2_20260407_101013.csv,multiple_runs_NB_HighThreat_2_20260407_101013.csv,NB,ACE,69,6.0606060606060606,15.053763440860216,34.31085043988269,44.57478005865102
multiple_runs_NB_HighThreat_2_20260407_101013.csv,multiple_runs_NB_HighThreat_2_20260407_101013.csv,NB,ACE,70,6.175298804780876,29.681274900398407,26.195219123505975,37.94820717131474
multiple_runs_NB_HighThreat_2_20260407_101013.csv,multiple_runs_NB_HighThreat_2_20260407_101013.csv,NB,ACE,71,6.679574056147144,71.8296224588577,8.906098741529526,12.584704743465633
multiple_runs_NB_HighThreat_2_20260407_101013.csv,multiple_runs_NB_HighThreat_2_20260407_101013.csv,NB,ACE,72,4.882459312839059,81.8264014466546,7.775768535262206,5.5153707052441225
multiple_runs_NB_HighThreat_2_20260407_101013.csv,multiple_runs_NB_HighThreat_2_20260407_101013.csv,NB,ACE,73,5.268490374873354,24.41742654508612,46.403242147923,23.910840932117527
multiple_runs_NB_HighThreat_2_20260407_101013.csv,multiple_runs_NB_HighThreat_2_20260407_101013.csv,NB,ACE,74,6.5979381443298974,49.27835051546392,34.22680412371134,9.896907216494846
multiple_runs_NB_HighThreat_2_20260407_101013.csv,multiple_runs_NB_HighThreat_2_20260407_101013.csv,NB,ACE,75,4.661389621811785,71.2401055408971,7.387862796833773,16.710642040457344
multiple_runs_NB_HighThreat_2_20260407_101013.csv,multiple_runs_NB_HighThreat_2_20260407_101013.csv,NB,ACE,76,5.029585798816568,58.18540433925049,8.777120315581854,28.007889546351084
multiple_runs_NB_HighThreat_2_20260407_101013.csv,multiple_runs_NB_HighThreat_2_20260407_101013.csv,NB,ACE,77,4.533565823888405,83.60941586748038,6.713164777680906,5.143853530950305
multiple_runs_NB_HighThreat_2_20260407_101013.csv,multiple_runs_NB_HighThreat_2_20260407_101013.csv,NB,ACE,78,6.606606606606606,16.116116116116117,41.04104104104104,36.23623623623624
multiple_runs_NB_HighThreat_2_20260407_101013.csv,multiple_runs_NB_HighThreat_2_20260407_101013.csv,NB,ACE,79,7.504873294346978,39.57115009746588,18.03118908382066,34.89278752436647
multiple_runs_NB_HighThreat_2_20260407_101013.csv,multiple_runs_NB_HighThreat_2_20260407_101013.csv,NB,ACE,80,6.759443339960239,51.39165009940358,30.417495029821072,11.43141153081511
multiple_runs_NB_HighThreat_2_20260407_101013.csv,multiple_runs_NB_HighThreat_2_20260407_101013.csv,NB,ACE,81,5.41871921182266,76.84729064039408,8.374384236453201,9.35960591133005
multiple_runs_NB_HighThreat_2_20260407_101013.csv,multiple_runs_NB_HighThreat_2_20260407_101013.csv,NB,ACE,82,5.841584158415842,12.376237623762377,35.445544554455445,46.33663366336634
multiple_runs_NB_HighThreat_2_20260407_101013.csv,multiple_runs_NB_HighThreat_2_20260407_101013.csv,NB,ACE,83,6.565176022835395,79.7335870599429,7.897240723120837,5.803996194100856
multiple_runs_NB_HighThreat_2_20260407_101013.csv,multiple_runs_NB_HighThreat_2_20260407_101013.csv,NB,ACE,84,7.022749752720079,74.1839762611276,9.099901088031652,9.693372898120673
multiple_runs_NB_HighThreat_2_20260407_101013.csv,multiple_runs_NB_HighThreat_2_20260407_101013.csv,NB,ACE,85,5.254091300602928,69.68130921619293,6.546080964685616,18.51851851851852
multiple_runs_NB_HighThreat_2_20260407_101013.csv,multiple_runs_NB_HighThreat_2_20260407_101013.csv,NB,ACE,86,4.841402337228715,68.69782971619365,9.766277128547578,16.69449081803005
multiple_runs_NB_HighThreat_2_20260407_101013.csv,multiple_runs_NB_HighThreat_2_20260407_101013.csv,NB,ACE,87,7.887579329102448,78.33182230281052,6.43699002719855,7.343608340888485
multiple_runs_NB_HighThreat_2_20260407_101013.csv,multiple_runs_NB_HighThreat_2_20260407_101013.csv,NB,ACE,88,5.152671755725191,69.94274809160305,12.5,12.404580152671755
multiple_runs_NB_HighThreat_2_20260407_101013.csv,multiple_runs_NB_HighThreat_2_20260407_101013.csv,NB,ACE,89,5.8171745152354575,64.1735918744229,9.141274238227147,20.8679593721145
multiple_runs_NB_HighThreat_2_20260407_101013.csv,multiple_runs_NB_HighThreat_2_20260407_101013.csv,NB,ACE,90,6.1284046692607,66.53696498054474,7.101167315175097,20.233463035019454
multiple_runs_NB_HighThreat_2_20260407_101013.csv,multiple_runs_NB_HighThreat_2_20260407_101013.csv,NB,ACE,91,6.947162426614481,72.89628180039139,9.882583170254403,10.273972602739725
multiple_runs_NB_HighThreat_2_20260407_101013.csv,multiple_runs_NB_HighThreat_2_20260407_101013.csv,NB,ACE,92,4.291497975708502,80.5668016194332,7.773279352226721,7.368421052631578
multiple_runs_NB_HighThreat_2_20260407_101013.csv,multiple_runs_NB_HighThreat_2_20260407_101013.csv,NB,ACE,93,4.436229205175601,66.26617375231054,6.1922365988909425,23.10536044362292
multiple_runs_NB_HighThreat_2_20260407_101013.csv,multiple_runs_NB_HighThreat_2_20260407_101013.csv,NB,ACE,94,4.439959636730576,25.731584258324926,43.390514631685164,26.437941473259336
multiple_runs_NB_HighThreat_2_20260407_101013.csv,multiple_runs_NB_HighThreat_2_20260407_101013.csv,NB,ACE,95,7.560483870967742,6.754032258064516,39.314516129032256,46.37096774193548
multiple_runs_NB_HighThreat_2_20260407_101013.csv,multiple_runs_NB_HighThreat_2_20260407_101013.csv,NB,ACE,96,6.051873198847262,79.05859750240154,8.93371757925072,5.95581171950048
multiple_runs_NB_HighThreat_2_20260407_101013.csv,multiple_runs_NB_HighThreat_2_20260407_101013.csv,NB,ACE,97,6.132075471698113,66.79245283018868,7.547169811320755,19.528301886792455
multiple_runs_NB_HighThreat_2_20260407_101013.csv,multiple_runs_NB_HighThreat_2_20260407_101013.csv,NB,ACE,98,5.372290292177191,63.71347785108389,7.634307257304431,23.279924599434494
multiple_runs_NB_HighThreat_2_20260407_101013.csv,multiple_runs_NB_HighThreat_2_20260407_101013.csv,NB,ACE,99,5.95903165735568,56.98324022346368,15.456238361266294,21.601489757914337
multiple_runs_NB_HighThreat_2_20260407_101013.csv,multiple_runs_NB_HighThreat_2_20260407_101013.csv,NB,ACE,100,4.512489927477841,69.86301369863014,7.4939564867042705,18.13053988718775
multiple_runs_NB_HighThreat_2_20260407_101013.csv,multiple_runs_NB_HighThreat_2_20260407_101013.csv,NB,ACE,101,5.7324840764331215,67.69790718835304,6.6424021838034575,19.92720655141037
multiple_runs_NB_HighThreat_2_20260407_101013.csv,multiple_runs_NB_HighThreat_2_20260407_101013.csv,NB,ACE,102,6.022944550669216,64.05353728489483,7.839388145315487,22.084130019120458
multiple_runs_NB_HighThreat_2_20260407_101013.csv,multiple_runs_NB_HighThreat_2_20260407_101013.csv,NB,ACE,103,5.030181086519115,27.76659959758551,32.59557344064387,34.60764587525151
multiple_runs_NB_HighThreat_2_20260407_101013.csv,multiple_runs_NB_HighThreat_2_20260407_101013.csv,NB,ACE,104,4.098360655737705,77.23132969034609,10.4735883424408,8.19672131147541
multiple_runs_NB_HighThreat_2_20260407_101013.csv,multiple_runs_NB_HighThreat_2_20260407_101013.csv,NB,ACE,105,4.7664442326024785,71.87797902764538,7.626310772163966,15.72926596758818
multiple_runs_NB_HighThreat_2_20260407_101013.csv,multiple_runs_NB_HighThreat_2_20260407_101013.csv,NB,ACE,106,5.28673835125448,68.99641577060932,5.555555555555555,20.161290322580644
multiple_runs_NB_HighThreat_2_20260407_101013.csv,multiple_runs_NB_HighThreat_2_20260407_101013.csv,NB,ACE,107,6.474820143884892,37.51284686536485,28.776978417266186,27.235354573484074
multiple_runs_NB_HighThreat_2_20260407_101013.csv,multiple_runs_NB_HighThreat_2_20260407_101013.csv,NB,ACE,108,4.44064901793339,73.09991460290351,6.31938514090521,16.1400512382579
multiple_runs_NB_HighThreat_2_20260407_101013.csv,multiple_runs_NB_HighThreat_2_20260407_101013.csv,NB,ACE,109,6.313645621181263,7.3319755600814664,39.81670061099796,46.537678207739305
multiple_runs_NB_HighThreat_2_20260407_101013.csv,multiple_runs_NB_HighThreat_2_20260407_101013.csv,NB,ACE,110,5.206286836935167,10.903732809430256,39.09626719056975,44.79371316306484
multiple_runs_NB_HighThreat_2_20260407_101013.csv,multiple_runs_NB_HighThreat_2_20260407_101013.csv,NB,ACE,111,6.380857427716849,40.07976071784646,22.033898305084744,31.505483549351943
multiple_runs_NB_HighThreat_2_20260407_101013.csv,multiple_runs_NB_HighThreat_2_20260407_101013.csv,NB,ACE,112,5.531547104580812,77.52808988764045,8.47018150388937,8.47018150388937
multiple_runs_NB_HighThreat_2_20260407_101013.csv,multiple_runs_NB_HighThreat_2_20260407_101013.csv,NB,ACE,113,6.321839080459771,66.18773946360153,8.333333333333332,19.157088122605366
multiple_runs_NB_HighThreat_2_20260407_101013.csv,multiple_runs_NB_HighThreat_2_20260407_101013.csv,NB,ACE,114,5.691854759568204,29.146221786064768,38.959764474975465,26.20215897939156
multiple_runs_NB_HighThreat_2_20260407_101013.csv,multiple_runs_NB_HighThreat_2_20260407_101013.csv,NB,ACE,115,6.086956521739131,26.3768115942029,39.710144927536234,27.82608695652174
multiple_runs_NB_HighThreat_2_20260407_101013.csv,multiple_runs_NB_HighThreat_2_20260407_101013.csv,NB,ACE,116,4.732142857142857,60.535714285714285,16.428571428571427,18.303571428571427
multiple_runs_NB_HighThreat_2_20260407_101013.csv,multiple_runs_NB_HighThreat_2_20260407_101013.csv,NB,ACE,117,5.5080721747388415,74.64387464387464,10.0664767331434,9.781576448243115
multiple_runs_NB_HighThreat_2_20260407_101013.csv,multiple_runs_NB_HighThreat_2_20260407_101013.csv,NB,ACE,118,6.1204343534057255,12.833168805528134,40.76999012833169,40.276406712734456
multiple_runs_NB_HighThreat_2_20260407_101013.csv,multiple_runs_NB_HighThreat_2_20260407_101013.csv,NB,ACE,119,5.294705294705294,71.62837162837162,17.08291708291708,5.994005994005994
multiple_runs_NB_HighThreat_2_20260407_101013.csv,multiple_runs_NB_HighThreat_2_20260407_101013.csv,NB,ACE,120,3.7307380373073804,59.854014598540154,22.62773722627737,13.7875101378751
multiple_runs_NB_HighThreat_2_20260407_101013.csv,multiple_runs_NB_HighThreat_2_20260407_101013.csv,NB,ACE,121,5.66873339238264,63.15323294951284,9.654561558901682,21.523472099202834
multiple_runs_NB_HighThreat_2_20260407_101013.csv,multiple_runs_NB_HighThreat_2_20260407_101013.csv,NB,ACE,122,4.9579045837231055,79.4200187090739,6.548175865294668,9.073900841908324
multiple_runs_NB_HighThreat_2_20260407_101013.csv,multiple_runs_NB_HighThreat_2_20260407_101013.csv,NB,ACE,123,5.480607082630692,69.30860033726813,5.649241146711636,19.561551433389546
multiple_runs_NB_HighThreat_2_20260407_101013.csv,multiple_runs_NB_HighThreat_2_20260407_101013.csv,NB,ACE,124,5.194805194805195,65.28138528138528,6.147186147186147,23.376623376623375
multiple_runs_NB_HighThreat_2_20260407_101013.csv,multiple_runs_NB_HighThreat_2_20260407_101013.csv,NB,ACE,125,6.628787878787879,79.92424242424242,6.25,7.196969696969697
multiple_runs_NB_HighThreat_2_20260407_101013.csv,multiple_runs_NB_HighThreat_2_20260407_101013.csv,NB,ACE,126,6.244424620874219,63.9607493309545,11.061552185548617,18.73327386262266
multiple_runs_NB_HighThreat_2_20260407_101013.csv,multiple_runs_NB_HighThreat_2_20260407_101013.csv,NB,ACE,127,4.913294797687861,74.56647398843931,10.01926782273603,10.500963391136802
multiple_runs_NB_HighThreat_2_20260407_101013.csv,multiple_runs_NB_HighThreat_2_20260407_101013.csv,NB,ACE,128,6.130268199233716,63.793103448275865,8.42911877394636,21.64750957854406
multiple_runs_NB_HighThreat_2_20260407_101013.csv,multiple_runs_NB_HighThreat_2_20260407_101013.csv,NB,ACE,129,6.156716417910448,73.22761194029852,5.8768656716417915,14.738805970149254
multiple_runs_NB_HighThreat_2_20260407_101013.csv,multiple_runs_NB_HighThreat_2_20260407_101013.csv,NB,ACE,130,5.9330143540669855,66.41148325358853,7.84688995215311,19.808612440191386
multiple_runs_NB_HighThreat_2_20260407_101013.csv,multiple_runs_NB_HighThreat_2_20260407_101013.csv,NB,ACE,131,5.081669691470054,64.42831215970962,7.713248638838476,22.77676950998185
multiple_runs_NB_HighThreat_2_20260407_101013.csv,multiple_runs_NB_HighThreat_2_20260407_101013.csv,NB,ACE,132,4.117647058823529,53.30882352941176,18.529411764705884,24.044117647058822
multiple_runs_NB_HighThreat_2_20260407_101013.csv,multiple_runs_NB_HighThreat_2_20260407_101013.csv,NB,ACE,133,5.084745762711865,66.19090098126674,9.634255129348796,19.090098126672615
multiple_runs_NB_HighThreat_2_20260407_101013.csv,multiple_runs_NB_HighThreat_2_20260407_101013.csv,NB,ACE,134,4.660194174757281,57.0873786407767,30.097087378640776,8.155339805825243
multiple_runs_NB_HighThreat_2_20260407_101013.csv,multiple_runs_NB_HighThreat_2_20260407_101013.csv,NB,ACE,135,5.522088353413655,57.22891566265061,31.72690763052209,5.522088353413655
multiple_runs_NB_HighThreat_2_20260407_101013.csv,multiple_runs_NB_HighThreat_2_20260407_101013.csv,NB,ACE,136,6.406685236768802,50.41782729805014,7.520891364902507,35.65459610027855
multiple_runs_NB_HighThreat_2_20260407_101013.csv,multiple_runs_NB_HighThreat_2_20260407_101013.csv,NB,ACE,137,6.454816285998014,7.447864945382324,38.92750744786495,47.16981132075472
multiple_runs_NB_HighThreat_2_20260407_101013.csv,multiple_runs_NB_HighThreat_2_20260407_101013.csv,NB,ACE,138,5.423406279733587,82.58801141769743,5.32825880114177,6.660323501427213
multiple_runs_NB_HighThreat_2_20260407_101013.csv,multiple_runs_NB_HighThreat_2_20260407_101013.csv,NB,ACE,139,3.7319762510602206,67.43002544529261,10.008481764206955,18.829516539440203
multiple_runs_NB_HighThreat_2_20260407_101013.csv,multiple_runs_NB_HighThreat_2_20260407_101013.csv,NB,ACE,140,5.180921052631579,69.73684210526315,4.194078947368421,20.888157894736842
multiple_runs_NB_HighThreat_2_20260407_101013.csv,multiple_runs_NB_HighThreat_2_20260407_101013.csv,NB,ACE,141,5.649717514124294,67.13747645951035,6.87382297551789,20.33898305084746
multiple_runs_NB_HighThreat_2_20260407_101013.csv,multiple_runs_NB_HighThreat_2_20260407_101013.csv,NB,ACE,142,6.075697211155378,18.326693227091635,36.15537848605578,39.44223107569721
multiple_runs_NB_HighThreat_2_20260407_101013.csv,multiple_runs_NB_HighThreat_2_20260407_101013.csv,NB,ACE,143,4.622871046228711,60.82725060827251,15.815085158150852,18.734793187347933
multiple_runs_NB_HighThreat_2_20260407_101013.csv,multiple_runs_NB_HighThreat_2_20260407_101013.csv,NB,ACE,144,5.093046033300686,76.29774730656219,7.933398628795299,10.675808031341822
multiple_runs_NB_HighThreat_2_20260407_101013.csv,multiple_runs_NB_HighThreat_2_20260407_101013.csv,NB,ACE,145,5.245346869712352,51.945854483925544,23.942470389170897,18.8663282571912
multiple_runs_NB_HighThreat_2_20260407_101013.csv,multiple_runs_NB_HighThreat_2_20260407_101013.csv,NB,ACE,146,5.588235294117648,66.76470588235294,6.176470588235294,21.470588235294116
multiple_runs_NB_HighThreat_2_20260407_101013.csv,multiple_runs_NB_HighThreat_2_20260407_101013.csv,NB,ACE,147,6.087824351297405,76.34730538922156,10.67864271457086,6.88622754491018
multiple_runs_NB_HighThreat_2_20260407_101013.csv,multiple_runs_NB_HighThreat_2_20260407_101013.csv,NB,ACE,148,7.2796934865900385,77.96934865900383,6.609195402298851,8.14176245210728
multiple_runs_NB_HighThreat_2_20260407_101013.csv,multiple_runs_NB_HighThreat_2_20260407_101013.csv,NB,ACE,149,5.600722673893405,68.83468834688347,5.871725383920506,19.69286359530262
multiple_runs_NB_HighThreat_2_20260407_101013.csv,multiple_runs_NB_HighThreat_2_20260407_101013.csv,NB,ACE,150,6.010452961672474,54.87804878048781,5.662020905923345,33.44947735191638
multiple_runs_NB_HighThreat_2_20260407_101013.csv,multiple_runs_NB_HighThreat_2_20260407_101013.csv,NB,ACE,151,5.555555555555555,77.96934865900383,7.471264367816093,9.003831417624522
multiple_runs_NB_HighThreat_2_20260407_101013.csv,multiple_runs_NB_HighThreat_2_20260407_101013.csv,NB,ACE,152,5.8171745152354575,65.28162511542013,7.940904893813482,20.960295475530934
multiple_runs_NB_HighThreat_2_20260407_101013.csv,multiple_runs_NB_HighThreat_2_20260407_101013.csv,NB,ACE,153,5.572065378900446,56.53789004457652,10.475482912332838,27.414561664190195
multiple_runs_NB_HighThreat_2_20260407_101013.csv,multiple_runs_NB_HighThreat_2_20260407_101013.csv,NB,ACE,154,5.966162065894924,62.8673196794301,8.726625111308994,22.439893143365982
multiple_runs_NB_HighThreat_2_20260407_101013.csv,multiple_runs_NB_HighThreat_2_20260407_101013.csv,NB,ACE,155,5.034129692832765,76.27986348122867,10.750853242320819,7.935153583617748
multiple_runs_NB_HighThreat_2_20260407_101013.csv,multiple_runs_NB_HighThreat_2_20260407_101013.csv,NB,ACE,156,6.110572259941804,80.79534432589719,7.371483996120272,5.722599418040737
multiple_runs_NB_HighThreat_2_20260407_101013.csv,multiple_runs_NB_HighThreat_2_20260407_101013.csv,NB,ACE,157,5.367231638418079,77.96610169491525,10.357815442561206,6.308851224105462
multiple_runs_NB_HighThreat_2_20260407_101013.csv,multiple_runs_NB_HighThreat_2_20260407_101013.csv,NB,ACE,158,5.053449951409135,78.81438289601554,6.608357628765791,9.523809523809524
multiple_runs_NB_HighThreat_2_20260407_101013.csv,multiple_runs_NB_HighThreat_2_20260407_101013.csv,NB,ACE,159,5.6091148115688,61.17440841367222,8.326029798422436,24.89044697633655
multiple_runs_NB_HighThreat_2_20260407_101013.csv,multiple_runs_NB_HighThreat_2_20260407_101013.csv,NB,ACE,160,5.935613682092555,29.77867203219316,32.09255533199195,32.19315895372233
multiple_runs_NB_HighThreat_2_20260407_101013.csv,multiple_runs_NB_HighThreat_2_20260407_101013.csv,NB,ACE,161,5.3744493392070485,71.98237885462555,9.779735682819384,12.863436123348018
multiple_runs_NB_HighThreat_2_20260407_101013.csv,multiple_runs_NB_HighThreat_2_20260407_101013.csv,NB,ACE,162,5.762081784386617,81.97026022304833,7.713754646840148,4.553903345724907
multiple_runs_NB_HighThreat_2_20260407_101013.csv,multiple_runs_NB_HighThreat_2_20260407_101013.csv,NB,ACE,163,4.6968403074295475,72.6729291204099,6.917164816396243,15.713065755764305
multiple_runs_NB_HighThreat_2_20260407_101013.csv,multiple_runs_NB_HighThreat_2_20260407_101013.csv,NB,ACE,164,6.170598911070781,68.05807622504537,17.33212341197822,8.439201451905626
multiple_runs_NB_HighThreat_2_20260407_101013.csv,multiple_runs_NB_HighThreat_2_20260407_101013.csv,NB,ACE,165,5.507246376811594,34.97584541062802,20.77294685990338,38.743961352657
multiple_runs_NB_HighThreat_2_20260407_101013.csv,multiple_runs_NB_HighThreat_2_20260407_101013.csv,NB,ACE,166,4.870466321243523,41.13989637305699,44.35233160621762,9.637305699481866
multiple_runs_NB_HighThreat_2_20260407_101013.csv,multiple_runs_NB_HighThreat_2_20260407_101013.csv,NB,ACE,167,4.450261780104712,69.19720767888307,9.07504363001745,17.277486910994764
multiple_runs_NB_HighThreat_2_20260407_101013.csv,multiple_runs_NB_HighThreat_2_20260407_101013.csv,NB,ACE,168,5.486725663716814,64.86725663716814,5.486725663716814,24.15929203539823
multiple_runs_NB_HighThreat_2_20260407_101013.csv,multiple_runs_NB_HighThreat_2_20260407_101013.csv,NB,ACE,169,6.01577909270217,30.96646942800789,38.16568047337278,24.85207100591716
multiple_runs_NB_HighThreat_2_20260407_101013.csv,multiple_runs_NB_HighThreat_2_20260407_101013.csv,NB,ACE,170,7.242063492063493,49.30555555555556,29.464285714285715,13.988095238095239
multiple_runs_NB_HighThreat_2_20260407_101013.csv,multiple_runs_NB_HighThreat_2_20260407_101013.csv,NB,ACE,171,5.451295799821269,65.50491510277034,10.187667560321715,18.856121537086683
multiple_runs_NB_HighThreat_2_20260407_101013.csv,multiple_runs_NB_HighThreat_2_20260407_101013.csv,NB,ACE,172,6.370070778564206,13.549039433771487,39.635995955510616,40.44489383215369
multiple_runs_NB_HighThreat_2_20260407_101013.csv,multiple_runs_NB_HighThreat_2_20260407_101013.csv,NB,ACE,173,5.315315315315315,63.153153153153156,12.432432432432433,19.0990990990991
multiple_runs_NB_HighThreat_2_20260407_101013.csv,multiple_runs_NB_HighThreat_2_20260407_101013.csv,NB,ACE,174,6.999041227229147,63.854266538830295,7.861936720997123,21.28475551294343
multiple_runs_NB_HighThreat_2_20260407_101013.csv,multiple_runs_NB_HighThreat_2_20260407_101013.csv,NB,ACE,175,5.042735042735043,58.20512820512821,8.461538461538462,28.29059829059829
multiple_runs_NB_HighThreat_2_20260407_101013.csv,multiple_runs_NB_HighThreat_2_20260407_101013.csv,NB,ACE,176,5.4404145077720205,81.26079447322971,8.203799654576857,5.094991364421416
multiple_runs_NB_HighThreat_2_20260407_101013.csv,multiple_runs_NB_HighThreat_2_20260407_101013.csv,NB,ACE,177,4.955401387512389,47.37363726461844,24.777006937561943,22.893954410307234
multiple_runs_NB_HighThreat_2_20260407_101013.csv,multiple_runs_NB_HighThreat_2_20260407_101013.csv,NB,ACE,178,7.25883476599809,60.74498567335244,10.69723018147087,21.298949379178605
multiple_runs_NB_HighThreat_2_20260407_101013.csv,multiple_runs_NB_HighThreat_2_20260407_101013.csv,NB,ACE,179,5.386178861788618,7.520325203252034,41.15853658536585,45.9349593495935
multiple_runs_NB_HighThreat_2_20260407_101013.csv,multiple_runs_NB_HighThreat_2_20260407_101013.csv,NB,ACE,180,4.194078947368421,81.08552631578947,6.661184210526317,8.05921052631579
multiple_runs_NB_HighThreat_2_20260407_101013.csv,multiple_runs_NB_HighThreat_2_20260407_101013.csv,NB,ACE,181,4.57290767903365,59.53408110440035,15.099223468507333,20.79378774805867
multiple_runs_NB_HighThreat_2_20260407_101013.csv,multiple_runs_NB_HighThreat_2_20260407_101013.csv,NB,ACE,182,5.228758169934641,80.95238095238095,7.749766573295985,6.069094304388422
multiple_runs_NB_HighThreat_2_20260407_101013.csv,multiple_runs_NB_HighThreat_2_20260407_101013.csv,NB,ACE,183,5.169628432956381,69.38610662358643,5.735056542810986,19.7092084006462
multiple_runs_NB_HighThreat_2_20260407_101013.csv,multiple_runs_NB_HighThreat_2_20260407_101013.csv,NB,ACE,184,5.555555555555555,65.20947176684882,7.377049180327869,21.85792349726776
multiple_runs_NB_HighThreat_2_20260407_101013.csv,multiple_runs_NB_HighThreat_2_20260407_101013.csv,NB,ACE,185,6.981132075471698,60.75471698113207,9.716981132075473,22.547169811320757
multiple_runs_NB_HighThreat_2_20260407_101013.csv,multiple_runs_NB_HighThreat_2_20260407_101013.csv,NB,ACE,186,6.551059730250482,37.090558766859345,25.818882466281313,30.539499036608863
multiple_runs_NB_HighThreat_2_20260407_101013.csv,multiple_runs_NB_HighThreat_2_20260407_101013.csv,NB,ACE,187,5.475504322766571,23.919308357348704,44.95677233429395,25.64841498559078
multiple_runs_NB_HighThreat_2_20260407_101013.csv,multiple_runs_NB_HighThreat_2_20260407_101013.csv,NB,ACE,188,4.38512869399428,69.49475691134414,10.581506196377502,15.538608198284079
multiple_runs_NB_HighThreat_2_20260407_101013.csv,multiple_runs_NB_HighThreat_2_20260407_101013.csv,NB,ACE,189,4.7713717693836974,24.950298210735586,41.35188866799205,28.926441351888666
multiple_runs_NB_HighThreat_2_20260407_101013.csv,multiple_runs_NB_HighThreat_2_20260407_101013.csv,NB,ACE,190,5.357142857142857,59.210526315789465,14.285714285714285,21.14661654135338
multiple_runs_NB_HighThreat_2_20260407_101013.csv,multiple_runs_NB_HighThreat_2_20260407_101013.csv,NB,ACE,191,4.953820319059614,58.52225020990765,9.403862300587742,27.120067170445004
multiple_runs_NB_HighThreat_2_20260407_101013.csv,multiple_runs_NB_HighThreat_2_20260407_101013.csv,NB,ACE,192,5.2823315118397085,57.377049180327866,9.927140255009109,27.413479052823313
multiple_runs_NB_HighThreat_2_20260407_101013.csv,multiple_runs_NB_HighThreat_2_20260407_101013.csv,NB,ACE,193,6.4485081809432145,67.56496631376324,16.45813282001925,9.528392685274301
multiple_runs_NB_HighThreat_2_20260407_101013.csv,multiple_runs_NB_HighThreat_2_20260407_101013.csv,NB,ACE,194,6.15539858728557,32.593340060544904,36.52875882946518,24.72250252270434
multiple_runs_NB_HighThreat_2_20260407_101013.csv,multiple_runs_NB_HighThreat_2_20260407_101013.csv,NB,ACE,195,6.063522617901828,43.888354186718,25.21655437921078,24.831568816169394
multiple_runs_NB_HighThreat_2_20260407_101013.csv,multiple_runs_NB_HighThreat_2_20260407_101013.csv,NB,ACE,196,7.149758454106281,59.90338164251207,6.570048309178745,26.3768115942029
multiple_runs_NB_HighThreat_2_20260407_101013.csv,multiple_runs_NB_HighThreat_2_20260407_101013.csv,NB,ACE,197,4.56989247311828,68.45878136200717,8.064516129032258,18.906810035842295
multiple_runs_NB_HighThreat_2_20260407_101013.csv,multiple_runs_NB_HighThreat_2_20260407_101013.csv,NB,ACE,198,5.928085519922255,35.08260447035958,37.80369290573372,21.18561710398445
multiple_runs_NB_HighThreat_2_20260407_101013.csv,multiple_runs_NB_HighThreat_2_20260407_101013.csv,NB,ACE,199,6.130268199233716,49.42528735632184,19.444444444444446,25.0
multiple_runs_NB_HighThreat_2_20260407_101013.csv,multiple_runs_NB_HighThreat_2_20260407_101013.csv,NB,ACE,200,4.741379310344827,82.58620689655173,8.189655172413794,4.482758620689655
multiple_runs_NB_LowThreat_2_20260407_130133.csv,multiple_runs_NB_LowThreat_2_20260407_130133.csv,NB,No ACE,1,6.769825918762089,14.506769825918761,30.851063829787233,47.87234042553192
multiple_runs_NB_LowThreat_2_20260407_130133.csv,multiple_runs_NB_LowThreat_2_20260407_130133.csv,NB,No ACE,2,9.33734939759036,34.13654618473896,46.4859437751004,10.040160642570282
multiple_runs_NB_LowThreat_2_20260407_130133.csv,multiple_runs_NB_LowThreat_2_20260407_130133.csv,NB,No ACE,3,6.373429084380611,10.412926391382406,39.67684021543986,43.53680430879713
multiple_runs_NB_LowThreat_2_20260407_130133.csv,multiple_runs_NB_LowThreat_2_20260407_130133.csv,NB,No ACE,4,13.431613431613432,39.14823914823915,6.6339066339066335,40.78624078624078
multiple_runs_NB_LowThreat_2_20260407_130133.csv,multiple_runs_NB_LowThreat_2_20260407_130133.csv,NB,No ACE,5,6.868131868131869,24.90842490842491,21.153846153846153,47.069597069597066
multiple_runs_NB_LowThreat_2_20260407_130133.csv,multiple_runs_NB_LowThreat_2_20260407_130133.csv,NB,No ACE,6,5.5417700578990905,44.83043837882548,11.993382961124896,37.634408602150536
multiple_runs_NB_LowThreat_2_20260407_130133.csv,multiple_runs_NB_LowThreat_2_20260407_130133.csv,NB,No ACE,7,7.491856677524431,12.160694896851249,29.42453854505972,50.9229098805646
multiple_runs_NB_LowThreat_2_20260407_130133.csv,multiple_runs_NB_LowThreat_2_20260407_130133.csv,NB,No ACE,8,5.070656691604322,19.201995012468828,7.148794679966749,68.5785536159601
multiple_runs_NB_LowThreat_2_20260407_130133.csv,multiple_runs_NB_LowThreat_2_20260407_130133.csv,NB,No ACE,9,7.898894154818326,25.118483412322274,36.413902053712484,30.568720379146917
multiple_runs_NB_LowThreat_2_20260407_130133.csv,multiple_runs_NB_LowThreat_2_20260407_130133.csv,NB,No ACE,10,6.132075471698113,16.430817610062892,41.0377358490566,36.39937106918239
multiple_runs_NB_LowThreat_2_20260407_130133.csv,multiple_runs_NB_LowThreat_2_20260407_130133.csv,NB,No ACE,11,7.29455216989843,23.822714681440445,28.254847645429365,40.62788550323177
multiple_runs_NB_LowThreat_2_20260407_130133.csv,multiple_runs_NB_LowThreat_2_20260407_130133.csv,NB,No ACE,12,6.588447653429603,33.12274368231047,13.989169675090253,46.29963898916967
multiple_runs_NB_LowThreat_2_20260407_130133.csv,multiple_runs_NB_LowThreat_2_20260407_130133.csv,NB,No ACE,13,5.825242718446602,27.427184466019416,25.64724919093851,41.10032362459547
multiple_runs_NB_LowThreat_2_20260407_130133.csv,multiple_runs_NB_LowThreat_2_20260407_130133.csv,NB,No ACE,14,4.358759430008382,50.04191114836547,26.152556580050295,19.44677284157586
multiple_runs_NB_LowThreat_2_20260407_130133.csv,multiple_runs_NB_LowThreat_2_20260407_130133.csv,NB,No ACE,15,7.17372515125324,22.12618841832325,36.90579083837511,33.7942955920484
multiple_runs_NB_LowThreat_2_20260407_130133.csv,multiple_runs_NB_LowThreat_2_20260407_130133.csv,NB,No ACE,16,5.812973883740522,18.53411962931761,33.52990732940185,42.122999157540015
multiple_runs_NB_LowThreat_2_20260407_130133.csv,multiple_runs_NB_LowThreat_2_20260407_130133.csv,NB,No ACE,17,6.890894175553733,13.61771944216571,37.735849056603776,41.755537325676784
multiple_runs_NB_LowThreat_2_20260407_130133.csv,multiple_runs_NB_LowThreat_2_20260407_130133.csv,NB,No ACE,18,6.147540983606557,7.049180327868852,43.77049180327869,43.0327868852459
multiple_runs_NB_LowThreat_2_20260407_130133.csv,multiple_runs_NB_LowThreat_2_20260407_130133.csv,NB,No ACE,19,6.169665809768637,33.7617823479006,18.080548414738644,41.98800342759212
multiple_runs_NB_LowThreat_2_20260407_130133.csv,multiple_runs_NB_LowThreat_2_20260407_130133.csv,NB,No ACE,20,5.253456221198157,34.3778801843318,13.27188940092166,47.096774193548384
multiple_runs_NB_LowThreat_2_20260407_130133.csv,multiple_runs_NB_LowThreat_2_20260407_130133.csv,NB,No ACE,21,8.076225045372052,39.6551724137931,7.168784029038113,45.099818511796734
multiple_runs_NB_LowThreat_2_20260407_130133.csv,multiple_runs_NB_LowThreat_2_20260407_130133.csv,NB,No ACE,22,7.9899074852817495,7.232968881412952,38.3515559293524,46.4255677039529
multiple_runs_NB_LowThreat_2_20260407_130133.csv,multiple_runs_NB_LowThreat_2_20260407_130133.csv,NB,No ACE,23,5.591572123176661,36.70988654781199,19.124797406807133,38.573743922204216
multiple_runs_NB_LowThreat_2_20260407_130133.csv,multiple_runs_NB_LowThreat_2_20260407_130133.csv,NB,No ACE,24,7.366638441998306,20.660457239627434,28.789161727349704,43.183742591024554
multiple_runs_NB_LowThreat_2_20260407_130133.csv,multiple_runs_NB_LowThreat_2_20260407_130133.csv,NB,No ACE,25,5.551149881046788,29.896907216494846,26.566217287866774,37.985725614591594
multiple_runs_NB_LowThreat_2_20260407_130133.csv,multiple_runs_NB_LowThreat_2_20260407_130133.csv,NB,No ACE,26,4.147104851330203,48.27856025039124,9.15492957746479,38.41940532081377
multiple_runs_NB_LowThreat_2_20260407_130133.csv,multiple_runs_NB_LowThreat_2_20260407_130133.csv,NB,No ACE,27,6.37732506643047,37.023914968999115,18.24623560673162,38.352524357838796
multiple_runs_NB_LowThreat_2_20260407_130133.csv,multiple_runs_NB_LowThreat_2_20260407_130133.csv,NB,No ACE,28,6.356968215158925,39.282803585982066,12.795436022819887,41.56479217603912
multiple_runs_NB_LowThreat_2_20260407_130133.csv,multiple_runs_NB_LowThreat_2_20260407_130133.csv,NB,No ACE,29,6.113207547169811,8.90566037735849,4.905660377358491,80.0754716981132
multiple_runs_NB_LowThreat_2_20260407_130133.csv,multiple_runs_NB_LowThreat_2_20260407_130133.csv,NB,No ACE,30,11.995863495346432,49.53464322647363,27.714581178903824,10.754912099276112
multiple_runs_NB_LowThreat_2_20260407_130133.csv,multiple_runs_NB_LowThreat_2_20260407_130133.csv,NB,No ACE,31,7.765314926660914,32.87316652286454,6.38481449525453,52.97670405522001
multiple_runs_NB_LowThreat_2_20260407_130133.csv,multiple_runs_NB_LowThreat_2_20260407_130133.csv,NB,No ACE,32,24.312333629103815,8.34072759538598,7.364685004436557,59.982253771073644
multiple_runs_NB_LowThreat_2_20260407_130133.csv,multiple_runs_NB_LowThreat_2_20260407_130133.csv,NB,No ACE,33,6.661115736885928,23.397169025811824,28.975853455453787,40.96586178184846
multiple_runs_NB_LowThreat_2_20260407_130133.csv,multiple_runs_NB_LowThreat_2_20260407_130133.csv,NB,No ACE,34,5.536028119507909,30.316344463971877,18.014059753954307,46.1335676625659
multiple_runs_NB_LowThreat_2_20260407_130133.csv,multiple_runs_NB_LowThreat_2_20260407_130133.csv,NB,No ACE,35,8.433734939759036,16.311399443929563,16.311399443929563,58.94346617238183
multiple_runs_NB_LowThreat_2_20260407_130133.csv,multiple_runs_NB_LowThreat_2_20260407_130133.csv,NB,No ACE,36,6.998444790046657,52.17729393468118,6.298600311041991,34.52566096423017
multiple_runs_NB_LowThreat_2_20260407_130133.csv,multiple_runs_NB_LowThreat_2_20260407_130133.csv,NB,No ACE,37,8.003952569169961,10.968379446640316,35.77075098814229,45.25691699604743
multiple_runs_NB_LowThreat_2_20260407_130133.csv,multiple_runs_NB_LowThreat_2_20260407_130133.csv,NB,No ACE,38,7.488584474885844,32.32876712328767,15.068493150684931,45.114155251141554
multiple_runs_NB_LowThreat_2_20260407_130133.csv,multiple_runs_NB_LowThreat_2_20260407_130133.csv,NB,No ACE,39,5.092186128182616,21.773485513608428,21.8612818261633,51.273046532045655
multiple_runs_NB_LowThreat_2_20260407_130133.csv,multiple_runs_NB_LowThreat_2_20260407_130133.csv,NB,No ACE,40,6.078431372549019,15.784313725490195,29.50980392156863,48.627450980392155
multiple_runs_NB_LowThreat_2_20260407_130133.csv,multiple_runs_NB_LowThreat_2_20260407_130133.csv,NB,No ACE,41,5.07185122569738,41.42011834319527,10.059171597633137,43.44885883347422
multiple_runs_NB_LowThreat_2_20260407_130133.csv,multiple_runs_NB_LowThreat_2_20260407_130133.csv,NB,No ACE,42,6.2596599690881,29.21174652241113,11.823802163833076,52.7047913446677
multiple_runs_NB_LowThreat_2_20260407_130133.csv,multiple_runs_NB_LowThreat_2_20260407_130133.csv,NB,No ACE,43,6.342991386061081,6.734534064212999,46.59357870007831,40.32889584964761
multiple_runs_NB_LowThreat_2_20260407_130133.csv,multiple_runs_NB_LowThreat_2_20260407_130133.csv,NB,No ACE,44,6.677937447168217,36.51732882502113,12.256973795435334,44.54775993237532
multiple_runs_NB_LowThreat_2_20260407_130133.csv,multiple_runs_NB_LowThreat_2_20260407_130133.csv,NB,No ACE,45,5.007704160246533,31.587057010785824,7.395993836671804,56.009244992295834
multiple_runs_NB_LowThreat_2_20260407_130133.csv,multiple_runs_NB_LowThreat_2_20260407_130133.csv,NB,No ACE,46,6.2882096069869,23.231441048034934,26.637554585152838,43.842794759825324
multiple_runs_NB_LowThreat_2_20260407_130133.csv,multiple_runs_NB_LowThreat_2_20260407_130133.csv,NB,No ACE,47,17.805755395683455,22.571942446043167,7.643884892086331,51.97841726618705
multiple_runs_NB_LowThreat_2_20260407_130133.csv,multiple_runs_NB_LowThreat_2_20260407_130133.csv,NB,No ACE,48,6.129032258064516,5.483870967741936,45.806451612903224,42.58064516129032
multiple_runs_NB_LowThreat_2_20260407_130133.csv,multiple_runs_NB_LowThreat_2_20260407_130133.csv,NB,No ACE,49,5.555555555555555,34.0,28.370370370370367,32.07407407407407
multiple_runs_NB_LowThreat_2_20260407_130133.csv,multiple_runs_NB_LowThreat_2_20260407_130133.csv,NB,No ACE,50,7.216494845360824,24.3127147766323,29.982817869415808,38.48797250859107
multiple_runs_NB_LowThreat_2_20260407_130133.csv,multiple_runs_NB_LowThreat_2_20260407_130133.csv,NB,No ACE,51,6.078431372549019,11.76470588235294,34.705882352941174,47.45098039215686
multiple_runs_NB_LowThreat_2_20260407_130133.csv,multiple_runs_NB_LowThreat_2_20260407_130133.csv,NB,No ACE,52,6.307977736549166,29.499072356215212,13.079777365491651,51.113172541743964
multiple_runs_NB_LowThreat_2_20260407_130133.csv,multiple_runs_NB_LowThreat_2_20260407_130133.csv,NB,No ACE,53,6.208053691275168,38.171140939597315,35.738255033557046,19.88255033557047
multiple_runs_NB_LowThreat_2_20260407_130133.csv,multiple_runs_NB_LowThreat_2_20260407_130133.csv,NB,No ACE,54,6.557377049180328,30.2367941712204,21.03825136612022,42.16757741347905
multiple_runs_NB_LowThreat_2_20260407_130133.csv,multiple_runs_NB_LowThreat_2_20260407_130133.csv,NB,No ACE,55,7.829787234042553,38.97872340425532,9.361702127659575,43.829787234042556
multiple_runs_NB_LowThreat_2_20260407_130133.csv,multiple_runs_NB_LowThreat_2_20260407_130133.csv,NB,No ACE,56,6.030969845150774,19.72290138549307,34.63732681336593,39.60880195599022
multiple_runs_NB_LowThreat_2_20260407_130133.csv,multiple_runs_NB_LowThreat_2_20260407_130133.csv,NB,No ACE,57,4.905968928863451,19.460343417825023,32.29762878168438,43.336058871627145
multiple_runs_NB_LowThreat_2_20260407_130133.csv,multiple_runs_NB_LowThreat_2_20260407_130133.csv,NB,No ACE,58,5.785837651122625,34.11053540587219,18.048359240069082,42.05526770293609
multiple_runs_NB_LowThreat_2_20260407_130133.csv,multiple_runs_NB_LowThreat_2_20260407_130133.csv,NB,No ACE,59,7.742537313432836,12.779850746268655,18.84328358208955,60.634328358208954
multiple_runs_NB_LowThreat_2_20260407_130133.csv,multiple_runs_NB_LowThreat_2_20260407_130133.csv,NB,No ACE,60,4.568106312292359,16.44518272425249,8.887043189368772,70.09966777408638
multiple_runs_NB_LowThreat_2_20260407_130133.csv,multiple_runs_NB_LowThreat_2_20260407_130133.csv,NB,No ACE,61,5.51440329218107,13.251028806584362,51.028806584362144,30.205761316872426
multiple_runs_NB_LowThreat_2_20260407_130133.csv,multiple_runs_NB_LowThreat_2_20260407_130133.csv,NB,No ACE,62,5.648854961832061,30.99236641221374,26.79389312977099,36.56488549618321
multiple_runs_NB_LowThreat_2_20260407_130133.csv,multiple_runs_NB_LowThreat_2_20260407_130133.csv,NB,No ACE,63,6.784140969162995,41.05726872246696,6.255506607929516,45.903083700440526
multiple_runs_NB_LowThreat_2_20260407_130133.csv,multiple_runs_NB_LowThreat_2_20260407_130133.csv,NB,No ACE,64,5.744520030234316,27.58881330309902,27.513227513227513,39.15343915343915
multiple_runs_NB_LowThreat_2_20260407_130133.csv,multiple_runs_NB_LowThreat_2_20260407_130133.csv,NB,No ACE,65,5.250965250965251,26.177606177606176,8.494208494208493,60.077220077220076
multiple_runs_NB_LowThreat_2_20260407_130133.csv,multiple_runs_NB_LowThreat_2_20260407_130133.csv,NB,No ACE,66,7.037037037037037,38.98148148148148,14.074074074074074,39.907407407407405
multiple_runs_NB_LowThreat_2_20260407_130133.csv,multiple_runs_NB_LowThreat_2_20260407_130133.csv,NB,No ACE,67,5.555555555555555,33.33333333333333,14.017094017094017,47.09401709401709
multiple_runs_NB_LowThreat_2_20260407_130133.csv,multiple_runs_NB_LowThreat_2_20260407_130133.csv,NB,No ACE,68,6.707317073170732,33.44947735191638,15.505226480836237,44.33797909407666
multiple_runs_NB_LowThreat_2_20260407_130133.csv,multiple_runs_NB_LowThreat_2_20260407_130133.csv,NB,No ACE,69,6.168080185042406,6.322282189668465,45.48959136468774,42.02004626060139
multiple_runs_NB_LowThreat_2_20260407_130133.csv,multiple_runs_NB_LowThreat_2_20260407_130133.csv,NB,No ACE,70,5.588993981083405,31.212381771281166,6.706792777300086,56.49183147033534
multiple_runs_NB_LowThreat_2_20260407_130133.csv,multiple_runs_NB_LowThreat_2_20260407_130133.csv,NB,No ACE,71,5.098934550989346,5.098934550989346,52.054794520547944,37.74733637747336
multiple_runs_NB_LowThreat_2_20260407_130133.csv,multiple_runs_NB_LowThreat_2_20260407_130133.csv,NB,No ACE,72,5.073529411764706,29.044117647058826,23.08823529411765,42.79411764705882
multiple_runs_NB_LowThreat_2_20260407_130133.csv,multiple_runs_NB_LowThreat_2_20260407_130133.csv,NB,No ACE,73,5.695266272189349,5.991124260355029,49.40828402366864,38.90532544378698
multiple_runs_NB_LowThreat_2_20260407_130133.csv,multiple_runs_NB_LowThreat_2_20260407_130133.csv,NB,No ACE,74,6.31938514090521,45.175064047822374,10.333048676345005,38.17250213492741
multiple_runs_NB_LowThreat_2_20260407_130133.csv,multiple_runs_NB_LowThreat_2_20260407_130133.csv,NB,No ACE,75,5.79950289975145,37.69676884838443,16.570008285004143,39.93371996685998
multiple_runs_NB_LowThreat_2_20260407_130133.csv,multiple_runs_NB_LowThreat_2_20260407_130133.csv,NB,No ACE,76,4.887218045112782,4.736842105263158,39.54887218045113,50.82706766917293
multiple_runs_NB_LowThreat_2_20260407_130133.csv,multiple_runs_NB_LowThreat_2_20260407_130133.csv,NB,No ACE,77,4.8286604361370715,23.98753894080997,30.60747663551402,40.57632398753894
multiple_runs_NB_LowThreat_2_20260407_130133.csv,multiple_runs_NB_LowThreat_2_20260407_130133.csv,NB,No ACE,78,5.831903945111493,42.109777015437395,12.178387650085764,39.87993138936535
multiple_runs_NB_LowThreat_2_20260407_130133.csv,multiple_runs_NB_LowThreat_2_20260407_130133.csv,NB,No ACE,79,5.545927209705372,40.98786828422877,21.750433275563257,31.715771230502597
multiple_runs_NB_LowThreat_2_20260407_130133.csv,multiple_runs_NB_LowThreat_2_20260407_130133.csv,NB,No ACE,80,7.431192660550459,35.41284403669725,16.972477064220186,40.18348623853211
multiple_runs_NB_LowThreat_2_20260407_130133.csv,multiple_runs_NB_LowThreat_2_20260407_130133.csv,NB,No ACE,81,5.498821681068343,22.23095051060487,32.36449332285939,39.9057344854674
multiple_runs_NB_LowThreat_2_20260407_130133.csv,multiple_runs_NB_LowThreat_2_20260407_130133.csv,NB,No ACE,82,4.887218045112782,29.774436090225564,29.47368421052631,35.86466165413534
multiple_runs_NB_LowThreat_2_20260407_130133.csv,multiple_runs_NB_LowThreat_2_20260407_130133.csv,NB,No ACE,83,9.4106463878327,61.21673003802282,22.90874524714829,6.4638783269961975
multiple_runs_NB_LowThreat_2_20260407_130133.csv,multiple_runs_NB_LowThreat_2_20260407_130133.csv,NB,No ACE,84,3.8548752834467117,5.82010582010582,51.247165532879826,39.07785336356765
multiple_runs_NB_LowThreat_2_20260407_130133.csv,multiple_runs_NB_LowThreat_2_20260407_130133.csv,NB,No ACE,85,6.1131386861313874,19.708029197080293,32.93795620437956,41.24087591240876
multiple_runs_NB_LowThreat_2_20260407_130133.csv,multiple_runs_NB_LowThreat_2_20260407_130133.csv,NB,No ACE,86,4.344391785150079,39.88941548183254,5.213270142180095,50.55292259083728
multiple_runs_NB_LowThreat_2_20260407_130133.csv,multiple_runs_NB_LowThreat_2_20260407_130133.csv,NB,No ACE,87,6.038047973531844,12.158808933002481,39.04052936311001,42.76261373035567
multiple_runs_NB_LowThreat_2_20260407_130133.csv,multiple_runs_NB_LowThreat_2_20260407_130133.csv,NB,No ACE,88,6.132461161079314,40.39247751430908,42.927228127555196,10.54783319705642
multiple_runs_NB_LowThreat_2_20260407_130133.csv,multiple_runs_NB_LowThreat_2_20260407_130133.csv,NB,No ACE,89,6.613756613756613,37.38977072310406,15.608465608465607,40.38800705467372
multiple_runs_NB_LowThreat_2_20260407_130133.csv,multiple_runs_NB_LowThreat_2_20260407_130133.csv,NB,No ACE,90,5.822784810126582,37.721518987341774,49.957805907173,6.4978902953586495
multiple_runs_NB_LowThreat_2_20260407_130133.csv,multiple_runs_NB_LowThreat_2_20260407_130133.csv,NB,No ACE,91,8.955223880597014,7.711442786069651,34.32835820895522,49.004975124378106
multiple_runs_NB_LowThreat_2_20260407_130133.csv,multiple_runs_NB_LowThreat_2_20260407_130133.csv,NB,No ACE,92,6.104901117798796,11.779879621668101,34.04987102321582,48.06534823731729
multiple_runs_NB_LowThreat_2_20260407_130133.csv,multiple_runs_NB_LowThreat_2_20260407_130133.csv,NB,No ACE,93,3.7095501183898976,52.09155485398579,17.75848460931334,26.44041041831097
multiple_runs_NB_LowThreat_2_20260407_130133.csv,multiple_runs_NB_LowThreat_2_20260407_130133.csv,NB,No ACE,94,7.326007326007327,18.315018315018314,27.655677655677657,46.7032967032967
multiple_runs_NB_LowThreat_2_20260407_130133.csv,multiple_runs_NB_LowThreat_2_20260407_130133.csv,NB,No ACE,95,6.555772994129158,34.24657534246575,9.393346379647749,49.80430528375734
multiple_runs_NB_LowThreat_2_20260407_130133.csv,multiple_runs_NB_LowThreat_2_20260407_130133.csv,NB,No ACE,96,7.563025210084033,7.18954248366013,36.04108309990663,49.2063492063492
multiple_runs_NB_LowThreat_2_20260407_130133.csv,multiple_runs_NB_LowThreat_2_20260407_130133.csv,NB,No ACE,97,6.230283911671925,6.151419558359621,24.44794952681388,63.17034700315457
multiple_runs_NB_LowThreat_2_20260407_130133.csv,multiple_runs_NB_LowThreat_2_20260407_130133.csv,NB,No ACE,98,7.038834951456311,6.067961165048544,43.77022653721683,43.12297734627832
multiple_runs_NB_LowThreat_2_20260407_130133.csv,multiple_runs_NB_LowThreat_2_20260407_130133.csv,NB,No ACE,99,5.700934579439252,26.542056074766357,25.233644859813083,42.523364485981304
multiple_runs_NB_LowThreat_2_20260407_130133.csv,multiple_runs_NB_LowThreat_2_20260407_130133.csv,NB,No ACE,100,15.959409594095941,11.07011070110701,12.361623616236162,60.608856088560884
multiple_runs_NB_LowThreat_2_20260407_130133.csv,multiple_runs_NB_LowThreat_2_20260407_130133.csv,NB,No ACE,101,6.1395348837209305,14.13953488372093,27.44186046511628,52.27906976744187
multiple_runs_NB_LowThreat_2_20260407_130133.csv,multiple_runs_NB_LowThreat_2_20260407_130133.csv,NB,No ACE,102,5.916187345932621,20.29580936729663,33.278553820871,40.509449465899756
multiple_runs_NB_LowThreat_2_20260407_130133.csv,multiple_runs_NB_LowThreat_2_20260407_130133.csv,NB,No ACE,103,9.795479009687837,31.86221743810549,48.22389666307858,10.118406889128096
multiple_runs_NB_LowThreat_2_20260407_130133.csv,multiple_runs_NB_LowThreat_2_20260407_130133.csv,NB,No ACE,104,7.337180544105523,13.355317394888704,37.51030502885408,41.797197032151686
multiple_runs_NB_LowThreat_2_20260407_130133.csv,multiple_runs_NB_LowThreat_2_20260407_130133.csv,NB,No ACE,105,4.945454545454545,28.799999999999997,25.018181818181816,41.236363636363635
multiple_runs_NB_LowThreat_2_20260407_130133.csv,multiple_runs_NB_LowThreat_2_20260407_130133.csv,NB,No ACE,106,5.727554179566564,28.328173374613,29.411764705882355,36.53250773993808
multiple_runs_NB_LowThreat_2_20260407_130133.csv,multiple_runs_NB_LowThreat_2_20260407_130133.csv,NB,No ACE,107,4.166666666666666,8.49056603773585,47.48427672955975,39.85849056603774
multiple_runs_NB_LowThreat_2_20260407_130133.csv,multiple_runs_NB_LowThreat_2_20260407_130133.csv,NB,No ACE,108,5.904907975460123,73.00613496932516,5.828220858895705,15.26073619631902
multiple_runs_NB_LowThreat_2_20260407_130133.csv,multiple_runs_NB_LowThreat_2_20260407_130133.csv,NB,No ACE,109,5.594956658786446,48.38455476753349,10.717100078802206,35.30338849487786
multiple_runs_NB_LowThreat_2_20260407_130133.csv,multiple_runs_NB_LowThreat_2_20260407_130133.csv,NB,No ACE,110,5.4447852760736195,8.205521472392638,25.690184049079758,60.65950920245399
multiple_runs_NB_LowThreat_2_20260407_130133.csv,multiple_runs_NB_LowThreat_2_20260407_130133.csv,NB,No ACE,111,6.416584402764067,63.27739387956564,19.743336623889437,10.56268509378085
multiple_runs_NB_LowThreat_2_20260407_130133.csv,multiple_runs_NB_LowThreat_2_20260407_130133.csv,NB,No ACE,112,8.603896103896105,35.79545454545455,22.07792207792208,33.52272727272727
multiple_runs_NB_LowThreat_2_20260407_130133.csv,multiple_runs_NB_LowThreat_2_20260407_130133.csv,NB,No ACE,113,7.575757575757576,42.803030303030305,11.268939393939394,38.35227272727273
multiple_runs_NB_LowThreat_2_20260407_130133.csv,multiple_runs_NB_LowThreat_2_20260407_130133.csv,NB,No ACE,114,7.129963898916968,32.40072202166065,16.51624548736462,43.95306859205776
multiple_runs_NB_LowThreat_2_20260407_130133.csv,multiple_runs_NB_LowThreat_2_20260407_130133.csv,NB,No ACE,115,6.824925816023739,12.166172106824925,25.519287833827892,55.48961424332344
multiple_runs_NB_LowThreat_2_20260407_130133.csv,multiple_runs_NB_LowThreat_2_20260407_130133.csv,NB,No ACE,116,5.728155339805825,33.300970873786405,13.78640776699029,47.18446601941748
multiple_runs_NB_LowThreat_2_20260407_130133.csv,multiple_runs_NB_LowThreat_2_20260407_130133.csv,NB,No ACE,117,13.346814964610717,14.560161779575328,17.391304347826086,54.70171890798786
multiple_runs_NB_LowThreat_2_20260407_130133.csv,multiple_runs_NB_LowThreat_2_20260407_130133.csv,NB,No ACE,118,8.820614469772051,62.239841427155596,12.091179385530229,16.848364717542122
multiple_runs_NB_LowThreat_2_20260407_130133.csv,multiple_runs_NB_LowThreat_2_20260407_130133.csv,NB,No ACE,119,6.978798586572438,64.48763250883393,5.742049469964664,22.791519434628977
multiple_runs_NB_LowThreat_2_20260407_130133.csv,multiple_runs_NB_LowThreat_2_20260407_130133.csv,NB,No ACE,120,20.752895752895753,62.54826254826254,10.231660231660232,6.467181467181467
multiple_runs_NB_LowThreat_2_20260407_130133.csv,multiple_runs_NB_LowThreat_2_20260407_130133.csv,NB,No ACE,121,8.074534161490684,21.91659272404614,23.513753327417923,46.495119787045255
multiple_runs_NB_LowThreat_2_20260407_130133.csv,multiple_runs_NB_LowThreat_2_20260407_130133.csv,NB,No ACE,122,5.086013462976814,26.626776364996264,27.150336574420344,41.13687359760658
multiple_runs_NB_LowThreat_2_20260407_130133.csv,multiple_runs_NB_LowThreat_2_20260407_130133.csv,NB,No ACE,123,5.351906158357771,65.98240469208211,7.111436950146628,21.55425219941349
multiple_runs_NB_LowThreat_2_20260407_130133.csv,multiple_runs_NB_LowThreat_2_20260407_130133.csv,NB,No ACE,124,7.7134986225895315,32.87419651056015,13.406795224977044,46.005509641873275
multiple_runs_NB_LowThreat_2_20260407_130133.csv,multiple_runs_NB_LowThreat_2_20260407_130133.csv,NB,No ACE,125,6.160337552742616,45.822784810126585,22.447257383966246,25.569620253164555
multiple_runs_NB_LowThreat_2_20260407_130133.csv,multiple_runs_NB_LowThreat_2_20260407_130133.csv,NB,No ACE,126,6.4646464646464645,30.707070707070706,27.77777777777778,35.05050505050505
multiple_runs_NB_LowThreat_2_20260407_130133.csv,multiple_runs_NB_LowThreat_2_20260407_130133.csv,NB,No ACE,127,8.833619210977702,39.87993138936535,6.174957118353345,45.1114922813036
multiple_runs_NB_LowThreat_2_20260407_130133.csv,multiple_runs_NB_LowThreat_2_20260407_130133.csv,NB,No ACE,128,15.32567049808429,16.954022988505745,14.846743295019158,52.87356321839081
multiple_runs_NB_LowThreat_2_20260407_130133.csv,multiple_runs_NB_LowThreat_2_20260407_130133.csv,NB,No ACE,129,4.995836802664446,30.724396336386345,35.72023313905079,28.55953372189842
multiple_runs_NB_LowThreat_2_20260407_130133.csv,multiple_runs_NB_LowThreat_2_20260407_130133.csv,NB,No ACE,130,6.542882404951371,24.49160035366932,22.811671087533156,46.15384615384615
multiple_runs_NB_LowThreat_2_20260407_130133.csv,multiple_runs_NB_LowThreat_2_20260407_130133.csv,NB,No ACE,131,5.177514792899409,27.366863905325445,27.958579881656803,39.49704142011834
multiple_runs_NB_LowThreat_2_20260407_130133.csv,multiple_runs_NB_LowThreat_2_20260407_130133.csv,NB,No ACE,132,9.505988023952096,12.425149700598801,36.90119760479042,41.16766467065868
multiple_runs_NB_LowThreat_2_20260407_130133.csv,multiple_runs_NB_LowThreat_2_20260407_130133.csv,NB,No ACE,133,5.128205128205128,8.974358974358974,42.78846153846153,43.108974358974365
multiple_runs_NB_LowThreat_2_20260407_130133.csv,multiple_runs_NB_LowThreat_2_20260407_130133.csv,NB,No ACE,134,6.504065040650407,33.00813008130081,22.276422764227643,38.21138211382114
multiple_runs_NB_LowThreat_2_20260407_130133.csv,multiple_runs_NB_LowThreat_2_20260407_130133.csv,NB,No ACE,135,5.3452115812917596,26.206384558277655,27.69116555308092,40.75723830734967
multiple_runs_NB_LowThreat_2_20260407_130133.csv,multiple_runs_NB_LowThreat_2_20260407_130133.csv,NB,No ACE,136,7.269653423499578,38.29247675401521,9.29839391377853,45.13947590870668
multiple_runs_NB_LowThreat_2_20260407_130133.csv,multiple_runs_NB_LowThreat_2_20260407_130133.csv,NB,No ACE,137,9.786184210526317,23.93092105263158,19.983552631578945,46.29934210526316
multiple_runs_NB_LowThreat_2_20260407_130133.csv,multiple_runs_NB_LowThreat_2_20260407_130133.csv,NB,No ACE,138,5.680705190989226,53.96669931439765,30.36238981390793,9.990205680705191
multiple_runs_NB_LowThreat_2_20260407_130133.csv,multiple_runs_NB_LowThreat_2_20260407_130133.csv,NB,No ACE,139,4.758190327613105,16.770670826833072,39.0015600624025,39.46957878315133
multiple_runs_NB_LowThreat_2_20260407_130133.csv,multiple_runs_NB_LowThreat_2_20260407_130133.csv,NB,No ACE,140,6.320346320346321,28.57142857142857,21.471861471861473,43.63636363636363
multiple_runs_NB_LowThreat_2_20260407_130133.csv,multiple_runs_NB_LowThreat_2_20260407_130133.csv,NB,No ACE,141,4.779969650986343,36.798179059180576,20.637329286798177,37.7845220030349
multiple_runs_NB_LowThreat_2_20260407_130133.csv,multiple_runs_NB_LowThreat_2_20260407_130133.csv,NB,No ACE,142,7.5809199318569,16.013628620102217,21.890971039182283,54.5144804088586
multiple_runs_NB_LowThreat_2_20260407_130133.csv,multiple_runs_NB_LowThreat_2_20260407_130133.csv,NB,No ACE,143,6.286672254819782,50.04191114836547,6.621961441743504,37.04945515507125
multiple_runs_NB_LowThreat_2_20260407_130133.csv,multiple_runs_NB_LowThreat_2_20260407_130133.csv,NB,No ACE,144,5.500821018062398,38.341543513957305,23.727422003284072,32.43021346469622
multiple_runs_NB_LowThreat_2_20260407_130133.csv,multiple_runs_NB_LowThreat_2_20260407_130133.csv,NB,No ACE,145,6.2861869313482215,40.36393713813069,18.11414392059553,35.235732009925556
multiple_runs_NB_LowThreat_2_20260407_130133.csv,multiple_runs_NB_LowThreat_2_20260407_130133.csv,NB,No ACE,146,5.905511811023622,11.71259842519685,30.118110236220474,52.26377952755905
multiple_runs_NB_LowThreat_2_20260407_130133.csv,multiple_runs_NB_LowThreat_2_20260407_130133.csv,NB,No ACE,147,5.14018691588785,35.046728971962615,8.411214953271028,51.4018691588785
multiple_runs_NB_LowThreat_2_20260407_130133.csv,multiple_runs_NB_LowThreat_2_20260407_130133.csv,NB,No ACE,148,6.482281763180639,7.865168539325842,41.65946413137425,43.99308556611927
multiple_runs_NB_LowThreat_2_20260407_130133.csv,multiple_runs_NB_LowThreat_2_20260407_130133.csv,NB,No ACE,149,12.702702702702704,23.513513513513516,20.9009009009009,42.88288288288288
multiple_runs_NB_LowThreat_2_20260407_130133.csv,multiple_runs_NB_LowThreat_2_20260407_130133.csv,NB,No ACE,150,7.624890446976336,15.775635407537248,34.268185801928134,42.331288343558285
multiple_runs_NB_LowThreat_2_20260407_130133.csv,multiple_runs_NB_LowThreat_2_20260407_130133.csv,NB,No ACE,151,8.81188118811881,11.485148514851486,40.5940594059406,39.10891089108911
multiple_runs_NB_LowThreat_2_20260407_130133.csv,multiple_runs_NB_LowThreat_2_20260407_130133.csv,NB,No ACE,152,8.669354838709678,63.50806451612904,12.096774193548388,15.725806451612904
multiple_runs_NB_LowThreat_2_20260407_130133.csv,multiple_runs_NB_LowThreat_2_20260407_130133.csv,NB,No ACE,153,5.209302325581396,11.906976744186046,34.51162790697674,48.372093023255815
multiple_runs_NB_LowThreat_2_20260407_130133.csv,multiple_runs_NB_LowThreat_2_20260407_130133.csv,NB,No ACE,154,6.840891621829362,45.58032282859339,4.688700999231361,42.89008455034589
multiple_runs_NB_LowThreat_2_20260407_130133.csv,multiple_runs_NB_LowThreat_2_20260407_130133.csv,NB,No ACE,155,7.204861111111111,13.368055555555555,32.8125,46.61458333333333
multiple_runs_NB_LowThreat_2_20260407_130133.csv,multiple_runs_NB_LowThreat_2_20260407_130133.csv,NB,No ACE,156,8.060230292294065,30.115146147032775,17.183348095659877,44.64127546501329
multiple_runs_NB_LowThreat_2_20260407_130133.csv,multiple_runs_NB_LowThreat_2_20260407_130133.csv,NB,No ACE,157,5.918727915194346,11.925795053003533,41.87279151943463,40.282685512367486
multiple_runs_NB_LowThreat_2_20260407_130133.csv,multiple_runs_NB_LowThreat_2_20260407_130133.csv,NB,No ACE,158,6.225374310480693,43.97163120567376,17.96690307328605,31.836091410559497
multiple_runs_NB_LowThreat_2_20260407_130133.csv,multiple_runs_NB_LowThreat_2_20260407_130133.csv,NB,No ACE,159,7.044534412955465,39.67611336032389,13.279352226720647,40.0
multiple_runs_NB_LowThreat_2_20260407_130133.csv,multiple_runs_NB_LowThreat_2_20260407_130133.csv,NB,No ACE,160,6.500377928949358,30.083144368858655,24.414210128495842,39.002267573696145
multiple_runs_NB_LowThreat_2_20260407_130133.csv,multiple_runs_NB_LowThreat_2_20260407_130133.csv,NB,No ACE,161,5.773672055427252,13.163972286374134,42.57120862201694,38.49114703618168
multiple_runs_NB_LowThreat_2_20260407_130133.csv,multiple_runs_NB_LowThreat_2_20260407_130133.csv,NB,No ACE,162,7.232142857142858,33.66071428571429,18.21428571428571,40.89285714285714
multiple_runs_NB_LowThreat_2_20260407_130133.csv,multiple_runs_NB_LowThreat_2_20260407_130133.csv,NB,No ACE,163,5.906821963394343,27.121464226289515,23.87687188019967,43.09484193011647
multiple_runs_NB_LowThreat_2_20260407_130133.csv,multiple_runs_NB_LowThreat_2_20260407_130133.csv,NB,No ACE,164,6.990622335890878,21.14236999147485,11.253196930946292,60.61381074168798
multiple_runs_NB_LowThreat_2_20260407_130133.csv,multiple_runs_NB_LowThreat_2_20260407_130133.csv,NB,No ACE,165,7.403651115618662,68.35699797160242,13.691683569979714,10.547667342799189
multiple_runs_NB_LowThreat_2_20260407_130133.csv,multiple_runs_NB_LowThreat_2_20260407_130133.csv,NB,No ACE,166,7.718993928881179,16.565481352992194,21.075455333911535,54.640069384215096
multiple_runs_NB_LowThreat_2_20260407_130133.csv,multiple_runs_NB_LowThreat_2_20260407_130133.csv,NB,No ACE,167,5.581835383159887,35.572374645222325,14.00189214758751,44.84389782403028
multiple_runs_NB_LowThreat_2_20260407_130133.csv,multiple_runs_NB_LowThreat_2_20260407_130133.csv,NB,No ACE,168,10.258697591436219,11.329170383586083,31.93577163247101,46.47636039250669
multiple_runs_NB_LowThreat_2_20260407_130133.csv,multiple_runs_NB_LowThreat_2_20260407_130133.csv,NB,No ACE,169,6.564364876385337,20.28985507246377,27.450980392156865,45.694799658994036
multiple_runs_NB_LowThreat_2_20260407_130133.csv,multiple_runs_NB_LowThreat_2_20260407_130133.csv,NB,No ACE,170,7.486209613869188,13.6327817178881,8.983451536643026,69.89755713159968
multiple_runs_NB_LowThreat_2_20260407_130133.csv,multiple_runs_NB_LowThreat_2_20260407_130133.csv,NB,No ACE,171,14.40466278101582,25.3955037468776,13.155703580349709,47.04412989175687
multiple_runs_NB_LowThreat_2_20260407_130133.csv,multiple_runs_NB_LowThreat_2_20260407_130133.csv,NB,No ACE,172,4.92831541218638,46.95340501792115,7.526881720430108,40.59139784946236
multiple_runs_NB_LowThreat_2_20260407_130133.csv,multiple_runs_NB_LowThreat_2_20260407_130133.csv,NB,No ACE,173,6.695652173913043,30.434782608695656,28.434782608695652,34.43478260869565
multiple_runs_NB_LowThreat_2_20260407_130133.csv,multiple_runs_NB_LowThreat_2_20260407_130133.csv,NB,No ACE,174,8.767772511848342,30.88467614533965,20.300157977883096,40.047393364928915
multiple_runs_NB_LowThreat_2_20260407_130133.csv,multiple_runs_NB_LowThreat_2_20260407_130133.csv,NB,No ACE,175,7.874015748031496,33.59580052493438,12.335958005249344,46.194225721784775
multiple_runs_NB_LowThreat_2_20260407_130133.csv,multiple_runs_NB_LowThreat_2_20260407_130133.csv,NB,No ACE,176,6.429780033840947,33.840947546531304,14.467005076142131,45.26226734348562
multiple_runs_NB_LowThreat_2_20260407_130133.csv,multiple_runs_NB_LowThreat_2_20260407_130133.csv,NB,No ACE,177,17.968094038623008,14.945424013434089,9.82367758186398,57.262804366078925
multiple_runs_NB_LowThreat_2_20260407_130133.csv,multiple_runs_NB_LowThreat_2_20260407_130133.csv,NB,No ACE,178,7.615384615384616,63.0,6.692307692307692,22.692307692307693
multiple_runs_NB_LowThreat_2_20260407_130133.csv,multiple_runs_NB_LowThreat_2_20260407_130133.csv,NB,No ACE,179,6.610800744878957,31.191806331471135,14.711359404096836,47.486033519553075
multiple_runs_NB_LowThreat_2_20260407_130133.csv,multiple_runs_NB_LowThreat_2_20260407_130133.csv,NB,No ACE,180,5.5135951661631415,7.628398791540786,48.11178247734139,38.74622356495468
multiple_runs_NB_LowThreat_2_20260407_130133.csv,multiple_runs_NB_LowThreat_2_20260407_130133.csv,NB,No ACE,181,13.771839671120247,25.79650565262076,8.324768756423433,52.106885919835555
multiple_runs_NB_LowThreat_2_20260407_130133.csv,multiple_runs_NB_LowThreat_2_20260407_130133.csv,NB,No ACE,182,4.4142614601018675,32.003395585738545,40.66213921901528,22.920203735144312
multiple_runs_NB_LowThreat_2_20260407_130133.csv,multiple_runs_NB_LowThreat_2_20260407_130133.csv,NB,No ACE,183,9.118541033434651,57.34549138804458,25.329280648429588,8.206686930091186
multiple_runs_NB_LowThreat_2_20260407_130133.csv,multiple_runs_NB_LowThreat_2_20260407_130133.csv,NB,No ACE,184,6.082148499210111,8.451816745655607,26.540284360189574,58.92575039494471
multiple_runs_NB_LowThreat_2_20260407_130133.csv,multiple_runs_NB_LowThreat_2_20260407_130133.csv,NB,No ACE,185,11.303462321792262,35.234215885947044,41.853360488798366,11.608961303462321
multiple_runs_NB_LowThreat_2_20260407_130133.csv,multiple_runs_NB_LowThreat_2_20260407_130133.csv,NB,No ACE,186,5.958747135217724,26.661573720397254,30.252100840336134,37.12757830404889
multiple_runs_NB_LowThreat_2_20260407_130133.csv,multiple_runs_NB_LowThreat_2_20260407_130133.csv,NB,No ACE,187,8.748906386701663,23.184601924759406,28.433945756780403,39.63254593175853
multiple_runs_NB_LowThreat_2_20260407_130133.csv,multiple_runs_NB_LowThreat_2_20260407_130133.csv,NB,No ACE,188,7.484220018034265,9.197475202885483,39.31469792605951,44.00360685302074
multiple_runs_NB_LowThreat_2_20260407_130133.csv,multiple_runs_NB_LowThreat_2_20260407_130133.csv,NB,No ACE,189,4.951298701298701,62.90584415584416,8.035714285714286,24.107142857142858
multiple_runs_NB_LowThreat_2_20260407_130133.csv,multiple_runs_NB_LowThreat_2_20260407_130133.csv,NB,No ACE,190,5.353159851301116,42.60223048327138,15.613382899628252,36.43122676579926
multiple_runs_NB_LowThreat_2_20260407_130133.csv,multiple_runs_NB_LowThreat_2_20260407_130133.csv,NB,No ACE,191,4.248623131392605,22.816679779701023,35.562549173878836,37.37214791502754
multiple_runs_NB_LowThreat_2_20260407_130133.csv,multiple_runs_NB_LowThreat_2_20260407_130133.csv,NB,No ACE,192,5.845181674565561,57.58293838862559,16.74565560821485,19.826224328593998
multiple_runs_NB_LowThreat_2_20260407_130133.csv,multiple_runs_NB_LowThreat_2_20260407_130133.csv,NB,No ACE,193,6.244931062449311,18.410381184103812,42.49797242497972,32.846715328467155
multiple_runs_NB_LowThreat_2_20260407_130133.csv,multiple_runs_NB_LowThreat_2_20260407_130133.csv,NB,No ACE,194,7.844827586206897,26.03448275862069,21.20689655172414,44.91379310344827
multiple_runs_NB_LowThreat_2_20260407_130133.csv,multiple_runs_NB_LowThreat_2_20260407_130133.csv,NB,No ACE,195,6.457094307561598,32.79524214103653,20.5607476635514,40.18691588785047
multiple_runs_NB_LowThreat_2_20260407_130133.csv,multiple_runs_NB_LowThreat_2_20260407_130133.csv,NB,No ACE,196,6.4969271290605795,36.25987708516242,11.589113257243195,45.6540825285338
multiple_runs_NB_LowThreat_2_20260407_130133.csv,multiple_runs_NB_LowThreat_2_20260407_130133.csv,NB,No ACE,197,5.366269165247019,25.04258943781942,6.643952299829642,62.947189097103916
multiple_runs_NB_LowThreat_2_20260407_130133.csv,multiple_runs_NB_LowThreat_2_20260407_130133.csv,NB,No ACE,198,5.189456342668864,35.25535420098847,18.616144975288304,40.93904448105437
multiple_runs_NB_LowThreat_2_20260407_130133.csv,multiple_runs_NB_LowThreat_2_20260407_130133.csv,NB,No ACE,199,8.93987341772152,32.91139240506329,8.069620253164556,50.07911392405063
multiple_runs_NB_LowThreat_2_20260407_130133.csv,multiple_runs_NB_LowThreat_2_20260407_130133.csv,NB,No ACE,200,8.840864440078585,37.13163064833006,8.840864440078585,45.18664047151277
multiple_runs_NB_ModerateThreat_20260407_220003.csv,multiple_runs_NB_ModerateThreat_20260407_220003.csv,NB,Moderate adversity,1,5.480540111199365,6.59253375694996,47.10087370929309,40.82605242255759
multiple_runs_NB_ModerateThreat_20260407_220003.csv,multiple_runs_NB_ModerateThreat_20260407_220003.csv,NB,Moderate adversity,2,17.054986020503264,17.148182665424045,12.115563839701771,53.68126747437092
multiple_runs_NB_ModerateThreat_20260407_220003.csv,multiple_runs_NB_ModerateThreat_20260407_220003.csv,NB,Moderate adversity,3,6.508422664624809,30.474732006125578,18.83614088820827,44.18070444104135
multiple_runs_NB_ModerateThreat_20260407_220003.csv,multiple_runs_NB_ModerateThreat_20260407_220003.csv,NB,Moderate adversity,4,6.8722466960352415,16.56387665198238,38.59030837004405,37.97356828193833
multiple_runs_NB_ModerateThreat_20260407_220003.csv,multiple_runs_NB_ModerateThreat_20260407_220003.csv,NB,Moderate adversity,5,6.332236842105263,30.345394736842106,22.203947368421055,41.118421052631575
multiple_runs_NB_ModerateThreat_20260407_220003.csv,multiple_runs_NB_ModerateThreat_20260407_220003.csv,NB,Moderate adversity,6,4.508856682769726,54.99194847020934,22.705314009661837,17.7938808373591
multiple_runs_NB_ModerateThreat_20260407_220003.csv,multiple_runs_NB_ModerateThreat_20260407_220003.csv,NB,Moderate adversity,7,6.896551724137931,45.82577132486389,25.499092558983666,21.77858439201452
multiple_runs_NB_ModerateThreat_20260407_220003.csv,multiple_runs_NB_ModerateThreat_20260407_220003.csv,NB,Moderate adversity,8,5.955555555555556,36.53333333333333,12.88888888888889,44.62222222222223
multiple_runs_NB_ModerateThreat_20260407_220003.csv,multiple_runs_NB_ModerateThreat_20260407_220003.csv,NB,Moderate adversity,9,6.59090909090909,9.393939393939393,47.12121212121212,36.8939393939394
multiple_runs_NB_ModerateThreat_20260407_220003.csv,multiple_runs_NB_ModerateThreat_20260407_220003.csv,NB,Moderate adversity,10,6.329113924050633,27.932489451476794,20.843881856540083,44.89451476793249
multiple_runs_NB_ModerateThreat_20260407_220003.csv,multiple_runs_NB_ModerateThreat_20260407_220003.csv,NB,Moderate adversity,11,5.267062314540059,4.673590504451038,52.52225519287834,37.53709198813057
multiple_runs_NB_ModerateThreat_20260407_220003.csv,multiple_runs_NB_ModerateThreat_20260407_220003.csv,NB,Moderate adversity,12,5.909510618651892,33.05632502308403,33.2409972299169,27.793167128347186
multiple_runs_NB_ModerateThreat_20260407_220003.csv,multiple_runs_NB_ModerateThreat_20260407_220003.csv,NB,Moderate adversity,13,6.230283911671925,8.517350157728707,46.845425867507885,38.40694006309148
multiple_runs_NB_ModerateThreat_20260407_220003.csv,multiple_runs_NB_ModerateThreat_20260407_220003.csv,NB,Moderate adversity,14,3.9640987284966345,15.332834704562453,42.93193717277487,37.77112939416604
multiple_runs_NB_ModerateThreat_20260407_220003.csv,multiple_runs_NB_ModerateThreat_20260407_220003.csv,NB,Moderate adversity,15,7.434640522875817,44.44444444444444,7.352941176470589,40.76797385620915
multiple_runs_NB_ModerateThreat_20260407_220003.csv,multiple_runs_NB_ModerateThreat_20260407_220003.csv,NB,Moderate adversity,16,6.332842415316642,17.378497790868924,36.00883652430044,40.27982326951399
multiple_runs_NB_ModerateThreat_20260407_220003.csv,multiple_runs_NB_ModerateThreat_20260407_220003.csv,NB,Moderate adversity,17,5.577376276512176,32.285938727415555,22.46661429693637,39.6700706991359
multiple_runs_NB_ModerateThreat_20260407_220003.csv,multiple_runs_NB_ModerateThreat_20260407_220003.csv,NB,Moderate adversity,18,4.95458298926507,47.89430222956235,8.340214698596201,38.81090008257638
multiple_runs_NB_ModerateThreat_20260407_220003.csv,multiple_runs_NB_ModerateThreat_20260407_220003.csv,NB,Moderate adversity,19,7.552083333333333,35.59027777777778,17.1875,39.67013888888889
multiple_runs_NB_ModerateThreat_20260407_220003.csv,multiple_runs_NB_ModerateThreat_20260407_220003.csv,NB,Moderate adversity,20,7.244995233555768,20.11439466158246,34.2230695900858,38.41754051477598
multiple_runs_NB_ModerateThreat_20260407_220003.csv,multiple_runs_NB_ModerateThreat_20260407_220003.csv,NB,Moderate adversity,21,9.014321819713563,19.460825610783488,26.621735467565287,44.90311710193765
multiple_runs_NB_ModerateThreat_20260407_220003.csv,multiple_runs_NB_ModerateThreat_20260407_220003.csv,NB,Moderate adversity,22,6.029411764705882,34.19117647058824,26.91176470588235,32.86764705882353
multiple_runs_NB_ModerateThreat_20260407_220003.csv,multiple_runs_NB_ModerateThreat_20260407_220003.csv,NB,Moderate adversity,23,8.37696335078534,30.36649214659686,33.246073298429316,28.01047120418848
multiple_runs_NB_ModerateThreat_20260407_220003.csv,multiple_runs_NB_ModerateThreat_20260407_220003.csv,NB,Moderate adversity,24,6.577916992952232,37.9796397807361,11.354737666405638,44.087705559906034
multiple_runs_NB_ModerateThreat_20260407_220003.csv,multiple_runs_NB_ModerateThreat_20260407_220003.csv,NB,Moderate adversity,25,6.299911268855368,30.612244897959183,21.827861579414375,41.25998225377107
multiple_runs_NB_ModerateThreat_20260407_220003.csv,multiple_runs_NB_ModerateThreat_20260407_220003.csv,NB,Moderate adversity,26,6.9557362240289065,37.57904245709124,10.749774164408311,44.71544715447154
multiple_runs_NB_ModerateThreat_20260407_220003.csv,multiple_runs_NB_ModerateThreat_20260407_220003.csv,NB,Moderate adversity,27,6.031746031746032,28.333333333333332,28.095238095238095,37.53968253968254
multiple_runs_NB_ModerateThreat_20260407_220003.csv,multiple_runs_NB_ModerateThreat_20260407_220003.csv,NB,Moderate adversity,28,5.0761421319796955,22.673434856175973,31.302876480541453,40.947546531302876
multiple_runs_NB_ModerateThreat_20260407_220003.csv,multiple_runs_NB_ModerateThreat_20260407_220003.csv,NB,Moderate adversity,29,4.43213296398892,11.449676823638043,36.011080332409975,48.10710987996307
multiple_runs_NB_ModerateThreat_20260407_220003.csv,multiple_runs_NB_ModerateThreat_20260407_220003.csv,NB,Moderate adversity,30,6.347897774113767,31.409727947238252,10.387469084913437,51.854905193734545
multiple_runs_NB_ModerateThreat_20260407_220003.csv,multiple_runs_NB_ModerateThreat_20260407_220003.csv,NB,Moderate adversity,31,4.792332268370607,24.361022364217252,30.431309904153352,40.415335463258785
multiple_runs_NB_ModerateThreat_20260407_220003.csv,multiple_runs_NB_ModerateThreat_20260407_220003.csv,NB,Moderate adversity,32,8.142726440988106,23.879231473010066,29.2772186642269,38.700823421774935
multiple_runs_NB_ModerateThreat_20260407_220003.csv,multiple_runs_NB_ModerateThreat_20260407_220003.csv,NB,Moderate adversity,33,5.004101722723544,15.504511894995899,39.130434782608695,40.360951599671864
multiple_runs_NB_ModerateThreat_20260407_220003.csv,multiple_runs_NB_ModerateThreat_20260407_220003.csv,NB,Moderate adversity,34,6.875543951261967,33.507397737162755,14.53437771975631,45.08268059181898
multiple_runs_NB_ModerateThreat_20260407_220003.csv,multiple_runs_NB_ModerateThreat_20260407_220003.csv,NB,Moderate adversity,35,4.5118949958982775,62.67432321575062,8.285479901558656,24.528301886792452
multiple_runs_NB_ModerateThreat_20260407_220003.csv,multiple_runs_NB_ModerateThreat_20260407_220003.csv,NB,Moderate adversity,36,6.032906764168191,60.877513711151735,24.862888482632542,8.226691042047532
multiple_runs_NB_ModerateThreat_20260407_220003.csv,multiple_runs_NB_ModerateThreat_20260407_220003.csv,NB,Moderate adversity,37,5.906148867313916,47.81553398058252,17.637540453074433,28.640776699029125
multiple_runs_NB_ModerateThreat_20260407_220003.csv,multiple_runs_NB_ModerateThreat_20260407_220003.csv,NB,Moderate adversity,38,4.747550866616428,10.550113036925396,45.06405425772419,39.63828183873399
multiple_runs_NB_ModerateThreat_20260407_220003.csv,multiple_runs_NB_ModerateThreat_20260407_220003.csv,NB,Moderate adversity,39,6.609442060085836,42.317596566523605,6.9527896995708165,44.12017167381974
multiple_runs_NB_ModerateThreat_20260407_220003.csv,multiple_runs_NB_ModerateThreat_20260407_220003.csv,NB,Moderate adversity,40,6.639344262295081,12.37704918032787,20.573770491803277,60.40983606557377
multiple_runs_NB_ModerateThreat_20260407_220003.csv,multiple_runs_NB_ModerateThreat_20260407_220003.csv,NB,Moderate adversity,41,5.292259083728278,32.22748815165877,22.748815165876778,39.73143759873617
multiple_runs_NB_ModerateThreat_20260407_220003.csv,multiple_runs_NB_ModerateThreat_20260407_220003.csv,NB,Moderate adversity,42,5.194805194805195,13.139801375095491,43.85026737967914,37.81512605042017
multiple_runs_NB_ModerateThreat_20260407_220003.csv,multiple_runs_NB_ModerateThreat_20260407_220003.csv,NB,Moderate adversity,43,15.316117542297416,21.193232413178986,10.240427426536064,53.25022261798753
multiple_runs_NB_ModerateThreat_20260407_220003.csv,multiple_runs_NB_ModerateThreat_20260407_220003.csv,NB,Moderate adversity,44,4.996431120628123,27.98001427551749,29.764453961456105,37.25910064239829
multiple_runs_NB_ModerateThreat_20260407_220003.csv,multiple_runs_NB_ModerateThreat_20260407_220003.csv,NB,Moderate adversity,45,5.165114309906858,29.127857747671467,24.216765453005927,41.49026248941575
multiple_runs_NB_ModerateThreat_20260407_220003.csv,multiple_runs_NB_ModerateThreat_20260407_220003.csv,NB,Moderate adversity,46,4.524539877300613,30.214723926380366,28.60429447852761,36.65644171779141
multiple_runs_NB_ModerateThreat_20260407_220003.csv,multiple_runs_NB_ModerateThreat_20260407_220003.csv,NB,Moderate adversity,47,6.916666666666667,28.083333333333332,23.583333333333336,41.41666666666667
multiple_runs_NB_ModerateThreat_20260407_220003.csv,multiple_runs_NB_ModerateThreat_20260407_220003.csv,NB,Moderate adversity,48,4.98848810437452,27.09132770529547,10.667689946277822,57.25249424405219
multiple_runs_NB_ModerateThreat_20260407_220003.csv,multiple_runs_NB_ModerateThreat_20260407_220003.csv,NB,Moderate adversity,49,7.253384912959381,45.84139264990329,39.94197292069632,6.963249516441006
multiple_runs_NB_ModerateThreat_20260407_220003.csv,multiple_runs_NB_ModerateThreat_20260407_220003.csv,NB,Moderate adversity,50,7.192374350086656,37.17504332755633,14.644714038128251,40.98786828422877
multiple_runs_NB_ModerateThreat_20260407_220003.csv,multiple_runs_NB_ModerateThreat_20260407_220003.csv,NB,Moderate adversity,51,6.186440677966102,24.40677966101695,17.627118644067796,51.77966101694915
multiple_runs_NB_ModerateThreat_20260407_220003.csv,multiple_runs_NB_ModerateThreat_20260407_220003.csv,NB,Moderate adversity,52,12.003693444136658,8.494921514312095,32.040627885503234,47.46075715604802
multiple_runs_NB_ModerateThreat_20260407_220003.csv,multiple_runs_NB_ModerateThreat_20260407_220003.csv,NB,Moderate adversity,53,6.3559322033898304,49.40677966101695,7.88135593220339,36.35593220338983
multiple_runs_NB_ModerateThreat_20260407_220003.csv,multiple_runs_NB_ModerateThreat_20260407_220003.csv,NB,Moderate adversity,54,6.984969053934571,41.644562334217504,7.250221043324491,44.12024756852343
multiple_runs_NB_ModerateThreat_20260407_220003.csv,multiple_runs_NB_ModerateThreat_20260407_220003.csv,NB,Moderate adversity,55,6.070826306913997,47.38617200674536,5.480607082630692,41.06239460370995
multiple_runs_NB_ModerateThreat_20260407_220003.csv,multiple_runs_NB_ModerateThreat_20260407_220003.csv,NB,Moderate adversity,56,5.3706505295007565,7.034795763993948,47.0499243570348,40.544629349470505
multiple_runs_NB_ModerateThreat_20260407_220003.csv,multiple_runs_NB_ModerateThreat_20260407_220003.csv,NB,Moderate adversity,57,8.695652173913043,18.101153504880212,14.019520851818989,59.183673469387756
multiple_runs_NB_ModerateThreat_20260407_220003.csv,multiple_runs_NB_ModerateThreat_20260407_220003.csv,NB,Moderate adversity,58,8.360927152317881,30.79470198675497,19.453642384105958,41.390728476821195
multiple_runs_NB_ModerateThreat_20260407_220003.csv,multiple_runs_NB_ModerateThreat_20260407_220003.csv,NB,Moderate adversity,59,6.373008434864105,36.92596063730084,10.684161199625116,46.01686972820993
multiple_runs_NB_ModerateThreat_20260407_220003.csv,multiple_runs_NB_ModerateThreat_20260407_220003.csv,NB,Moderate adversity,60,4.391371340523883,53.6979969183359,26.733436055469955,15.177195685670261
multiple_runs_NB_ModerateThreat_20260407_220003.csv,multiple_runs_NB_ModerateThreat_20260407_220003.csv,NB,Moderate adversity,61,5.367464905037159,33.03055326176714,31.461601981833198,30.14037985136251
multiple_runs_NB_ModerateThreat_20260407_220003.csv,multiple_runs_NB_ModerateThreat_20260407_220003.csv,NB,Moderate adversity,62,5.276174773289365,28.194558944765046,27.699917559769165,38.82934872217642
multiple_runs_NB_ModerateThreat_20260407_220003.csv,multiple_runs_NB_ModerateThreat_20260407_220003.csv,NB,Moderate adversity,63,7.491856677524431,28.990228013029316,20.195439739413683,43.32247557003257
multiple_runs_NB_ModerateThreat_20260407_220003.csv,multiple_runs_NB_ModerateThreat_20260407_220003.csv,NB,Moderate adversity,64,4.442581726739313,41.24056999161777,16.764459346186086,37.55238893545683
multiple_runs_NB_ModerateThreat_20260407_220003.csv,multiple_runs_NB_ModerateThreat_20260407_220003.csv,NB,Moderate adversity,65,5.581761006289308,29.952830188679247,25.0,39.46540880503145
multiple_runs_NB_ModerateThreat_20260407_220003.csv,multiple_runs_NB_ModerateThreat_20260407_220003.csv,NB,Moderate adversity,66,5.799648506151142,9.314586994727591,40.33391915641476,44.5518453427065
multiple_runs_NB_ModerateThreat_20260407_220003.csv,multiple_runs_NB_ModerateThreat_20260407_220003.csv,NB,Moderate adversity,67,5.226209048361934,31.435257410296412,20.436817472698905,42.90171606864275
multiple_runs_NB_ModerateThreat_20260407_220003.csv,multiple_runs_NB_ModerateThreat_20260407_220003.csv,NB,Moderate adversity,68,6.660899653979238,33.21799307958477,19.031141868512112,41.089965397923876
multiple_runs_NB_ModerateThreat_20260407_220003.csv,multiple_runs_NB_ModerateThreat_20260407_220003.csv,NB,Moderate adversity,69,10.344827586206897,21.60919540229885,30.344827586206897,37.701149425287355
multiple_runs_NB_ModerateThreat_20260407_220003.csv,multiple_runs_NB_ModerateThreat_20260407_220003.csv,NB,Moderate adversity,70,8.242220353238014,15.979814970563499,34.3986543313709,41.37931034482759
multiple_runs_NB_ModerateThreat_20260407_220003.csv,multiple_runs_NB_ModerateThreat_20260407_220003.csv,NB,Moderate adversity,71,4.961832061068702,25.0381679389313,30.916030534351147,39.083969465648856
multiple_runs_NB_ModerateThreat_20260407_220003.csv,multiple_runs_NB_ModerateThreat_20260407_220003.csv,NB,Moderate adversity,72,5.23156089193825,18.69639794168096,21.440823327615778,54.63121783876501
multiple_runs_NB_ModerateThreat_20260407_220003.csv,multiple_runs_NB_ModerateThreat_20260407_220003.csv,NB,Moderate adversity,73,5.927051671732523,24.39209726443769,26.899696048632222,42.78115501519757
multiple_runs_NB_ModerateThreat_20260407_220003.csv,multiple_runs_NB_ModerateThreat_20260407_220003.csv,NB,Moderate adversity,74,6.527651858567543,12.330009066183138,34.63281958295558,46.50951949229374
multiple_runs_NB_ModerateThreat_20260407_220003.csv,multiple_runs_NB_ModerateThreat_20260407_220003.csv,NB,Moderate adversity,75,10.162991371045061,31.543624161073826,25.311601150527324,32.98178331735379
multiple_runs_NB_ModerateThreat_20260407_220003.csv,multiple_runs_NB_ModerateThreat_20260407_220003.csv,NB,Moderate adversity,76,5.422647527910686,28.4688995215311,33.811802232854866,32.29665071770335
multiple_runs_NB_ModerateThreat_20260407_220003.csv,multiple_runs_NB_ModerateThreat_20260407_220003.csv,NB,Moderate adversity,77,7.613344739093241,51.83917878528656,7.100085543199315,33.44739093242087
multiple_runs_NB_ModerateThreat_20260407_220003.csv,multiple_runs_NB_ModerateThreat_20260407_220003.csv,NB,Moderate adversity,78,4.681504221028396,30.007674597083657,10.360706062931696,54.950115118956255
multiple_runs_NB_ModerateThreat_20260407_220003.csv,multiple_runs_NB_ModerateThreat_20260407_220003.csv,NB,Moderate adversity,79,5.666666666666666,7.333333333333333,42.916666666666664,44.083333333333336
multiple_runs_NB_ModerateThreat_20260407_220003.csv,multiple_runs_NB_ModerateThreat_20260407_220003.csv,NB,Moderate adversity,80,6.419753086419753,44.19753086419753,5.761316872427984,43.62139917695473
multiple_runs_NB_ModerateThreat_20260407_220003.csv,multiple_runs_NB_ModerateThreat_20260407_220003.csv,NB,Moderate adversity,81,5.599300087489064,31.671041119860018,21.434820647419073,41.29483814523184
multiple_runs_NB_ModerateThreat_20260407_220003.csv,multiple_runs_NB_ModerateThreat_20260407_220003.csv,NB,Moderate adversity,82,6.0889929742388755,18.89149102263856,34.97267759562842,40.04683840749414
multiple_runs_NB_ModerateThreat_20260407_220003.csv,multiple_runs_NB_ModerateThreat_20260407_220003.csv,NB,Moderate adversity,83,6.086956521739131,7.82608695652174,42.608695652173914,43.47826086956522
multiple_runs_NB_ModerateThreat_20260407_220003.csv,multiple_runs_NB_ModerateThreat_20260407_220003.csv,NB,Moderate adversity,84,6.656580937972769,30.10590015128593,29.652042360060516,33.58547655068079
multiple_runs_NB_ModerateThreat_20260407_220003.csv,multiple_runs_NB_ModerateThreat_20260407_220003.csv,NB,Moderate adversity,85,9.527824620573355,30.016863406408095,15.345699831365936,45.10961214165262
multiple_runs_NB_ModerateThreat_20260407_220003.csv,multiple_runs_NB_ModerateThreat_20260407_220003.csv,NB,Moderate adversity,86,6.2717770034843205,30.57491289198606,20.470383275261327,42.68292682926829
multiple_runs_NB_ModerateThreat_20260407_220003.csv,multiple_runs_NB_ModerateThreat_20260407_220003.csv,NB,Moderate adversity,87,5.226748654880861,52.19062259800153,6.149116064565718,36.433512682551886
multiple_runs_NB_ModerateThreat_20260407_220003.csv,multiple_runs_NB_ModerateThreat_20260407_220003.csv,NB,Moderate adversity,88,7.924203273040482,43.75538329026701,6.6322136089577945,41.688199827734714
multiple_runs_NB_ModerateThreat_20260407_220003.csv,multiple_runs_NB_ModerateThreat_20260407_220003.csv,NB,Moderate adversity,89,9.971509971509972,33.71320037986705,7.027540360873694,49.287749287749286
multiple_runs_NB_ModerateThreat_20260407_220003.csv,multiple_runs_NB_ModerateThreat_20260407_220003.csv,NB,Moderate adversity,90,4.62046204620462,6.9306930693069315,45.2970297029703,43.15181518151815
multiple_runs_NB_ModerateThreat_20260407_220003.csv,multiple_runs_NB_ModerateThreat_20260407_220003.csv,NB,Moderate adversity,91,5.443886097152429,42.71356783919598,10.887772194304858,40.95477386934673
multiple_runs_NB_ModerateThreat_20260407_220003.csv,multiple_runs_NB_ModerateThreat_20260407_220003.csv,NB,Moderate adversity,92,5.892116182572614,45.975103734439834,7.717842323651452,40.4149377593361
multiple_runs_NB_ModerateThreat_20260407_220003.csv,multiple_runs_NB_ModerateThreat_20260407_220003.csv,NB,Moderate adversity,93,6.109613656783468,23.98921832884097,21.293800539083556,48.607367475292
multiple_runs_NB_ModerateThreat_20260407_220003.csv,multiple_runs_NB_ModerateThreat_20260407_220003.csv,NB,Moderate adversity,94,5.349439171699741,9.836065573770492,41.069887834339944,43.744607420189816
multiple_runs_NB_ModerateThreat_20260407_220003.csv,multiple_runs_NB_ModerateThreat_20260407_220003.csv,NB,Moderate adversity,95,7.849829351535837,39.846416382252556,15.61433447098976,36.689419795221845
multiple_runs_NB_ModerateThreat_20260407_220003.csv,multiple_runs_NB_ModerateThreat_20260407_220003.csv,NB,Moderate adversity,96,8.171206225680933,40.75875486381323,23.249027237354085,27.82101167315175
multiple_runs_NB_ModerateThreat_20260407_220003.csv,multiple_runs_NB_ModerateThreat_20260407_220003.csv,NB,Moderate adversity,97,7.973421926910299,32.475083056478404,13.953488372093023,45.59800664451827
multiple_runs_NB_ModerateThreat_20260407_220003.csv,multiple_runs_NB_ModerateThreat_20260407_220003.csv,NB,Moderate adversity,98,6.0528559249786875,12.787723785166241,37.42540494458653,43.73401534526854
multiple_runs_NB_ModerateThreat_20260407_220003.csv,multiple_runs_NB_ModerateThreat_20260407_220003.csv,NB,Moderate adversity,99,8.63914373088685,47.477064220183486,7.79816513761468,36.08562691131498
multiple_runs_NB_ModerateThreat_20260407_220003.csv,multiple_runs_NB_ModerateThreat_20260407_220003.csv,NB,Moderate adversity,100,5.613472333600641,20.609462710505213,32.6383319967923,41.138732959101844
multiple_runs_NB_ModerateThreat_20260407_220003.csv,multiple_runs_NB_ModerateThreat_20260407_220003.csv,NB,Moderate adversity,101,6.232813932172319,40.05499541704858,5.499541704857928,48.212648945921174
multiple_runs_NB_ModerateThreat_20260407_220003.csv,multiple_runs_NB_ModerateThreat_20260407_220003.csv,NB,Moderate adversity,102,7.672188317349608,5.3182214472537055,30.42720139494333,56.582388840453355
multiple_runs_NB_ModerateThreat_20260407_220003.csv,multiple_runs_NB_ModerateThreat_20260407_220003.csv,NB,Moderate adversity,103,6.472491909385113,5.906148867313916,45.79288025889968,41.82847896440129
multiple_runs_NB_ModerateThreat_20260407_220003.csv,multiple_runs_NB_ModerateThreat_20260407_220003.csv,NB,Moderate adversity,104,7.231920199501247,17.373233582709894,35.82709891936825,39.56774729842061
multiple_runs_NB_ModerateThreat_20260407_220003.csv,multiple_runs_NB_ModerateThreat_20260407_220003.csv,NB,Moderate adversity,105,6.117021276595745,55.23049645390071,9.219858156028367,29.432624113475175
multiple_runs_NB_ModerateThreat_20260407_220003.csv,multiple_runs_NB_ModerateThreat_20260407_220003.csv,NB,Moderate adversity,106,8.35421888053467,5.096073517126149,42.606516290726816,43.94319131161236
multiple_runs_NB_ModerateThreat_20260407_220003.csv,multiple_runs_NB_ModerateThreat_20260407_220003.csv,NB,Moderate adversity,107,5.800653594771242,32.51633986928105,22.385620915032682,39.29738562091503
multiple_runs_NB_ModerateThreat_20260407_220003.csv,multiple_runs_NB_ModerateThreat_20260407_220003.csv,NB,Moderate adversity,108,5.325987144168963,54.729109274563825,9.73370064279155,30.21120293847567
multiple_runs_NB_ModerateThreat_20260407_220003.csv,multiple_runs_NB_ModerateThreat_20260407_220003.csv,NB,Moderate adversity,109,5.320813771517996,22.848200312989047,30.438184663536777,41.39280125195618
multiple_runs_NB_ModerateThreat_20260407_220003.csv,multiple_runs_NB_ModerateThreat_20260407_220003.csv,NB,Moderate adversity,110,5.813953488372093,32.63565891472868,24.26356589147287,37.286821705426355
multiple_runs_NB_ModerateThreat_20260407_220003.csv,multiple_runs_NB_ModerateThreat_20260407_220003.csv,NB,Moderate adversity,111,6.026200873362445,24.366812227074234,25.76419213973799,43.842794759825324
multiple_runs_NB_ModerateThreat_20260407_220003.csv,multiple_runs_NB_ModerateThreat_20260407_220003.csv,NB,Moderate adversity,112,5.181747873163187,35.11214230471771,40.60324825986079,19.102861562258315
multiple_runs_NB_ModerateThreat_20260407_220003.csv,multiple_runs_NB_ModerateThreat_20260407_220003.csv,NB,Moderate adversity,113,4.4390637610976595,70.5407586763519,7.183212267958031,17.836965294592414
multiple_runs_NB_ModerateThreat_20260407_220003.csv,multiple_runs_NB_ModerateThreat_20260407_220003.csv,NB,Moderate adversity,114,11.73425366695427,13.028472821397758,27.523727351164794,47.713546160483176
multiple_runs_NB_ModerateThreat_20260407_220003.csv,multiple_runs_NB_ModerateThreat_20260407_220003.csv,NB,Moderate adversity,115,8.072916666666668,35.24305555555556,11.89236111111111,44.79166666666667
multiple_runs_NB_ModerateThreat_20260407_220003.csv,multiple_runs_NB_ModerateThreat_20260407_220003.csv,NB,Moderate adversity,116,9.294871794871796,37.419871794871796,15.785256410256409,37.5
multiple_runs_NB_ModerateThreat_20260407_220003.csv,multiple_runs_NB_ModerateThreat_20260407_220003.csv,NB,Moderate adversity,117,6.294256490952006,13.139260424862313,71.51848937844217,9.04799370574351
multiple_runs_NB_ModerateThreat_20260407_220003.csv,multiple_runs_NB_ModerateThreat_20260407_220003.csv,NB,Moderate adversity,118,6.094420600858369,46.52360515021459,5.836909871244635,41.54506437768241
multiple_runs_NB_ModerateThreat_20260407_220003.csv,multiple_runs_NB_ModerateThreat_20260407_220003.csv,NB,Moderate adversity,119,17.25021349274125,10.845431255337319,15.627668659265584,56.27668659265584
multiple_runs_NB_ModerateThreat_20260407_220003.csv,multiple_runs_NB_ModerateThreat_20260407_220003.csv,NB,Moderate adversity,120,7.438715131022823,35.08030431107354,16.06086221470837,41.42011834319527
multiple_runs_NB_ModerateThreat_20260407_220003.csv,multiple_runs_NB_ModerateThreat_20260407_220003.csv,NB,Moderate adversity,121,5.2,43.2,12.32,39.28
multiple_runs_NB_ModerateThreat_20260407_220003.csv,multiple_runs_NB_ModerateThreat_20260407_220003.csv,NB,Moderate adversity,122,5.952380952380952,43.02721088435374,7.8231292517006805,43.197278911564624
multiple_runs_NB_ModerateThreat_20260407_220003.csv,multiple_runs_NB_ModerateThreat_20260407_220003.csv,NB,Moderate adversity,123,5.029337803855825,32.52305113160101,24.224643755238894,38.22296730930427
multiple_runs_NB_ModerateThreat_20260407_220003.csv,multiple_runs_NB_ModerateThreat_20260407_220003.csv,NB,Moderate adversity,124,5.43859649122807,24.210526315789473,25.17543859649123,45.17543859649123
multiple_runs_NB_ModerateThreat_20260407_220003.csv,multiple_runs_NB_ModerateThreat_20260407_220003.csv,NB,Moderate adversity,125,5.726141078838174,32.28215767634855,55.767634854771785,6.224066390041494
multiple_runs_NB_ModerateThreat_20260407_220003.csv,multiple_runs_NB_ModerateThreat_20260407_220003.csv,NB,Moderate adversity,126,4.6613255644573925,54.33357611070648,21.194464675892206,19.810633648943917
multiple_runs_NB_ModerateThreat_20260407_220003.csv,multiple_runs_NB_ModerateThreat_20260407_220003.csv,NB,Moderate adversity,127,5.895865237366003,10.413476263399694,43.33843797856049,40.35222052067382
multiple_runs_NB_ModerateThreat_20260407_220003.csv,multiple_runs_NB_ModerateThreat_20260407_220003.csv,NB,Moderate adversity,128,5.371530886302596,20.322291853178157,29.185317815577438,45.12085944494181
multiple_runs_NB_ModerateThreat_20260407_220003.csv,multiple_runs_NB_ModerateThreat_20260407_220003.csv,NB,Moderate adversity,129,6.206896551724138,40.0,13.448275862068964,40.3448275862069
multiple_runs_NB_ModerateThreat_20260407_220003.csv,multiple_runs_NB_ModerateThreat_20260407_220003.csv,NB,Moderate adversity,130,7.590467784642542,19.41747572815534,30.008826125330977,42.983230361871136
multiple_runs_NB_ModerateThreat_20260407_220003.csv,multiple_runs_NB_ModerateThreat_20260407_220003.csv,NB,Moderate adversity,131,7.535460992907801,50.797872340425535,24.20212765957447,17.4645390070922
multiple_runs_NB_ModerateThreat_20260407_220003.csv,multiple_runs_NB_ModerateThreat_20260407_220003.csv,NB,Moderate adversity,132,6.148867313915858,25.32362459546926,19.25566343042071,49.271844660194176
multiple_runs_NB_ModerateThreat_20260407_220003.csv,multiple_runs_NB_ModerateThreat_20260407_220003.csv,NB,Moderate adversity,133,6.356311548791406,8.594449418084155,41.897940913160255,43.15129811996419
multiple_runs_NB_ModerateThreat_20260407_220003.csv,multiple_runs_NB_ModerateThreat_20260407_220003.csv,NB,Moderate adversity,134,5.660377358490567,9.92616899097621,41.67350287120591,42.739950779327316
multiple_runs_NB_ModerateThreat_20260407_220003.csv,multiple_runs_NB_ModerateThreat_20260407_220003.csv,NB,Moderate adversity,135,6.76949443016281,10.539845758354756,32.64781491002571,50.04284490145673
multiple_runs_NB_ModerateThreat_20260407_220003.csv,multiple_runs_NB_ModerateThreat_20260407_220003.csv,NB,Moderate adversity,136,6.244931062449311,48.175182481751825,29.521492295214923,16.05839416058394
multiple_runs_NB_ModerateThreat_20260407_220003.csv,multiple_runs_NB_ModerateThreat_20260407_220003.csv,NB,Moderate adversity,137,4.44624090541633,9.539207760711399,47.21099434114794,38.80355699272433
multiple_runs_NB_ModerateThreat_20260407_220003.csv,multiple_runs_NB_ModerateThreat_20260407_220003.csv,NB,Moderate adversity,138,5.5369127516778525,43.70805369127517,12.164429530201343,38.59060402684564
multiple_runs_NB_ModerateThreat_20260407_220003.csv,multiple_runs_NB_ModerateThreat_20260407_220003.csv,NB,Moderate adversity,139,6.778169014084508,7.482394366197183,42.6056338028169,43.13380281690141
multiple_runs_NB_ModerateThreat_20260407_220003.csv,multiple_runs_NB_ModerateThreat_20260407_220003.csv,NB,Moderate adversity,140,4.658385093167702,8.618012422360248,46.506211180124225,40.21739130434783
multiple_runs_NB_ModerateThreat_20260407_220003.csv,multiple_runs_NB_ModerateThreat_20260407_220003.csv,NB,Moderate adversity,141,6.6424021838034575,20.382165605095544,21.929026387625115,51.04640582347588
multiple_runs_NB_ModerateThreat_20260407_220003.csv,multiple_runs_NB_ModerateThreat_20260407_220003.csv,NB,Moderate adversity,142,6.170598911070781,6.261343012704174,43.19419237749546,44.37386569872958
multiple_runs_NB_ModerateThreat_20260407_220003.csv,multiple_runs_NB_ModerateThreat_20260407_220003.csv,NB,Moderate adversity,143,5.246671887235708,9.788566953797964,45.653876272513706,39.31088488645263
multiple_runs_NB_ModerateThreat_20260407_220003.csv,multiple_runs_NB_ModerateThreat_20260407_220003.csv,NB,Moderate adversity,144,5.821371610845295,21.451355661881976,35.32695374800638,37.40031897926635
multiple_runs_NB_ModerateThreat_20260407_220003.csv,multiple_runs_NB_ModerateThreat_20260407_220003.csv,NB,Moderate adversity,145,7.333333333333333,31.083333333333336,18.75,42.833333333333336
multiple_runs_NB_ModerateThreat_20260407_220003.csv,multiple_runs_NB_ModerateThreat_20260407_220003.csv,NB,Moderate adversity,146,4.716981132075472,27.70154373927959,25.471698113207548,42.109777015437395
multiple_runs_NB_ModerateThreat_20260407_220003.csv,multiple_runs_NB_ModerateThreat_20260407_220003.csv,NB,Moderate adversity,147,5.956678700361011,19.4043321299639,37.36462093862816,37.274368231046935
multiple_runs_NB_ModerateThreat_20260407_220003.csv,multiple_runs_NB_ModerateThreat_20260407_220003.csv,NB,Moderate adversity,148,7.420494699646643,21.289752650176677,25.97173144876325,45.31802120141343
multiple_runs_NB_ModerateThreat_20260407_220003.csv,multiple_runs_NB_ModerateThreat_20260407_220003.csv,NB,Moderate adversity,149,13.106382978723405,17.872340425531917,13.702127659574467,55.319148936170215
multiple_runs_NB_ModerateThreat_20260407_220003.csv,multiple_runs_NB_ModerateThreat_20260407_220003.csv,NB,Moderate adversity,150,7.1082390953150245,41.68012924071082,8.319870759289175,42.89176090468498
multiple_runs_NB_ModerateThreat_20260407_220003.csv,multiple_runs_NB_ModerateThreat_20260407_220003.csv,NB,Moderate adversity,151,6.955810147299508,27.414075286415713,26.104746317512273,39.5253682487725
multiple_runs_NB_ModerateThreat_20260407_220003.csv,multiple_runs_NB_ModerateThreat_20260407_220003.csv,NB,Moderate adversity,152,5.955143078112916,50.88940448569219,7.11523588553751,36.040216550657384
multiple_runs_NB_ModerateThreat_20260407_220003.csv,multiple_runs_NB_ModerateThreat_20260407_220003.csv,NB,Moderate adversity,153,8.054298642533936,7.873303167420814,41.26696832579185,42.80542986425339
multiple_runs_NB_ModerateThreat_20260407_220003.csv,multiple_runs_NB_ModerateThreat_20260407_220003.csv,NB,Moderate adversity,154,5.887372013651877,45.73378839590443,17.064846416382252,31.313993174061434
multiple_runs_NB_ModerateThreat_20260407_220003.csv,multiple_runs_NB_ModerateThreat_20260407_220003.csv,NB,Moderate adversity,155,6.305578011317705,4.607922392886015,39.04607922392886,50.04042037186742
multiple_runs_NB_ModerateThreat_20260407_220003.csv,multiple_runs_NB_ModerateThreat_20260407_220003.csv,NB,Moderate adversity,156,28.127772848269743,9.40550133096717,10.736468500443657,51.73025732031943
multiple_runs_NB_ModerateThreat_20260407_220003.csv,multiple_runs_NB_ModerateThreat_20260407_220003.csv,NB,Moderate adversity,157,6.0402684563758395,8.89261744966443,42.95302013422819,42.11409395973154
multiple_runs_NB_ModerateThreat_20260407_220003.csv,multiple_runs_NB_ModerateThreat_20260407_220003.csv,NB,Moderate adversity,158,5.51948051948052,41.23376623376623,15.178571428571427,38.06818181818182
multiple_runs_NB_ModerateThreat_20260407_220003.csv,multiple_runs_NB_ModerateThreat_20260407_220003.csv,NB,Moderate adversity,159,8.312128922815946,20.01696352841391,29.770992366412212,41.89991518235793
multiple_runs_NB_ModerateThreat_20260407_220003.csv,multiple_runs_NB_ModerateThreat_20260407_220003.csv,NB,Moderate adversity,160,6.031746031746032,29.682539682539684,25.0,39.285714285714285
multiple_runs_NB_ModerateThreat_20260407_220003.csv,multiple_runs_NB_ModerateThreat_20260407_220003.csv,NB,Moderate adversity,161,5.747126436781609,29.619805481874444,26.348364279398762,38.28470380194518
multiple_runs_NB_ModerateThreat_20260407_220003.csv,multiple_runs_NB_ModerateThreat_20260407_220003.csv,NB,Moderate adversity,162,12.288512911843277,22.79608192341941,14.870881567230631,50.044523597506675
multiple_runs_NB_ModerateThreat_20260407_220003.csv,multiple_runs_NB_ModerateThreat_20260407_220003.csv,NB,Moderate adversity,163,5.329153605015674,11.285266457680251,7.6802507836990594,75.70532915360502
multiple_runs_NB_ModerateThreat_20260407_220003.csv,multiple_runs_NB_ModerateThreat_20260407_220003.csv,NB,Moderate adversity,164,5.384615384615385,45.21367521367522,11.452991452991453,37.94871794871795
multiple_runs_NB_ModerateThreat_20260407_220003.csv,multiple_runs_NB_ModerateThreat_20260407_220003.csv,NB,Moderate adversity,165,5.995004163197335,6.1615320566194836,39.467110741049126,48.37635303913406
multiple_runs_NB_ModerateThreat_20260407_220003.csv,multiple_runs_NB_ModerateThreat_20260407_220003.csv,NB,Moderate adversity,166,10.26936026936027,23.232323232323232,25.841750841750844,40.65656565656566
multiple_runs_NB_ModerateThreat_20260407_220003.csv,multiple_runs_NB_ModerateThreat_20260407_220003.csv,NB,Moderate adversity,167,8.426966292134832,37.07865168539326,17.883895131086142,36.61048689138577
multiple_runs_NB_ModerateThreat_20260407_220003.csv,multiple_runs_NB_ModerateThreat_20260407_220003.csv,NB,Moderate adversity,168,6.358885017421604,13.414634146341465,35.36585365853659,44.860627177700344
multiple_runs_NB_ModerateThreat_20260407_220003.csv,multiple_runs_NB_ModerateThreat_20260407_220003.csv,NB,Moderate adversity,169,6.373429084380611,44.34470377019748,32.58527827648115,16.696588868940754
multiple_runs_NB_ModerateThreat_20260407_220003.csv,multiple_runs_NB_ModerateThreat_20260407_220003.csv,NB,Moderate adversity,170,6.678700361010831,36.371841155234655,36.371841155234655,20.577617328519857
multiple_runs_NB_ModerateThreat_20260407_220003.csv,multiple_runs_NB_ModerateThreat_20260407_220003.csv,NB,Moderate adversity,171,4.739336492890995,6.240126382306476,46.76145339652449,42.25908372827804
multiple_runs_NB_ModerateThreat_20260407_220003.csv,multiple_runs_NB_ModerateThreat_20260407_220003.csv,NB,Moderate adversity,172,4.93730407523511,10.9717868338558,35.42319749216301,48.66771159874608
multiple_runs_NB_ModerateThreat_20260407_220003.csv,multiple_runs_NB_ModerateThreat_20260407_220003.csv,NB,Moderate adversity,173,5.663304887509697,11.869666408068271,24.74786656322731,57.71916214119472
multiple_runs_NB_ModerateThreat_20260407_220003.csv,multiple_runs_NB_ModerateThreat_20260407_220003.csv,NB,Moderate adversity,174,5.422647527910686,48.32535885167464,5.023923444976076,41.228070175438596
multiple_runs_NB_ModerateThreat_20260407_220003.csv,multiple_runs_NB_ModerateThreat_20260407_220003.csv,NB,Moderate adversity,175,6.896551724137931,20.866489832007073,27.23253757736516,45.00442086648983
multiple_runs_NB_ModerateThreat_20260407_220003.csv,multiple_runs_NB_ModerateThreat_20260407_220003.csv,NB,Moderate adversity,176,5.064377682403434,42.91845493562232,7.553648068669528,44.46351931330472
multiple_runs_NB_ModerateThreat_20260407_220003.csv,multiple_runs_NB_ModerateThreat_20260407_220003.csv,NB,Moderate adversity,177,8.64,65.03999999999999,20.64,5.680000000000001
multiple_runs_NB_ModerateThreat_20260407_220003.csv,multiple_runs_NB_ModerateThreat_20260407_220003.csv,NB,Moderate adversity,178,5.719091673675358,19.09167367535744,30.95037846930194,44.23885618166526
multiple_runs_NB_ModerateThreat_20260407_220003.csv,multiple_runs_NB_ModerateThreat_20260407_220003.csv,NB,Moderate adversity,179,5.246671887235708,44.87079091620987,14.487079091620986,35.39545810493344
multiple_runs_NB_ModerateThreat_20260407_220003.csv,multiple_runs_NB_ModerateThreat_20260407_220003.csv,NB,Moderate adversity,180,5.778894472361809,32.077051926298154,20.016750418760466,42.12730318257956
multiple_runs_NB_ModerateThreat_20260407_220003.csv,multiple_runs_NB_ModerateThreat_20260407_220003.csv,NB,Moderate adversity,181,4.537205081669692,17.96733212341198,36.116152450090745,41.37931034482759
multiple_runs_NB_ModerateThreat_20260407_220003.csv,multiple_runs_NB_ModerateThreat_20260407_220003.csv,NB,Moderate adversity,182,5.291970802919708,55.93065693430657,30.29197080291971,8.485401459854014
multiple_runs_NB_ModerateThreat_20260407_220003.csv,multiple_runs_NB_ModerateThreat_20260407_220003.csv,NB,Moderate adversity,183,5.683690280065898,27.924217462932454,25.782537067545302,40.609555189456344
multiple_runs_NB_ModerateThreat_20260407_220003.csv,multiple_runs_NB_ModerateThreat_20260407_220003.csv,NB,Moderate adversity,184,6.411323896752706,26.39467110741049,35.97002497918401,31.223980016652792
multiple_runs_NB_ModerateThreat_20260407_220003.csv,multiple_runs_NB_ModerateThreat_20260407_220003.csv,NB,Moderate adversity,185,7.448494453248812,41.60063391442155,10.380348652931854,40.57052297939778
multiple_runs_NB_ModerateThreat_20260407_220003.csv,multiple_runs_NB_ModerateThreat_20260407_220003.csv,NB,Moderate adversity,186,6.833910034602077,29.58477508650519,22.92387543252595,40.65743944636678
multiple_runs_NB_ModerateThreat_20260407_220003.csv,multiple_runs_NB_ModerateThreat_20260407_220003.csv,NB,Moderate adversity,187,5.5053410024650775,29.41659819227609,25.965488907148725,39.112571898110104
multiple_runs_NB_ModerateThreat_20260407_220003.csv,multiple_runs_NB_ModerateThreat_20260407_220003.csv,NB,Moderate adversity,188,6.388415672913117,38.58603066439523,23.509369676320272,31.51618398637138
multiple_runs_NB_ModerateThreat_20260407_220003.csv,multiple_runs_NB_ModerateThreat_20260407_220003.csv,NB,Moderate adversity,189,6.867671691792294,9.296482412060302,42.629815745393635,41.20603015075377
multiple_runs_NB_ModerateThreat_20260407_220003.csv,multiple_runs_NB_ModerateThreat_20260407_220003.csv,NB,Moderate adversity,190,5.280259951259139,37.77416734362307,17.384240454914703,39.56133225020309
multiple_runs_NB_ModerateThreat_20260407_220003.csv,multiple_runs_NB_ModerateThreat_20260407_220003.csv,NB,Moderate adversity,191,8.974358974358974,16.153846153846153,31.367521367521366,43.504273504273506
multiple_runs_NB_ModerateThreat_20260407_220003.csv,multiple_runs_NB_ModerateThreat_20260407_220003.csv,NB,Moderate adversity,192,5.1681706316652996,6.808859721082855,34.78260869565217,53.240360951599676
multiple_runs_NB_ModerateThreat_20260407_220003.csv,multiple_runs_NB_ModerateThreat_20260407_220003.csv,NB,Moderate adversity,193,6.8361086765994745,15.86327782646801,32.2524101665206,45.048203330411916
multiple_runs_NB_ModerateThreat_20260407_220003.csv,multiple_runs_NB_ModerateThreat_20260407_220003.csv,NB,Moderate adversity,194,5.409705648369132,20.92283214001591,28.957836117740655,44.709626093874306
multiple_runs_NB_ModerateThreat_20260407_220003.csv,multiple_runs_NB_ModerateThreat_20260407_220003.csv,NB,Moderate adversity,195,7.7994428969359335,24.512534818941504,28.319405756731662,39.3686165273909
multiple_runs_NB_ModerateThreat_20260407_220003.csv,multiple_runs_NB_ModerateThreat_20260407_220003.csv,NB,Moderate adversity,196,6.730769230769231,13.898601398601398,32.60489510489511,46.76573426573427
multiple_runs_NB_ModerateThreat_20260407_220003.csv,multiple_runs_NB_ModerateThreat_20260407_220003.csv,NB,Moderate adversity,197,6.838365896980461,25.843694493783303,23.090586145648313,44.22735346358792
multiple_runs_NB_ModerateThreat_20260407_220003.csv,multiple_runs_NB_ModerateThreat_20260407_220003.csv,NB,Moderate adversity,198,5.8988764044943816,42.97752808988764,11.329588014981272,39.7940074906367
multiple_runs_NB_ModerateThreat_20260407_220003.csv,multiple_runs_NB_ModerateThreat_20260407_220003.csv,NB,Moderate adversity,199,7.791017415215398,13.01558203483043,36.663611365719525,42.529789184234644
multiple_runs_NB_ModerateThreat_20260407_220003.csv,multiple_runs_NB_ModerateThreat_20260407_220003.csv,NB,Moderate adversity,200,5.845181674565561,38.62559241706161,16.824644549763033,38.70458135860979
multiple_runs_DB_HighThreat_2_20260407_031225.csv,multiple_runs_DB_HighThreat_2_20260407_031225.csv,DB,ACE,1,55.40816326530612,25.408163265306122,6.530612244897959,12.653061224489795
multiple_runs_DB_HighThreat_2_20260407_031225.csv,multiple_runs_DB_HighThreat_2_20260407_031225.csv,DB,ACE,2,52.75958840037418,7.109448082319925,6.454630495790459,33.67633302151544
multiple_runs_DB_HighThreat_2_20260407_031225.csv,multiple_runs_DB_HighThreat_2_20260407_031225.csv,DB,ACE,3,60.74681238615665,6.9216757741347905,5.828779599271402,26.50273224043716
multiple_runs_DB_HighThreat_2_20260407_031225.csv,multiple_runs_DB_HighThreat_2_20260407_031225.csv,DB,ACE,4,36.62587412587413,7.167832167832168,5.856643356643357,50.349650349650354
multiple_runs_DB_HighThreat_2_20260407_031225.csv,multiple_runs_DB_HighThreat_2_20260407_031225.csv,DB,ACE,5,57.28542914171657,22.45508982035928,6.187624750499002,14.071856287425149
multiple_runs_DB_HighThreat_2_20260407_031225.csv,multiple_runs_DB_HighThreat_2_20260407_031225.csv,DB,ACE,6,39.59074733096085,11.832740213523131,6.049822064056939,42.52669039145908
multiple_runs_DB_HighThreat_2_20260407_031225.csv,multiple_runs_DB_HighThreat_2_20260407_031225.csv,DB,ACE,7,65.7329598506069,8.683473389355742,6.069094304388422,19.514472455648928
multiple_runs_DB_HighThreat_2_20260407_031225.csv,multiple_runs_DB_HighThreat_2_20260407_031225.csv,DB,ACE,8,38.287153652392945,7.5566750629722925,5.961376994122586,48.19479429051218
multiple_runs_DB_HighThreat_2_20260407_031225.csv,multiple_runs_DB_HighThreat_2_20260407_031225.csv,DB,ACE,9,58.85660731021556,9.090909090909092,5.810684161199625,26.241799437675727
multiple_runs_DB_HighThreat_2_20260407_031225.csv,multiple_runs_DB_HighThreat_2_20260407_031225.csv,DB,ACE,10,59.18972332015811,23.023715415019762,7.213438735177865,10.57312252964427
multiple_runs_DB_HighThreat_2_20260407_031225.csv,multiple_runs_DB_HighThreat_2_20260407_031225.csv,DB,ACE,11,76.19893428063943,7.371225577264654,5.239786856127886,11.190053285968029
multiple_runs_DB_HighThreat_2_20260407_031225.csv,multiple_runs_DB_HighThreat_2_20260407_031225.csv,DB,ACE,12,65.47733847637416,12.825458052073287,5.49662487945998,16.200578592092572
multiple_runs_DB_HighThreat_2_20260407_031225.csv,multiple_runs_DB_HighThreat_2_20260407_031225.csv,DB,ACE,13,65.83850931677019,12.732919254658384,6.418219461697723,15.010351966873706
multiple_runs_DB_HighThreat_2_20260407_031225.csv,multiple_runs_DB_HighThreat_2_20260407_031225.csv,DB,ACE,14,63.27102803738318,8.69158878504673,6.5420560747663545,21.49532710280374
multiple_runs_DB_HighThreat_2_20260407_031225.csv,multiple_runs_DB_HighThreat_2_20260407_031225.csv,DB,ACE,15,75.260663507109,9.76303317535545,6.2559241706161135,8.72037914691943
multiple_runs_DB_HighThreat_2_20260407_031225.csv,multiple_runs_DB_HighThreat_2_20260407_031225.csv,DB,ACE,16,45.09803921568628,31.46167557932264,5.525846702317291,17.914438502673796
multiple_runs_DB_HighThreat_2_20260407_031225.csv,multiple_runs_DB_HighThreat_2_20260407_031225.csv,DB,ACE,17,56.27147766323024,7.302405498281788,6.013745704467354,30.412371134020617
multiple_runs_DB_HighThreat_2_20260407_031225.csv,multiple_runs_DB_HighThreat_2_20260407_031225.csv,DB,ACE,18,26.82926829268293,10.365853658536585,5.574912891986063,57.22996515679443
multiple_runs_DB_HighThreat_2_20260407_031225.csv,multiple_runs_DB_HighThreat_2_20260407_031225.csv,DB,ACE,19,53.93364928909953,10.42654028436019,6.161137440758294,29.47867298578199
multiple_runs_DB_HighThreat_2_20260407_031225.csv,multiple_runs_DB_HighThreat_2_20260407_031225.csv,DB,ACE,20,32.05357142857143,8.214285714285714,5.357142857142857,54.37499999999999
multiple_runs_DB_HighThreat_2_20260407_031225.csv,multiple_runs_DB_HighThreat_2_20260407_031225.csv,DB,ACE,21,66.63602941176471,8.180147058823529,6.709558823529411,18.474264705882355
multiple_runs_DB_HighThreat_2_20260407_031225.csv,multiple_runs_DB_HighThreat_2_20260407_031225.csv,DB,ACE,22,29.93744414655943,7.864164432529044,5.451295799821269,56.74709562109026
multiple_runs_DB_HighThreat_2_20260407_031225.csv,multiple_runs_DB_HighThreat_2_20260407_031225.csv,DB,ACE,23,54.08163265306123,28.26530612244898,6.73469387755102,10.918367346938776
multiple_runs_DB_HighThreat_2_20260407_031225.csv,multiple_runs_DB_HighThreat_2_20260407_031225.csv,DB,ACE,24,41.00418410041841,7.7824267782426775,6.192468619246862,45.020920502092046
multiple_runs_DB_HighThreat_2_20260407_031225.csv,multiple_runs_DB_HighThreat_2_20260407_031225.csv,DB,ACE,25,39.00709219858156,7.712765957446808,6.205673758865248,47.07446808510639
multiple_runs_DB_HighThreat_2_20260407_031225.csv,multiple_runs_DB_HighThreat_2_20260407_031225.csv,DB,ACE,26,57.765151515151516,21.401515151515152,6.628787878787879,14.204545454545455
multiple_runs_DB_HighThreat_2_20260407_031225.csv,multiple_runs_DB_HighThreat_2_20260407_031225.csv,DB,ACE,27,33.24873096446701,15.820642978003384,5.583756345177665,45.346869712351946
multiple_runs_DB_HighThreat_2_20260407_031225.csv,multiple_runs_DB_HighThreat_2_20260407_031225.csv,DB,ACE,28,59.12220309810671,25.38726333907057,5.679862306368331,9.81067125645439
multiple_runs_DB_HighThreat_2_20260407_031225.csv,multiple_runs_DB_HighThreat_2_20260407_031225.csv,DB,ACE,29,35.54964539007092,7.801418439716312,5.851063829787234,50.797872340425535
multiple_runs_DB_HighThreat_2_20260407_031225.csv,multiple_runs_DB_HighThreat_2_20260407_031225.csv,DB,ACE,30,57.16814159292035,7.433628318584071,6.106194690265487,29.292035398230087
multiple_runs_DB_HighThreat_2_20260407_031225.csv,multiple_runs_DB_HighThreat_2_20260407_031225.csv,DB,ACE,31,59.31623931623932,9.145299145299145,6.068376068376068,25.47008547008547
multiple_runs_DB_HighThreat_2_20260407_031225.csv,multiple_runs_DB_HighThreat_2_20260407_031225.csv,DB,ACE,32,61.05476673427992,19.574036511156187,6.490872210953347,12.880324543610547
multiple_runs_DB_HighThreat_2_20260407_031225.csv,multiple_runs_DB_HighThreat_2_20260407_031225.csv,DB,ACE,33,49.17627677100494,7.825370675453048,5.766062602965404,37.23228995057661
multiple_runs_DB_HighThreat_2_20260407_031225.csv,multiple_runs_DB_HighThreat_2_20260407_031225.csv,DB,ACE,34,56.231884057971016,7.053140096618357,5.603864734299517,31.11111111111111
multiple_runs_DB_HighThreat_2_20260407_031225.csv,multiple_runs_DB_HighThreat_2_20260407_031225.csv,DB,ACE,35,32.28346456692913,11.37357830271216,5.511811023622047,50.83114610673666
multiple_runs_DB_HighThreat_2_20260407_031225.csv,multiple_runs_DB_HighThreat_2_20260407_031225.csv,DB,ACE,36,70.49345417925478,9.06344410876133,6.143001007049345,14.300100704934543
multiple_runs_DB_HighThreat_2_20260407_031225.csv,multiple_runs_DB_HighThreat_2_20260407_031225.csv,DB,ACE,37,51.93089430894309,11.890243902439025,7.01219512195122,29.166666666666668
multiple_runs_DB_HighThreat_2_20260407_031225.csv,multiple_runs_DB_HighThreat_2_20260407_031225.csv,DB,ACE,38,66.16961789375583,8.946877912395154,6.710158434296365,18.173345759552657
multiple_runs_DB_HighThreat_2_20260407_031225.csv,multiple_runs_DB_HighThreat_2_20260407_031225.csv,DB,ACE,39,43.88185654008439,11.39240506329114,5.822784810126582,38.90295358649789
multiple_runs_DB_HighThreat_2_20260407_031225.csv,multiple_runs_DB_HighThreat_2_20260407_031225.csv,DB,ACE,40,66.5719696969697,8.522727272727272,6.4393939393939394,18.46590909090909
multiple_runs_DB_HighThreat_2_20260407_031225.csv,multiple_runs_DB_HighThreat_2_20260407_031225.csv,DB,ACE,41,70.96774193548387,11.29032258064516,6.552419354838709,11.189516129032258
multiple_runs_DB_HighThreat_2_20260407_031225.csv,multiple_runs_DB_HighThreat_2_20260407_031225.csv,DB,ACE,42,68.10897435897436,7.291666666666667,5.8493589743589745,18.75
multiple_runs_DB_HighThreat_2_20260407_031225.csv,multiple_runs_DB_HighThreat_2_20260407_031225.csv,DB,ACE,43,36.507936507936506,7.231040564373897,5.555555555555555,50.70546737213404
multiple_runs_DB_HighThreat_2_20260407_031225.csv,multiple_runs_DB_HighThreat_2_20260407_031225.csv,DB,ACE,44,36.28396143733567,7.975460122699387,5.6091148115688,50.13146362839615
multiple_runs_DB_HighThreat_2_20260407_031225.csv,multiple_runs_DB_HighThreat_2_20260407_031225.csv,DB,ACE,45,61.12167300380228,8.650190114068442,5.893536121673003,24.334600760456272
multiple_runs_DB_HighThreat_2_20260407_031225.csv,multiple_runs_DB_HighThreat_2_20260407_031225.csv,DB,ACE,46,64.10767696909272,8.175473579262214,6.879361914257228,20.837487537387837
multiple_runs_DB_HighThreat_2_20260407_031225.csv,multiple_runs_DB_HighThreat_2_20260407_031225.csv,DB,ACE,47,26.846846846846844,7.207207207207207,5.7657657657657655,60.18018018018017
multiple_runs_DB_HighThreat_2_20260407_031225.csv,multiple_runs_DB_HighThreat_2_20260407_031225.csv,DB,ACE,48,60.26272577996716,7.635467980295567,5.582922824302135,26.51888341543514
multiple_runs_DB_HighThreat_2_20260407_031225.csv,multiple_runs_DB_HighThreat_2_20260407_031225.csv,DB,ACE,49,40.71363220494053,7.685269899359561,5.85544373284538,45.74565416285453
multiple_runs_DB_HighThreat_2_20260407_031225.csv,multiple_runs_DB_HighThreat_2_20260407_031225.csv,DB,ACE,50,66.10486891385767,7.9588014981273405,7.209737827715355,18.726591760299627
multiple_runs_DB_HighThreat_2_20260407_031225.csv,multiple_runs_DB_HighThreat_2_20260407_031225.csv,DB,ACE,51,33.66159355416294,7.430617726051924,5.102954341987466,53.804834377797675
multiple_runs_DB_HighThreat_2_20260407_031225.csv,multiple_runs_DB_HighThreat_2_20260407_031225.csv,DB,ACE,52,25.11671335200747,9.337068160597573,6.442577030812324,59.103641456582636
multiple_runs_DB_HighThreat_2_20260407_031225.csv,multiple_runs_DB_HighThreat_2_20260407_031225.csv,DB,ACE,53,58.07086614173228,25.196850393700785,6.200787401574804,10.531496062992126
multiple_runs_DB_HighThreat_2_20260407_031225.csv,multiple_runs_DB_HighThreat_2_20260407_031225.csv,DB,ACE,54,48.223350253807105,7.1912013536379025,5.245346869712352,39.340101522842644
multiple_runs_DB_HighThreat_2_20260407_031225.csv,multiple_runs_DB_HighThreat_2_20260407_031225.csv,DB,ACE,55,61.22650840751731,19.683481701285853,6.231454005934718,12.858555885262115
multiple_runs_DB_HighThreat_2_20260407_031225.csv,multiple_runs_DB_HighThreat_2_20260407_031225.csv,DB,ACE,56,33.24584426946632,7.78652668416448,5.94925634295713,53.018372703412076
multiple_runs_DB_HighThreat_2_20260407_031225.csv,multiple_runs_DB_HighThreat_2_20260407_031225.csv,DB,ACE,57,60.163432073544435,22.26762002042901,6.639427987742594,10.929519918283964
multiple_runs_DB_HighThreat_2_20260407_031225.csv,multiple_runs_DB_HighThreat_2_20260407_031225.csv,DB,ACE,58,53.73134328358209,27.960199004975124,7.5621890547263675,10.746268656716417
multiple_runs_DB_HighThreat_2_20260407_031225.csv,multiple_runs_DB_HighThreat_2_20260407_031225.csv,DB,ACE,59,32.280701754385966,8.771929824561402,6.403508771929825,52.5438596491228
multiple_runs_DB_HighThreat_2_20260407_031225.csv,multiple_runs_DB_HighThreat_2_20260407_031225.csv,DB,ACE,60,33.074265975820374,9.067357512953368,5.181347150259067,52.67702936096719
multiple_runs_DB_HighThreat_2_20260407_031225.csv,multiple_runs_DB_HighThreat_2_20260407_031225.csv,DB,ACE,61,26.535836177474405,10.06825938566553,6.143344709897611,57.25255972696246
multiple_runs_DB_HighThreat_2_20260407_031225.csv,multiple_runs_DB_HighThreat_2_20260407_031225.csv,DB,ACE,62,25.381165919282513,8.161434977578477,5.291479820627803,61.165919282511204
multiple_runs_DB_HighThreat_2_20260407_031225.csv,multiple_runs_DB_HighThreat_2_20260407_031225.csv,DB,ACE,63,61.087144089732526,8.541846419327007,6.212251941328732,24.158757549611735
multiple_runs_DB_HighThreat_2_20260407_031225.csv,multiple_runs_DB_HighThreat_2_20260407_031225.csv,DB,ACE,64,29.770318021201415,7.773851590106007,5.123674911660777,57.3321554770318
multiple_runs_DB_HighThreat_2_20260407_031225.csv,multiple_runs_DB_HighThreat_2_20260407_031225.csv,DB,ACE,65,59.69436485195797,9.36007640878701,6.303724928366762,24.641833810888254
multiple_runs_DB_HighThreat_2_20260407_031225.csv,multiple_runs_DB_HighThreat_2_20260407_031225.csv,DB,ACE,66,56.69835782195333,6.568712186689715,6.050129645635264,30.682800345721695
multiple_runs_DB_HighThreat_2_20260407_031225.csv,multiple_runs_DB_HighThreat_2_20260407_031225.csv,DB,ACE,67,48.670944087992666,6.416131989000917,5.5912007332722276,39.321723189734186
multiple_runs_DB_HighThreat_2_20260407_031225.csv,multiple_runs_DB_HighThreat_2_20260407_031225.csv,DB,ACE,68,52.22121486854034,7.43427017225748,5.349048050770626,34.99546690843155
multiple_runs_DB_HighThreat_2_20260407_031225.csv,multiple_runs_DB_HighThreat_2_20260407_031225.csv,DB,ACE,69,62.562814070351756,6.78391959798995,5.192629815745393,25.4606365159129
multiple_runs_DB_HighThreat_2_20260407_031225.csv,multiple_runs_DB_HighThreat_2_20260407_031225.csv,DB,ACE,70,71.37614678899082,13.577981651376147,5.321100917431193,9.724770642201836
multiple_runs_DB_HighThreat_2_20260407_031225.csv,multiple_runs_DB_HighThreat_2_20260407_031225.csv,DB,ACE,71,68.46846846846847,11.911911911911911,6.706706706706707,12.912912912912914
multiple_runs_DB_HighThreat_2_20260407_031225.csv,multiple_runs_DB_HighThreat_2_20260407_031225.csv,DB,ACE,72,34.97835497835498,7.0995670995671,5.800865800865801,52.121212121212125
multiple_runs_DB_HighThreat_2_20260407_031225.csv,multiple_runs_DB_HighThreat_2_20260407_031225.csv,DB,ACE,73,54.58515283842795,8.12227074235808,6.812227074235808,30.480349344978166
multiple_runs_DB_HighThreat_2_20260407_031225.csv,multiple_runs_DB_HighThreat_2_20260407_031225.csv,DB,ACE,74,37.15798764342454,7.94351279788173,5.29567519858782,49.60282436010591
multiple_runs_DB_HighThreat_2_20260407_031225.csv,multiple_runs_DB_HighThreat_2_20260407_031225.csv,DB,ACE,75,51.77570093457944,12.897196261682243,6.728971962616822,28.598130841121495
multiple_runs_DB_HighThreat_2_20260407_031225.csv,multiple_runs_DB_HighThreat_2_20260407_031225.csv,DB,ACE,76,33.44917463075586,7.90616854908775,5.907906168549087,52.7367506516073
multiple_runs_DB_HighThreat_2_20260407_031225.csv,multiple_runs_DB_HighThreat_2_20260407_031225.csv,DB,ACE,77,36.90068493150685,8.561643835616438,5.136986301369863,49.40068493150685
multiple_runs_DB_HighThreat_2_20260407_031225.csv,multiple_runs_DB_HighThreat_2_20260407_031225.csv,DB,ACE,78,52.39755884917175,9.15431560592851,5.754141238012206,32.69398430688753
multiple_runs_DB_HighThreat_2_20260407_031225.csv,multiple_runs_DB_HighThreat_2_20260407_031225.csv,DB,ACE,79,27.915194346289752,7.243816254416961,5.742049469964664,59.09893992932862
multiple_runs_DB_HighThreat_2_20260407_031225.csv,multiple_runs_DB_HighThreat_2_20260407_031225.csv,DB,ACE,80,62.36162361623616,9.22509225092251,7.011070110701106,21.40221402214022
multiple_runs_DB_HighThreat_2_20260407_031225.csv,multiple_runs_DB_HighThreat_2_20260407_031225.csv,DB,ACE,81,54.757281553398066,26.407766990291265,6.213592233009709,12.62135922330097
multiple_runs_DB_HighThreat_2_20260407_031225.csv,multiple_runs_DB_HighThreat_2_20260407_031225.csv,DB,ACE,82,75.13513513513513,7.3873873873873865,6.036036036036037,11.441441441441441
multiple_runs_DB_HighThreat_2_20260407_031225.csv,multiple_runs_DB_HighThreat_2_20260407_031225.csv,DB,ACE,83,72.53032928942808,8.232235701906413,5.545927209705372,13.69150779896014
multiple_runs_DB_HighThreat_2_20260407_031225.csv,multiple_runs_DB_HighThreat_2_20260407_031225.csv,DB,ACE,84,65.88921282798835,14.285714285714285,6.316812439261418,13.508260447035958
multiple_runs_DB_HighThreat_2_20260407_031225.csv,multiple_runs_DB_HighThreat_2_20260407_031225.csv,DB,ACE,85,69.66632962588474,11.830131445904954,6.875631951466127,11.627906976744185
multiple_runs_DB_HighThreat_2_20260407_031225.csv,multiple_runs_DB_HighThreat_2_20260407_031225.csv,DB,ACE,86,76.29310344827587,8.879310344827585,6.120689655172414,8.706896551724137
multiple_runs_DB_HighThreat_2_20260407_031225.csv,multiple_runs_DB_HighThreat_2_20260407_031225.csv,DB,ACE,87,49.90272373540856,8.754863813229571,5.93385214007782,35.40856031128405
multiple_runs_DB_HighThreat_2_20260407_031225.csv,multiple_runs_DB_HighThreat_2_20260407_031225.csv,DB,ACE,88,32.47422680412371,7.903780068728522,6.099656357388316,53.52233676975945
multiple_runs_DB_HighThreat_2_20260407_031225.csv,multiple_runs_DB_HighThreat_2_20260407_031225.csv,DB,ACE,89,44.40706476030278,7.401177460050462,6.139613120269134,42.052144659377625
multiple_runs_DB_HighThreat_2_20260407_031225.csv,multiple_runs_DB_HighThreat_2_20260407_031225.csv,DB,ACE,90,38.89369057908384,13.396715643906656,6.050129645635264,41.65946413137425
multiple_runs_DB_HighThreat_2_20260407_031225.csv,multiple_runs_DB_HighThreat_2_20260407_031225.csv,DB,ACE,91,29.38053097345133,6.991150442477877,4.95575221238938,58.67256637168141
multiple_runs_DB_HighThreat_2_20260407_031225.csv,multiple_runs_DB_HighThreat_2_20260407_031225.csv,DB,ACE,92,40.08333333333333,5.75,5.5,48.66666666666667
multiple_runs_DB_HighThreat_2_20260407_031225.csv,multiple_runs_DB_HighThreat_2_20260407_031225.csv,DB,ACE,93,61.29943502824858,6.591337099811676,5.83804143126177,26.27118644067797
multiple_runs_DB_HighThreat_2_20260407_031225.csv,multiple_runs_DB_HighThreat_2_20260407_031225.csv,DB,ACE,94,35.475352112676056,9.419014084507042,5.369718309859155,49.735915492957744
multiple_runs_DB_HighThreat_2_20260407_031225.csv,multiple_runs_DB_HighThreat_2_20260407_031225.csv,DB,ACE,95,69.20762286860582,12.036108324974924,5.516549648946841,13.239719157472418
multiple_runs_DB_HighThreat_2_20260407_031225.csv,multiple_runs_DB_HighThreat_2_20260407_031225.csv,DB,ACE,96,52.67857142857143,27.67857142857143,6.547619047619048,13.095238095238097
multiple_runs_DB_HighThreat_2_20260407_031225.csv,multiple_runs_DB_HighThreat_2_20260407_031225.csv,DB,ACE,97,69.41544885177453,9.603340292275574,6.576200417536534,14.40501043841336
multiple_runs_DB_HighThreat_2_20260407_031225.csv,multiple_runs_DB_HighThreat_2_20260407_031225.csv,DB,ACE,98,57.29684908789386,7.131011608623548,5.804311774461028,29.767827529021556
multiple_runs_DB_HighThreat_2_20260407_031225.csv,multiple_runs_DB_HighThreat_2_20260407_031225.csv,DB,ACE,99,69.69972702456779,9.008189262966333,6.915377616014559,14.376706096451318
multiple_runs_DB_HighThreat_2_20260407_031225.csv,multiple_runs_DB_HighThreat_2_20260407_031225.csv,DB,ACE,100,56.202290076335885,8.969465648854962,5.629770992366412,29.198473282442748
multiple_runs_DB_HighThreat_2_20260407_031225.csv,multiple_runs_DB_HighThreat_2_20260407_031225.csv,DB,ACE,101,64.05172413793103,16.120689655172413,6.293103448275862,13.534482758620689
multiple_runs_DB_HighThreat_2_20260407_031225.csv,multiple_runs_DB_HighThreat_2_20260407_031225.csv,DB,ACE,102,57.08041958041959,9.178321678321678,5.681818181818182,28.059440559440556
multiple_runs_DB_HighThreat_2_20260407_031225.csv,multiple_runs_DB_HighThreat_2_20260407_031225.csv,DB,ACE,103,59.334006054490416,21.99798183652876,5.650857719475278,13.017154389505551
multiple_runs_DB_HighThreat_2_20260407_031225.csv,multiple_runs_DB_HighThreat_2_20260407_031225.csv,DB,ACE,104,41.9698314108252,8.695652173913043,5.944986690328305,43.38952972493345
multiple_runs_DB_HighThreat_2_20260407_031225.csv,multiple_runs_DB_HighThreat_2_20260407_031225.csv,DB,ACE,105,42.95837023914969,17.183348095659877,6.200177147918512,33.65810451727192
multiple_runs_DB_HighThreat_2_20260407_031225.csv,multiple_runs_DB_HighThreat_2_20260407_031225.csv,DB,ACE,106,34.044368600682596,6.996587030716723,5.1194539249146755,53.839590443686006
multiple_runs_DB_HighThreat_2_20260407_031225.csv,multiple_runs_DB_HighThreat_2_20260407_031225.csv,DB,ACE,107,39.93085566119274,7.433016421780467,5.358686257562662,47.27744165946413
multiple_runs_DB_HighThreat_2_20260407_031225.csv,multiple_runs_DB_HighThreat_2_20260407_031225.csv,DB,ACE,108,56.841046277665995,27.565392354124747,6.740442655935613,8.853118712273641
multiple_runs_DB_HighThreat_2_20260407_031225.csv,multiple_runs_DB_HighThreat_2_20260407_031225.csv,DB,ACE,109,47.5,29.583333333333332,7.083333333333333,15.833333333333332
multiple_runs_DB_HighThreat_2_20260407_031225.csv,multiple_runs_DB_HighThreat_2_20260407_031225.csv,DB,ACE,110,75.96412556053812,8.071748878923767,6.00896860986547,9.955156950672645
multiple_runs_DB_HighThreat_2_20260407_031225.csv,multiple_runs_DB_HighThreat_2_20260407_031225.csv,DB,ACE,111,60.414610069101684,8.094768015794669,6.1204343534057255,25.370187561697925
multiple_runs_DB_HighThreat_2_20260407_031225.csv,multiple_runs_DB_HighThreat_2_20260407_031225.csv,DB,ACE,112,74.24381301558203,8.799266727772686,5.957836846929423,10.999083409715857
multiple_runs_DB_HighThreat_2_20260407_031225.csv,multiple_runs_DB_HighThreat_2_20260407_031225.csv,DB,ACE,113,78.1387181738367,7.550482879719052,5.267778753292362,9.043020193151888
multiple_runs_DB_HighThreat_2_20260407_031225.csv,multiple_runs_DB_HighThreat_2_20260407_031225.csv,DB,ACE,114,62.51217137293087,12.366114897760468,5.744888023369036,19.37682570593963
multiple_runs_DB_HighThreat_2_20260407_031225.csv,multiple_runs_DB_HighThreat_2_20260407_031225.csv,DB,ACE,115,32.78260869565217,7.217391304347825,5.826086956521739,54.17391304347826
multiple_runs_DB_HighThreat_2_20260407_031225.csv,multiple_runs_DB_HighThreat_2_20260407_031225.csv,DB,ACE,116,58.18181818181818,22.12121212121212,7.2727272727272725,12.424242424242424
multiple_runs_DB_HighThreat_2_20260407_031225.csv,multiple_runs_DB_HighThreat_2_20260407_031225.csv,DB,ACE,117,74.5697896749522,9.177820267686425,6.405353728489484,9.847036328871893
multiple_runs_DB_HighThreat_2_20260407_031225.csv,multiple_runs_DB_HighThreat_2_20260407_031225.csv,DB,ACE,118,29.416884247171453,8.87728459530026,5.483028720626632,56.22280243690165
multiple_runs_DB_HighThreat_2_20260407_031225.csv,multiple_runs_DB_HighThreat_2_20260407_031225.csv,DB,ACE,119,41.875,8.75,5.982142857142858,43.392857142857146
multiple_runs_DB_HighThreat_2_20260407_031225.csv,multiple_runs_DB_HighThreat_2_20260407_031225.csv,DB,ACE,120,40.62772449869224,7.497820401046207,5.841325196163906,46.03312990409765
multiple_runs_DB_HighThreat_2_20260407_031225.csv,multiple_runs_DB_HighThreat_2_20260407_031225.csv,DB,ACE,121,55.434782608695656,10.326086956521738,5.978260869565218,28.26086956521739
multiple_runs_DB_HighThreat_2_20260407_031225.csv,multiple_runs_DB_HighThreat_2_20260407_031225.csv,DB,ACE,122,67.41463414634147,17.756097560975608,6.048780487804878,8.780487804878048
multiple_runs_DB_HighThreat_2_20260407_031225.csv,multiple_runs_DB_HighThreat_2_20260407_031225.csv,DB,ACE,123,48.745173745173744,11.003861003861005,6.853281853281853,33.397683397683394
multiple_runs_DB_HighThreat_2_20260407_031225.csv,multiple_runs_DB_HighThreat_2_20260407_031225.csv,DB,ACE,124,57.21247563352827,10.038986354775828,6.82261208576998,25.925925925925924
multiple_runs_DB_HighThreat_2_20260407_031225.csv,multiple_runs_DB_HighThreat_2_20260407_031225.csv,DB,ACE,125,58.17694369973191,7.685433422698838,5.808757819481681,28.328865058087576
multiple_runs_DB_HighThreat_2_20260407_031225.csv,multiple_runs_DB_HighThreat_2_20260407_031225.csv,DB,ACE,126,27.027027027027028,9.76460331299041,5.754141238012206,57.454228421970356
multiple_runs_DB_HighThreat_2_20260407_031225.csv,multiple_runs_DB_HighThreat_2_20260407_031225.csv,DB,ACE,127,55.63839701770736,8.387698042870456,6.0577819198508855,29.916123019571295
multiple_runs_DB_HighThreat_2_20260407_031225.csv,multiple_runs_DB_HighThreat_2_20260407_031225.csv,DB,ACE,128,39.810017271157164,10.880829015544041,5.354058721934369,43.955094991364426
multiple_runs_DB_HighThreat_2_20260407_031225.csv,multiple_runs_DB_HighThreat_2_20260407_031225.csv,DB,ACE,129,60.23054755043228,13.8328530259366,6.628242074927954,19.30835734870317
multiple_runs_DB_HighThreat_2_20260407_031225.csv,multiple_runs_DB_HighThreat_2_20260407_031225.csv,DB,ACE,130,29.329852045256743,7.658833768494342,5.918189730200174,57.09312445604874
multiple_runs_DB_HighThreat_2_20260407_031225.csv,multiple_runs_DB_HighThreat_2_20260407_031225.csv,DB,ACE,131,31.096006796941378,7.221750212404418,5.9473237043330505,55.73491928632116
multiple_runs_DB_HighThreat_2_20260407_031225.csv,multiple_runs_DB_HighThreat_2_20260407_031225.csv,DB,ACE,132,30.65068493150685,8.304794520547945,5.3938356164383565,55.650684931506845
multiple_runs_DB_HighThreat_2_20260407_031225.csv,multiple_runs_DB_HighThreat_2_20260407_031225.csv,DB,ACE,133,57.48792270531401,14.299516908212562,6.859903381642512,21.35265700483092
multiple_runs_DB_HighThreat_2_20260407_031225.csv,multiple_runs_DB_HighThreat_2_20260407_031225.csv,DB,ACE,134,30.713640469738028,7.4074074074074066,5.9620596205962055,55.91689250225835
multiple_runs_DB_HighThreat_2_20260407_031225.csv,multiple_runs_DB_HighThreat_2_20260407_031225.csv,DB,ACE,135,56.98427382053654,8.140610545790935,6.567992599444958,28.307123034227565
multiple_runs_DB_HighThreat_2_20260407_031225.csv,multiple_runs_DB_HighThreat_2_20260407_031225.csv,DB,ACE,136,28.328865058087576,7.059874888293119,5.987488829311886,58.62377122430742
multiple_runs_DB_HighThreat_2_20260407_031225.csv,multiple_runs_DB_HighThreat_2_20260407_031225.csv,DB,ACE,137,25.02164502164502,6.926406926406926,5.974025974025974,62.077922077922075
multiple_runs_DB_HighThreat_2_20260407_031225.csv,multiple_runs_DB_HighThreat_2_20260407_031225.csv,DB,ACE,138,57.74647887323944,24.647887323943664,6.237424547283702,11.368209255533198
multiple_runs_DB_HighThreat_2_20260407_031225.csv,multiple_runs_DB_HighThreat_2_20260407_031225.csv,DB,ACE,139,56.441149212233555,10.009267840593141,6.765523632993513,26.7840593141798
multiple_runs_DB_HighThreat_2_20260407_031225.csv,multiple_runs_DB_HighThreat_2_20260407_031225.csv,DB,ACE,140,41.09347442680776,7.231040564373897,5.379188712522046,46.2962962962963
multiple_runs_DB_HighThreat_2_20260407_031225.csv,multiple_runs_DB_HighThreat_2_20260407_031225.csv,DB,ACE,141,67.51412429378531,14.87758945386064,5.555555555555555,12.052730696798493
multiple_runs_DB_HighThreat_2_20260407_031225.csv,multiple_runs_DB_HighThreat_2_20260407_031225.csv,DB,ACE,142,35.57772236076476,6.899418121363259,4.987531172069826,52.53532834580216
multiple_runs_DB_HighThreat_2_20260407_031225.csv,multiple_runs_DB_HighThreat_2_20260407_031225.csv,DB,ACE,143,59.51717734447539,7.706592386258125,6.406685236768802,26.369545032497676
multiple_runs_DB_HighThreat_2_20260407_031225.csv,multiple_runs_DB_HighThreat_2_20260407_031225.csv,DB,ACE,144,52.65848670756647,8.282208588957054,6.952965235173824,32.10633946830266
multiple_runs_DB_HighThreat_2_20260407_031225.csv,multiple_runs_DB_HighThreat_2_20260407_031225.csv,DB,ACE,145,61.672473867595826,6.533101045296168,6.184668989547038,25.609756097560975
multiple_runs_DB_HighThreat_2_20260407_031225.csv,multiple_runs_DB_HighThreat_2_20260407_031225.csv,DB,ACE,146,25.795053003533567,6.890459363957597,5.3886925795053005,61.925795053003526
multiple_runs_DB_HighThreat_2_20260407_031225.csv,multiple_runs_DB_HighThreat_2_20260407_031225.csv,DB,ACE,147,60.83086053412463,19.980217606330367,5.934718100890208,13.254203758654798
multiple_runs_DB_HighThreat_2_20260407_031225.csv,multiple_runs_DB_HighThreat_2_20260407_031225.csv,DB,ACE,148,57.43415463041631,9.940526762956669,5.52251486830926,27.102803738317753
multiple_runs_DB_HighThreat_2_20260407_031225.csv,multiple_runs_DB_HighThreat_2_20260407_031225.csv,DB,ACE,149,68.75653082549634,11.80773249738767,7.523510971786834,11.912225705329153
multiple_runs_DB_HighThreat_2_20260407_031225.csv,multiple_runs_DB_HighThreat_2_20260407_031225.csv,DB,ACE,150,61.65004533091568,7.615593834995467,5.983680870353581,24.750679963735266
multiple_runs_DB_HighThreat_2_20260407_031225.csv,multiple_runs_DB_HighThreat_2_20260407_031225.csv,DB,ACE,151,61.84738955823293,19.979919678714857,6.7269076305220885,11.44578313253012
multiple_runs_DB_HighThreat_2_20260407_031225.csv,multiple_runs_DB_HighThreat_2_20260407_031225.csv,DB,ACE,152,75.17543859649123,7.456140350877193,5.87719298245614,11.491228070175438
multiple_runs_DB_HighThreat_2_20260407_031225.csv,multiple_runs_DB_HighThreat_2_20260407_031225.csv,DB,ACE,153,28.243601059135038,6.44307149161518,5.207413945278023,60.105913503971756
multiple_runs_DB_HighThreat_2_20260407_031225.csv,multiple_runs_DB_HighThreat_2_20260407_031225.csv,DB,ACE,154,23.651079136690647,7.823741007194244,5.215827338129497,63.30935251798561
multiple_runs_DB_HighThreat_2_20260407_031225.csv,multiple_runs_DB_HighThreat_2_20260407_031225.csv,DB,ACE,155,56.42661804922516,7.657247037374658,5.925250683682772,29.990884229717413
multiple_runs_DB_HighThreat_2_20260407_031225.csv,multiple_runs_DB_HighThreat_2_20260407_031225.csv,DB,ACE,156,38.94107600341589,9.052092228864218,5.807002561912895,46.199829205807
multiple_runs_DB_HighThreat_2_20260407_031225.csv,multiple_runs_DB_HighThreat_2_20260407_031225.csv,DB,ACE,157,62.77724204435873,16.39344262295082,5.88235294117647,14.946962391513981
multiple_runs_DB_HighThreat_2_20260407_031225.csv,multiple_runs_DB_HighThreat_2_20260407_031225.csv,DB,ACE,158,61.24234470691163,6.649168853893263,5.68678915135608,26.42169728783902
multiple_runs_DB_HighThreat_2_20260407_031225.csv,multiple_runs_DB_HighThreat_2_20260407_031225.csv,DB,ACE,159,23.748862602365787,8.371246587807098,6.005459508644222,61.874431301182895
multiple_runs_DB_HighThreat_2_20260407_031225.csv,multiple_runs_DB_HighThreat_2_20260407_031225.csv,DB,ACE,160,28.8272157564906,7.520143240823635,5.640107430617726,58.01253357206804
multiple_runs_DB_HighThreat_2_20260407_031225.csv,multiple_runs_DB_HighThreat_2_20260407_031225.csv,DB,ACE,161,59.41901408450704,22.27112676056338,5.985915492957746,12.323943661971832
multiple_runs_DB_HighThreat_2_20260407_031225.csv,multiple_runs_DB_HighThreat_2_20260407_031225.csv,DB,ACE,162,28.634361233480178,6.960352422907488,5.814977973568282,58.590308370044056
multiple_runs_DB_HighThreat_2_20260407_031225.csv,multiple_runs_DB_HighThreat_2_20260407_031225.csv,DB,ACE,163,60.47535211267606,8.626760563380282,5.721830985915493,25.176056338028168
multiple_runs_DB_HighThreat_2_20260407_031225.csv,multiple_runs_DB_HighThreat_2_20260407_031225.csv,DB,ACE,164,52.923387096774185,27.016129032258064,6.451612903225806,13.608870967741934
multiple_runs_DB_HighThreat_2_20260407_031225.csv,multiple_runs_DB_HighThreat_2_20260407_031225.csv,DB,ACE,165,46.16771866546438,8.926961226330027,5.5906221821460775,39.31469792605951
multiple_runs_DB_HighThreat_2_20260407_031225.csv,multiple_runs_DB_HighThreat_2_20260407_031225.csv,DB,ACE,166,35.24305555555556,7.986111111111111,5.902777777777778,50.86805555555556
multiple_runs_DB_HighThreat_2_20260407_031225.csv,multiple_runs_DB_HighThreat_2_20260407_031225.csv,DB,ACE,167,40.78947368421053,9.298245614035087,5.263157894736842,44.64912280701754
multiple_runs_DB_HighThreat_2_20260407_031225.csv,multiple_runs_DB_HighThreat_2_20260407_031225.csv,DB,ACE,168,27.34375,8.940972222222223,6.163194444444445,57.552083333333336
multiple_runs_DB_HighThreat_2_20260407_031225.csv,multiple_runs_DB_HighThreat_2_20260407_031225.csv,DB,ACE,169,31.070496083550914,8.790252393385552,5.395996518711923,54.74325500435161
multiple_runs_DB_HighThreat_2_20260407_031225.csv,multiple_runs_DB_HighThreat_2_20260407_031225.csv,DB,ACE,170,36.07266435986159,7.698961937716263,5.88235294117647,50.34602076124568
multiple_runs_DB_HighThreat_2_20260407_031225.csv,multiple_runs_DB_HighThreat_2_20260407_031225.csv,DB,ACE,171,67.62092793682132,8.884501480750247,6.219151036525173,17.275419545903258
multiple_runs_DB_HighThreat_2_20260407_031225.csv,multiple_runs_DB_HighThreat_2_20260407_031225.csv,DB,ACE,172,39.65367965367965,7.2727272727272725,5.974025974025974,47.0995670995671
multiple_runs_DB_HighThreat_2_20260407_031225.csv,multiple_runs_DB_HighThreat_2_20260407_031225.csv,DB,ACE,173,49.20318725099602,34.26294820717131,6.673306772908366,9.860557768924302
multiple_runs_DB_HighThreat_2_20260407_031225.csv,multiple_runs_DB_HighThreat_2_20260407_031225.csv,DB,ACE,174,56.07985480943739,10.798548094373865,6.442831215970962,26.678765880217785
multiple_runs_DB_HighThreat_2_20260407_031225.csv,multiple_runs_DB_HighThreat_2_20260407_031225.csv,DB,ACE,175,66.70124481327801,12.033195020746888,6.224066390041494,15.04149377593361
multiple_runs_DB_HighThreat_2_20260407_031225.csv,multiple_runs_DB_HighThreat_2_20260407_031225.csv,DB,ACE,176,30.928764652840396,8.11541929666366,5.861136158701533,55.09467989179441
multiple_runs_DB_HighThreat_2_20260407_031225.csv,multiple_runs_DB_HighThreat_2_20260407_031225.csv,DB,ACE,177,41.75170068027211,7.0578231292517,5.612244897959184,45.57823129251701
multiple_runs_DB_HighThreat_2_20260407_031225.csv,multiple_runs_DB_HighThreat_2_20260407_031225.csv,DB,ACE,178,28.399311531841654,6.540447504302927,5.76592082616179,59.29432013769363
multiple_runs_DB_HighThreat_2_20260407_031225.csv,multiple_runs_DB_HighThreat_2_20260407_031225.csv,DB,ACE,179,59.42519019442096,7.016060862214708,5.832628909551986,27.72612003381234
multiple_runs_DB_HighThreat_2_20260407_031225.csv,multiple_runs_DB_HighThreat_2_20260407_031225.csv,DB,ACE,180,50.28846153846154,9.038461538461538,6.730769230769231,33.94230769230769
multiple_runs_DB_HighThreat_2_20260407_031225.csv,multiple_runs_DB_HighThreat_2_20260407_031225.csv,DB,ACE,181,67.72216547497446,12.359550561797752,7.558733401430031,12.359550561797752
multiple_runs_DB_HighThreat_2_20260407_031225.csv,multiple_runs_DB_HighThreat_2_20260407_031225.csv,DB,ACE,182,49.041811846689896,6.881533101045297,5.313588850174216,38.76306620209059
multiple_runs_DB_HighThreat_2_20260407_031225.csv,multiple_runs_DB_HighThreat_2_20260407_031225.csv,DB,ACE,183,35.782195332757134,6.568712186689715,5.877268798617114,51.77182368193605
multiple_runs_DB_HighThreat_2_20260407_031225.csv,multiple_runs_DB_HighThreat_2_20260407_031225.csv,DB,ACE,184,46.996466431095406,8.657243816254418,5.830388692579505,38.515901060070675
multiple_runs_DB_HighThreat_2_20260407_031225.csv,multiple_runs_DB_HighThreat_2_20260407_031225.csv,DB,ACE,185,50.79840319361277,29.34131736526946,6.58682634730539,13.273453093812376
multiple_runs_DB_HighThreat_2_20260407_031225.csv,multiple_runs_DB_HighThreat_2_20260407_031225.csv,DB,ACE,186,29.185317815577438,7.609668755595345,5.550581915846016,57.6544315129812
multiple_runs_DB_HighThreat_2_20260407_031225.csv,multiple_runs_DB_HighThreat_2_20260407_031225.csv,DB,ACE,187,42.690582959641254,8.699551569506726,6.098654708520179,42.511210762331835
multiple_runs_DB_HighThreat_2_20260407_031225.csv,multiple_runs_DB_HighThreat_2_20260407_031225.csv,DB,ACE,188,53.86740331491713,7.642725598526703,6.353591160220995,32.13627992633518
multiple_runs_DB_HighThreat_2_20260407_031225.csv,multiple_runs_DB_HighThreat_2_20260407_031225.csv,DB,ACE,189,36.657917760279965,8.048993875765529,6.124234470691164,49.16885389326334
multiple_runs_DB_HighThreat_2_20260407_031225.csv,multiple_runs_DB_HighThreat_2_20260407_031225.csv,DB,ACE,190,31.5929203539823,9.29203539823009,5.752212389380531,53.36283185840708
multiple_runs_DB_HighThreat_2_20260407_031225.csv,multiple_runs_DB_HighThreat_2_20260407_031225.csv,DB,ACE,191,27.902946273830153,9.618717504332755,6.065857885615252,56.41247833622184
multiple_runs_DB_HighThreat_2_20260407_031225.csv,multiple_runs_DB_HighThreat_2_20260407_031225.csv,DB,ACE,192,32.79132791327913,6.865401987353207,6.504065040650407,53.839205058717255
multiple_runs_DB_HighThreat_2_20260407_031225.csv,multiple_runs_DB_HighThreat_2_20260407_031225.csv,DB,ACE,193,33.39222614840989,27.03180212014134,6.007067137809187,33.56890459363957
multiple_runs_DB_HighThreat_2_20260407_031225.csv,multiple_runs_DB_HighThreat_2_20260407_031225.csv,DB,ACE,194,27.400881057268723,6.960352422907488,5.638766519823789,60.0
multiple_runs_DB_HighThreat_2_20260407_031225.csv,multiple_runs_DB_HighThreat_2_20260407_031225.csv,DB,ACE,195,56.890130353817504,10.335195530726256,6.145251396648044,26.629422718808193
multiple_runs_DB_HighThreat_2_20260407_031225.csv,multiple_runs_DB_HighThreat_2_20260407_031225.csv,DB,ACE,196,36.92038495188101,10.148731408573928,6.474190726159231,46.45669291338583
multiple_runs_DB_HighThreat_2_20260407_031225.csv,multiple_runs_DB_HighThreat_2_20260407_031225.csv,DB,ACE,197,75.54890219560878,7.684630738522954,7.18562874251497,9.580838323353294
multiple_runs_DB_HighThreat_2_20260407_031225.csv,multiple_runs_DB_HighThreat_2_20260407_031225.csv,DB,ACE,198,24.934612031386223,8.195292066259809,6.015693112467306,60.85440278988666
multiple_runs_DB_HighThreat_2_20260407_031225.csv,multiple_runs_DB_HighThreat_2_20260407_031225.csv,DB,ACE,199,63.86554621848739,9.990662931839402,6.069094304388422,20.07469654528478
multiple_runs_DB_HighThreat_2_20260407_031225.csv,multiple_runs_DB_HighThreat_2_20260407_031225.csv,DB,ACE,200,64.64746772591857,17.378351539225424,6.752730883813307,11.221449851042701
multiple_runs_DB_LowThreat_2_20260407_163954.csv,multiple_runs_DB_LowThreat_2_20260407_163954.csv,DB,No ACE,1,43.154761904761905,8.134920634920634,7.440476190476191,41.269841269841265
multiple_runs_DB_LowThreat_2_20260407_163954.csv,multiple_runs_DB_LowThreat_2_20260407_163954.csv,DB,No ACE,2,67.31707317073172,6.016260162601626,5.203252032520325,21.463414634146343
multiple_runs_DB_LowThreat_2_20260407_163954.csv,multiple_runs_DB_LowThreat_2_20260407_163954.csv,DB,No ACE,3,63.39350180505415,6.353790613718411,5.054151624548736,25.198555956678696
multiple_runs_DB_LowThreat_2_20260407_163954.csv,multiple_runs_DB_LowThreat_2_20260407_163954.csv,DB,No ACE,4,61.53846153846154,26.994301994301996,5.056980056980057,6.41025641025641
multiple_runs_DB_LowThreat_2_20260407_163954.csv,multiple_runs_DB_LowThreat_2_20260407_163954.csv,DB,No ACE,5,55.152394775036285,24.600870827285924,4.354136429608127,15.892597968069666
multiple_runs_DB_LowThreat_2_20260407_163954.csv,multiple_runs_DB_LowThreat_2_20260407_163954.csv,DB,No ACE,6,65.34727408513817,4.779686333084392,4.779686333084392,25.093353248693056
multiple_runs_DB_LowThreat_2_20260407_163954.csv,multiple_runs_DB_LowThreat_2_20260407_163954.csv,DB,No ACE,7,37.911301859799714,5.436337625178827,4.363376251788269,52.288984263233196
multiple_runs_DB_LowThreat_2_20260407_163954.csv,multiple_runs_DB_LowThreat_2_20260407_163954.csv,DB,No ACE,8,58.90937019969278,7.450076804915515,4.838709677419355,28.80184331797235
multiple_runs_DB_LowThreat_2_20260407_163954.csv,multiple_runs_DB_LowThreat_2_20260407_163954.csv,DB,No ACE,9,81.92252510760402,6.025824964131994,4.878048780487805,7.173601147776183
multiple_runs_DB_LowThreat_2_20260407_163954.csv,multiple_runs_DB_LowThreat_2_20260407_163954.csv,DB,No ACE,10,42.00542005420054,6.413730803974707,6.865401987353207,44.71544715447154
multiple_runs_DB_LowThreat_2_20260407_163954.csv,multiple_runs_DB_LowThreat_2_20260407_163954.csv,DB,No ACE,11,34.77633477633478,5.339105339105339,4.401154401154401,55.48340548340548
multiple_runs_DB_LowThreat_2_20260407_163954.csv,multiple_runs_DB_LowThreat_2_20260407_163954.csv,DB,No ACE,12,58.58585858585859,12.770562770562771,5.555555555555555,23.08802308802309
multiple_runs_DB_LowThreat_2_20260407_163954.csv,multiple_runs_DB_LowThreat_2_20260407_163954.csv,DB,No ACE,13,65.04992867332382,26.31954350927247,4.636233951497861,3.9942938659058487
multiple_runs_DB_LowThreat_2_20260407_163954.csv,multiple_runs_DB_LowThreat_2_20260407_163954.csv,DB,No ACE,14,58.808724832214764,29.86577181208054,5.033557046979865,6.291946308724833
multiple_runs_DB_LowThreat_2_20260407_163954.csv,multiple_runs_DB_LowThreat_2_20260407_163954.csv,DB,No ACE,15,79.30131004366812,6.812227074235808,5.5895196506550215,8.296943231441048
multiple_runs_DB_LowThreat_2_20260407_163954.csv,multiple_runs_DB_LowThreat_2_20260407_163954.csv,DB,No ACE,16,62.92134831460674,6.067415730337078,5.2434456928838955,25.767790262172284
multiple_runs_DB_LowThreat_2_20260407_163954.csv,multiple_runs_DB_LowThreat_2_20260407_163954.csv,DB,No ACE,17,58.725341426403645,30.955993930197266,4.628224582701062,5.690440060698028
multiple_runs_DB_LowThreat_2_20260407_163954.csv,multiple_runs_DB_LowThreat_2_20260407_163954.csv,DB,No ACE,18,82.11497515968772,7.45209368346345,4.82611781405252,5.606813342796309
multiple_runs_DB_LowThreat_2_20260407_163954.csv,multiple_runs_DB_LowThreat_2_20260407_163954.csv,DB,No ACE,19,47.45269286754003,5.240174672489083,6.040756914119359,41.26637554585153
multiple_runs_DB_LowThreat_2_20260407_163954.csv,multiple_runs_DB_LowThreat_2_20260407_163954.csv,DB,No ACE,20,50.21231422505308,35.6687898089172,7.643312101910828,6.475583864118896
multiple_runs_DB_LowThreat_2_20260407_163954.csv,multiple_runs_DB_LowThreat_2_20260407_163954.csv,DB,No ACE,21,46.656869948567234,6.980161645848641,4.4085231447465105,41.954445260837616
multiple_runs_DB_LowThreat_2_20260407_163954.csv,multiple_runs_DB_LowThreat_2_20260407_163954.csv,DB,No ACE,22,42.97052154195011,7.709750566893423,6.575963718820861,42.7437641723356
multiple_runs_DB_LowThreat_2_20260407_163954.csv,multiple_runs_DB_LowThreat_2_20260407_163954.csv,DB,No ACE,23,48.20627802690583,10.986547085201794,6.950672645739911,33.856502242152466
multiple_runs_DB_LowThreat_2_20260407_163954.csv,multiple_runs_DB_LowThreat_2_20260407_163954.csv,DB,No ACE,24,77.43330930064887,4.902667627974044,3.821196827685652,13.84282624369142
multiple_runs_DB_LowThreat_2_20260407_163954.csv,multiple_runs_DB_LowThreat_2_20260407_163954.csv,DB,No ACE,25,76.8,4.533333333333333,6.044444444444444,12.622222222222224
multiple_runs_DB_LowThreat_2_20260407_163954.csv,multiple_runs_DB_LowThreat_2_20260407_163954.csv,DB,No ACE,26,82.09219858156028,5.851063829787234,6.382978723404255,5.673758865248227
multiple_runs_DB_LowThreat_2_20260407_163954.csv,multiple_runs_DB_LowThreat_2_20260407_163954.csv,DB,No ACE,27,34.838224228743414,12.114371708051166,5.492851768246802,47.55455229495861
multiple_runs_DB_LowThreat_2_20260407_163954.csv,multiple_runs_DB_LowThreat_2_20260407_163954.csv,DB,No ACE,28,74.54702329594478,16.307161345987918,5.176876617773943,3.968938740293356
multiple_runs_DB_LowThreat_2_20260407_163954.csv,multiple_runs_DB_LowThreat_2_20260407_163954.csv,DB,No ACE,29,38.64150943396226,4.981132075471698,4.377358490566038,52.0
multiple_runs_DB_LowThreat_2_20260407_163954.csv,multiple_runs_DB_LowThreat_2_20260407_163954.csv,DB,No ACE,30,80.2901023890785,4.607508532423208,5.802047781569966,9.300341296928327
multiple_runs_DB_LowThreat_2_20260407_163954.csv,multiple_runs_DB_LowThreat_2_20260407_163954.csv,DB,No ACE,31,57.663690476190474,23.4375,5.357142857142857,13.541666666666666
multiple_runs_DB_LowThreat_2_20260407_163954.csv,multiple_runs_DB_LowThreat_2_20260407_163954.csv,DB,No ACE,32,83.02364864864865,4.476351351351352,6.25,6.25
multiple_runs_DB_LowThreat_2_20260407_163954.csv,multiple_runs_DB_LowThreat_2_20260407_163954.csv,DB,No ACE,33,62.788778877887786,5.693069306930694,5.693069306930694,25.825082508250823
multiple_runs_DB_LowThreat_2_20260407_163954.csv,multiple_runs_DB_LowThreat_2_20260407_163954.csv,DB,No ACE,34,62.192982456140356,6.140350877192982,6.666666666666667,25.0
multiple_runs_DB_LowThreat_2_20260407_163954.csv,multiple_runs_DB_LowThreat_2_20260407_163954.csv,DB,No ACE,35,54.760147601476014,5.535055350553505,5.018450184501845,34.686346863468636
multiple_runs_DB_LowThreat_2_20260407_163954.csv,multiple_runs_DB_LowThreat_2_20260407_163954.csv,DB,No ACE,36,82.34811165845649,7.8817733990147785,4.8440065681445,4.926108374384237
multiple_runs_DB_LowThreat_2_20260407_163954.csv,multiple_runs_DB_LowThreat_2_20260407_163954.csv,DB,No ACE,37,37.03136954858455,5.58530986993114,5.202754399387912,52.1805661820964
multiple_runs_DB_LowThreat_2_20260407_163954.csv,multiple_runs_DB_LowThreat_2_20260407_163954.csv,DB,No ACE,38,66.34967081199707,10.826627651792247,5.120702267739576,17.702999268471103
multiple_runs_DB_LowThreat_2_20260407_163954.csv,multiple_runs_DB_LowThreat_2_20260407_163954.csv,DB,No ACE,39,47.9136690647482,27.266187050359715,4.60431654676259,20.215827338129497
multiple_runs_DB_LowThreat_2_20260407_163954.csv,multiple_runs_DB_LowThreat_2_20260407_163954.csv,DB,No ACE,40,79.69034608378871,6.284153005464481,5.009107468123862,9.01639344262295
multiple_runs_DB_LowThreat_2_20260407_163954.csv,multiple_runs_DB_LowThreat_2_20260407_163954.csv,DB,No ACE,41,68.99501069137563,6.6999287241625085,4.704205274411975,19.600855310049894
multiple_runs_DB_LowThreat_2_20260407_163954.csv,multiple_runs_DB_LowThreat_2_20260407_163954.csv,DB,No ACE,42,55.061349693251536,6.51840490797546,5.138036809815951,33.282208588957054
multiple_runs_DB_LowThreat_2_20260407_163954.csv,multiple_runs_DB_LowThreat_2_20260407_163954.csv,DB,No ACE,43,65.00765696784073,5.819295558958652,5.5895865237366005,23.583460949464012
multiple_runs_DB_LowThreat_2_20260407_163954.csv,multiple_runs_DB_LowThreat_2_20260407_163954.csv,DB,No ACE,44,58.35453774385072,28.159457167090757,5.4283290924512295,8.057675996607294
multiple_runs_DB_LowThreat_2_20260407_163954.csv,multiple_runs_DB_LowThreat_2_20260407_163954.csv,DB,No ACE,45,49.42878903274943,20.86824067022087,5.483625285605483,24.21934501142422
multiple_runs_DB_LowThreat_2_20260407_163954.csv,multiple_runs_DB_LowThreat_2_20260407_163954.csv,DB,No ACE,46,75.75205104831359,6.289881494986327,5.560619872379216,12.397447584320876
multiple_runs_DB_LowThreat_2_20260407_163954.csv,multiple_runs_DB_LowThreat_2_20260407_163954.csv,DB,No ACE,47,44.55732946298984,21.843251088534107,4.644412191582003,28.95500725689405
multiple_runs_DB_LowThreat_2_20260407_163954.csv,multiple_runs_DB_LowThreat_2_20260407_163954.csv,DB,No ACE,48,70.05076142131979,20.087019579405364,4.786076867295142,5.0761421319796955
multiple_runs_DB_LowThreat_2_20260407_163954.csv,multiple_runs_DB_LowThreat_2_20260407_163954.csv,DB,No ACE,49,49.100071994240466,24.046076313894886,4.967602591792657,21.886249100071993
multiple_runs_DB_LowThreat_2_20260407_163954.csv,multiple_runs_DB_LowThreat_2_20260407_163954.csv,DB,No ACE,50,60.6473594548552,22.7427597955707,4.855195911413969,11.754684838160136
multiple_runs_DB_LowThreat_2_20260407_163954.csv,multiple_runs_DB_LowThreat_2_20260407_163954.csv,DB,No ACE,51,49.42528735632184,11.379310344827587,7.471264367816093,31.724137931034484
multiple_runs_DB_LowThreat_2_20260407_163954.csv,multiple_runs_DB_LowThreat_2_20260407_163954.csv,DB,No ACE,52,64.30223592906708,3.084040092521203,4.780262143407865,27.833461835003853
multiple_runs_DB_LowThreat_2_20260407_163954.csv,multiple_runs_DB_LowThreat_2_20260407_163954.csv,DB,No ACE,53,60.63218390804598,25.718390804597703,4.166666666666666,9.482758620689655
multiple_runs_DB_LowThreat_2_20260407_163954.csv,multiple_runs_DB_LowThreat_2_20260407_163954.csv,DB,No ACE,54,41.158059467918626,4.694835680751173,4.929577464788732,49.21752738654147
multiple_runs_DB_LowThreat_2_20260407_163954.csv,multiple_runs_DB_LowThreat_2_20260407_163954.csv,DB,No ACE,55,49.09616775126536,7.592190889370933,5.206073752711497,38.10556760665221
multiple_runs_DB_LowThreat_2_20260407_163954.csv,multiple_runs_DB_LowThreat_2_20260407_163954.csv,DB,No ACE,56,35.08424182358771,8.820614469772051,6.541129831516352,49.554013875123886
multiple_runs_DB_LowThreat_2_20260407_163954.csv,multiple_runs_DB_LowThreat_2_20260407_163954.csv,DB,No ACE,57,66.49048625792811,6.976744186046512,7.716701902748414,18.816067653276956
multiple_runs_DB_LowThreat_2_20260407_163954.csv,multiple_runs_DB_LowThreat_2_20260407_163954.csv,DB,No ACE,58,62.94027565084227,26.416539050535988,5.359877488514548,5.283307810107198
multiple_runs_DB_LowThreat_2_20260407_163954.csv,multiple_runs_DB_LowThreat_2_20260407_163954.csv,DB,No ACE,59,59.981167608286256,7.627118644067797,6.497175141242938,25.89453860640301
multiple_runs_DB_LowThreat_2_20260407_163954.csv,multiple_runs_DB_LowThreat_2_20260407_163954.csv,DB,No ACE,60,46.320346320346324,22.150072150072152,4.256854256854257,27.27272727272727
multiple_runs_DB_LowThreat_2_20260407_163954.csv,multiple_runs_DB_LowThreat_2_20260407_163954.csv,DB,No ACE,61,67.21991701244814,7.551867219917012,4.398340248962656,20.8298755186722
multiple_runs_DB_LowThreat_2_20260407_163954.csv,multiple_runs_DB_LowThreat_2_20260407_163954.csv,DB,No ACE,62,80.22165387894287,6.734867860187553,5.967604433077579,7.075873827791987
multiple_runs_DB_LowThreat_2_20260407_163954.csv,multiple_runs_DB_LowThreat_2_20260407_163954.csv,DB,No ACE,63,54.75339528234453,6.36168691922802,4.07433881343817,34.81057898498928
multiple_runs_DB_LowThreat_2_20260407_163954.csv,multiple_runs_DB_LowThreat_2_20260407_163954.csv,DB,No ACE,64,61.48648648648649,7.3573573573573565,4.72972972972973,26.426426426426424
multiple_runs_DB_LowThreat_2_20260407_163954.csv,multiple_runs_DB_LowThreat_2_20260407_163954.csv,DB,No ACE,65,58.44716031631919,5.24802300503235,5.176132278936017,31.128684399712437
multiple_runs_DB_LowThreat_2_20260407_163954.csv,multiple_runs_DB_LowThreat_2_20260407_163954.csv,DB,No ACE,66,48.16053511705686,19.286510590858416,7.023411371237458,25.52954292084727
multiple_runs_DB_LowThreat_2_20260407_163954.csv,multiple_runs_DB_LowThreat_2_20260407_163954.csv,DB,No ACE,67,37.903930131004365,5.327510917030567,5.240174672489083,51.52838427947598
multiple_runs_DB_LowThreat_2_20260407_163954.csv,multiple_runs_DB_LowThreat_2_20260407_163954.csv,DB,No ACE,68,64.83113069016153,16.593245227606463,5.726872246696035,12.848751835535976
multiple_runs_DB_LowThreat_2_20260407_163954.csv,multiple_runs_DB_LowThreat_2_20260407_163954.csv,DB,No ACE,69,31.939437635183847,8.147080028839222,4.6142754145638065,55.29920692141312
multiple_runs_DB_LowThreat_2_20260407_163954.csv,multiple_runs_DB_LowThreat_2_20260407_163954.csv,DB,No ACE,70,40.97807757166947,4.8903878583473865,4.806070826306914,49.325463743676224
multiple_runs_DB_LowThreat_2_20260407_163954.csv,multiple_runs_DB_LowThreat_2_20260407_163954.csv,DB,No ACE,71,35.97785977859779,6.734317343173432,5.535055350553505,51.75276752767528
multiple_runs_DB_LowThreat_2_20260407_163954.csv,multiple_runs_DB_LowThreat_2_20260407_163954.csv,DB,No ACE,72,47.00285442435776,5.99429115128449,5.99429115128449,41.008563273073264
multiple_runs_DB_LowThreat_2_20260407_163954.csv,multiple_runs_DB_LowThreat_2_20260407_163954.csv,DB,No ACE,73,77.21423164269493,8.70552611657835,5.677517032551098,8.402725208175625
multiple_runs_DB_LowThreat_2_20260407_163954.csv,multiple_runs_DB_LowThreat_2_20260407_163954.csv,DB,No ACE,74,50.156412930135566,37.53910323253389,6.047966631908238,6.256517205422315
multiple_runs_DB_LowThreat_2_20260407_163954.csv,multiple_runs_DB_LowThreat_2_20260407_163954.csv,DB,No ACE,75,48.23008849557522,9.623893805309734,8.738938053097344,33.4070796460177
multiple_runs_DB_LowThreat_2_20260407_163954.csv,multiple_runs_DB_LowThreat_2_20260407_163954.csv,DB,No ACE,76,63.34355828220859,5.214723926380368,5.674846625766871,25.766871165644172
multiple_runs_DB_LowThreat_2_20260407_163954.csv,multiple_runs_DB_LowThreat_2_20260407_163954.csv,DB,No ACE,77,81.3304721030043,10.085836909871244,4.363376251788269,4.220314735336195
multiple_runs_DB_LowThreat_2_20260407_163954.csv,multiple_runs_DB_LowThreat_2_20260407_163954.csv,DB,No ACE,78,42.02247191011236,3.7453183520599254,5.168539325842696,49.063670411985015
multiple_runs_DB_LowThreat_2_20260407_163954.csv,multiple_runs_DB_LowThreat_2_20260407_163954.csv,DB,No ACE,79,69.03648269410664,17.399438727782975,4.864359214218896,8.699719363891488
multiple_runs_DB_LowThreat_2_20260407_163954.csv,multiple_runs_DB_LowThreat_2_20260407_163954.csv,DB,No ACE,80,83.67198838896952,6.966618287373004,5.297532656023222,4.063860667634253
multiple_runs_DB_LowThreat_2_20260407_163954.csv,multiple_runs_DB_LowThreat_2_20260407_163954.csv,DB,No ACE,81,67.90030211480362,6.646525679758309,4.909365558912387,20.54380664652568
multiple_runs_DB_LowThreat_2_20260407_163954.csv,multiple_runs_DB_LowThreat_2_20260407_163954.csv,DB,No ACE,82,62.093862815884485,25.55956678700361,4.187725631768953,8.158844765342959
multiple_runs_DB_LowThreat_2_20260407_163954.csv,multiple_runs_DB_LowThreat_2_20260407_163954.csv,DB,No ACE,83,45.05813953488372,6.395348837209303,5.232558139534884,43.31395348837209
multiple_runs_DB_LowThreat_2_20260407_163954.csv,multiple_runs_DB_LowThreat_2_20260407_163954.csv,DB,No ACE,84,84.2687074829932,5.017006802721088,5.5272108843537415,5.187074829931973
multiple_runs_DB_LowThreat_2_20260407_163954.csv,multiple_runs_DB_LowThreat_2_20260407_163954.csv,DB,No ACE,85,74.69026548672566,8.141592920353983,6.1946902654867255,10.973451327433628
multiple_runs_DB_LowThreat_2_20260407_163954.csv,multiple_runs_DB_LowThreat_2_20260407_163954.csv,DB,No ACE,86,45.527638190954775,8.241206030150753,6.633165829145729,39.597989949748744
multiple_runs_DB_LowThreat_2_20260407_163954.csv,multiple_runs_DB_LowThreat_2_20260407_163954.csv,DB,No ACE,87,45.028818443804035,24.35158501440922,4.899135446685879,25.720461095100866
multiple_runs_DB_LowThreat_2_20260407_163954.csv,multiple_runs_DB_LowThreat_2_20260407_163954.csv,DB,No ACE,88,42.53945480631277,4.591104734576758,5.093256814921091,47.77618364418939
multiple_runs_DB_LowThreat_2_20260407_163954.csv,multiple_runs_DB_LowThreat_2_20260407_163954.csv,DB,No ACE,89,52.1,28.299999999999997,5.8999999999999995,13.700000000000001
multiple_runs_DB_LowThreat_2_20260407_163954.csv,multiple_runs_DB_LowThreat_2_20260407_163954.csv,DB,No ACE,90,60.22819885900571,29.3398533007335,5.623471882640587,4.808475957620212
multiple_runs_DB_LowThreat_2_20260407_163954.csv,multiple_runs_DB_LowThreat_2_20260407_163954.csv,DB,No ACE,91,79.46428571428571,5.762987012987013,5.357142857142857,9.415584415584416
multiple_runs_DB_LowThreat_2_20260407_163954.csv,multiple_runs_DB_LowThreat_2_20260407_163954.csv,DB,No ACE,92,80.22549869904597,5.724197745013009,5.810928013876843,8.23937554206418
multiple_runs_DB_LowThreat_2_20260407_163954.csv,multiple_runs_DB_LowThreat_2_20260407_163954.csv,DB,No ACE,93,63.12005751258087,28.756290438533426,4.529115744069015,3.5945363048166783
multiple_runs_DB_LowThreat_2_20260407_163954.csv,multiple_runs_DB_LowThreat_2_20260407_163954.csv,DB,No ACE,94,42.08955223880597,29.850746268656714,6.26865671641791,21.791044776119403
multiple_runs_DB_LowThreat_2_20260407_163954.csv,multiple_runs_DB_LowThreat_2_20260407_163954.csv,DB,No ACE,95,60.86956521739131,6.976744186046512,6.471183013144591,25.68250758341759
multiple_runs_DB_LowThreat_2_20260407_163954.csv,multiple_runs_DB_LowThreat_2_20260407_163954.csv,DB,No ACE,96,56.85483870967742,32.25806451612903,5.725806451612903,5.161290322580645
multiple_runs_DB_LowThreat_2_20260407_163954.csv,multiple_runs_DB_LowThreat_2_20260407_163954.csv,DB,No ACE,97,62.078853046594986,4.301075268817205,4.946236559139785,28.673835125448026
multiple_runs_DB_LowThreat_2_20260407_163954.csv,multiple_runs_DB_LowThreat_2_20260407_163954.csv,DB,No ACE,98,42.78996865203762,4.858934169278997,4.623824451410658,47.72727272727273
multiple_runs_DB_LowThreat_2_20260407_163954.csv,multiple_runs_DB_LowThreat_2_20260407_163954.csv,DB,No ACE,99,76.26811594202898,6.7934782608695645,6.702898550724639,10.23550724637681
multiple_runs_DB_LowThreat_2_20260407_163954.csv,multiple_runs_DB_LowThreat_2_20260407_163954.csv,DB,No ACE,100,38.13314037626628,8.465991316931982,5.2821997105644,48.118668596237335
multiple_runs_DB_LowThreat_2_20260407_163954.csv,multiple_runs_DB_LowThreat_2_20260407_163954.csv,DB,No ACE,101,72.28041901692184,6.124093473005641,5.88235294117647,15.71313456889605
multiple_runs_DB_LowThreat_2_20260407_163954.csv,multiple_runs_DB_LowThreat_2_20260407_163954.csv,DB,No ACE,102,43.22033898305085,7.909604519774012,6.308851224105462,42.56120527306968
multiple_runs_DB_LowThreat_2_20260407_163954.csv,multiple_runs_DB_LowThreat_2_20260407_163954.csv,DB,No ACE,103,62.8099173553719,17.50563486100676,4.658151765589782,15.026296018031553
multiple_runs_DB_LowThreat_2_20260407_163954.csv,multiple_runs_DB_LowThreat_2_20260407_163954.csv,DB,No ACE,104,55.950095969289826,8.349328214971209,6.333973128598848,29.366602687140116
multiple_runs_DB_LowThreat_2_20260407_163954.csv,multiple_runs_DB_LowThreat_2_20260407_163954.csv,DB,No ACE,105,34.67000835421888,5.096073517126149,4.594820384294068,55.639097744360896
multiple_runs_DB_LowThreat_2_20260407_163954.csv,multiple_runs_DB_LowThreat_2_20260407_163954.csv,DB,No ACE,106,85.47077922077922,4.383116883116883,4.788961038961039,5.357142857142857
multiple_runs_DB_LowThreat_2_20260407_163954.csv,multiple_runs_DB_LowThreat_2_20260407_163954.csv,DB,No ACE,107,81.45454545454545,6.472727272727273,4.218181818181818,7.8545454545454545
multiple_runs_DB_LowThreat_2_20260407_163954.csv,multiple_runs_DB_LowThreat_2_20260407_163954.csv,DB,No ACE,108,43.59267734553776,19.221967963386728,7.665903890160183,29.51945080091533
multiple_runs_DB_LowThreat_2_20260407_163954.csv,multiple_runs_DB_LowThreat_2_20260407_163954.csv,DB,No ACE,109,47.65625,7.2265625,6.4453125,38.671875
multiple_runs_DB_LowThreat_2_20260407_163954.csv,multiple_runs_DB_LowThreat_2_20260407_163954.csv,DB,No ACE,110,42.06069160197601,5.151729004940014,5.010585744530699,47.77699364855329
multiple_runs_DB_LowThreat_2_20260407_163954.csv,multiple_runs_DB_LowThreat_2_20260407_163954.csv,DB,No ACE,111,46.308724832214764,4.77255779269202,4.99627143922446,43.92244593586875
multiple_runs_DB_LowThreat_2_20260407_163954.csv,multiple_runs_DB_LowThreat_2_20260407_163954.csv,DB,No ACE,112,47.61904761904761,8.843537414965986,7.709750566893423,35.827664399092974
multiple_runs_DB_LowThreat_2_20260407_163954.csv,multiple_runs_DB_LowThreat_2_20260407_163954.csv,DB,No ACE,113,64.44286728176012,10.361958836053939,5.25195173882186,19.94322214336409
multiple_runs_DB_LowThreat_2_20260407_163954.csv,multiple_runs_DB_LowThreat_2_20260407_163954.csv,DB,No ACE,114,61.45675265553869,6.600910470409711,4.552352048558421,27.38998482549317
multiple_runs_DB_LowThreat_2_20260407_163954.csv,multiple_runs_DB_LowThreat_2_20260407_163954.csv,DB,No ACE,115,52.138643067846616,13.864306784660767,4.867256637168142,29.129793510324486
multiple_runs_DB_LowThreat_2_20260407_163954.csv,multiple_runs_DB_LowThreat_2_20260407_163954.csv,DB,No ACE,116,73.26989619377161,8.044982698961938,5.709342560553633,12.975778546712801
multiple_runs_DB_LowThreat_2_20260407_163954.csv,multiple_runs_DB_LowThreat_2_20260407_163954.csv,DB,No ACE,117,56.72105672105672,10.955710955710956,5.361305361305361,26.961926961926963
multiple_runs_DB_LowThreat_2_20260407_163954.csv,multiple_runs_DB_LowThreat_2_20260407_163954.csv,DB,No ACE,118,42.84176533907427,27.125941872981702,7.21205597416577,22.820236813778255
multiple_runs_DB_LowThreat_2_20260407_163954.csv,multiple_runs_DB_LowThreat_2_20260407_163954.csv,DB,No ACE,119,53.17700453857791,14.750378214826021,4.689863842662632,27.382753403933435
multiple_runs_DB_LowThreat_2_20260407_163954.csv,multiple_runs_DB_LowThreat_2_20260407_163954.csv,DB,No ACE,120,86.70021567217829,4.457225017972681,5.104241552839683,3.7383177570093453
multiple_runs_DB_LowThreat_2_20260407_163954.csv,multiple_runs_DB_LowThreat_2_20260407_163954.csv,DB,No ACE,121,43.6429215509468,27.862939585211905,5.320108205590622,23.17403065825068
multiple_runs_DB_LowThreat_2_20260407_163954.csv,multiple_runs_DB_LowThreat_2_20260407_163954.csv,DB,No ACE,122,67.83320923306032,5.584512285927029,4.690990320178704,21.891288160833955
multiple_runs_DB_LowThreat_2_20260407_163954.csv,multiple_runs_DB_LowThreat_2_20260407_163954.csv,DB,No ACE,123,42.016806722689076,6.162464985994398,5.415499533146592,46.40522875816993
multiple_runs_DB_LowThreat_2_20260407_163954.csv,multiple_runs_DB_LowThreat_2_20260407_163954.csv,DB,No ACE,124,76.27573858549687,5.282005371530887,5.550581915846016,12.891674127126231
multiple_runs_DB_LowThreat_2_20260407_163954.csv,multiple_runs_DB_LowThreat_2_20260407_163954.csv,DB,No ACE,125,83.00086730268865,5.810928013876843,5.810928013876843,5.377276669557675
multiple_runs_DB_LowThreat_2_20260407_163954.csv,multiple_runs_DB_LowThreat_2_20260407_163954.csv,DB,No ACE,126,54.27286356821589,7.04647676161919,4.7976011994003,33.88305847076462
multiple_runs_DB_LowThreat_2_20260407_163954.csv,multiple_runs_DB_LowThreat_2_20260407_163954.csv,DB,No ACE,127,40.324118207816966,5.529075309818875,5.910390848427073,48.236415633937085
multiple_runs_DB_LowThreat_2_20260407_163954.csv,multiple_runs_DB_LowThreat_2_20260407_163954.csv,DB,No ACE,128,58.747300215982726,6.263498920086392,5.399568034557236,29.589632829373652
multiple_runs_DB_LowThreat_2_20260407_163954.csv,multiple_runs_DB_LowThreat_2_20260407_163954.csv,DB,No ACE,129,46.504559270516715,4.86322188449848,4.939209726443769,43.693009118541035
multiple_runs_DB_LowThreat_2_20260407_163954.csv,multiple_runs_DB_LowThreat_2_20260407_163954.csv,DB,No ACE,130,64.73988439306359,7.610789980732177,6.454720616570328,21.19460500963391
multiple_runs_DB_LowThreat_2_20260407_163954.csv,multiple_runs_DB_LowThreat_2_20260407_163954.csv,DB,No ACE,131,46.03746397694525,5.3314121037463975,4.899135446685879,43.73198847262248
multiple_runs_DB_LowThreat_2_20260407_163954.csv,multiple_runs_DB_LowThreat_2_20260407_163954.csv,DB,No ACE,132,50.0735294117647,8.970588235294118,3.5294117647058822,37.4264705882353
multiple_runs_DB_LowThreat_2_20260407_163954.csv,multiple_runs_DB_LowThreat_2_20260407_163954.csv,DB,No ACE,133,75.52039966694421,6.49458784346378,5.661948376353039,12.323064113238967
multiple_runs_DB_LowThreat_2_20260407_163954.csv,multiple_runs_DB_LowThreat_2_20260407_163954.csv,DB,No ACE,134,63.597430406852254,21.34189864382584,5.281941470378301,9.77872947894361
multiple_runs_DB_LowThreat_2_20260407_163954.csv,multiple_runs_DB_LowThreat_2_20260407_163954.csv,DB,No ACE,135,63.15280464216635,9.284332688588009,6.5764023210831715,20.986460348162474
multiple_runs_DB_LowThreat_2_20260407_163954.csv,multiple_runs_DB_LowThreat_2_20260407_163954.csv,DB,No ACE,136,33.95818312905551,4.397981254506128,5.5515501081470795,56.092285508291276
multiple_runs_DB_LowThreat_2_20260407_163954.csv,multiple_runs_DB_LowThreat_2_20260407_163954.csv,DB,No ACE,137,82.90972830850131,5.521472392638037,5.784399649430324,5.784399649430324
multiple_runs_DB_LowThreat_2_20260407_163954.csv,multiple_runs_DB_LowThreat_2_20260407_163954.csv,DB,No ACE,138,44.27266338721012,9.908643710470837,4.638088545326775,41.18060435699227
multiple_runs_DB_LowThreat_2_20260407_163954.csv,multiple_runs_DB_LowThreat_2_20260407_163954.csv,DB,No ACE,139,61.50035385704176,3.9631988676574665,3.8924274593064405,30.64401981599434
multiple_runs_DB_LowThreat_2_20260407_163954.csv,multiple_runs_DB_LowThreat_2_20260407_163954.csv,DB,No ACE,140,53.55348169418521,29.07394113424264,4.594400574300072,12.778176597272076
multiple_runs_DB_LowThreat_2_20260407_163954.csv,multiple_runs_DB_LowThreat_2_20260407_163954.csv,DB,No ACE,141,43.18344039971449,23.625981441827264,4.710920770877944,28.4796573875803
multiple_runs_DB_LowThreat_2_20260407_163954.csv,multiple_runs_DB_LowThreat_2_20260407_163954.csv,DB,No ACE,142,86.90647482014388,4.028776978417266,4.388489208633094,4.676258992805756
multiple_runs_DB_LowThreat_2_20260407_163954.csv,multiple_runs_DB_LowThreat_2_20260407_163954.csv,DB,No ACE,143,48.85670731707317,8.536585365853659,5.259146341463414,37.34756097560975
multiple_runs_DB_LowThreat_2_20260407_163954.csv,multiple_runs_DB_LowThreat_2_20260407_163954.csv,DB,No ACE,144,51.37254901960784,6.372549019607843,6.862745098039216,35.3921568627451
multiple_runs_DB_LowThreat_2_20260407_163954.csv,multiple_runs_DB_LowThreat_2_20260407_163954.csv,DB,No ACE,145,82.67451640033642,4.541631623212783,5.887300252312868,6.896551724137931
multiple_runs_DB_LowThreat_2_20260407_163954.csv,multiple_runs_DB_LowThreat_2_20260407_163954.csv,DB,No ACE,146,35.21825396825397,6.25,6.646825396825397,51.88492063492064
multiple_runs_DB_LowThreat_2_20260407_163954.csv,multiple_runs_DB_LowThreat_2_20260407_163954.csv,DB,No ACE,147,82.33695652173914,7.246376811594203,5.344202898550725,5.072463768115942
multiple_runs_DB_LowThreat_2_20260407_163954.csv,multiple_runs_DB_LowThreat_2_20260407_163954.csv,DB,No ACE,148,37.86407766990291,11.165048543689322,8.37378640776699,42.59708737864077
multiple_runs_DB_LowThreat_2_20260407_163954.csv,multiple_runs_DB_LowThreat_2_20260407_163954.csv,DB,No ACE,149,58.563949139865365,4.412864622288707,5.459985041136874,31.563201196709052
multiple_runs_DB_LowThreat_2_20260407_163954.csv,multiple_runs_DB_LowThreat_2_20260407_163954.csv,DB,No ACE,150,78.1786941580756,5.240549828178694,5.5841924398625435,10.996563573883162
multiple_runs_DB_LowThreat_2_20260407_163954.csv,multiple_runs_DB_LowThreat_2_20260407_163954.csv,DB,No ACE,151,75.2672843905916,15.395580898075552,4.5616535994297935,4.775481111903065
multiple_runs_DB_LowThreat_2_20260407_163954.csv,multiple_runs_DB_LowThreat_2_20260407_163954.csv,DB,No ACE,152,80.61874431301183,4.640582347588717,5.823475887170155,8.9171974522293
multiple_runs_DB_LowThreat_2_20260407_163954.csv,multiple_runs_DB_LowThreat_2_20260407_163954.csv,DB,No ACE,153,36.292054402290624,4.867573371510379,4.795991410164638,54.044380816034355
multiple_runs_DB_LowThreat_2_20260407_163954.csv,multiple_runs_DB_LowThreat_2_20260407_163954.csv,DB,No ACE,154,63.13694267515923,6.050955414012739,5.7324840764331215,25.079617834394906
multiple_runs_DB_LowThreat_2_20260407_163954.csv,multiple_runs_DB_LowThreat_2_20260407_163954.csv,DB,No ACE,155,53.288925895087424,13.98834304746045,5.578684429641965,27.14404662781016
multiple_runs_DB_LowThreat_2_20260407_163954.csv,multiple_runs_DB_LowThreat_2_20260407_163954.csv,DB,No ACE,156,16.35651322233105,6.953966699314397,6.170421155729676,70.51909892262488
multiple_runs_DB_LowThreat_2_20260407_163954.csv,multiple_runs_DB_LowThreat_2_20260407_163954.csv,DB,No ACE,157,59.530791788856305,23.533724340175954,4.178885630498534,12.756598240469208
multiple_runs_DB_LowThreat_2_20260407_163954.csv,multiple_runs_DB_LowThreat_2_20260407_163954.csv,DB,No ACE,158,53.00859598853869,8.166189111747851,5.157593123209169,33.6676217765043
multiple_runs_DB_LowThreat_2_20260407_163954.csv,multiple_runs_DB_LowThreat_2_20260407_163954.csv,DB,No ACE,159,59.181897302001744,27.93733681462141,5.221932114882506,7.658833768494342
multiple_runs_DB_LowThreat_2_20260407_163954.csv,multiple_runs_DB_LowThreat_2_20260407_163954.csv,DB,No ACE,160,65.51724137931035,25.718390804597703,4.813218390804598,3.9511494252873565
multiple_runs_DB_LowThreat_2_20260407_163954.csv,multiple_runs_DB_LowThreat_2_20260407_163954.csv,DB,No ACE,161,78.39403973509934,6.208609271523178,4.635761589403973,10.76158940397351
multiple_runs_DB_LowThreat_2_20260407_163954.csv,multiple_runs_DB_LowThreat_2_20260407_163954.csv,DB,No ACE,162,60.35940803382663,6.342494714587738,7.716701902748414,25.581395348837212
multiple_runs_DB_LowThreat_2_20260407_163954.csv,multiple_runs_DB_LowThreat_2_20260407_163954.csv,DB,No ACE,163,84.72519628836545,5.567451820128479,4.5681655960028555,5.139186295503212
multiple_runs_DB_LowThreat_2_20260407_163954.csv,multiple_runs_DB_LowThreat_2_20260407_163954.csv,DB,No ACE,164,29.24028268551237,32.59717314487632,6.5371024734982335,31.62544169611308
multiple_runs_DB_LowThreat_2_20260407_163954.csv,multiple_runs_DB_LowThreat_2_20260407_163954.csv,DB,No ACE,165,41.43567874911159,12.864250177683015,4.761904761904762,40.93816631130064
multiple_runs_DB_LowThreat_2_20260407_163954.csv,multiple_runs_DB_LowThreat_2_20260407_163954.csv,DB,No ACE,166,46.43387815750371,5.12630014858841,4.086181277860327,44.35364041604755
multiple_runs_DB_LowThreat_2_20260407_163954.csv,multiple_runs_DB_LowThreat_2_20260407_163954.csv,DB,No ACE,167,57.64192139737992,11.026200873362445,6.331877729257641,25.0
multiple_runs_DB_LowThreat_2_20260407_163954.csv,multiple_runs_DB_LowThreat_2_20260407_163954.csv,DB,No ACE,168,83.7248322147651,5.87248322147651,5.033557046979865,5.369127516778524
multiple_runs_DB_LowThreat_2_20260407_163954.csv,multiple_runs_DB_LowThreat_2_20260407_163954.csv,DB,No ACE,169,82.89902280130293,5.700325732899023,6.107491856677524,5.293159609120521
multiple_runs_DB_LowThreat_2_20260407_163954.csv,multiple_runs_DB_LowThreat_2_20260407_163954.csv,DB,No ACE,170,42.299349240780906,3.3261026753434564,4.6999276934201015,49.67462039045553
multiple_runs_DB_LowThreat_2_20260407_163954.csv,multiple_runs_DB_LowThreat_2_20260407_163954.csv,DB,No ACE,171,83.77682403433477,6.180257510729613,5.3218884120171674,4.721030042918455
multiple_runs_DB_LowThreat_2_20260407_163954.csv,multiple_runs_DB_LowThreat_2_20260407_163954.csv,DB,No ACE,172,73.77740303541316,7.419898819561552,5.227655986509275,13.575042158516021
multiple_runs_DB_LowThreat_2_20260407_163954.csv,multiple_runs_DB_LowThreat_2_20260407_163954.csv,DB,No ACE,173,53.17604355716878,26.950998185117967,6.533575317604355,13.339382940108893
multiple_runs_DB_LowThreat_2_20260407_163954.csv,multiple_runs_DB_LowThreat_2_20260407_163954.csv,DB,No ACE,174,59.93265993265994,7.856341189674524,7.856341189674524,24.354657687991022
multiple_runs_DB_LowThreat_2_20260407_163954.csv,multiple_runs_DB_LowThreat_2_20260407_163954.csv,DB,No ACE,175,58.941344778254646,4.935622317596566,4.86409155937053,31.258941344778258
multiple_runs_DB_LowThreat_2_20260407_163954.csv,multiple_runs_DB_LowThreat_2_20260407_163954.csv,DB,No ACE,176,35.82089552238806,5.970149253731343,5.355575065847234,52.85338015803336
multiple_runs_DB_LowThreat_2_20260407_163954.csv,multiple_runs_DB_LowThreat_2_20260407_163954.csv,DB,No ACE,177,64.70149253731343,25.298507462686565,5.0,5.0
multiple_runs_DB_LowThreat_2_20260407_163954.csv,multiple_runs_DB_LowThreat_2_20260407_163954.csv,DB,No ACE,178,62.5,5.978260869565218,4.580745341614907,26.940993788819878
multiple_runs_DB_LowThreat_2_20260407_163954.csv,multiple_runs_DB_LowThreat_2_20260407_163954.csv,DB,No ACE,179,62.49089584850692,6.04515659140568,4.6613255644573925,26.802621995630005
multiple_runs_DB_LowThreat_2_20260407_163954.csv,multiple_runs_DB_LowThreat_2_20260407_163954.csv,DB,No ACE,180,41.20603015075377,5.886575735821967,4.809763101220388,48.09763101220388
multiple_runs_DB_LowThreat_2_20260407_163954.csv,multiple_runs_DB_LowThreat_2_20260407_163954.csv,DB,No ACE,181,28.549382716049383,4.70679012345679,6.635802469135803,60.10802469135802
multiple_runs_DB_LowThreat_2_20260407_163954.csv,multiple_runs_DB_LowThreat_2_20260407_163954.csv,DB,No ACE,182,45.29346622369878,33.665559246954594,6.755260243632337,14.285714285714285
multiple_runs_DB_LowThreat_2_20260407_163954.csv,multiple_runs_DB_LowThreat_2_20260407_163954.csv,DB,No ACE,183,34.107402031930334,27.793904208998548,5.152394775036284,32.94629898403483
multiple_runs_DB_LowThreat_2_20260407_163954.csv,multiple_runs_DB_LowThreat_2_20260407_163954.csv,DB,No ACE,184,40.909090909090914,10.925039872408293,5.103668261562999,43.0622009569378
multiple_runs_DB_LowThreat_2_20260407_163954.csv,multiple_runs_DB_LowThreat_2_20260407_163954.csv,DB,No ACE,185,39.91370010787487,26.7529665587918,6.68824163969795,26.64509169363538
multiple_runs_DB_LowThreat_2_20260407_163954.csv,multiple_runs_DB_LowThreat_2_20260407_163954.csv,DB,No ACE,186,57.96703296703297,5.21978021978022,6.684981684981685,30.128205128205128
multiple_runs_DB_LowThreat_2_20260407_163954.csv,multiple_runs_DB_LowThreat_2_20260407_163954.csv,DB,No ACE,187,75.25107604017217,6.24103299856528,4.734576757532281,13.773314203730273
multiple_runs_DB_LowThreat_2_20260407_163954.csv,multiple_runs_DB_LowThreat_2_20260407_163954.csv,DB,No ACE,188,82.77347114556417,5.684754521963824,5.512489233419466,6.029285099052541
multiple_runs_DB_LowThreat_2_20260407_163954.csv,multiple_runs_DB_LowThreat_2_20260407_163954.csv,DB,No ACE,189,48.988195615514336,5.396290050590219,5.227655986509275,40.38785834738617
multiple_runs_DB_LowThreat_2_20260407_163954.csv,multiple_runs_DB_LowThreat_2_20260407_163954.csv,DB,No ACE,190,47.67580452920143,9.177592371871276,7.389749702026221,35.75685339690107
multiple_runs_DB_LowThreat_2_20260407_163954.csv,multiple_runs_DB_LowThreat_2_20260407_163954.csv,DB,No ACE,191,38.90339425587467,5.395996518711923,4.43864229765013,51.26196692776327
multiple_runs_DB_LowThreat_2_20260407_163954.csv,multiple_runs_DB_LowThreat_2_20260407_163954.csv,DB,No ACE,192,66.95095948827291,5.828002842928217,4.4065387348969445,22.81449893390192
multiple_runs_DB_LowThreat_2_20260407_163954.csv,multiple_runs_DB_LowThreat_2_20260407_163954.csv,DB,No ACE,193,71.87723054960742,16.55960028551035,4.996431120628123,6.566738044254104
multiple_runs_DB_LowThreat_2_20260407_163954.csv,multiple_runs_DB_LowThreat_2_20260407_163954.csv,DB,No ACE,194,46.96211579699786,9.006433166547534,5.2894924946390285,38.74195854181558
multiple_runs_DB_LowThreat_2_20260407_163954.csv,multiple_runs_DB_LowThreat_2_20260407_163954.csv,DB,No ACE,195,35.23459061637534,6.991720331186753,4.507819687212511,53.26586936522539
multiple_runs_DB_LowThreat_2_20260407_163954.csv,multiple_runs_DB_LowThreat_2_20260407_163954.csv,DB,No ACE,196,35.96425912137007,3.648548026805659,4.244229337304542,56.14296351451973
multiple_runs_DB_LowThreat_2_20260407_163954.csv,multiple_runs_DB_LowThreat_2_20260407_163954.csv,DB,No ACE,197,50.60931899641577,15.268817204301074,4.516129032258064,29.605734767025087
multiple_runs_DB_LowThreat_2_20260407_163954.csv,multiple_runs_DB_LowThreat_2_20260407_163954.csv,DB,No ACE,198,46.28099173553719,7.910271546635183,7.083825265643448,38.72491145218418
multiple_runs_DB_LowThreat_2_20260407_163954.csv,multiple_runs_DB_LowThreat_2_20260407_163954.csv,DB,No ACE,199,51.1558538404176,7.233407904548844,5.219985085756898,36.39075316927666
multiple_runs_DB_LowThreat_2_20260407_163954.csv,multiple_runs_DB_LowThreat_2_20260407_163954.csv,DB,No ACE,200,83.68860055607044,5.004633920296571,5.838739573679333,5.4680259499536605
multiple_runs_DB_ModerateThreat_20260407_174756.csv,multiple_runs_DB_ModerateThreat_20260407_174756.csv,DB,Moderate adversity,1,56.309963099631,5.313653136531365,5.018450184501845,33.35793357933579
multiple_runs_DB_ModerateThreat_20260407_174756.csv,multiple_runs_DB_ModerateThreat_20260407_174756.csv,DB,Moderate adversity,2,41.162227602905574,8.47457627118644,8.111380145278451,42.251815980629544
multiple_runs_DB_ModerateThreat_20260407_174756.csv,multiple_runs_DB_ModerateThreat_20260407_174756.csv,DB,Moderate adversity,3,81.07438016528926,6.694214876033058,5.371900826446281,6.859504132231405
multiple_runs_DB_ModerateThreat_20260407_174756.csv,multiple_runs_DB_ModerateThreat_20260407_174756.csv,DB,Moderate adversity,4,42.15686274509804,9.477124183006536,5.991285403050109,42.37472766884531
multiple_runs_DB_ModerateThreat_20260407_174756.csv,multiple_runs_DB_ModerateThreat_20260407_174756.csv,DB,Moderate adversity,5,50.91434071222329,20.88546679499519,6.9297401347449465,21.27045235803657
multiple_runs_DB_ModerateThreat_20260407_174756.csv,multiple_runs_DB_ModerateThreat_20260407_174756.csv,DB,Moderate adversity,6,40.42316258351893,26.50334075723831,7.349665924276169,25.72383073496659
multiple_runs_DB_ModerateThreat_20260407_174756.csv,multiple_runs_DB_ModerateThreat_20260407_174756.csv,DB,Moderate adversity,7,62.96829971181557,27.6657060518732,4.394812680115274,4.971181556195965
multiple_runs_DB_ModerateThreat_20260407_174756.csv,multiple_runs_DB_ModerateThreat_20260407_174756.csv,DB,Moderate adversity,8,82.87841191066998,4.797353184449959,6.038047973531844,6.2861869313482215
multiple_runs_DB_ModerateThreat_20260407_174756.csv,multiple_runs_DB_ModerateThreat_20260407_174756.csv,DB,Moderate adversity,9,39.56363636363636,4.872727272727273,5.090909090909091,50.47272727272727
multiple_runs_DB_ModerateThreat_20260407_174756.csv,multiple_runs_DB_ModerateThreat_20260407_174756.csv,DB,Moderate adversity,10,58.57348703170029,5.763688760806916,5.259365994236311,30.403458213256485
multiple_runs_DB_ModerateThreat_20260407_174756.csv,multiple_runs_DB_ModerateThreat_20260407_174756.csv,DB,Moderate adversity,11,49.52932657494569,27.588703837798693,4.9239681390296886,17.958001448225925
multiple_runs_DB_ModerateThreat_20260407_174756.csv,multiple_runs_DB_ModerateThreat_20260407_174756.csv,DB,Moderate adversity,12,44.343434343434346,28.383838383838384,6.4646464646464645,20.80808080808081
multiple_runs_DB_ModerateThreat_20260407_174756.csv,multiple_runs_DB_ModerateThreat_20260407_174756.csv,DB,Moderate adversity,13,38.423028785982474,15.269086357947433,8.51063829787234,37.79724655819774
multiple_runs_DB_ModerateThreat_20260407_174756.csv,multiple_runs_DB_ModerateThreat_20260407_174756.csv,DB,Moderate adversity,14,83.70739817123857,5.818786367414797,4.987531172069826,5.486284289276807
multiple_runs_DB_ModerateThreat_20260407_174756.csv,multiple_runs_DB_ModerateThreat_20260407_174756.csv,DB,Moderate adversity,15,48.873873873873876,6.531531531531531,8.445945945945946,36.14864864864865
multiple_runs_DB_ModerateThreat_20260407_174756.csv,multiple_runs_DB_ModerateThreat_20260407_174756.csv,DB,Moderate adversity,16,47.48923959827834,5.88235294117647,5.0215208034433285,41.60688665710187
multiple_runs_DB_ModerateThreat_20260407_174756.csv,multiple_runs_DB_ModerateThreat_20260407_174756.csv,DB,Moderate adversity,17,45.21112255406797,33.26467559217301,6.07621009268795,15.447991761071062
multiple_runs_DB_ModerateThreat_20260407_174756.csv,multiple_runs_DB_ModerateThreat_20260407_174756.csv,DB,Moderate adversity,18,47.816750178954905,8.16034359341446,5.082319255547603,38.94058697208303
multiple_runs_DB_ModerateThreat_20260407_174756.csv,multiple_runs_DB_ModerateThreat_20260407_174756.csv,DB,Moderate adversity,19,49.851042701092354,28.69910625620655,5.958291956305859,15.491559086395235
multiple_runs_DB_ModerateThreat_20260407_174756.csv,multiple_runs_DB_ModerateThreat_20260407_174756.csv,DB,Moderate adversity,20,51.48014440433213,25.55956678700361,5.415162454873646,17.545126353790614
multiple_runs_DB_ModerateThreat_20260407_174756.csv,multiple_runs_DB_ModerateThreat_20260407_174756.csv,DB,Moderate adversity,21,83.69950389794471,6.945428773919206,4.677533664068037,4.677533664068037
multiple_runs_DB_ModerateThreat_20260407_174756.csv,multiple_runs_DB_ModerateThreat_20260407_174756.csv,DB,Moderate adversity,22,51.66297117516629,6.0606060606060606,5.099778270509978,37.17664449371767
multiple_runs_DB_ModerateThreat_20260407_174756.csv,multiple_runs_DB_ModerateThreat_20260407_174756.csv,DB,Moderate adversity,23,47.540983606557376,14.754098360655737,4.775481111903065,32.92943692088382
multiple_runs_DB_ModerateThreat_20260407_174756.csv,multiple_runs_DB_ModerateThreat_20260407_174756.csv,DB,Moderate adversity,24,38.900939985538685,3.976861894432393,4.772234273318872,52.34996384671005
multiple_runs_DB_ModerateThreat_20260407_174756.csv,multiple_runs_DB_ModerateThreat_20260407_174756.csv,DB,Moderate adversity,25,76.53874004344678,5.937726285300507,4.996379435191891,12.527154236060825
multiple_runs_DB_ModerateThreat_20260407_174756.csv,multiple_runs_DB_ModerateThreat_20260407_174756.csv,DB,Moderate adversity,26,51.69660678642715,23.15369261477046,6.786427145708583,18.36327345309381
multiple_runs_DB_ModerateThreat_20260407_174756.csv,multiple_runs_DB_ModerateThreat_20260407_174756.csv,DB,Moderate adversity,27,62.769010043041604,18.579626972740314,4.806312769010043,13.845050215208035
multiple_runs_DB_ModerateThreat_20260407_174756.csv,multiple_runs_DB_ModerateThreat_20260407_174756.csv,DB,Moderate adversity,28,53.39366515837104,26.47058823529412,4.751131221719457,15.384615384615385
multiple_runs_DB_ModerateThreat_20260407_174756.csv,multiple_runs_DB_ModerateThreat_20260407_174756.csv,DB,Moderate adversity,29,34.25454545454546,6.254545454545454,5.090909090909091,54.400000000000006
multiple_runs_DB_ModerateThreat_20260407_174756.csv,multiple_runs_DB_ModerateThreat_20260407_174756.csv,DB,Moderate adversity,30,45.096635647816754,24.91052254831782,4.795991410164638,25.196850393700785
multiple_runs_DB_ModerateThreat_20260407_174756.csv,multiple_runs_DB_ModerateThreat_20260407_174756.csv,DB,Moderate adversity,31,42.27174694464414,26.096333572969087,4.744787922358016,26.887131560028756
multiple_runs_DB_ModerateThreat_20260407_174756.csv,multiple_runs_DB_ModerateThreat_20260407_174756.csv,DB,Moderate adversity,32,41.03671706263499,6.047516198704104,5.327573794096472,47.58819294456443
multiple_runs_DB_ModerateThreat_20260407_174756.csv,multiple_runs_DB_ModerateThreat_20260407_174756.csv,DB,Moderate adversity,33,77.47068676716918,7.537688442211055,5.025125628140704,9.966499162479062
multiple_runs_DB_ModerateThreat_20260407_174756.csv,multiple_runs_DB_ModerateThreat_20260407_174756.csv,DB,Moderate adversity,34,41.54175588865097,25.767309064953604,4.782298358315489,27.90863668807994
multiple_runs_DB_ModerateThreat_20260407_174756.csv,multiple_runs_DB_ModerateThreat_20260407_174756.csv,DB,Moderate adversity,35,50.90137857900318,29.268292682926827,6.892895015906681,12.937433722163307
multiple_runs_DB_ModerateThreat_20260407_174756.csv,multiple_runs_DB_ModerateThreat_20260407_174756.csv,DB,Moderate adversity,36,64.99133448873484,24.090121317157713,6.065857885615252,4.852686308492201
multiple_runs_DB_ModerateThreat_20260407_174756.csv,multiple_runs_DB_ModerateThreat_20260407_174756.csv,DB,Moderate adversity,37,39.73902728351127,9.37129300118624,8.778173190984578,42.11150652431791
multiple_runs_DB_ModerateThreat_20260407_174756.csv,multiple_runs_DB_ModerateThreat_20260407_174756.csv,DB,Moderate adversity,38,83.08103294746215,4.363312555654497,5.342831700801424,7.212822796081923
multiple_runs_DB_ModerateThreat_20260407_174756.csv,multiple_runs_DB_ModerateThreat_20260407_174756.csv,DB,Moderate adversity,39,50.69090909090909,22.836363636363636,5.090909090909091,21.381818181818183
multiple_runs_DB_ModerateThreat_20260407_174756.csv,multiple_runs_DB_ModerateThreat_20260407_174756.csv,DB,Moderate adversity,40,39.30131004366812,19.213973799126638,7.096069868995633,34.38864628820961
multiple_runs_DB_ModerateThreat_20260407_174756.csv,multiple_runs_DB_ModerateThreat_20260407_174756.csv,DB,Moderate adversity,41,37.92857142857143,24.571428571428573,5.714285714285714,31.785714285714285
multiple_runs_DB_ModerateThreat_20260407_174756.csv,multiple_runs_DB_ModerateThreat_20260407_174756.csv,DB,Moderate adversity,42,65.5844155844156,3.463203463203463,4.473304473304474,26.47907647907648
multiple_runs_DB_ModerateThreat_20260407_174756.csv,multiple_runs_DB_ModerateThreat_20260407_174756.csv,DB,Moderate adversity,43,84.98475609756098,5.7926829268292686,5.0304878048780495,4.192073170731708
multiple_runs_DB_ModerateThreat_20260407_174756.csv,multiple_runs_DB_ModerateThreat_20260407_174756.csv,DB,Moderate adversity,44,64.72457627118644,8.898305084745763,6.885593220338983,19.491525423728813
multiple_runs_DB_ModerateThreat_20260407_174756.csv,multiple_runs_DB_ModerateThreat_20260407_174756.csv,DB,Moderate adversity,45,33.6734693877551,28.93586005830904,5.247813411078718,32.142857142857146
multiple_runs_DB_ModerateThreat_20260407_174756.csv,multiple_runs_DB_ModerateThreat_20260407_174756.csv,DB,Moderate adversity,46,40.76923076923077,7.252747252747254,7.472527472527473,44.505494505494504
multiple_runs_DB_ModerateThreat_20260407_174756.csv,multiple_runs_DB_ModerateThreat_20260407_174756.csv,DB,Moderate adversity,47,59.313367421475526,25.858290723155587,4.309715120525932,10.51862673484295
multiple_runs_DB_ModerateThreat_20260407_174756.csv,multiple_runs_DB_ModerateThreat_20260407_174756.csv,DB,Moderate adversity,48,44.7585394581861,34.157832744405184,7.891637220259129,13.191990577149587
multiple_runs_DB_ModerateThreat_20260407_174756.csv,multiple_runs_DB_ModerateThreat_20260407_174756.csv,DB,Moderate adversity,49,85.66256335988415,5.068790731354091,4.489500362056481,4.779145546705286
multiple_runs_DB_ModerateThreat_20260407_174756.csv,multiple_runs_DB_ModerateThreat_20260407_174756.csv,DB,Moderate adversity,50,62.02356202356203,28.8981288981289,4.296604296604296,4.781704781704782
multiple_runs_DB_ModerateThreat_20260407_174756.csv,multiple_runs_DB_ModerateThreat_20260407_174756.csv,DB,Moderate adversity,51,31.8557475582269,6.461307287753569,5.259203606311044,56.423741547708495
multiple_runs_DB_ModerateThreat_20260407_174756.csv,multiple_runs_DB_ModerateThreat_20260407_174756.csv,DB,Moderate adversity,52,75.87238285144566,6.181455633100698,6.4805583250249255,11.465603190428714
multiple_runs_DB_ModerateThreat_20260407_174756.csv,multiple_runs_DB_ModerateThreat_20260407_174756.csv,DB,Moderate adversity,53,54.39393939393939,6.287878787878788,5.075757575757576,34.24242424242424
multiple_runs_DB_ModerateThreat_20260407_174756.csv,multiple_runs_DB_ModerateThreat_20260407_174756.csv,DB,Moderate adversity,54,40.711009174311926,11.697247706422019,6.8807339449541285,40.711009174311926
multiple_runs_DB_ModerateThreat_20260407_174756.csv,multiple_runs_DB_ModerateThreat_20260407_174756.csv,DB,Moderate adversity,55,85.5036855036855,4.914004914004914,4.586404586404586,4.995904995904995
multiple_runs_DB_ModerateThreat_20260407_174756.csv,multiple_runs_DB_ModerateThreat_20260407_174756.csv,DB,Moderate adversity,56,39.20398009950249,18.70646766169154,6.368159203980099,35.72139303482587
multiple_runs_DB_ModerateThreat_20260407_174756.csv,multiple_runs_DB_ModerateThreat_20260407_174756.csv,DB,Moderate adversity,57,41.65745856353591,9.281767955801106,7.18232044198895,41.87845303867404
multiple_runs_DB_ModerateThreat_20260407_174756.csv,multiple_runs_DB_ModerateThreat_20260407_174756.csv,DB,Moderate adversity,58,82.18442256042972,5.640107430617726,6.266786034019696,5.908683974932856
multiple_runs_DB_ModerateThreat_20260407_174756.csv,multiple_runs_DB_ModerateThreat_20260407_174756.csv,DB,Moderate adversity,59,82.85094066570188,7.091172214182344,4.630969609261939,5.426917510853835
multiple_runs_DB_ModerateThreat_20260407_174756.csv,multiple_runs_DB_ModerateThreat_20260407_174756.csv,DB,Moderate adversity,60,60.28776978417266,21.43884892086331,5.251798561151079,13.02158273381295
multiple_runs_DB_ModerateThreat_20260407_174756.csv,multiple_runs_DB_ModerateThreat_20260407_174756.csv,DB,Moderate adversity,61,80.41152263374485,7.818930041152264,5.51440329218107,6.255144032921811
multiple_runs_DB_ModerateThreat_20260407_174756.csv,multiple_runs_DB_ModerateThreat_20260407_174756.csv,DB,Moderate adversity,62,65.6686626746507,7.684630738522954,6.187624750499002,20.459081836327346
multiple_runs_DB_ModerateThreat_20260407_174756.csv,multiple_runs_DB_ModerateThreat_20260407_174756.csv,DB,Moderate adversity,63,70.56307911617962,5.844618674269423,5.0605844618674265,18.531717747683533
multiple_runs_DB_ModerateThreat_20260407_174756.csv,multiple_runs_DB_ModerateThreat_20260407_174756.csv,DB,Moderate adversity,64,74.40633245382587,14.072119613016712,5.716798592788039,5.804749340369393
multiple_runs_DB_ModerateThreat_20260407_174756.csv,multiple_runs_DB_ModerateThreat_20260407_174756.csv,DB,Moderate adversity,65,44.69525959367946,18.058690744920995,8.01354401805869,29.232505643340858
multiple_runs_DB_ModerateThreat_20260407_174756.csv,multiple_runs_DB_ModerateThreat_20260407_174756.csv,DB,Moderate adversity,66,42.18289085545723,27.876106194690266,5.0884955752212395,24.85250737463127
multiple_runs_DB_ModerateThreat_20260407_174756.csv,multiple_runs_DB_ModerateThreat_20260407_174756.csv,DB,Moderate adversity,67,51.84243964421855,29.733163913595934,9.021601016518424,9.40279542566709
multiple_runs_DB_ModerateThreat_20260407_174756.csv,multiple_runs_DB_ModerateThreat_20260407_174756.csv,DB,Moderate adversity,68,58.9655172413793,28.793103448275865,5.172413793103448,7.06896551724138
multiple_runs_DB_ModerateThreat_20260407_174756.csv,multiple_runs_DB_ModerateThreat_20260407_174756.csv,DB,Moderate adversity,69,33.71924746743849,4.26917510853835,5.137481910274964,56.87409551374819
multiple_runs_DB_ModerateThreat_20260407_174756.csv,multiple_runs_DB_ModerateThreat_20260407_174756.csv,DB,Moderate adversity,70,43.118594436310396,5.929721815519766,5.636896046852123,45.31478770131771
multiple_runs_DB_ModerateThreat_20260407_174756.csv,multiple_runs_DB_ModerateThreat_20260407_174756.csv,DB,Moderate adversity,71,41.06433677521843,17.712470214455916,6.354249404289118,34.86894360603653
multiple_runs_DB_ModerateThreat_20260407_174756.csv,multiple_runs_DB_ModerateThreat_20260407_174756.csv,DB,Moderate adversity,72,84.08091468777485,5.277044854881266,5.892700087950748,4.749340369393139
multiple_runs_DB_ModerateThreat_20260407_174756.csv,multiple_runs_DB_ModerateThreat_20260407_174756.csv,DB,Moderate adversity,73,62.23021582733813,29.280575539568343,4.532374100719425,3.9568345323741005
multiple_runs_DB_ModerateThreat_20260407_174756.csv,multiple_runs_DB_ModerateThreat_20260407_174756.csv,DB,Moderate adversity,74,78.77237851662404,6.564364876385337,5.115089514066496,9.548167092924126
multiple_runs_DB_ModerateThreat_20260407_174756.csv,multiple_runs_DB_ModerateThreat_20260407_174756.csv,DB,Moderate adversity,75,82.55613126079447,5.872193436960276,6.13126079447323,5.4404145077720205
multiple_runs_DB_ModerateThreat_20260407_174756.csv,multiple_runs_DB_ModerateThreat_20260407_174756.csv,DB,Moderate adversity,76,74.82088024564995,6.1412487205731825,6.345957011258956,12.691914022517912
multiple_runs_DB_ModerateThreat_20260407_174756.csv,multiple_runs_DB_ModerateThreat_20260407_174756.csv,DB,Moderate adversity,77,71.37733142037303,6.599713055954089,4.734576757532281,17.288378766140603
multiple_runs_DB_ModerateThreat_20260407_174756.csv,multiple_runs_DB_ModerateThreat_20260407_174756.csv,DB,Moderate adversity,78,60.74695121951219,7.774390243902439,5.86890243902439,25.609756097560975
multiple_runs_DB_ModerateThreat_20260407_174756.csv,multiple_runs_DB_ModerateThreat_20260407_174756.csv,DB,Moderate adversity,79,55.69727891156463,32.82312925170068,5.5272108843537415,5.952380952380952
multiple_runs_DB_ModerateThreat_20260407_174756.csv,multiple_runs_DB_ModerateThreat_20260407_174756.csv,DB,Moderate adversity,80,67.09219858156028,15.24822695035461,4.75177304964539,12.907801418439716
multiple_runs_DB_ModerateThreat_20260407_174756.csv,multiple_runs_DB_ModerateThreat_20260407_174756.csv,DB,Moderate adversity,81,45.68781183178902,22.808267997148967,5.0605844618674265,26.44333570919458
multiple_runs_DB_ModerateThreat_20260407_174756.csv,multiple_runs_DB_ModerateThreat_20260407_174756.csv,DB,Moderate adversity,82,51.82987141444114,7.71513353115727,7.022749752720079,33.432245301681505
multiple_runs_DB_ModerateThreat_20260407_174756.csv,multiple_runs_DB_ModerateThreat_20260407_174756.csv,DB,Moderate adversity,83,49.782923299565844,5.137481910274964,4.413892908827786,40.66570188133141
multiple_runs_DB_ModerateThreat_20260407_174756.csv,multiple_runs_DB_ModerateThreat_20260407_174756.csv,DB,Moderate adversity,84,79.0616854908775,10.425716768027801,4.778453518679409,5.734144222415291
multiple_runs_DB_ModerateThreat_20260407_174756.csv,multiple_runs_DB_ModerateThreat_20260407_174756.csv,DB,Moderate adversity,85,63.6231884057971,27.391304347826086,4.492753623188406,4.492753623188406
multiple_runs_DB_ModerateThreat_20260407_174756.csv,multiple_runs_DB_ModerateThreat_20260407_174756.csv,DB,Moderate adversity,86,54.32372505543237,7.5388026607538805,4.878048780487805,33.25942350332594
multiple_runs_DB_ModerateThreat_20260407_174756.csv,multiple_runs_DB_ModerateThreat_20260407_174756.csv,DB,Moderate adversity,87,82.46869409660107,5.903398926654741,5.18783542039356,6.440071556350627
multiple_runs_DB_ModerateThreat_20260407_174756.csv,multiple_runs_DB_ModerateThreat_20260407_174756.csv,DB,Moderate adversity,88,45.61911658218682,4.055032585083273,4.344677769732078,45.981173062997826
multiple_runs_DB_ModerateThreat_20260407_174756.csv,multiple_runs_DB_ModerateThreat_20260407_174756.csv,DB,Moderate adversity,89,42.34167893961708,5.522827687776141,5.08100147275405,47.05449189985272
multiple_runs_DB_ModerateThreat_20260407_174756.csv,multiple_runs_DB_ModerateThreat_20260407_174756.csv,DB,Moderate adversity,90,54.91525423728814,32.20338983050847,7.231638418079096,5.649717514124294
multiple_runs_DB_ModerateThreat_20260407_174756.csv,multiple_runs_DB_ModerateThreat_20260407_174756.csv,DB,Moderate adversity,91,58.36065573770492,5.327868852459016,5.819672131147541,30.491803278688522
multiple_runs_DB_ModerateThreat_20260407_174756.csv,multiple_runs_DB_ModerateThreat_20260407_174756.csv,DB,Moderate adversity,92,48.40909090909091,3.7121212121212124,4.090909090909091,43.78787878787879
multiple_runs_DB_ModerateThreat_20260407_174756.csv,multiple_runs_DB_ModerateThreat_20260407_174756.csv,DB,Moderate adversity,93,47.292418772563174,7.653429602888087,5.415162454873646,39.63898916967509
multiple_runs_DB_ModerateThreat_20260407_174756.csv,multiple_runs_DB_ModerateThreat_20260407_174756.csv,DB,Moderate adversity,94,61.973986228003064,21.80566182096404,5.508798775822494,10.711553175210407
multiple_runs_DB_ModerateThreat_20260407_174756.csv,multiple_runs_DB_ModerateThreat_20260407_174756.csv,DB,Moderate adversity,95,44.659498207885306,27.670250896057347,5.017921146953405,22.65232974910394
multiple_runs_DB_ModerateThreat_20260407_174756.csv,multiple_runs_DB_ModerateThreat_20260407_174756.csv,DB,Moderate adversity,96,28.162650602409638,5.045180722891566,5.647590361445784,61.14457831325302
multiple_runs_DB_ModerateThreat_20260407_174756.csv,multiple_runs_DB_ModerateThreat_20260407_174756.csv,DB,Moderate adversity,97,57.40873299928418,22.333571939871153,5.010737294201862,15.246957766642804
multiple_runs_DB_ModerateThreat_20260407_174756.csv,multiple_runs_DB_ModerateThreat_20260407_174756.csv,DB,Moderate adversity,98,46.46354733405876,38.41131664853101,7.834602829162132,7.290533188248095
multiple_runs_DB_ModerateThreat_20260407_174756.csv,multiple_runs_DB_ModerateThreat_20260407_174756.csv,DB,Moderate adversity,99,55.242227042660886,20.24584237165582,5.278380332610268,19.233550253073027
multiple_runs_DB_ModerateThreat_20260407_174756.csv,multiple_runs_DB_ModerateThreat_20260407_174756.csv,DB,Moderate adversity,100,84.84602917341977,5.9967585089141,4.781199351701783,4.376012965964344
multiple_runs_DB_ModerateThreat_20260407_174756.csv,multiple_runs_DB_ModerateThreat_20260407_174756.csv,DB,Moderate adversity,101,45.854145854145855,29.67032967032967,6.993006993006993,17.482517482517483
multiple_runs_DB_ModerateThreat_20260407_174756.csv,multiple_runs_DB_ModerateThreat_20260407_174756.csv,DB,Moderate adversity,102,85.04983388704319,4.983388704318937,4.73421926910299,5.232558139534884
multiple_runs_DB_ModerateThreat_20260407_174756.csv,multiple_runs_DB_ModerateThreat_20260407_174756.csv,DB,Moderate adversity,103,84.30531732418525,5.74614065180103,5.060034305317324,4.888507718696398
multiple_runs_DB_ModerateThreat_20260407_174756.csv,multiple_runs_DB_ModerateThreat_20260407_174756.csv,DB,Moderate adversity,104,51.32806891600862,25.843503230437904,4.953338119167265,17.87508973438622
multiple_runs_DB_ModerateThreat_20260407_174756.csv,multiple_runs_DB_ModerateThreat_20260407_174756.csv,DB,Moderate adversity,105,82.04683434518647,5.810928013876843,5.203816131830009,6.938421509106678
multiple_runs_DB_ModerateThreat_20260407_174756.csv,multiple_runs_DB_ModerateThreat_20260407_174756.csv,DB,Moderate adversity,106,82.97872340425532,5.815602836879433,4.25531914893617,6.950354609929079
multiple_runs_DB_ModerateThreat_20260407_174756.csv,multiple_runs_DB_ModerateThreat_20260407_174756.csv,DB,Moderate adversity,107,51.569506726457405,7.399103139013453,6.726457399103139,34.30493273542601
multiple_runs_DB_ModerateThreat_20260407_174756.csv,multiple_runs_DB_ModerateThreat_20260407_174756.csv,DB,Moderate adversity,108,52.775073028237586,6.0370009737098345,6.718597857838364,34.469328140214216
multiple_runs_DB_ModerateThreat_20260407_174756.csv,multiple_runs_DB_ModerateThreat_20260407_174756.csv,DB,Moderate adversity,109,69.61770623742454,7.142857142857142,7.042253521126761,16.19718309859155
multiple_runs_DB_ModerateThreat_20260407_174756.csv,multiple_runs_DB_ModerateThreat_20260407_174756.csv,DB,Moderate adversity,110,55.71284125379171,6.774519716885743,6.268958543983821,31.243680485338725
multiple_runs_DB_ModerateThreat_20260407_174756.csv,multiple_runs_DB_ModerateThreat_20260407_174756.csv,DB,Moderate adversity,111,77.74674115456239,9.683426443202979,5.679702048417132,6.890130353817504
multiple_runs_DB_ModerateThreat_20260407_174756.csv,multiple_runs_DB_ModerateThreat_20260407_174756.csv,DB,Moderate adversity,112,47.375988497483824,5.104241552839683,4.601006470165349,42.91876347951114
multiple_runs_DB_ModerateThreat_20260407_174756.csv,multiple_runs_DB_ModerateThreat_20260407_174756.csv,DB,Moderate adversity,113,50.612833453496755,26.09949531362653,5.335255948089401,17.95241528478731
multiple_runs_DB_ModerateThreat_20260407_174756.csv,multiple_runs_DB_ModerateThreat_20260407_174756.csv,DB,Moderate adversity,114,43.817787418655094,12.94287780187997,5.1337671728127265,38.10556760665221
multiple_runs_DB_ModerateThreat_20260407_174756.csv,multiple_runs_DB_ModerateThreat_20260407_174756.csv,DB,Moderate adversity,115,62.44377811094453,6.221889055472264,4.422788605697151,26.911544227886058
multiple_runs_DB_ModerateThreat_20260407_174756.csv,multiple_runs_DB_ModerateThreat_20260407_174756.csv,DB,Moderate adversity,116,38.92908827785818,3.907380607814761,5.065123010130246,52.098408104196814
multiple_runs_DB_ModerateThreat_20260407_174756.csv,multiple_runs_DB_ModerateThreat_20260407_174756.csv,DB,Moderate adversity,117,45.70799706529714,22.670579603815114,4.988994864269992,26.632428466617753
multiple_runs_DB_ModerateThreat_20260407_174756.csv,multiple_runs_DB_ModerateThreat_20260407_174756.csv,DB,Moderate adversity,118,56.82782018659881,32.90924512298558,4.749787955894826,5.51314673452078
multiple_runs_DB_ModerateThreat_20260407_174756.csv,multiple_runs_DB_ModerateThreat_20260407_174756.csv,DB,Moderate adversity,119,46.652267818574515,6.767458603311735,4.103671706263499,42.47660187185025
multiple_runs_DB_ModerateThreat_20260407_174756.csv,multiple_runs_DB_ModerateThreat_20260407_174756.csv,DB,Moderate adversity,120,58.381924198250736,6.122448979591836,4.737609329446064,30.75801749271137
multiple_runs_DB_ModerateThreat_20260407_174756.csv,multiple_runs_DB_ModerateThreat_20260407_174756.csv,DB,Moderate adversity,121,77.64198418404025,13.87491013659238,4.601006470165349,3.882099209202013
multiple_runs_DB_ModerateThreat_20260407_174756.csv,multiple_runs_DB_ModerateThreat_20260407_174756.csv,DB,Moderate adversity,122,65.13353115727003,16.320474777448073,4.451038575667656,14.094955489614245
multiple_runs_DB_ModerateThreat_20260407_174756.csv,multiple_runs_DB_ModerateThreat_20260407_174756.csv,DB,Moderate adversity,123,57.27482678983834,6.235565819861432,4.541955350269438,31.947652040030793
multiple_runs_DB_ModerateThreat_20260407_174756.csv,multiple_runs_DB_ModerateThreat_20260407_174756.csv,DB,Moderate adversity,124,54.58515283842795,6.441048034934497,7.532751091703056,31.4410480349345
multiple_runs_DB_ModerateThreat_20260407_174756.csv,multiple_runs_DB_ModerateThreat_20260407_174756.csv,DB,Moderate adversity,125,37.54461099214846,7.922912205567452,5.210563882940757,49.321912919343326
multiple_runs_DB_ModerateThreat_20260407_174756.csv,multiple_runs_DB_ModerateThreat_20260407_174756.csv,DB,Moderate adversity,126,82.79756733275413,5.2128583840139004,5.734144222415291,6.255430060816682
multiple_runs_DB_ModerateThreat_20260407_174756.csv,multiple_runs_DB_ModerateThreat_20260407_174756.csv,DB,Moderate adversity,127,63.165680473372774,16.272189349112427,5.029585798816568,15.532544378698224
multiple_runs_DB_ModerateThreat_20260407_174756.csv,multiple_runs_DB_ModerateThreat_20260407_174756.csv,DB,Moderate adversity,128,60.98081023454158,9.737029140014215,4.477611940298507,24.8045486851457
multiple_runs_DB_ModerateThreat_20260407_174756.csv,multiple_runs_DB_ModerateThreat_20260407_174756.csv,DB,Moderate adversity,129,44.096385542168676,8.674698795180722,7.710843373493977,39.51807228915663
multiple_runs_DB_ModerateThreat_20260407_174756.csv,multiple_runs_DB_ModerateThreat_20260407_174756.csv,DB,Moderate adversity,130,47.55747126436782,4.310344827586207,4.166666666666666,43.96551724137931
multiple_runs_DB_ModerateThreat_20260407_174756.csv,multiple_runs_DB_ModerateThreat_20260407_174756.csv,DB,Moderate adversity,131,63.73390557939914,12.303290414878399,4.07725321888412,19.88555078683834
multiple_runs_DB_ModerateThreat_20260407_174756.csv,multiple_runs_DB_ModerateThreat_20260407_174756.csv,DB,Moderate adversity,132,59.37260902830911,6.197398622800306,5.508798775822494,28.921193573068095
multiple_runs_DB_ModerateThreat_20260407_174756.csv,multiple_runs_DB_ModerateThreat_20260407_174756.csv,DB,Moderate adversity,133,58.023483365949126,7.240704500978473,6.360078277886497,28.37573385518591
multiple_runs_DB_ModerateThreat_20260407_174756.csv,multiple_runs_DB_ModerateThreat_20260407_174756.csv,DB,Moderate adversity,134,32.988357050452784,9.44372574385511,8.538163001293661,49.029754204398444
multiple_runs_DB_ModerateThreat_20260407_174756.csv,multiple_runs_DB_ModerateThreat_20260407_174756.csv,DB,Moderate adversity,135,37.381404174573056,5.787476280834915,6.261859582542694,50.56925996204934
multiple_runs_DB_ModerateThreat_20260407_174756.csv,multiple_runs_DB_ModerateThreat_20260407_174756.csv,DB,Moderate adversity,136,84.375,4.196428571428571,5.892857142857142,5.535714285714286
multiple_runs_DB_ModerateThreat_20260407_174756.csv,multiple_runs_DB_ModerateThreat_20260407_174756.csv,DB,Moderate adversity,137,44.02985074626866,6.218905472636816,5.887230514096186,43.86401326699834
multiple_runs_DB_ModerateThreat_20260407_174756.csv,multiple_runs_DB_ModerateThreat_20260407_174756.csv,DB,Moderate adversity,138,43.471698113207545,29.660377358490564,5.283018867924529,21.58490566037736
multiple_runs_DB_ModerateThreat_20260407_174756.csv,multiple_runs_DB_ModerateThreat_20260407_174756.csv,DB,Moderate adversity,139,73.6992159657876,17.60513186029936,4.918032786885246,3.7776193870277974
multiple_runs_DB_ModerateThreat_20260407_174756.csv,multiple_runs_DB_ModerateThreat_20260407_174756.csv,DB,Moderate adversity,140,51.51253241140882,24.027657735522904,6.309420916162489,18.150388936905788
multiple_runs_DB_ModerateThreat_20260407_174756.csv,multiple_runs_DB_ModerateThreat_20260407_174756.csv,DB,Moderate adversity,141,45.541022592152196,36.74197384066588,8.9179548156956,8.799048751486325
multiple_runs_DB_ModerateThreat_20260407_174756.csv,multiple_runs_DB_ModerateThreat_20260407_174756.csv,DB,Moderate adversity,142,59.256265157639454,5.497170573969281,5.578011317704123,29.668552950687143
multiple_runs_DB_ModerateThreat_20260407_174756.csv,multiple_runs_DB_ModerateThreat_20260407_174756.csv,DB,Moderate adversity,143,85.80968280467445,4.340567612687813,5.676126878130217,4.173622704507513
multiple_runs_DB_ModerateThreat_20260407_174756.csv,multiple_runs_DB_ModerateThreat_20260407_174756.csv,DB,Moderate adversity,144,82.05128205128204,8.547008547008547,4.5584045584045585,4.843304843304843
multiple_runs_DB_ModerateThreat_20260407_174756.csv,multiple_runs_DB_ModerateThreat_20260407_174756.csv,DB,Moderate adversity,145,57.130124777183596,32.174688057041,4.991087344028521,5.704099821746881
multiple_runs_DB_ModerateThreat_20260407_174756.csv,multiple_runs_DB_ModerateThreat_20260407_174756.csv,DB,Moderate adversity,146,45.83931133428981,19.94261119081779,4.734576757532281,29.483500717360116
multiple_runs_DB_ModerateThreat_20260407_174756.csv,multiple_runs_DB_ModerateThreat_20260407_174756.csv,DB,Moderate adversity,147,53.37200870195794,21.102248005801304,4.423495286439449,21.102248005801304
multiple_runs_DB_ModerateThreat_20260407_174756.csv,multiple_runs_DB_ModerateThreat_20260407_174756.csv,DB,Moderate adversity,148,55.787901418969376,5.974607916355489,5.7505601194921585,32.48693054518297
multiple_runs_DB_ModerateThreat_20260407_174756.csv,multiple_runs_DB_ModerateThreat_20260407_174756.csv,DB,Moderate adversity,149,47.70444763271162,5.308464849354376,4.806312769010043,42.18077474892396
multiple_runs_DB_ModerateThreat_20260407_174756.csv,multiple_runs_DB_ModerateThreat_20260407_174756.csv,DB,Moderate adversity,150,46.420824295010846,6.941431670281996,4.916847433116414,41.720896601590745
multiple_runs_DB_ModerateThreat_20260407_174756.csv,multiple_runs_DB_ModerateThreat_20260407_174756.csv,DB,Moderate adversity,151,81.06312292358804,5.48172757475083,6.312292358803987,7.142857142857142
multiple_runs_DB_ModerateThreat_20260407_174756.csv,multiple_runs_DB_ModerateThreat_20260407_174756.csv,DB,Moderate adversity,152,69.5852534562212,7.296466973886329,4.838709677419355,18.27956989247312
multiple_runs_DB_ModerateThreat_20260407_174756.csv,multiple_runs_DB_ModerateThreat_20260407_174756.csv,DB,Moderate adversity,153,56.88665710186513,6.886657101865136,4.447632711621234,31.779053084648496
multiple_runs_DB_ModerateThreat_20260407_174756.csv,multiple_runs_DB_ModerateThreat_20260407_174756.csv,DB,Moderate adversity,154,47.24014336917563,4.444444444444445,4.229390681003585,44.086021505376344
multiple_runs_DB_ModerateThreat_20260407_174756.csv,multiple_runs_DB_ModerateThreat_20260407_174756.csv,DB,Moderate adversity,155,53.884964682139255,19.97981836528759,7.669021190716448,18.46619576185671
multiple_runs_DB_ModerateThreat_20260407_174756.csv,multiple_runs_DB_ModerateThreat_20260407_174756.csv,DB,Moderate adversity,156,36.214285714285715,6.928571428571429,5.357142857142857,51.5
multiple_runs_DB_ModerateThreat_20260407_174756.csv,multiple_runs_DB_ModerateThreat_20260407_174756.csv,DB,Moderate adversity,157,46.57836644591612,5.739514348785872,4.047093451066961,43.63502575423105
multiple_runs_DB_ModerateThreat_20260407_174756.csv,multiple_runs_DB_ModerateThreat_20260407_174756.csv,DB,Moderate adversity,158,71.03274559193954,18.639798488664987,4.785894206549118,5.541561712846348
multiple_runs_DB_ModerateThreat_20260407_174756.csv,multiple_runs_DB_ModerateThreat_20260407_174756.csv,DB,Moderate adversity,159,47.084233261339094,19.07847372210223,4.967602591792657,28.86969042476602
multiple_runs_DB_ModerateThreat_20260407_174756.csv,multiple_runs_DB_ModerateThreat_20260407_174756.csv,DB,Moderate adversity,160,51.61527165932453,6.975036710719531,4.772393538913363,36.63729809104259
multiple_runs_DB_ModerateThreat_20260407_174756.csv,multiple_runs_DB_ModerateThreat_20260407_174756.csv,DB,Moderate adversity,161,50.75812274368231,21.155234657039713,4.909747292418772,23.176895306859205
multiple_runs_DB_ModerateThreat_20260407_174756.csv,multiple_runs_DB_ModerateThreat_20260407_174756.csv,DB,Moderate adversity,162,48.1203007518797,25.03759398496241,4.962406015037594,21.879699248120303
multiple_runs_DB_ModerateThreat_20260407_174756.csv,multiple_runs_DB_ModerateThreat_20260407_174756.csv,DB,Moderate adversity,163,43.36734693877551,11.880466472303207,5.393586005830904,39.35860058309038
multiple_runs_DB_ModerateThreat_20260407_174756.csv,multiple_runs_DB_ModerateThreat_20260407_174756.csv,DB,Moderate adversity,164,79.94480220791168,7.267709291628336,5.519779208831647,7.267709291628336
multiple_runs_DB_ModerateThreat_20260407_174756.csv,multiple_runs_DB_ModerateThreat_20260407_174756.csv,DB,Moderate adversity,165,56.46067415730337,31.273408239700373,5.617977528089887,6.647940074906367
multiple_runs_DB_ModerateThreat_20260407_174756.csv,multiple_runs_DB_ModerateThreat_20260407_174756.csv,DB,Moderate adversity,166,40.75187969924812,5.639097744360902,4.736842105263158,48.87218045112782
multiple_runs_DB_ModerateThreat_20260407_174756.csv,multiple_runs_DB_ModerateThreat_20260407_174756.csv,DB,Moderate adversity,167,34.26676492262343,27.708179808400885,5.232129697862932,32.79292557111275
multiple_runs_DB_ModerateThreat_20260407_174756.csv,multiple_runs_DB_ModerateThreat_20260407_174756.csv,DB,Moderate adversity,168,84.17564208782105,5.716652858326429,5.0538525269262635,5.0538525269262635
multiple_runs_DB_ModerateThreat_20260407_174756.csv,multiple_runs_DB_ModerateThreat_20260407_174756.csv,DB,Moderate adversity,169,45.73476702508961,20.21505376344086,5.161290322580645,28.888888888888886
multiple_runs_DB_ModerateThreat_20260407_174756.csv,multiple_runs_DB_ModerateThreat_20260407_174756.csv,DB,Moderate adversity,170,61.19402985074627,16.773276474769013,5.330490405117271,16.70220326936745
multiple_runs_DB_ModerateThreat_20260407_174756.csv,multiple_runs_DB_ModerateThreat_20260407_174756.csv,DB,Moderate adversity,171,51.79666958808063,5.696757230499562,5.696757230499562,36.809815950920246
multiple_runs_DB_ModerateThreat_20260407_174756.csv,multiple_runs_DB_ModerateThreat_20260407_174756.csv,DB,Moderate adversity,172,72.18721872187218,6.480648064806481,7.020702070207021,14.311431143114312
multiple_runs_DB_ModerateThreat_20260407_174756.csv,multiple_runs_DB_ModerateThreat_20260407_174756.csv,DB,Moderate adversity,173,42.89855072463768,25.28985507246377,4.9275362318840585,26.884057971014492
multiple_runs_DB_ModerateThreat_20260407_174756.csv,multiple_runs_DB_ModerateThreat_20260407_174756.csv,DB,Moderate adversity,174,78.7465940054496,6.721162579473205,5.358764759309718,9.173478655767484
multiple_runs_DB_ModerateThreat_20260407_174756.csv,multiple_runs_DB_ModerateThreat_20260407_174756.csv,DB,Moderate adversity,175,45.48458149779736,40.41850220264317,6.607929515418502,7.488986784140969
multiple_runs_DB_ModerateThreat_20260407_174756.csv,multiple_runs_DB_ModerateThreat_20260407_174756.csv,DB,Moderate adversity,176,61.93181818181818,6.889204545454546,4.6164772727272725,26.5625
multiple_runs_DB_ModerateThreat_20260407_174756.csv,multiple_runs_DB_ModerateThreat_20260407_174756.csv,DB,Moderate adversity,177,59.57756737072105,6.919155134741442,4.734158776402039,28.769118718135474
multiple_runs_DB_ModerateThreat_20260407_174756.csv,multiple_runs_DB_ModerateThreat_20260407_174756.csv,DB,Moderate adversity,178,82.24806201550388,4.728682170542635,4.341085271317829,8.682170542635658
multiple_runs_DB_ModerateThreat_20260407_174756.csv,multiple_runs_DB_ModerateThreat_20260407_174756.csv,DB,Moderate adversity,179,37.22627737226277,34.54987834549878,9.854014598540147,18.369829683698295
multiple_runs_DB_ModerateThreat_20260407_174756.csv,multiple_runs_DB_ModerateThreat_20260407_174756.csv,DB,Moderate adversity,180,84.45723684210526,5.098684210526316,5.427631578947369,5.016447368421053
multiple_runs_DB_ModerateThreat_20260407_174756.csv,multiple_runs_DB_ModerateThreat_20260407_174756.csv,DB,Moderate adversity,181,28.428428428428425,8.308308308308309,7.4074074074074066,55.85585585585585
multiple_runs_DB_ModerateThreat_20260407_174756.csv,multiple_runs_DB_ModerateThreat_20260407_174756.csv,DB,Moderate adversity,182,73.94416607015032,16.32068718682892,5.010737294201862,4.724409448818897
multiple_runs_DB_ModerateThreat_20260407_174756.csv,multiple_runs_DB_ModerateThreat_20260407_174756.csv,DB,Moderate adversity,183,84.10886742756804,5.53116769095698,5.88235294117647,4.477611940298507
multiple_runs_DB_ModerateThreat_20260407_174756.csv,multiple_runs_DB_ModerateThreat_20260407_174756.csv,DB,Moderate adversity,184,35.70759137769447,4.686035613870666,5.904404873477039,53.70196813495782
multiple_runs_DB_ModerateThreat_20260407_174756.csv,multiple_runs_DB_ModerateThreat_20260407_174756.csv,DB,Moderate adversity,185,57.59162303664922,24.50261780104712,6.596858638743456,11.30890052356021
multiple_runs_DB_ModerateThreat_20260407_174756.csv,multiple_runs_DB_ModerateThreat_20260407_174756.csv,DB,Moderate adversity,186,60.39453717754173,5.311077389984825,4.704097116843703,29.590288315629742
multiple_runs_DB_ModerateThreat_20260407_174756.csv,multiple_runs_DB_ModerateThreat_20260407_174756.csv,DB,Moderate adversity,187,63.49206349206349,7.65639589169001,6.722689075630252,22.128851540616246
multiple_runs_DB_ModerateThreat_20260407_174756.csv,multiple_runs_DB_ModerateThreat_20260407_174756.csv,DB,Moderate adversity,188,52.669552669552665,16.81096681096681,6.0606060606060606,24.458874458874458
multiple_runs_DB_ModerateThreat_20260407_174756.csv,multiple_runs_DB_ModerateThreat_20260407_174756.csv,DB,Moderate adversity,189,70.72758037225042,4.822335025380711,5.668358714043993,18.781725888324875
multiple_runs_DB_ModerateThreat_20260407_174756.csv,multiple_runs_DB_ModerateThreat_20260407_174756.csv,DB,Moderate adversity,190,59.215136650315344,4.414856341976174,5.045550105115628,31.32445690259285
multiple_runs_DB_ModerateThreat_20260407_174756.csv,multiple_runs_DB_ModerateThreat_20260407_174756.csv,DB,Moderate adversity,191,74.9438202247191,8.876404494382022,6.404494382022471,9.775280898876403
multiple_runs_DB_ModerateThreat_20260407_174756.csv,multiple_runs_DB_ModerateThreat_20260407_174756.csv,DB,Moderate adversity,192,51.942186088527556,22.673893405600722,6.142728093947606,19.241192411924118
multiple_runs_DB_ModerateThreat_20260407_174756.csv,multiple_runs_DB_ModerateThreat_20260407_174756.csv,DB,Moderate adversity,193,81.10902255639097,6.015037593984962,6.390977443609022,6.484962406015038
multiple_runs_DB_ModerateThreat_20260407_174756.csv,multiple_runs_DB_ModerateThreat_20260407_174756.csv,DB,Moderate adversity,194,42.857142857142854,14.402810304449648,8.430913348946136,34.30913348946136
multiple_runs_DB_ModerateThreat_20260407_174756.csv,multiple_runs_DB_ModerateThreat_20260407_174756.csv,DB,Moderate adversity,195,55.41535226077813,8.517350157728707,7.045215562565721,29.02208201892745
multiple_runs_DB_ModerateThreat_20260407_174756.csv,multiple_runs_DB_ModerateThreat_20260407_174756.csv,DB,Moderate adversity,196,45.447647951441574,14.41578148710167,4.476479514415781,35.66009104704097
multiple_runs_DB_ModerateThreat_20260407_174756.csv,multiple_runs_DB_ModerateThreat_20260407_174756.csv,DB,Moderate adversity,197,51.42276422764228,31.70731707317073,7.01219512195122,9.857723577235772
multiple_runs_DB_ModerateThreat_20260407_174756.csv,multiple_runs_DB_ModerateThreat_20260407_174756.csv,DB,Moderate adversity,198,63.10541310541311,27.635327635327634,4.914529914529915,4.344729344729345
multiple_runs_DB_ModerateThreat_20260407_174756.csv,multiple_runs_DB_ModerateThreat_20260407_174756.csv,DB,Moderate adversity,199,51.881918819188186,29.81549815498155,4.723247232472325,13.579335793357933
multiple_runs_DB_ModerateThreat_20260407_174756.csv,multiple_runs_DB_ModerateThreat_20260407_174756.csv,DB,Moderate adversity,200,71.17251680358476,5.37714712471994,5.003734129947722,18.446601941747574
multiple_runs_random_DB_highThreat_20260406_021622.csv,multiple_runs_random_DB_highThreat_20260406_021622.csv,Random,Random,1,23.844884488448844,25.660066006600662,25.412541254125415,25.082508250825082
multiple_runs_random_DB_highThreat_20260406_021622.csv,multiple_runs_random_DB_highThreat_20260406_021622.csv,Random,Random,2,25.29510961214165,27.90893760539629,23.77740303541315,23.0185497470489
multiple_runs_random_DB_highThreat_20260406_021622.csv,multiple_runs_random_DB_highThreat_20260406_021622.csv,Random,Random,3,26.01010101010101,22.727272727272727,26.262626262626267,25.0
multiple_runs_random_DB_highThreat_20260406_021622.csv,multiple_runs_random_DB_highThreat_20260406_021622.csv,Random,Random,4,23.959218351741715,27.102803738317753,24.723874256584537,24.21410365335599
multiple_runs_random_DB_highThreat_20260406_021622.csv,multiple_runs_random_DB_highThreat_20260406_021622.csv,Random,Random,5,25.883319638455216,24.979457682826624,23.8290879211175,25.30813475760066
multiple_runs_random_DB_highThreat_20260406_021622.csv,multiple_runs_random_DB_highThreat_20260406_021622.csv,Random,Random,6,25.472473294987672,26.458504519309777,23.418241577649958,24.65078060805259
multiple_runs_random_DB_highThreat_20260406_021622.csv,multiple_runs_random_DB_highThreat_20260406_021622.csv,Random,Random,7,21.26436781609195,26.026272577996718,27.257799671592775,25.451559934318556
multiple_runs_random_DB_highThreat_20260406_021622.csv,multiple_runs_random_DB_highThreat_20260406_021622.csv,Random,Random,8,24.483043837882548,25.806451612903224,25.88916459884202,23.82133995037221
multiple_runs_random_DB_highThreat_20260406_021622.csv,multiple_runs_random_DB_highThreat_20260406_021622.csv,Random,Random,9,23.427152317880797,26.40728476821192,25.0,25.165562913907287
multiple_runs_random_DB_highThreat_20260406_021622.csv,multiple_runs_random_DB_highThreat_20260406_021622.csv,Random,Random,10,22.802653399668323,27.197346600331674,24.29519071310116,25.70480928689884
multiple_runs_random_DB_highThreat_20260406_021622.csv,multiple_runs_random_DB_highThreat_20260406_021622.csv,Random,Random,11,24.723874256584537,25.233644859813083,23.704333050127442,26.338147833474935
multiple_runs_random_DB_highThreat_20260406_021622.csv,multiple_runs_random_DB_highThreat_20260406_021622.csv,Random,Random,12,23.71475953565506,24.958540630182423,26.368159203980102,24.958540630182423
multiple_runs_random_DB_highThreat_20260406_021622.csv,multiple_runs_random_DB_highThreat_20260406_021622.csv,Random,Random,13,23.706176961602672,24.624373956594322,28.046744574290482,23.62270450751252
multiple_runs_random_DB_highThreat_20260406_021622.csv,multiple_runs_random_DB_highThreat_20260406_021622.csv,Random,Random,14,25.6198347107438,23.140495867768596,26.52892561983471,24.710743801652892
multiple_runs_random_DB_highThreat_20260406_021622.csv,multiple_runs_random_DB_highThreat_20260406_021622.csv,Random,Random,15,25.0,26.006711409395972,25.25167785234899,23.741610738255034
multiple_runs_random_DB_highThreat_20260406_021622.csv,multiple_runs_random_DB_highThreat_20260406_021622.csv,Random,Random,16,26.22673434856176,24.027072758037225,23.688663282571913,26.057529610829107
multiple_runs_random_DB_highThreat_20260406_021622.csv,multiple_runs_random_DB_highThreat_20260406_021622.csv,Random,Random,17,25.4222972972973,25.25337837837838,23.73310810810811,25.591216216216218
multiple_runs_random_DB_highThreat_20260406_021622.csv,multiple_runs_random_DB_highThreat_20260406_021622.csv,Random,Random,18,25.371900826446282,26.28099173553719,25.371900826446282,22.975206611570247
multiple_runs_random_DB_highThreat_20260406_021622.csv,multiple_runs_random_DB_highThreat_20260406_021622.csv,Random,Random,19,25.74171029668412,26.527050610820247,24.60732984293194,23.123909249563702
multiple_runs_random_DB_highThreat_20260406_021622.csv,multiple_runs_random_DB_highThreat_20260406_021622.csv,Random,Random,20,25.144747725392886,27.626137303556657,23.407775020678244,23.82133995037221
multiple_runs_random_DB_highThreat_20260406_021622.csv,multiple_runs_random_DB_highThreat_20260406_021622.csv,Random,Random,21,24.937862468931236,24.192212096106047,25.43496271748136,25.43496271748136
multiple_runs_random_DB_highThreat_20260406_021622.csv,multiple_runs_random_DB_highThreat_20260406_021622.csv,Random,Random,22,25.125208681135224,22.20367278797997,25.79298831385643,26.878130217028378
multiple_runs_random_DB_highThreat_20260406_021622.csv,multiple_runs_random_DB_highThreat_20260406_021622.csv,Random,Random,23,25.103562551781277,24.77216238608119,26.26346313173157,23.860811930405966
multiple_runs_random_DB_highThreat_20260406_021622.csv,multiple_runs_random_DB_highThreat_20260406_021622.csv,Random,Random,24,26.37633525061627,23.8290879211175,24.979457682826624,24.815119145439606
multiple_runs_random_DB_highThreat_20260406_021622.csv,multiple_runs_random_DB_highThreat_20260406_021622.csv,Random,Random,25,24.958540630182423,23.71475953565506,25.456053067993366,25.870646766169152
multiple_runs_random_DB_highThreat_20260406_021622.csv,multiple_runs_random_DB_highThreat_20260406_021622.csv,Random,Random,26,25.102880658436217,24.115226337448558,24.855967078189302,25.925925925925924
multiple_runs_random_DB_highThreat_20260406_021622.csv,multiple_runs_random_DB_highThreat_20260406_021622.csv,Random,Random,27,25.063938618925828,25.404944586530263,25.66069906223359,23.870417732310315
multiple_runs_random_DB_highThreat_20260406_021622.csv,multiple_runs_random_DB_highThreat_20260406_021622.csv,Random,Random,28,25.263157894736842,24.210526315789473,27.28744939271255,23.238866396761136
multiple_runs_random_DB_highThreat_20260406_021622.csv,multiple_runs_random_DB_highThreat_20260406_021622.csv,Random,Random,29,25.521267723102586,25.10425354462052,25.18765638031693,24.186822351959965
multiple_runs_random_DB_highThreat_20260406_021622.csv,multiple_runs_random_DB_highThreat_20260406_021622.csv,Random,Random,30,25.31017369727047,26.716294458229946,24.483043837882548,23.49048800661704
multiple_runs_random_DB_highThreat_20260406_021622.csv,multiple_runs_random_DB_highThreat_20260406_021622.csv,Random,Random,31,23.655913978494624,25.144747725392886,25.06203473945409,26.1373035566584
multiple_runs_random_DB_highThreat_20260406_021622.csv,multiple_runs_random_DB_highThreat_20260406_021622.csv,Random,Random,32,24.38423645320197,24.71264367816092,23.316912972085387,27.586206896551722
multiple_runs_random_DB_highThreat_20260406_021622.csv,multiple_runs_random_DB_highThreat_20260406_021622.csv,Random,Random,33,25.560165975103732,25.145228215767634,24.979253112033195,24.315352697095435
multiple_runs_random_DB_highThreat_20260406_021622.csv,multiple_runs_random_DB_highThreat_20260406_021622.csv,Random,Random,34,26.401299756295693,26.07636068237206,24.12672623883022,23.395613322502033
multiple_runs_random_DB_highThreat_20260406_021622.csv,multiple_runs_random_DB_highThreat_20260406_021622.csv,Random,Random,35,25.514403292181072,23.703703703703706,24.19753086419753,26.584362139917694
multiple_runs_random_DB_highThreat_20260406_021622.csv,multiple_runs_random_DB_highThreat_20260406_021622.csv,Random,Random,36,22.380553227158423,26.068734283319362,24.476110645431685,27.07460184409053
multiple_runs_random_DB_highThreat_20260406_021622.csv,multiple_runs_random_DB_highThreat_20260406_021622.csv,Random,Random,37,23.91304347826087,26.421404682274247,24.24749163879599,25.418060200668897
multiple_runs_random_DB_highThreat_20260406_021622.csv,multiple_runs_random_DB_highThreat_20260406_021622.csv,Random,Random,38,24.394319131161236,24.394319131161236,25.898078529657475,25.31328320802005
multiple_runs_random_DB_highThreat_20260406_021622.csv,multiple_runs_random_DB_highThreat_20260406_021622.csv,Random,Random,39,25.45757071547421,24.459234608985025,23.294509151414307,26.788685524126453
multiple_runs_random_DB_highThreat_20260406_021622.csv,multiple_runs_random_DB_highThreat_20260406_021622.csv,Random,Random,40,24.789915966386555,24.705882352941178,24.873949579831933,25.630252100840334
multiple_runs_random_DB_highThreat_20260406_021622.csv,multiple_runs_random_DB_highThreat_20260406_021622.csv,Random,Random,41,24.957841483979763,24.198988195615513,24.5362563237774,26.30691399662732
multiple_runs_random_DB_highThreat_20260406_021622.csv,multiple_runs_random_DB_highThreat_20260406_021622.csv,Random,Random,42,24.543946932006634,24.461028192371476,26.9485903814262,24.046434494195687
multiple_runs_random_DB_highThreat_20260406_021622.csv,multiple_runs_random_DB_highThreat_20260406_021622.csv,Random,Random,43,24.67866323907455,23.82176520994002,26.221079691516707,25.278491859468723
multiple_runs_random_DB_highThreat_20260406_021622.csv,multiple_runs_random_DB_highThreat_20260406_021622.csv,Random,Random,44,25.711960943856795,27.339300244100894,23.108218063466232,23.840520748576076
multiple_runs_random_DB_highThreat_20260406_021622.csv,multiple_runs_random_DB_highThreat_20260406_021622.csv,Random,Random,45,24.02972749793559,24.938067712634187,25.681255161023948,25.350949628406276
multiple_runs_random_DB_highThreat_20260406_021622.csv,multiple_runs_random_DB_highThreat_20260406_021622.csv,Random,Random,46,28.270042194092827,24.72573839662447,23.037974683544306,23.9662447257384
multiple_runs_random_DB_highThreat_20260406_021622.csv,multiple_runs_random_DB_highThreat_20260406_021622.csv,Random,Random,47,25.20938023450586,27.470686767169177,24.958123953098827,22.36180904522613
multiple_runs_random_DB_highThreat_20260406_021622.csv,multiple_runs_random_DB_highThreat_20260406_021622.csv,Random,Random,48,23.28881469115192,25.375626043405674,23.12186978297162,28.213689482470784
multiple_runs_random_DB_highThreat_20260406_021622.csv,multiple_runs_random_DB_highThreat_20260406_021622.csv,Random,Random,49,24.53781512605042,25.462184873949578,24.705882352941178,25.294117647058822
multiple_runs_random_DB_highThreat_20260406_021622.csv,multiple_runs_random_DB_highThreat_20260406_021622.csv,Random,Random,50,26.87447346251053,24.17860151642797,23.50463352990733,25.44229149115417
multiple_runs_random_DB_highThreat_20260406_021622.csv,multiple_runs_random_DB_highThreat_20260406_021622.csv,Random,Random,51,25.10460251046025,24.93723849372385,24.686192468619247,25.271966527196653
multiple_runs_random_DB_highThreat_20260406_021622.csv,multiple_runs_random_DB_highThreat_20260406_021622.csv,Random,Random,52,27.257799671592775,25.287356321839084,25.533661740558294,21.921182266009854
multiple_runs_random_DB_highThreat_20260406_021622.csv,multiple_runs_random_DB_highThreat_20260406_021622.csv,Random,Random,53,26.23355263157895,23.766447368421055,25.082236842105267,24.917763157894736
multiple_runs_random_DB_highThreat_20260406_021622.csv,multiple_runs_random_DB_highThreat_20260406_021622.csv,Random,Random,54,24.216765453005927,23.370025402201524,26.672311600338695,25.74089754445385
multiple_runs_random_DB_highThreat_20260406_021622.csv,multiple_runs_random_DB_highThreat_20260406_021622.csv,Random,Random,55,22.548197820620285,26.068734283319362,25.649622799664712,25.73344509639564
multiple_runs_random_DB_highThreat_20260406_021622.csv,multiple_runs_random_DB_highThreat_20260406_021622.csv,Random,Random,56,27.75947281713344,23.97034596375618,25.370675453047774,22.899505766062603
multiple_runs_random_DB_highThreat_20260406_021622.csv,multiple_runs_random_DB_highThreat_20260406_021622.csv,Random,Random,57,24.87603305785124,25.867768595041323,24.297520661157023,24.958677685950413
multiple_runs_random_DB_highThreat_20260406_021622.csv,multiple_runs_random_DB_highThreat_20260406_021622.csv,Random,Random,58,26.700251889168765,24.68513853904282,25.608732157850543,23.005877413937867
multiple_runs_random_DB_highThreat_20260406_021622.csv,multiple_runs_random_DB_highThreat_20260406_021622.csv,Random,Random,59,23.940149625935163,26.184538653366584,25.353283458021615,24.522028262676642
multiple_runs_random_DB_highThreat_20260406_021622.csv,multiple_runs_random_DB_highThreat_20260406_021622.csv,Random,Random,60,23.713080168776372,24.135021097046412,25.90717299578059,26.244725738396625
multiple_runs_random_DB_highThreat_20260406_021622.csv,multiple_runs_random_DB_highThreat_20260406_021622.csv,Random,Random,61,25.73344509639564,26.236378876781224,23.47024308466052,24.559932942162614
multiple_runs_random_DB_highThreat_20260406_021622.csv,multiple_runs_random_DB_highThreat_20260406_021622.csv,Random,Random,62,25.08361204013378,22.74247491638796,28.26086956521739,23.91304347826087
multiple_runs_random_DB_highThreat_20260406_021622.csv,multiple_runs_random_DB_highThreat_20260406_021622.csv,Random,Random,63,26.800670016750416,22.278056951423785,25.628140703517587,25.29313232830821
multiple_runs_random_DB_highThreat_20260406_021622.csv,multiple_runs_random_DB_highThreat_20260406_021622.csv,Random,Random,64,25.721561969439726,25.042444821731745,24.193548387096776,25.042444821731745
multiple_runs_random_DB_highThreat_20260406_021622.csv,multiple_runs_random_DB_highThreat_20260406_021622.csv,Random,Random,65,26.721991701244814,21.991701244813278,24.979253112033195,26.307053941908716
multiple_runs_random_DB_highThreat_20260406_021622.csv,multiple_runs_random_DB_highThreat_20260406_021622.csv,Random,Random,66,26.455479452054792,25.77054794520548,23.715753424657535,24.05821917808219
multiple_runs_random_DB_highThreat_20260406_021622.csv,multiple_runs_random_DB_highThreat_20260406_021622.csv,Random,Random,67,24.3127147766323,25.773195876288657,23.883161512027492,26.03092783505155
multiple_runs_random_DB_highThreat_20260406_021622.csv,multiple_runs_random_DB_highThreat_20260406_021622.csv,Random,Random,68,26.86935086277732,25.143796220213638,25.061626951520132,22.925225965488906
multiple_runs_random_DB_highThreat_20260406_021622.csv,multiple_runs_random_DB_highThreat_20260406_021622.csv,Random,Random,69,24.857375713121435,26.97636511817441,24.123879380603096,24.04237978810106
multiple_runs_random_DB_highThreat_20260406_021622.csv,multiple_runs_random_DB_highThreat_20260406_021622.csv,Random,Random,70,25.37313432835821,23.797678275290217,26.202321724709783,24.62686567164179
multiple_runs_random_DB_highThreat_20260406_021622.csv,multiple_runs_random_DB_highThreat_20260406_021622.csv,Random,Random,71,25.989672977624785,26.161790017211707,25.21514629948365,22.63339070567986
multiple_runs_random_DB_highThreat_20260406_021622.csv,multiple_runs_random_DB_highThreat_20260406_021622.csv,Random,Random,72,24.378109452736318,26.119402985074625,24.212271973466002,25.290215588723054
multiple_runs_random_DB_highThreat_20260406_021622.csv,multiple_runs_random_DB_highThreat_20260406_021622.csv,Random,Random,73,26.433915211970078,26.101413133832086,25.6857855361596,21.778886118038237
multiple_runs_random_DB_highThreat_20260406_021622.csv,multiple_runs_random_DB_highThreat_20260406_021622.csv,Random,Random,74,27.235772357723576,23.577235772357724,23.902439024390244,25.284552845528456
multiple_runs_random_DB_highThreat_20260406_021622.csv,multiple_runs_random_DB_highThreat_20260406_021622.csv,Random,Random,75,25.928984310487202,22.378199834847234,26.094137076796038,25.598678777869527
multiple_runs_random_DB_highThreat_20260406_021622.csv,multiple_runs_random_DB_highThreat_20260406_021622.csv,Random,Random,76,24.602510460251047,24.10041841004184,24.435146443514643,26.861924686192467
multiple_runs_random_DB_highThreat_20260406_021622.csv,multiple_runs_random_DB_highThreat_20260406_021622.csv,Random,Random,77,23.8290879211175,23.500410846343467,26.294165981922763,26.37633525061627
multiple_runs_random_DB_highThreat_20260406_021622.csv,multiple_runs_random_DB_highThreat_20260406_021622.csv,Random,Random,78,24.394319131161236,24.22723475355054,28.404344193817877,22.974101921470343
multiple_runs_random_DB_highThreat_20260406_021622.csv,multiple_runs_random_DB_highThreat_20260406_021622.csv,Random,Random,79,23.58887952822241,26.36899747262005,27.46419545071609,22.577927548441448
multiple_runs_random_DB_highThreat_20260406_021622.csv,multiple_runs_random_DB_highThreat_20260406_021622.csv,Random,Random,80,24.149659863945576,24.489795918367346,25.255102040816325,26.105442176870746
multiple_runs_random_DB_highThreat_20260406_021622.csv,multiple_runs_random_DB_highThreat_20260406_021622.csv,Random,Random,81,27.43801652892562,23.388429752066113,26.033057851239672,23.140495867768596
multiple_runs_random_DB_highThreat_20260406_021622.csv,multiple_runs_random_DB_highThreat_20260406_021622.csv,Random,Random,82,23.88059701492537,24.958540630182423,27.031509121061358,24.129353233830848
multiple_runs_random_DB_highThreat_20260406_021622.csv,multiple_runs_random_DB_highThreat_20260406_021622.csv,Random,Random,83,23.890784982935152,25.7679180887372,26.706484641638223,23.634812286689417
multiple_runs_random_DB_highThreat_20260406_021622.csv,multiple_runs_random_DB_highThreat_20260406_021622.csv,Random,Random,84,24.28219852337982,25.922887612797375,25.184577522559476,24.61033634126333
multiple_runs_random_DB_highThreat_20260406_021622.csv,multiple_runs_random_DB_highThreat_20260406_021622.csv,Random,Random,85,25.506756756756754,24.070945945945947,25.675675675675674,24.74662162162162
multiple_runs_random_DB_highThreat_20260406_021622.csv,multiple_runs_random_DB_highThreat_20260406_021622.csv,Random,Random,86,24.229808492922565,24.47960033305579,26.477935054121566,24.812656119900083
multiple_runs_random_DB_highThreat_20260406_021622.csv,multiple_runs_random_DB_highThreat_20260406_021622.csv,Random,Random,87,24.22723475355054,25.396825396825395,25.48036758563074,24.895572263993316
multiple_runs_random_DB_highThreat_20260406_021622.csv,multiple_runs_random_DB_highThreat_20260406_021622.csv,Random,Random,88,25.332225913621265,24.58471760797342,23.837209302325583,26.245847176079735
multiple_runs_random_DB_highThreat_20260406_021622.csv,multiple_runs_random_DB_highThreat_20260406_021622.csv,Random,Random,89,26.228143213988343,23.730224812656118,24.313072439633636,25.7285595337219
multiple_runs_random_DB_highThreat_20260406_021622.csv,multiple_runs_random_DB_highThreat_20260406_021622.csv,Random,Random,90,27.250206440957886,25.26837324525186,23.038810900082577,24.44260941370768
multiple_runs_random_DB_highThreat_20260406_021622.csv,multiple_runs_random_DB_highThreat_20260406_021622.csv,Random,Random,91,24.83277591973244,25.501672240802677,23.82943143812709,25.83612040133779
multiple_runs_random_DB_highThreat_20260406_021622.csv,multiple_runs_random_DB_highThreat_20260406_021622.csv,Random,Random,92,25.562031640299747,23.31390507910075,25.7285595337219,25.3955037468776
multiple_runs_random_DB_highThreat_20260406_021622.csv,multiple_runs_random_DB_highThreat_20260406_021622.csv,Random,Random,93,24.351464435146443,24.267782426778243,25.35564853556485,26.025104602510464
multiple_runs_random_DB_highThreat_20260406_021622.csv,multiple_runs_random_DB_highThreat_20260406_021622.csv,Random,Random,94,23.568464730290454,26.224066390041497,22.40663900414938,27.800829875518673
multiple_runs_random_DB_highThreat_20260406_021622.csv,multiple_runs_random_DB_highThreat_20260406_021622.csv,Random,Random,95,26.302729528535977,24.483043837882548,25.06203473945409,24.152191894127377
multiple_runs_random_DB_highThreat_20260406_021622.csv,multiple_runs_random_DB_highThreat_20260406_021622.csv,Random,Random,96,23.837700760777683,28.48689771766695,25.528317836010146,22.147083685545223
multiple_runs_random_DB_highThreat_20260406_021622.csv,multiple_runs_random_DB_highThreat_20260406_021622.csv,Random,Random,97,27.44610281923715,22.885572139303484,23.71475953565506,25.95356550580431
multiple_runs_random_DB_highThreat_20260406_021622.csv,multiple_runs_random_DB_highThreat_20260406_021622.csv,Random,Random,98,24.00339270568278,25.954198473282442,25.784563189143338,24.257845631891435
multiple_runs_random_DB_highThreat_20260406_021622.csv,multiple_runs_random_DB_highThreat_20260406_021622.csv,Random,Random,99,26.70598146588037,22.746419545071607,25.44229149115417,25.105307497893847
multiple_runs_random_DB_highThreat_20260406_021622.csv,multiple_runs_random_DB_highThreat_20260406_021622.csv,Random,Random,100,24.747474747474747,24.915824915824917,25.841750841750844,24.494949494949495
multiple_runs_random_DB_highThreat_20260406_021622.csv,multiple_runs_random_DB_highThreat_20260406_021622.csv,Random,Random,101,26.782752902155888,23.797678275290217,25.290215588723054,24.129353233830848
multiple_runs_random_DB_highThreat_20260406_021622.csv,multiple_runs_random_DB_highThreat_20260406_021622.csv,Random,Random,102,25.512715340442988,24.20016406890894,25.594749794913863,24.69237079573421
multiple_runs_random_DB_highThreat_20260406_021622.csv,multiple_runs_random_DB_highThreat_20260406_021622.csv,Random,Random,103,26.906957250628665,24.979044425817268,24.727577535624476,23.38642078792959
multiple_runs_random_DB_highThreat_20260406_021622.csv,multiple_runs_random_DB_highThreat_20260406_021622.csv,Random,Random,104,27.408637873754156,24.750830564784053,22.674418604651162,25.166112956810633
multiple_runs_random_DB_highThreat_20260406_021622.csv,multiple_runs_random_DB_highThreat_20260406_021622.csv,Random,Random,105,23.01255230125523,24.85355648535565,26.359832635983267,25.774058577405857
multiple_runs_random_DB_highThreat_20260406_021622.csv,multiple_runs_random_DB_highThreat_20260406_021622.csv,Random,Random,106,24.957698815566836,25.80372250423012,23.942470389170897,25.296108291032148
multiple_runs_random_DB_highThreat_20260406_021622.csv,multiple_runs_random_DB_highThreat_20260406_021622.csv,Random,Random,107,25.145228215767634,24.315352697095435,24.232365145228215,26.307053941908716
multiple_runs_random_DB_highThreat_20260406_021622.csv,multiple_runs_random_DB_highThreat_20260406_021622.csv,Random,Random,108,24.917763157894736,25.493421052631575,24.753289473684212,24.835526315789476
multiple_runs_random_DB_highThreat_20260406_021622.csv,multiple_runs_random_DB_highThreat_20260406_021622.csv,Random,Random,109,25.54806070826307,24.283305227655987,23.861720067453625,26.30691399662732
multiple_runs_random_DB_highThreat_20260406_021622.csv,multiple_runs_random_DB_highThreat_20260406_021622.csv,Random,Random,110,25.041876046901173,25.628140703517587,24.5393634840871,24.79061976549414
multiple_runs_random_DB_highThreat_20260406_021622.csv,multiple_runs_random_DB_highThreat_20260406_021622.csv,Random,Random,111,25.888324873096447,25.549915397631136,24.450084602368864,24.111675126903553
multiple_runs_random_DB_highThreat_20260406_021622.csv,multiple_runs_random_DB_highThreat_20260406_021622.csv,Random,Random,112,24.79061976549414,24.958123953098827,25.125628140703515,25.125628140703515
multiple_runs_random_DB_highThreat_20260406_021622.csv,multiple_runs_random_DB_highThreat_20260406_021622.csv,Random,Random,113,26.02965403624382,24.464579901153215,25.123558484349257,24.382207578253706
multiple_runs_random_DB_highThreat_20260406_021622.csv,multiple_runs_random_DB_highThreat_20260406_021622.csv,Random,Random,114,24.205378973105134,24.531377343113284,26.487367563162184,24.775876120619397
multiple_runs_random_DB_highThreat_20260406_021622.csv,multiple_runs_random_DB_highThreat_20260406_021622.csv,Random,Random,115,28.07308970099668,23.50498338870432,26.66112956810631,21.760797342192692
multiple_runs_random_DB_highThreat_20260406_021622.csv,multiple_runs_random_DB_highThreat_20260406_021622.csv,Random,Random,116,23.185988323603002,24.93744787322769,25.43786488740617,26.438698915763137
multiple_runs_random_DB_highThreat_20260406_021622.csv,multiple_runs_random_DB_highThreat_20260406_021622.csv,Random,Random,117,21.65551839464883,25.668896321070235,27.508361204013376,25.16722408026756
multiple_runs_random_DB_highThreat_20260406_021622.csv,multiple_runs_random_DB_highThreat_20260406_021622.csv,Random,Random,118,24.304418985270047,25.040916530278235,27.33224222585925,23.32242225859247
multiple_runs_random_DB_highThreat_20260406_021622.csv,multiple_runs_random_DB_highThreat_20260406_021622.csv,Random,Random,119,25.245901639344265,24.34426229508197,25.491803278688526,24.91803278688525
multiple_runs_random_DB_highThreat_20260406_021622.csv,multiple_runs_random_DB_highThreat_20260406_021622.csv,Random,Random,120,24.85355648535565,25.523012552301257,24.686192468619247,24.93723849372385
multiple_runs_random_DB_highThreat_20260406_021622.csv,multiple_runs_random_DB_highThreat_20260406_021622.csv,Random,Random,121,25.495049504950494,23.844884488448844,23.432343234323433,27.22772277227723
multiple_runs_random_DB_highThreat_20260406_021622.csv,multiple_runs_random_DB_highThreat_20260406_021622.csv,Random,Random,122,24.437299035369776,25.562700964630224,25.160771704180064,24.839228295819936
multiple_runs_random_DB_highThreat_20260406_021622.csv,multiple_runs_random_DB_highThreat_20260406_021622.csv,Random,Random,123,26.926263463131733,24.35791217895609,23.943661971830984,24.77216238608119
multiple_runs_random_DB_highThreat_20260406_021622.csv,multiple_runs_random_DB_highThreat_20260406_021622.csv,Random,Random,124,25.85774058577406,23.598326359832637,25.35564853556485,25.188284518828453
multiple_runs_random_DB_highThreat_20260406_021622.csv,multiple_runs_random_DB_highThreat_20260406_021622.csv,Random,Random,125,25.79298831385643,27.128547579298832,23.53923205342237,23.53923205342237
multiple_runs_random_DB_highThreat_20260406_021622.csv,multiple_runs_random_DB_highThreat_20260406_021622.csv,Random,Random,126,24.03035413153457,25.126475548060707,27.5716694772344,23.27150084317032
multiple_runs_random_DB_highThreat_20260406_021622.csv,multiple_runs_random_DB_highThreat_20260406_021622.csv,Random,Random,127,25.35804549283909,24.76832350463353,24.93681550126369,24.93681550126369
multiple_runs_random_DB_highThreat_20260406_021622.csv,multiple_runs_random_DB_highThreat_20260406_021622.csv,Random,Random,128,26.429809358752166,24.176776429809358,25.12998266897747,24.263431542461007
multiple_runs_random_DB_highThreat_20260406_021622.csv,multiple_runs_random_DB_highThreat_20260406_021622.csv,Random,Random,129,26.218487394957986,23.697478991596636,23.949579831932773,26.134453781512608
multiple_runs_random_DB_highThreat_20260406_021622.csv,multiple_runs_random_DB_highThreat_20260406_021622.csv,Random,Random,130,25.862068965517242,24.794745484400657,24.958949096880133,24.38423645320197
multiple_runs_random_DB_highThreat_20260406_021622.csv,multiple_runs_random_DB_highThreat_20260406_021622.csv,Random,Random,131,24.046434494195687,25.04145936981758,25.621890547263682,25.290215588723054
multiple_runs_random_DB_highThreat_20260406_021622.csv,multiple_runs_random_DB_highThreat_20260406_021622.csv,Random,Random,132,23.655913978494624,24.152191894127377,25.475599669148057,26.716294458229946
multiple_runs_random_DB_highThreat_20260406_021622.csv,multiple_runs_random_DB_highThreat_20260406_021622.csv,Random,Random,133,25.247524752475247,25.412541254125415,24.09240924092409,25.247524752475247
multiple_runs_random_DB_highThreat_20260406_021622.csv,multiple_runs_random_DB_highThreat_20260406_021622.csv,Random,Random,134,26.26346313173157,24.10936205468103,24.855012427506214,24.77216238608119
multiple_runs_random_DB_highThreat_20260406_021622.csv,multiple_runs_random_DB_highThreat_20260406_021622.csv,Random,Random,135,25.988225399495374,23.21278385197645,26.07232968881413,24.726661059714043
multiple_runs_random_DB_highThreat_20260406_021622.csv,multiple_runs_random_DB_highThreat_20260406_021622.csv,Random,Random,136,24.461028192371476,24.875621890547265,27.031509121061358,23.6318407960199
multiple_runs_random_DB_highThreat_20260406_021622.csv,multiple_runs_random_DB_highThreat_20260406_021622.csv,Random,Random,137,22.447257383966246,23.9662447257384,26.751054852320678,26.83544303797468
multiple_runs_random_DB_highThreat_20260406_021622.csv,multiple_runs_random_DB_highThreat_20260406_021622.csv,Random,Random,138,27.28026533996683,22.968490878938642,24.543946932006634,25.207296849087896
multiple_runs_random_DB_highThreat_20260406_021622.csv,multiple_runs_random_DB_highThreat_20260406_021622.csv,Random,Random,139,25.0,26.328903654485046,23.25581395348837,25.41528239202658
multiple_runs_random_DB_highThreat_20260406_021622.csv,multiple_runs_random_DB_highThreat_20260406_021622.csv,Random,Random,140,23.920265780730897,25.49833887043189,25.249169435215947,25.332225913621265
multiple_runs_random_DB_highThreat_20260406_021622.csv,multiple_runs_random_DB_highThreat_20260406_021622.csv,Random,Random,141,23.651452282157674,24.232365145228215,26.224066390041497,25.892116182572618
multiple_runs_random_DB_highThreat_20260406_021622.csv,multiple_runs_random_DB_highThreat_20260406_021622.csv,Random,Random,142,25.519534497090607,25.353283458021615,25.187032418952622,23.940149625935163
multiple_runs_random_DB_highThreat_20260406_021622.csv,multiple_runs_random_DB_highThreat_20260406_021622.csv,Random,Random,143,24.048582995951417,23.562753036437247,25.34412955465587,27.044534412955468
multiple_runs_random_DB_highThreat_20260406_021622.csv,multiple_runs_random_DB_highThreat_20260406_021622.csv,Random,Random,144,24.493243243243242,27.364864864864863,23.73310810810811,24.408783783783782
multiple_runs_random_DB_highThreat_20260406_021622.csv,multiple_runs_random_DB_highThreat_20260406_021622.csv,Random,Random,145,23.72598162071846,26.065162907268167,23.976608187134502,26.232247284878863
multiple_runs_random_DB_highThreat_20260406_021622.csv,multiple_runs_random_DB_highThreat_20260406_021622.csv,Random,Random,146,27.938671209540033,23.850085178875638,23.168654173764907,25.04258943781942
multiple_runs_random_DB_highThreat_20260406_021622.csv,multiple_runs_random_DB_highThreat_20260406_021622.csv,Random,Random,147,24.770642201834864,24.186822351959965,24.103419516263553,26.93911592994162
multiple_runs_random_DB_highThreat_20260406_021622.csv,multiple_runs_random_DB_highThreat_20260406_021622.csv,Random,Random,148,26.188490408673893,22.185154295246036,25.938281901584652,25.688073394495415
multiple_runs_random_DB_highThreat_20260406_021622.csv,multiple_runs_random_DB_highThreat_20260406_021622.csv,Random,Random,149,24.522028262676642,25.852036575228592,23.940149625935163,25.6857855361596
multiple_runs_random_DB_highThreat_20260406_021622.csv,multiple_runs_random_DB_highThreat_20260406_021622.csv,Random,Random,150,22.95918367346939,24.91496598639456,26.190476190476193,25.93537414965986
multiple_runs_random_DB_highThreat_20260406_021622.csv,multiple_runs_random_DB_highThreat_20260406_021622.csv,Random,Random,151,23.660346248969496,24.97938994229184,26.628194558944767,24.732069249793902
multiple_runs_random_DB_highThreat_20260406_021622.csv,multiple_runs_random_DB_highThreat_20260406_021622.csv,Random,Random,152,25.353283458021615,24.27265170407315,25.10390689941812,25.270157938487113
multiple_runs_random_DB_highThreat_20260406_021622.csv,multiple_runs_random_DB_highThreat_20260406_021622.csv,Random,Random,153,24.186822351959965,24.520433694745623,25.35446205170976,25.938281901584652
multiple_runs_random_DB_highThreat_20260406_021622.csv,multiple_runs_random_DB_highThreat_20260406_021622.csv,Random,Random,154,25.6857855361596,26.01828761429759,23.19201995012469,25.10390689941812
multiple_runs_random_DB_highThreat_20260406_021622.csv,multiple_runs_random_DB_highThreat_20260406_021622.csv,Random,Random,155,24.87223168654174,28.023850085178875,22.7427597955707,24.361158432708688
multiple_runs_random_DB_highThreat_20260406_021622.csv,multiple_runs_random_DB_highThreat_20260406_021622.csv,Random,Random,156,25.12437810945274,25.456053067993366,26.616915422885572,22.802653399668323
multiple_runs_random_DB_highThreat_20260406_021622.csv,multiple_runs_random_DB_highThreat_20260406_021622.csv,Random,Random,157,25.874694873881204,24.165988608624897,25.386493083807977,24.572823433685922
multiple_runs_random_DB_highThreat_20260406_021622.csv,multiple_runs_random_DB_highThreat_20260406_021622.csv,Random,Random,158,25.041736227045075,26.37729549248748,23.12186978297162,25.459098497495823
multiple_runs_random_DB_highThreat_20260406_021622.csv,multiple_runs_random_DB_highThreat_20260406_021622.csv,Random,Random,159,25.36418166238218,24.07883461868038,24.42159383033419,26.135389888603257
multiple_runs_random_DB_highThreat_20260406_021622.csv,multiple_runs_random_DB_highThreat_20260406_021622.csv,Random,Random,160,25.75,25.0,24.333333333333336,24.916666666666668
multiple_runs_random_DB_highThreat_20260406_021622.csv,multiple_runs_random_DB_highThreat_20260406_021622.csv,Random,Random,161,24.747474747474747,26.262626262626267,25.336700336700336,23.653198653198654
multiple_runs_random_DB_highThreat_20260406_021622.csv,multiple_runs_random_DB_highThreat_20260406_021622.csv,Random,Random,162,25.97835137385512,25.97835137385512,22.647793505412157,25.3955037468776
multiple_runs_random_DB_highThreat_20260406_021622.csv,multiple_runs_random_DB_highThreat_20260406_021622.csv,Random,Random,163,24.624373956594322,25.125208681135224,24.624373956594322,25.626043405676125
multiple_runs_random_DB_highThreat_20260406_021622.csv,multiple_runs_random_DB_highThreat_20260406_021622.csv,Random,Random,164,27.643630308076606,23.730224812656118,25.3955037468776,23.230641132389675
multiple_runs_random_DB_highThreat_20260406_021622.csv,multiple_runs_random_DB_highThreat_20260406_021622.csv,Random,Random,165,24.834983498349835,25.99009900990099,23.844884488448844,25.33003300330033
multiple_runs_random_DB_highThreat_20260406_021622.csv,multiple_runs_random_DB_highThreat_20260406_021622.csv,Random,Random,166,25.063078216989066,23.549201009251473,26.408746846089148,24.97897392767031
multiple_runs_random_DB_highThreat_20260406_021622.csv,multiple_runs_random_DB_highThreat_20260406_021622.csv,Random,Random,167,24.614065180102916,24.013722126929675,26.157804459691253,25.21440823327616
multiple_runs_random_DB_highThreat_20260406_021622.csv,multiple_runs_random_DB_highThreat_20260406_021622.csv,Random,Random,168,24.382207578253706,26.02965403624382,24.87644151565074,24.71169686985173
multiple_runs_random_DB_highThreat_20260406_021622.csv,multiple_runs_random_DB_highThreat_20260406_021622.csv,Random,Random,169,27.671913835956918,24.026512013256006,23.860811930405966,24.44076222038111
multiple_runs_random_DB_highThreat_20260406_021622.csv,multiple_runs_random_DB_highThreat_20260406_021622.csv,Random,Random,170,25.083892617449667,24.832214765100673,24.328859060402685,25.75503355704698
multiple_runs_random_DB_highThreat_20260406_021622.csv,multiple_runs_random_DB_highThreat_20260406_021622.csv,Random,Random,171,25.425101214574898,25.829959514170042,24.129554655870443,24.615384615384617
multiple_runs_random_DB_highThreat_20260406_021622.csv,multiple_runs_random_DB_highThreat_20260406_021622.csv,Random,Random,172,26.10878661087866,25.35564853556485,24.435146443514643,24.10041841004184
multiple_runs_random_DB_highThreat_20260406_021622.csv,multiple_runs_random_DB_highThreat_20260406_021622.csv,Random,Random,173,27.692307692307693,23.238866396761136,27.28744939271255,21.78137651821862
multiple_runs_random_DB_highThreat_20260406_021622.csv,multiple_runs_random_DB_highThreat_20260406_021622.csv,Random,Random,174,23.549201009251473,25.651808242220355,24.053826745164002,26.74516400336417
multiple_runs_random_DB_highThreat_20260406_021622.csv,multiple_runs_random_DB_highThreat_20260406_021622.csv,Random,Random,175,23.781998348472335,24.690338563170933,25.681255161023948,25.84640792733278
multiple_runs_random_DB_highThreat_20260406_021622.csv,multiple_runs_random_DB_highThreat_20260406_021622.csv,Random,Random,176,26.894254787676935,24.895920066611158,22.148209825145713,26.061615320566194
multiple_runs_random_DB_highThreat_20260406_021622.csv,multiple_runs_random_DB_highThreat_20260406_021622.csv,Random,Random,177,25.575447570332482,25.063938618925828,25.234441602728047,24.126172208013642
multiple_runs_random_DB_highThreat_20260406_021622.csv,multiple_runs_random_DB_highThreat_20260406_021622.csv,Random,Random,178,24.462809917355372,23.22314049586777,24.21487603305785,28.09917355371901
multiple_runs_random_DB_highThreat_20260406_021622.csv,multiple_runs_random_DB_highThreat_20260406_021622.csv,Random,Random,179,25.55366269165247,24.531516183986373,25.809199318568993,24.10562180579216
multiple_runs_random_DB_highThreat_20260406_021622.csv,multiple_runs_random_DB_highThreat_20260406_021622.csv,Random,Random,180,22.508305647840533,24.66777408637874,26.245847176079735,26.578073089701
multiple_runs_random_DB_highThreat_20260406_021622.csv,multiple_runs_random_DB_highThreat_20260406_021622.csv,Random,Random,181,24.629324546952226,25.04118616144975,24.546952224052717,25.782537067545302
multiple_runs_random_DB_highThreat_20260406_021622.csv,multiple_runs_random_DB_highThreat_20260406_021622.csv,Random,Random,182,25.540765391014975,26.039933444259567,23.793677204658902,24.625623960066555
multiple_runs_random_DB_highThreat_20260406_021622.csv,multiple_runs_random_DB_highThreat_20260406_021622.csv,Random,Random,183,23.025768911055692,24.85453034081463,23.690773067331673,28.428927680798004
multiple_runs_random_DB_highThreat_20260406_021622.csv,multiple_runs_random_DB_highThreat_20260406_021622.csv,Random,Random,184,23.875715453802126,24.693376941946035,25.020441537203595,26.410466067048244
multiple_runs_random_DB_highThreat_20260406_021622.csv,multiple_runs_random_DB_highThreat_20260406_021622.csv,Random,Random,185,24.744897959183675,24.744897959183675,23.72448979591837,26.785714285714285
multiple_runs_random_DB_highThreat_20260406_021622.csv,multiple_runs_random_DB_highThreat_20260406_021622.csv,Random,Random,186,26.62866449511401,24.267100977198698,24.185667752442995,24.9185667752443
multiple_runs_random_DB_highThreat_20260406_021622.csv,multiple_runs_random_DB_highThreat_20260406_021622.csv,Random,Random,187,25.98162071846282,26.56641604010025,25.229741019214703,22.22222222222222
multiple_runs_random_DB_highThreat_20260406_021622.csv,multiple_runs_random_DB_highThreat_20260406_021622.csv,Random,Random,188,22.624053826745165,26.408746846089148,24.894869638351555,26.07232968881413
multiple_runs_random_DB_highThreat_20260406_021622.csv,multiple_runs_random_DB_highThreat_20260406_021622.csv,Random,Random,189,24.85453034081463,27.18204488778055,23.773898586866167,24.189526184538654
multiple_runs_random_DB_highThreat_20260406_021622.csv,multiple_runs_random_DB_highThreat_20260406_021622.csv,Random,Random,190,23.675213675213673,26.410256410256412,24.786324786324787,25.128205128205128
multiple_runs_random_DB_highThreat_20260406_021622.csv,multiple_runs_random_DB_highThreat_20260406_021622.csv,Random,Random,191,25.632377740303543,23.861720067453625,26.30691399662732,24.198988195615513
multiple_runs_random_DB_highThreat_20260406_021622.csv,multiple_runs_random_DB_highThreat_20260406_021622.csv,Random,Random,192,27.198027937551355,22.8430566967954,24.322103533278554,25.63681183237469
multiple_runs_random_DB_highThreat_20260406_021622.csv,multiple_runs_random_DB_highThreat_20260406_021622.csv,Random,Random,193,25.649622799664712,25.14668901927913,23.47024308466052,25.73344509639564
multiple_runs_random_DB_highThreat_20260406_021622.csv,multiple_runs_random_DB_highThreat_20260406_021622.csv,Random,Random,194,26.025104602510464,23.430962343096233,23.598326359832637,26.94560669456067
multiple_runs_random_DB_highThreat_20260406_021622.csv,multiple_runs_random_DB_highThreat_20260406_021622.csv,Random,Random,195,25.296108291032148,26.057529610829107,24.111675126903553,24.534686971235196
multiple_runs_random_DB_highThreat_20260406_021622.csv,multiple_runs_random_DB_highThreat_20260406_021622.csv,Random,Random,196,23.72598162071846,25.730994152046783,24.81203007518797,25.730994152046783
multiple_runs_random_DB_highThreat_20260406_021622.csv,multiple_runs_random_DB_highThreat_20260406_021622.csv,Random,Random,197,24.237427864798022,24.896949711459193,26.54575432811212,24.319868095630667
multiple_runs_random_DB_highThreat_20260406_021622.csv,multiple_runs_random_DB_highThreat_20260406_021622.csv,Random,Random,198,23.56902356902357,26.767676767676768,23.316498316498315,26.346801346801346
multiple_runs_random_DB_highThreat_20260406_021622.csv,multiple_runs_random_DB_highThreat_20260406_021622.csv,Random,Random,199,25.8091286307054,25.892116182572618,23.983402489626556,24.315352697095435
multiple_runs_random_DB_highThreat_20260406_021622.csv,multiple_runs_random_DB_highThreat_20260406_021622.csv,Random,Random,200,25.40983606557377,27.377049180327866,23.442622950819672,23.770491803278688
multiple_runs_random_DB_lowThreat_20260406_033818.csv,multiple_runs_random_DB_lowThreat_20260406_033818.csv,Random,Random,1,25.679012345679013,25.267489711934154,25.843621399176953,23.209876543209877
multiple_runs_random_DB_lowThreat_20260406_033818.csv,multiple_runs_random_DB_lowThreat_20260406_033818.csv,Random,Random,2,26.408746846089148,26.82926829268293,23.80151387720774,22.960470984020183
multiple_runs_random_DB_lowThreat_20260406_033818.csv,multiple_runs_random_DB_lowThreat_20260406_033818.csv,Random,Random,3,23.22635135135135,27.364864864864863,23.986486486486484,25.4222972972973
multiple_runs_random_DB_lowThreat_20260406_033818.csv,multiple_runs_random_DB_lowThreat_20260406_033818.csv,Random,Random,4,26.41509433962264,25.594749794913863,23.379819524200162,24.61033634126333
multiple_runs_random_DB_lowThreat_20260406_033818.csv,multiple_runs_random_DB_lowThreat_20260406_033818.csv,Random,Random,5,25.910245554614736,25.486875529212533,23.370025402201524,25.23285351397121
multiple_runs_random_DB_lowThreat_20260406_033818.csv,multiple_runs_random_DB_lowThreat_20260406_033818.csv,Random,Random,6,23.466003316749585,26.202321724709783,25.787728026533998,24.543946932006634
multiple_runs_random_DB_lowThreat_20260406_033818.csv,multiple_runs_random_DB_lowThreat_20260406_033818.csv,Random,Random,7,24.149377593360995,25.062240663900415,24.896265560165975,25.892116182572618
multiple_runs_random_DB_lowThreat_20260406_033818.csv,multiple_runs_random_DB_lowThreat_20260406_033818.csv,Random,Random,8,25.62396006655574,24.708818635607322,25.873544093178037,23.793677204658902
multiple_runs_random_DB_lowThreat_20260406_033818.csv,multiple_runs_random_DB_lowThreat_20260406_033818.csv,Random,Random,9,24.35791217895609,24.026512013256006,25.103562551781277,26.51201325600663
multiple_runs_random_DB_lowThreat_20260406_033818.csv,multiple_runs_random_DB_lowThreat_20260406_033818.csv,Random,Random,10,26.41975308641975,25.185185185185183,23.292181069958847,25.102880658436217
multiple_runs_random_DB_lowThreat_20260406_033818.csv,multiple_runs_random_DB_lowThreat_20260406_033818.csv,Random,Random,11,26.45631067961165,26.132686084142392,22.815533980582526,24.59546925566343
multiple_runs_random_DB_lowThreat_20260406_033818.csv,multiple_runs_random_DB_lowThreat_20260406_033818.csv,Random,Random,12,23.128119800332776,23.87687188019967,25.62396006655574,27.371048252911812
multiple_runs_random_DB_lowThreat_20260406_033818.csv,multiple_runs_random_DB_lowThreat_20260406_033818.csv,Random,Random,13,26.72772689425479,23.397169025811824,25.47876769358868,24.396336386344714
multiple_runs_random_DB_lowThreat_20260406_033818.csv,multiple_runs_random_DB_lowThreat_20260406_033818.csv,Random,Random,14,23.797678275290217,24.70978441127695,25.538971807628524,25.95356550580431
multiple_runs_random_DB_lowThreat_20260406_033818.csv,multiple_runs_random_DB_lowThreat_20260406_033818.csv,Random,Random,15,23.456790123456788,24.526748971193417,24.938271604938272,27.07818930041152
multiple_runs_random_DB_lowThreat_20260406_033818.csv,multiple_runs_random_DB_lowThreat_20260406_033818.csv,Random,Random,16,26.251025430680887,24.446267432321577,21.821164889253485,27.481542247744052
multiple_runs_random_DB_lowThreat_20260406_033818.csv,multiple_runs_random_DB_lowThreat_20260406_033818.csv,Random,Random,17,25.37313432835821,25.787728026533998,25.37313432835821,23.466003316749585
multiple_runs_random_DB_lowThreat_20260406_033818.csv,multiple_runs_random_DB_lowThreat_20260406_033818.csv,Random,Random,18,24.23490488006617,23.655913978494624,26.054590570719604,26.054590570719604
multiple_runs_random_DB_lowThreat_20260406_033818.csv,multiple_runs_random_DB_lowThreat_20260406_033818.csv,Random,Random,19,25.28925619834711,26.36363636363636,24.793388429752067,23.553719008264462
multiple_runs_random_DB_lowThreat_20260406_033818.csv,multiple_runs_random_DB_lowThreat_20260406_033818.csv,Random,Random,20,25.165016501650168,25.082508250825082,25.577557755775576,24.174917491749177
multiple_runs_random_DB_lowThreat_20260406_033818.csv,multiple_runs_random_DB_lowThreat_20260406_033818.csv,Random,Random,21,25.02113271344041,23.584108199492814,25.95097210481826,25.443786982248522
multiple_runs_random_DB_lowThreat_20260406_033818.csv,multiple_runs_random_DB_lowThreat_20260406_033818.csv,Random,Random,22,26.847918436703484,24.299065420560748,22.344944774851317,26.50807136788445
multiple_runs_random_DB_lowThreat_20260406_033818.csv,multiple_runs_random_DB_lowThreat_20260406_033818.csv,Random,Random,23,24.624373956594322,25.125208681135224,24.624373956594322,25.626043405676125
multiple_runs_random_DB_lowThreat_20260406_033818.csv,multiple_runs_random_DB_lowThreat_20260406_033818.csv,Random,Random,24,24.52361226180613,24.026512013256006,26.09776304888152,25.352112676056336
multiple_runs_random_DB_lowThreat_20260406_033818.csv,multiple_runs_random_DB_lowThreat_20260406_033818.csv,Random,Random,25,25.552825552825553,25.96232596232596,23.587223587223587,24.897624897624897
multiple_runs_random_DB_lowThreat_20260406_033818.csv,multiple_runs_random_DB_lowThreat_20260406_033818.csv,Random,Random,26,24.958263772954925,24.707846410684475,25.041736227045075,25.292153589315525
multiple_runs_random_DB_lowThreat_20260406_033818.csv,multiple_runs_random_DB_lowThreat_20260406_033818.csv,Random,Random,27,24.70489038785835,27.74030354131535,23.355817875210793,24.198988195615513
multiple_runs_random_DB_lowThreat_20260406_033818.csv,multiple_runs_random_DB_lowThreat_20260406_033818.csv,Random,Random,28,24.37603993344426,25.207986688851914,25.041597337770384,25.374376039933445
multiple_runs_random_DB_lowThreat_20260406_033818.csv,multiple_runs_random_DB_lowThreat_20260406_033818.csv,Random,Random,29,24.06779661016949,23.983050847457626,24.83050847457627,27.11864406779661
multiple_runs_random_DB_lowThreat_20260406_033818.csv,multiple_runs_random_DB_lowThreat_20260406_033818.csv,Random,Random,30,24.135021097046412,24.641350210970465,27.257383966244724,23.9662447257384
multiple_runs_random_DB_lowThreat_20260406_033818.csv,multiple_runs_random_DB_lowThreat_20260406_033818.csv,Random,Random,31,26.51201325600663,24.10936205468103,24.35791217895609,25.020712510356258
multiple_runs_random_DB_lowThreat_20260406_033818.csv,multiple_runs_random_DB_lowThreat_20260406_033818.csv,Random,Random,32,25.75503355704698,26.006711409395972,23.573825503355707,24.664429530201343
multiple_runs_random_DB_lowThreat_20260406_033818.csv,multiple_runs_random_DB_lowThreat_20260406_033818.csv,Random,Random,33,23.96351575456053,25.456053067993366,28.192371475953564,22.388059701492537
multiple_runs_random_DB_lowThreat_20260406_033818.csv,multiple_runs_random_DB_lowThreat_20260406_033818.csv,Random,Random,34,25.0,24.58471760797342,24.916943521594686,25.49833887043189
multiple_runs_random_DB_lowThreat_20260406_033818.csv,multiple_runs_random_DB_lowThreat_20260406_033818.csv,Random,Random,35,24.671052631578945,26.398026315789476,25.493421052631575,23.4375
multiple_runs_random_DB_lowThreat_20260406_033818.csv,multiple_runs_random_DB_lowThreat_20260406_033818.csv,Random,Random,36,25.925925925925924,25.084175084175087,24.915824915824917,24.074074074074073
multiple_runs_random_DB_lowThreat_20260406_033818.csv,multiple_runs_random_DB_lowThreat_20260406_033818.csv,Random,Random,37,25.124792013311147,24.54242928452579,25.041597337770384,25.291181364392678
multiple_runs_random_DB_lowThreat_20260406_033818.csv,multiple_runs_random_DB_lowThreat_20260406_033818.csv,Random,Random,38,25.735294117647058,23.774509803921568,26.552287581699346,23.937908496732028
multiple_runs_random_DB_lowThreat_20260406_033818.csv,multiple_runs_random_DB_lowThreat_20260406_033818.csv,Random,Random,39,23.904052936311,24.56575682382134,26.1373035566584,25.392886683209266
multiple_runs_random_DB_lowThreat_20260406_033818.csv,multiple_runs_random_DB_lowThreat_20260406_033818.csv,Random,Random,40,23.633305298570225,24.894869638351555,25.483599663582844,25.988225399495374
multiple_runs_random_DB_lowThreat_20260406_033818.csv,multiple_runs_random_DB_lowThreat_20260406_033818.csv,Random,Random,41,24.26284751474305,22.32518955349621,26.95871946082561,26.453243470935128
multiple_runs_random_DB_lowThreat_20260406_033818.csv,multiple_runs_random_DB_lowThreat_20260406_033818.csv,Random,Random,42,24.349286314021832,25.188916876574307,26.448362720403022,24.01343408900084
multiple_runs_random_DB_lowThreat_20260406_033818.csv,multiple_runs_random_DB_lowThreat_20260406_033818.csv,Random,Random,43,24.722932651321397,24.637681159420293,25.31969309462916,25.31969309462916
multiple_runs_random_DB_lowThreat_20260406_033818.csv,multiple_runs_random_DB_lowThreat_20260406_033818.csv,Random,Random,44,26.025104602510464,24.184100418410043,24.93723849372385,24.85355648535565
multiple_runs_random_DB_lowThreat_20260406_033818.csv,multiple_runs_random_DB_lowThreat_20260406_033818.csv,Random,Random,45,27.87573467674223,24.68513853904282,23.509655751469353,23.929471032745592
multiple_runs_random_DB_lowThreat_20260406_033818.csv,multiple_runs_random_DB_lowThreat_20260406_033818.csv,Random,Random,46,26.46076794657763,26.79465776293823,25.292153589315525,21.452420701168613
multiple_runs_random_DB_lowThreat_20260406_033818.csv,multiple_runs_random_DB_lowThreat_20260406_033818.csv,Random,Random,47,26.324642556770396,23.549201009251473,24.64255677039529,25.483599663582844
multiple_runs_random_DB_lowThreat_20260406_033818.csv,multiple_runs_random_DB_lowThreat_20260406_033818.csv,Random,Random,48,24.894869638351555,26.661059714045415,25.5677039529016,22.87636669470143
multiple_runs_random_DB_lowThreat_20260406_033818.csv,multiple_runs_random_DB_lowThreat_20260406_033818.csv,Random,Random,49,27.124183006535947,24.264705882352942,24.34640522875817,24.264705882352942
multiple_runs_random_DB_lowThreat_20260406_033818.csv,multiple_runs_random_DB_lowThreat_20260406_033818.csv,Random,Random,50,26.390041493775936,25.394190871369293,24.066390041493776,24.149377593360995
multiple_runs_random_DB_lowThreat_20260406_033818.csv,multiple_runs_random_DB_lowThreat_20260406_033818.csv,Random,Random,51,24.76595744680851,24.25531914893617,26.21276595744681,24.76595744680851
multiple_runs_random_DB_lowThreat_20260406_033818.csv,multiple_runs_random_DB_lowThreat_20260406_033818.csv,Random,Random,52,23.695111847555925,25.517812758906377,25.766362883181444,25.020712510356258
multiple_runs_random_DB_lowThreat_20260406_033818.csv,multiple_runs_random_DB_lowThreat_20260406_033818.csv,Random,Random,53,25.10425354462052,23.686405337781487,26.10508757297748,25.10425354462052
multiple_runs_random_DB_lowThreat_20260406_033818.csv,multiple_runs_random_DB_lowThreat_20260406_033818.csv,Random,Random,54,26.480263157894733,26.31578947368421,22.697368421052634,24.50657894736842
multiple_runs_random_DB_lowThreat_20260406_033818.csv,multiple_runs_random_DB_lowThreat_20260406_033818.csv,Random,Random,55,24.812656119900083,24.396336386344714,27.560366361365528,23.230641132389675
multiple_runs_random_DB_lowThreat_20260406_033818.csv,multiple_runs_random_DB_lowThreat_20260406_033818.csv,Random,Random,56,25.061830173124484,23.248145094806265,26.215993404781536,25.474031327287715
multiple_runs_random_DB_lowThreat_20260406_033818.csv,multiple_runs_random_DB_lowThreat_20260406_033818.csv,Random,Random,57,23.23825503355705,25.503355704697988,24.832214765100673,26.426174496644293
multiple_runs_random_DB_lowThreat_20260406_033818.csv,multiple_runs_random_DB_lowThreat_20260406_033818.csv,Random,Random,58,26.25838926174497,24.24496644295302,23.741610738255034,25.75503355704698
multiple_runs_random_DB_lowThreat_20260406_033818.csv,multiple_runs_random_DB_lowThreat_20260406_033818.csv,Random,Random,59,22.792262405382672,25.988225399495374,26.324642556770396,24.894869638351555
multiple_runs_random_DB_lowThreat_20260406_033818.csv,multiple_runs_random_DB_lowThreat_20260406_033818.csv,Random,Random,60,26.762956669498728,25.233644859813083,23.789294817332202,24.21410365335599
multiple_runs_random_DB_lowThreat_20260406_033818.csv,multiple_runs_random_DB_lowThreat_20260406_033818.csv,Random,Random,61,26.025104602510464,24.10041841004184,24.518828451882847,25.35564853556485
multiple_runs_random_DB_lowThreat_20260406_033818.csv,multiple_runs_random_DB_lowThreat_20260406_033818.csv,Random,Random,62,23.844884488448844,24.00990099009901,25.082508250825082,27.062706270627064
multiple_runs_random_DB_lowThreat_20260406_033818.csv,multiple_runs_random_DB_lowThreat_20260406_033818.csv,Random,Random,63,25.935162094763093,24.10640066500416,23.773898586866167,26.184538653366584
multiple_runs_random_DB_lowThreat_20260406_033818.csv,multiple_runs_random_DB_lowThreat_20260406_033818.csv,Random,Random,64,26.328903654485046,25.74750830564784,25.41528239202658,22.508305647840533
multiple_runs_random_DB_lowThreat_20260406_033818.csv,multiple_runs_random_DB_lowThreat_20260406_033818.csv,Random,Random,65,25.472473294987672,22.267871815940836,25.22596548890715,27.03368940016434
multiple_runs_random_DB_lowThreat_20260406_033818.csv,multiple_runs_random_DB_lowThreat_20260406_033818.csv,Random,Random,66,25.41390728476821,26.241721854304632,23.427152317880797,24.917218543046356
multiple_runs_random_DB_lowThreat_20260406_033818.csv,multiple_runs_random_DB_lowThreat_20260406_033818.csv,Random,Random,67,26.25928984310487,23.864574731626757,26.424442609413706,23.451692815854667
multiple_runs_random_DB_lowThreat_20260406_033818.csv,multiple_runs_random_DB_lowThreat_20260406_033818.csv,Random,Random,68,23.407775020678244,24.56575682382134,26.1373035566584,25.88916459884202
multiple_runs_random_DB_lowThreat_20260406_033818.csv,multiple_runs_random_DB_lowThreat_20260406_033818.csv,Random,Random,69,24.232365145228215,26.804979253112034,22.904564315352697,26.058091286307057
multiple_runs_random_DB_lowThreat_20260406_033818.csv,multiple_runs_random_DB_lowThreat_20260406_033818.csv,Random,Random,70,26.224066390041497,24.398340248962654,24.813278008298756,24.564315352697093
multiple_runs_random_DB_lowThreat_20260406_033818.csv,multiple_runs_random_DB_lowThreat_20260406_033818.csv,Random,Random,71,24.53781512605042,26.218487394957986,25.71428571428571,23.52941176470588
multiple_runs_random_DB_lowThreat_20260406_033818.csv,multiple_runs_random_DB_lowThreat_20260406_033818.csv,Random,Random,72,26.158940397350992,25.99337748344371,23.096026490066226,24.751655629139073
multiple_runs_random_DB_lowThreat_20260406_033818.csv,multiple_runs_random_DB_lowThreat_20260406_033818.csv,Random,Random,73,24.14075286415712,23.649754500818332,26.677577741407525,25.53191489361702
multiple_runs_random_DB_lowThreat_20260406_033818.csv,multiple_runs_random_DB_lowThreat_20260406_033818.csv,Random,Random,74,24.793388429752067,25.867768595041323,23.884297520661157,25.454545454545453
multiple_runs_random_DB_lowThreat_20260406_033818.csv,multiple_runs_random_DB_lowThreat_20260406_033818.csv,Random,Random,75,25.80372250423012,25.380710659898476,24.36548223350254,24.450084602368864
multiple_runs_random_DB_lowThreat_20260406_033818.csv,multiple_runs_random_DB_lowThreat_20260406_033818.csv,Random,Random,76,21.92691029900332,23.588039867109632,25.91362126245847,28.57142857142857
multiple_runs_random_DB_lowThreat_20260406_033818.csv,multiple_runs_random_DB_lowThreat_20260406_033818.csv,Random,Random,77,26.108374384236456,25.533661740558294,21.839080459770116,26.51888341543514
multiple_runs_random_DB_lowThreat_20260406_033818.csv,multiple_runs_random_DB_lowThreat_20260406_033818.csv,Random,Random,78,26.5,26.666666666666668,23.833333333333336,23.0
multiple_runs_random_DB_lowThreat_20260406_033818.csv,multiple_runs_random_DB_lowThreat_20260406_033818.csv,Random,Random,79,23.62728785357737,25.79034941763727,27.620632279534107,22.961730449251245
multiple_runs_random_DB_lowThreat_20260406_033818.csv,multiple_runs_random_DB_lowThreat_20260406_033818.csv,Random,Random,80,25.99337748344371,24.337748344370862,25.165562913907287,24.503311258278146
multiple_runs_random_DB_lowThreat_20260406_033818.csv,multiple_runs_random_DB_lowThreat_20260406_033818.csv,Random,Random,81,23.93526405451448,25.383304940374785,23.253833049403745,27.427597955706982
multiple_runs_random_DB_lowThreat_20260406_033818.csv,multiple_runs_random_DB_lowThreat_20260406_033818.csv,Random,Random,82,26.05042016806723,20.756302521008404,26.80672268907563,26.38655462184874
multiple_runs_random_DB_lowThreat_20260406_033818.csv,multiple_runs_random_DB_lowThreat_20260406_033818.csv,Random,Random,83,24.493106244931063,24.898621248986213,25.304136253041364,25.304136253041364
multiple_runs_random_DB_lowThreat_20260406_033818.csv,multiple_runs_random_DB_lowThreat_20260406_033818.csv,Random,Random,84,25.852036575228592,26.350789692435576,24.771404821280132,23.025768911055692
multiple_runs_random_DB_lowThreat_20260406_033818.csv,multiple_runs_random_DB_lowThreat_20260406_033818.csv,Random,Random,85,24.68407750631845,26.032013479359726,23.251895534962088,26.032013479359726
multiple_runs_random_DB_lowThreat_20260406_033818.csv,multiple_runs_random_DB_lowThreat_20260406_033818.csv,Random,Random,86,25.645295587010825,21.56536219816819,25.228975853455456,27.560366361365528
multiple_runs_random_DB_lowThreat_20260406_033818.csv,multiple_runs_random_DB_lowThreat_20260406_033818.csv,Random,Random,87,24.706867671691793,24.5393634840871,25.795644891122276,24.958123953098827
multiple_runs_random_DB_lowThreat_20260406_033818.csv,multiple_runs_random_DB_lowThreat_20260406_033818.csv,Random,Random,88,24.44260941370768,24.690338563170933,25.681255161023948,25.185796862097444
multiple_runs_random_DB_lowThreat_20260406_033818.csv,multiple_runs_random_DB_lowThreat_20260406_033818.csv,Random,Random,89,24.0,26.666666666666668,21.416666666666668,27.916666666666668
multiple_runs_random_DB_lowThreat_20260406_033818.csv,multiple_runs_random_DB_lowThreat_20260406_033818.csv,Random,Random,90,24.069478908188586,25.806451612903224,22.74607113316791,27.377998345740277
multiple_runs_random_DB_lowThreat_20260406_033818.csv,multiple_runs_random_DB_lowThreat_20260406_033818.csv,Random,Random,91,25.721561969439726,24.70288624787776,26.146010186757216,23.429541595925297
multiple_runs_random_DB_lowThreat_20260406_033818.csv,multiple_runs_random_DB_lowThreat_20260406_033818.csv,Random,Random,92,26.378286683630197,23.070398642917727,24.257845631891435,26.29346904156065
multiple_runs_random_DB_lowThreat_20260406_033818.csv,multiple_runs_random_DB_lowThreat_20260406_033818.csv,Random,Random,93,25.604670558798997,24.93744787322769,27.18932443703086,22.26855713094245
multiple_runs_random_DB_lowThreat_20260406_033818.csv,multiple_runs_random_DB_lowThreat_20260406_033818.csv,Random,Random,94,22.890559732664993,27.56892230576441,25.563909774436087,23.976608187134502
multiple_runs_random_DB_lowThreat_20260406_033818.csv,multiple_runs_random_DB_lowThreat_20260406_033818.csv,Random,Random,95,25.867768595041323,24.793388429752067,25.206611570247933,24.132231404958677
multiple_runs_random_DB_lowThreat_20260406_033818.csv,multiple_runs_random_DB_lowThreat_20260406_033818.csv,Random,Random,96,25.163934426229506,25.573770491803277,23.688524590163933,25.573770491803277
multiple_runs_random_DB_lowThreat_20260406_033818.csv,multiple_runs_random_DB_lowThreat_20260406_033818.csv,Random,Random,97,25.591216216216218,25.0,24.66216216216216,24.74662162162162
multiple_runs_random_DB_lowThreat_20260406_033818.csv,multiple_runs_random_DB_lowThreat_20260406_033818.csv,Random,Random,98,25.249169435215947,25.996677740863788,23.172757475083056,25.581395348837212
multiple_runs_random_DB_lowThreat_20260406_033818.csv,multiple_runs_random_DB_lowThreat_20260406_033818.csv,Random,Random,99,26.28099173553719,25.867768595041323,25.041322314049587,22.8099173553719
multiple_runs_random_DB_lowThreat_20260406_033818.csv,multiple_runs_random_DB_lowThreat_20260406_033818.csv,Random,Random,100,23.61344537815126,23.361344537815125,26.638655462184875,26.38655462184874
multiple_runs_random_DB_lowThreat_20260406_033818.csv,multiple_runs_random_DB_lowThreat_20260406_033818.csv,Random,Random,101,24.520433694745623,26.688907422852377,23.269391159299417,25.521267723102586
multiple_runs_random_DB_lowThreat_20260406_033818.csv,multiple_runs_random_DB_lowThreat_20260406_033818.csv,Random,Random,102,24.333333333333336,25.25,23.666666666666668,26.75
multiple_runs_random_DB_lowThreat_20260406_033818.csv,multiple_runs_random_DB_lowThreat_20260406_033818.csv,Random,Random,103,26.793075020610058,24.154987633965376,25.22671063478978,23.82522671063479
multiple_runs_random_DB_lowThreat_20260406_033818.csv,multiple_runs_random_DB_lowThreat_20260406_033818.csv,Random,Random,104,23.777961888980943,26.014913007456503,23.943661971830984,26.26346313173157
multiple_runs_random_DB_lowThreat_20260406_033818.csv,multiple_runs_random_DB_lowThreat_20260406_033818.csv,Random,Random,105,23.0,25.416666666666664,25.666666666666664,25.916666666666664
multiple_runs_random_DB_lowThreat_20260406_033818.csv,multiple_runs_random_DB_lowThreat_20260406_033818.csv,Random,Random,106,25.1864125932063,24.35791217895609,24.27506213753107,26.180613090306544
multiple_runs_random_DB_lowThreat_20260406_033818.csv,multiple_runs_random_DB_lowThreat_20260406_033818.csv,Random,Random,107,24.00339270568278,26.03901611535199,27.31128074639525,22.646310432569976
multiple_runs_random_DB_lowThreat_20260406_033818.csv,multiple_runs_random_DB_lowThreat_20260406_033818.csv,Random,Random,108,24.851569126378287,25.614927905004244,25.53011026293469,24.00339270568278
multiple_runs_random_DB_lowThreat_20260406_033818.csv,multiple_runs_random_DB_lowThreat_20260406_033818.csv,Random,Random,109,28.276999175597687,21.269579554822755,25.061830173124484,25.39159109645507
multiple_runs_random_DB_lowThreat_20260406_033818.csv,multiple_runs_random_DB_lowThreat_20260406_033818.csv,Random,Random,110,23.41302555647156,23.742786479802145,26.133553173948886,26.71063478977741
multiple_runs_random_DB_lowThreat_20260406_033818.csv,multiple_runs_random_DB_lowThreat_20260406_033818.csv,Random,Random,111,25.0,27.27272727272727,24.242424242424242,23.484848484848484
multiple_runs_random_DB_lowThreat_20260406_033818.csv,multiple_runs_random_DB_lowThreat_20260406_033818.csv,Random,Random,112,26.75,24.666666666666668,23.333333333333332,25.25
multiple_runs_random_DB_lowThreat_20260406_033818.csv,multiple_runs_random_DB_lowThreat_20260406_033818.csv,Random,Random,113,25.612848689771766,25.190194420963653,23.753169907016062,25.443786982248522
multiple_runs_random_DB_lowThreat_20260406_033818.csv,multiple_runs_random_DB_lowThreat_20260406_033818.csv,Random,Random,114,25.08278145695364,25.165562913907287,24.25496688741722,25.496688741721858
multiple_runs_random_DB_lowThreat_20260406_033818.csv,multiple_runs_random_DB_lowThreat_20260406_033818.csv,Random,Random,115,24.958263772954925,27.212020033388985,24.123539232053425,23.706176961602672
multiple_runs_random_DB_lowThreat_20260406_033818.csv,multiple_runs_random_DB_lowThreat_20260406_033818.csv,Random,Random,116,26.51201325600663,26.09776304888152,22.783761391880695,24.60646230323115
multiple_runs_random_DB_lowThreat_20260406_033818.csv,multiple_runs_random_DB_lowThreat_20260406_033818.csv,Random,Random,117,25.370675453047774,26.02965403624382,23.476112026359143,25.123558484349257
multiple_runs_random_DB_lowThreat_20260406_033818.csv,multiple_runs_random_DB_lowThreat_20260406_033818.csv,Random,Random,118,25.10460251046025,27.280334728033473,23.93305439330544,23.682008368200837
multiple_runs_random_DB_lowThreat_20260406_033818.csv,multiple_runs_random_DB_lowThreat_20260406_033818.csv,Random,Random,119,26.490066225165563,24.917218543046356,25.0,23.59271523178808
multiple_runs_random_DB_lowThreat_20260406_033818.csv,multiple_runs_random_DB_lowThreat_20260406_033818.csv,Random,Random,120,25.916666666666664,24.416666666666668,23.75,25.916666666666664
multiple_runs_random_DB_lowThreat_20260406_033818.csv,multiple_runs_random_DB_lowThreat_20260406_033818.csv,Random,Random,121,25.418060200668897,25.501672240802677,23.578595317725753,25.501672240802677
multiple_runs_random_DB_lowThreat_20260406_033818.csv,multiple_runs_random_DB_lowThreat_20260406_033818.csv,Random,Random,122,25.124792013311147,27.870216306156404,22.628951747088184,24.37603993344426
multiple_runs_random_DB_lowThreat_20260406_033818.csv,multiple_runs_random_DB_lowThreat_20260406_033818.csv,Random,Random,123,23.77740303541315,25.379426644182125,23.861720067453625,26.981450252951095
multiple_runs_random_DB_lowThreat_20260406_033818.csv,multiple_runs_random_DB_lowThreat_20260406_033818.csv,Random,Random,124,24.18032786885246,25.0,26.639344262295083,24.18032786885246
multiple_runs_random_DB_lowThreat_20260406_033818.csv,multiple_runs_random_DB_lowThreat_20260406_033818.csv,Random,Random,125,25.17123287671233,23.116438356164384,26.1986301369863,25.51369863013699
multiple_runs_random_DB_lowThreat_20260406_033818.csv,multiple_runs_random_DB_lowThreat_20260406_033818.csv,Random,Random,126,24.877250409165303,26.02291325695581,23.97708674304419,25.122749590834697
multiple_runs_random_DB_lowThreat_20260406_033818.csv,multiple_runs_random_DB_lowThreat_20260406_033818.csv,Random,Random,127,23.651452282157674,25.643153526970952,24.398340248962654,26.307053941908716
multiple_runs_random_DB_lowThreat_20260406_033818.csv,multiple_runs_random_DB_lowThreat_20260406_033818.csv,Random,Random,128,23.850085178875638,24.10562180579216,27.68313458262351,24.361158432708688
multiple_runs_random_DB_lowThreat_20260406_033818.csv,multiple_runs_random_DB_lowThreat_20260406_033818.csv,Random,Random,129,26.49501661129568,24.003322259136212,24.25249169435216,25.249169435215947
multiple_runs_random_DB_lowThreat_20260406_033818.csv,multiple_runs_random_DB_lowThreat_20260406_033818.csv,Random,Random,130,29.135180520570948,23.425692695214106,25.356842989084804,22.08228379513014
multiple_runs_random_DB_lowThreat_20260406_033818.csv,multiple_runs_random_DB_lowThreat_20260406_033818.csv,Random,Random,131,23.82133995037221,25.06203473945409,26.550868486352357,24.56575682382134
multiple_runs_random_DB_lowThreat_20260406_033818.csv,multiple_runs_random_DB_lowThreat_20260406_033818.csv,Random,Random,132,23.183673469387756,26.285714285714285,24.816326530612244,25.71428571428571
multiple_runs_random_DB_lowThreat_20260406_033818.csv,multiple_runs_random_DB_lowThreat_20260406_033818.csv,Random,Random,133,25.46938775510204,24.489795918367346,24.73469387755102,25.30612244897959
multiple_runs_random_DB_lowThreat_20260406_033818.csv,multiple_runs_random_DB_lowThreat_20260406_033818.csv,Random,Random,134,25.143325143325146,25.389025389025388,23.095823095823096,26.371826371826373
multiple_runs_random_DB_lowThreat_20260406_033818.csv,multiple_runs_random_DB_lowThreat_20260406_033818.csv,Random,Random,135,25.787728026533998,24.875621890547265,23.134328358208954,26.202321724709783
multiple_runs_random_DB_lowThreat_20260406_033818.csv,multiple_runs_random_DB_lowThreat_20260406_033818.csv,Random,Random,136,25.7285595337219,24.313072439633636,24.979184013322232,24.979184013322232
multiple_runs_random_DB_lowThreat_20260406_033818.csv,multiple_runs_random_DB_lowThreat_20260406_033818.csv,Random,Random,137,25.359256128486894,25.10566356720203,24.936601859678785,24.598478444632292
multiple_runs_random_DB_lowThreat_20260406_033818.csv,multiple_runs_random_DB_lowThreat_20260406_033818.csv,Random,Random,138,24.369747899159663,24.45378151260504,24.705882352941178,26.47058823529412
multiple_runs_random_DB_lowThreat_20260406_033818.csv,multiple_runs_random_DB_lowThreat_20260406_033818.csv,Random,Random,139,24.25249169435216,25.166112956810633,23.089700996677742,27.491694352159467
multiple_runs_random_DB_lowThreat_20260406_033818.csv,multiple_runs_random_DB_lowThreat_20260406_033818.csv,Random,Random,140,23.083333333333332,24.75,24.666666666666668,27.500000000000004
multiple_runs_random_DB_lowThreat_20260406_033818.csv,multiple_runs_random_DB_lowThreat_20260406_033818.csv,Random,Random,141,25.394190871369293,23.900414937759336,27.136929460580912,23.568464730290454
multiple_runs_random_DB_lowThreat_20260406_033818.csv,multiple_runs_random_DB_lowThreat_20260406_033818.csv,Random,Random,142,24.917218543046356,24.917218543046356,26.572847682119203,23.59271523178808
multiple_runs_random_DB_lowThreat_20260406_033818.csv,multiple_runs_random_DB_lowThreat_20260406_033818.csv,Random,Random,143,26.34584013050571,24.388254486133768,24.95921696574225,24.306688417618272
multiple_runs_random_DB_lowThreat_20260406_033818.csv,multiple_runs_random_DB_lowThreat_20260406_033818.csv,Random,Random,144,24.324324324324326,24.83108108108108,25.084459459459456,25.760135135135137
multiple_runs_random_DB_lowThreat_20260406_033818.csv,multiple_runs_random_DB_lowThreat_20260406_033818.csv,Random,Random,145,25.311203319502074,27.717842323651453,22.738589211618258,24.232365145228215
multiple_runs_random_DB_lowThreat_20260406_033818.csv,multiple_runs_random_DB_lowThreat_20260406_033818.csv,Random,Random,146,26.438698915763137,24.186822351959965,25.85487906588824,23.519599666388658
multiple_runs_random_DB_lowThreat_20260406_033818.csv,multiple_runs_random_DB_lowThreat_20260406_033818.csv,Random,Random,147,26.180613090306544,27.174813587406792,23.032311516155758,23.612261806130903
multiple_runs_random_DB_lowThreat_20260406_033818.csv,multiple_runs_random_DB_lowThreat_20260406_033818.csv,Random,Random,148,25.81726739312657,25.0628667225482,25.48197820620285,23.63788767812238
multiple_runs_random_DB_lowThreat_20260406_033818.csv,multiple_runs_random_DB_lowThreat_20260406_033818.csv,Random,Random,149,23.42857142857143,22.693877551020407,26.36734693877551,27.510204081632654
multiple_runs_random_DB_lowThreat_20260406_033818.csv,multiple_runs_random_DB_lowThreat_20260406_033818.csv,Random,Random,150,24.525185796862097,24.525185796862097,24.277456647398843,26.67217175887696
multiple_runs_random_DB_lowThreat_20260406_033818.csv,multiple_runs_random_DB_lowThreat_20260406_033818.csv,Random,Random,151,25.530179445350733,25.774877650897228,25.20391517128874,23.491027732463294
multiple_runs_random_DB_lowThreat_20260406_033818.csv,multiple_runs_random_DB_lowThreat_20260406_033818.csv,Random,Random,152,25.10220768601799,24.1210139002453,24.611610793131643,26.165167620605068
multiple_runs_random_DB_lowThreat_20260406_033818.csv,multiple_runs_random_DB_lowThreat_20260406_033818.csv,Random,Random,153,25.371900826446282,25.6198347107438,25.785123966942148,23.22314049586777
multiple_runs_random_DB_lowThreat_20260406_033818.csv,multiple_runs_random_DB_lowThreat_20260406_033818.csv,Random,Random,154,25.296108291032148,25.211505922165824,26.818950930626055,22.673434856175973
multiple_runs_random_DB_lowThreat_20260406_033818.csv,multiple_runs_random_DB_lowThreat_20260406_033818.csv,Random,Random,155,25.296108291032148,23.77326565143824,26.39593908629442,24.534686971235196
multiple_runs_random_DB_lowThreat_20260406_033818.csv,multiple_runs_random_DB_lowThreat_20260406_033818.csv,Random,Random,156,25.626043405676125,24.958263772954925,24.123539232053425,25.292153589315525
multiple_runs_random_DB_lowThreat_20260406_033818.csv,multiple_runs_random_DB_lowThreat_20260406_033818.csv,Random,Random,157,25.021061499578767,25.35804549283909,24.68407750631845,24.93681550126369
multiple_runs_random_DB_lowThreat_20260406_033818.csv,multiple_runs_random_DB_lowThreat_20260406_033818.csv,Random,Random,158,25.042158516020237,27.90893760539629,22.4283305227656,24.620573355817875
multiple_runs_random_DB_lowThreat_20260406_033818.csv,multiple_runs_random_DB_lowThreat_20260406_033818.csv,Random,Random,159,25.430680885972105,25.102543068088597,22.8876127973749,26.5791632485644
multiple_runs_random_DB_lowThreat_20260406_033818.csv,multiple_runs_random_DB_lowThreat_20260406_033818.csv,Random,Random,160,27.932489451476794,22.869198312236286,26.160337552742618,23.037974683544306
multiple_runs_random_DB_lowThreat_20260406_033818.csv,multiple_runs_random_DB_lowThreat_20260406_033818.csv,Random,Random,161,26.276150627615063,24.518828451882847,25.188284518828453,24.01673640167364
multiple_runs_random_DB_lowThreat_20260406_033818.csv,multiple_runs_random_DB_lowThreat_20260406_033818.csv,Random,Random,162,25.0208507089241,25.688073394495415,25.18765638031693,24.103419516263553
multiple_runs_random_DB_lowThreat_20260406_033818.csv,multiple_runs_random_DB_lowThreat_20260406_033818.csv,Random,Random,163,24.424342105263158,26.973684210526315,25.32894736842105,23.273026315789476
multiple_runs_random_DB_lowThreat_20260406_033818.csv,multiple_runs_random_DB_lowThreat_20260406_033818.csv,Random,Random,164,24.707846410684475,25.87646076794658,25.208681135225376,24.207011686143574
multiple_runs_random_DB_lowThreat_20260406_033818.csv,multiple_runs_random_DB_lowThreat_20260406_033818.csv,Random,Random,165,25.06203473945409,24.069478908188586,25.64102564102564,25.227460711331677
multiple_runs_random_DB_lowThreat_20260406_033818.csv,multiple_runs_random_DB_lowThreat_20260406_033818.csv,Random,Random,166,22.71986970684039,26.547231270358306,24.7557003257329,25.977198697068403
multiple_runs_random_DB_lowThreat_20260406_033818.csv,multiple_runs_random_DB_lowThreat_20260406_033818.csv,Random,Random,167,25.6857855361596,23.940149625935163,27.18204488778055,23.19201995012469
multiple_runs_random_DB_lowThreat_20260406_033818.csv,multiple_runs_random_DB_lowThreat_20260406_033818.csv,Random,Random,168,25.6006628003314,25.68351284175642,25.932062966031484,22.783761391880695
multiple_runs_random_DB_lowThreat_20260406_033818.csv,multiple_runs_random_DB_lowThreat_20260406_033818.csv,Random,Random,169,24.455611390284755,26.214405360134002,23.366834170854272,25.963149078726964
multiple_runs_random_DB_lowThreat_20260406_033818.csv,multiple_runs_random_DB_lowThreat_20260406_033818.csv,Random,Random,170,25.14767932489452,24.47257383966245,25.991561181434598,24.38818565400844
multiple_runs_random_DB_lowThreat_20260406_033818.csv,multiple_runs_random_DB_lowThreat_20260406_033818.csv,Random,Random,171,24.937027707808564,23.509655751469353,24.349286314021832,27.204030226700255
multiple_runs_random_DB_lowThreat_20260406_033818.csv,multiple_runs_random_DB_lowThreat_20260406_033818.csv,Random,Random,172,24.496644295302016,26.25838926174497,25.587248322147648,23.657718120805367
multiple_runs_random_DB_lowThreat_20260406_033818.csv,multiple_runs_random_DB_lowThreat_20260406_033818.csv,Random,Random,173,25.68351284175642,26.51201325600663,23.52941176470588,24.27506213753107
multiple_runs_random_DB_lowThreat_20260406_033818.csv,multiple_runs_random_DB_lowThreat_20260406_033818.csv,Random,Random,174,24.398340248962654,23.568464730290454,26.804979253112034,25.228215767634854
multiple_runs_random_DB_lowThreat_20260406_033818.csv,multiple_runs_random_DB_lowThreat_20260406_033818.csv,Random,Random,175,22.916666666666664,27.083333333333332,26.416666666666664,23.583333333333336
multiple_runs_random_DB_lowThreat_20260406_033818.csv,multiple_runs_random_DB_lowThreat_20260406_033818.csv,Random,Random,176,25.74750830564784,26.079734219269103,24.169435215946844,24.003322259136212
multiple_runs_random_DB_lowThreat_20260406_033818.csv,multiple_runs_random_DB_lowThreat_20260406_033818.csv,Random,Random,177,26.506024096385545,23.6144578313253,26.024096385542165,23.85542168674699
multiple_runs_random_DB_lowThreat_20260406_033818.csv,multiple_runs_random_DB_lowThreat_20260406_033818.csv,Random,Random,178,22.894521668029437,26.24693376941946,26.573998364677028,24.28454619787408
multiple_runs_random_DB_lowThreat_20260406_033818.csv,multiple_runs_random_DB_lowThreat_20260406_033818.csv,Random,Random,179,24.061433447098977,26.109215017064848,25.426621160409557,24.40273037542662
multiple_runs_random_DB_lowThreat_20260406_033818.csv,multiple_runs_random_DB_lowThreat_20260406_033818.csv,Random,Random,180,22.15669755686605,26.28475147430497,26.11625947767481,25.44229149115417
multiple_runs_random_DB_lowThreat_20260406_033818.csv,multiple_runs_random_DB_lowThreat_20260406_033818.csv,Random,Random,181,26.557377049180324,26.065573770491802,23.0327868852459,24.34426229508197
multiple_runs_random_DB_lowThreat_20260406_033818.csv,multiple_runs_random_DB_lowThreat_20260406_033818.csv,Random,Random,182,26.046901172529314,25.041876046901173,24.371859296482413,24.5393634840871
multiple_runs_random_DB_lowThreat_20260406_033818.csv,multiple_runs_random_DB_lowThreat_20260406_033818.csv,Random,Random,183,23.774509803921568,24.4281045751634,25.408496732026144,26.38888888888889
multiple_runs_random_DB_lowThreat_20260406_033818.csv,multiple_runs_random_DB_lowThreat_20260406_033818.csv,Random,Random,184,25.123966942148762,25.206611570247933,24.462809917355372,25.206611570247933
multiple_runs_random_DB_lowThreat_20260406_033818.csv,multiple_runs_random_DB_lowThreat_20260406_033818.csv,Random,Random,185,25.041736227045075,26.961602671118527,25.542570951585976,22.454090150250416
multiple_runs_random_DB_lowThreat_20260406_033818.csv,multiple_runs_random_DB_lowThreat_20260406_033818.csv,Random,Random,186,23.621399176954732,26.337448559670783,25.102880658436217,24.938271604938272
multiple_runs_random_DB_lowThreat_20260406_033818.csv,multiple_runs_random_DB_lowThreat_20260406_033818.csv,Random,Random,187,24.37603993344426,25.45757071547421,24.459234608985025,25.707154742096506
multiple_runs_random_DB_lowThreat_20260406_033818.csv,multiple_runs_random_DB_lowThreat_20260406_033818.csv,Random,Random,188,26.00334448160535,25.334448160535118,24.331103678929765,24.331103678929765
multiple_runs_random_DB_lowThreat_20260406_033818.csv,multiple_runs_random_DB_lowThreat_20260406_033818.csv,Random,Random,189,25.617021276595747,23.574468085106385,25.106382978723403,25.70212765957447
multiple_runs_random_DB_lowThreat_20260406_033818.csv,multiple_runs_random_DB_lowThreat_20260406_033818.csv,Random,Random,190,24.371859296482413,23.785594639865998,26.549413735343386,25.29313232830821
multiple_runs_random_DB_lowThreat_20260406_033818.csv,multiple_runs_random_DB_lowThreat_20260406_033818.csv,Random,Random,191,26.101694915254235,25.08474576271186,27.45762711864407,21.35593220338983
multiple_runs_random_DB_lowThreat_20260406_033818.csv,multiple_runs_random_DB_lowThreat_20260406_033818.csv,Random,Random,192,26.076158940397352,25.82781456953642,24.337748344370862,23.758278145695364
multiple_runs_random_DB_lowThreat_20260406_033818.csv,multiple_runs_random_DB_lowThreat_20260406_033818.csv,Random,Random,193,26.901062959934585,23.13982011447261,26.08340147179068,23.875715453802126
multiple_runs_random_DB_lowThreat_20260406_033818.csv,multiple_runs_random_DB_lowThreat_20260406_033818.csv,Random,Random,194,25.08474576271186,24.83050847457627,25.76271186440678,24.322033898305083
multiple_runs_random_DB_lowThreat_20260406_033818.csv,multiple_runs_random_DB_lowThreat_20260406_033818.csv,Random,Random,195,24.666666666666668,25.583333333333336,25.0,24.75
multiple_runs_random_DB_lowThreat_20260406_033818.csv,multiple_runs_random_DB_lowThreat_20260406_033818.csv,Random,Random,196,25.254237288135595,24.83050847457627,23.050847457627118,26.864406779661014
multiple_runs_random_DB_lowThreat_20260406_033818.csv,multiple_runs_random_DB_lowThreat_20260406_033818.csv,Random,Random,197,23.79746835443038,27.088607594936708,23.20675105485232,25.90717299578059
multiple_runs_random_DB_lowThreat_20260406_033818.csv,multiple_runs_random_DB_lowThreat_20260406_033818.csv,Random,Random,198,25.756336876533116,23.46688470973017,26.001635322976284,24.775143090760427
multiple_runs_random_DB_lowThreat_20260406_033818.csv,multiple_runs_random_DB_lowThreat_20260406_033818.csv,Random,Random,199,23.154362416107382,27.432885906040266,25.922818791946305,23.48993288590604
multiple_runs_random_DB_lowThreat_20260406_033818.csv,multiple_runs_random_DB_lowThreat_20260406_033818.csv,Random,Random,200,25.287356321839084,24.958949096880133,24.302134646962234,25.451559934318556
multiple_runs_Random_DB_ModerateThreat_20260408_002843.csv,multiple_runs_Random_DB_ModerateThreat_20260408_002843.csv,Random,Random,1,22.583333333333332,24.75,27.500000000000004,25.166666666666664
multiple_runs_Random_DB_ModerateThreat_20260408_002843.csv,multiple_runs_Random_DB_ModerateThreat_20260408_002843.csv,Random,Random,2,22.426778242677827,26.69456066945607,25.188284518828453,25.69037656903766
multiple_runs_Random_DB_ModerateThreat_20260408_002843.csv,multiple_runs_Random_DB_ModerateThreat_20260408_002843.csv,Random,Random,3,25.396825396825395,24.728487886382624,24.06015037593985,25.81453634085213
multiple_runs_Random_DB_ModerateThreat_20260408_002843.csv,multiple_runs_Random_DB_ModerateThreat_20260408_002843.csv,Random,Random,4,26.27118644067797,23.64406779661017,25.169491525423727,24.91525423728814
multiple_runs_Random_DB_ModerateThreat_20260408_002843.csv,multiple_runs_Random_DB_ModerateThreat_20260408_002843.csv,Random,Random,5,22.635135135135133,24.155405405405407,28.209459459459456,25.0
multiple_runs_Random_DB_ModerateThreat_20260408_002843.csv,multiple_runs_Random_DB_ModerateThreat_20260408_002843.csv,Random,Random,6,26.567656765676567,26.815181518151814,24.00990099009901,22.607260726072607
multiple_runs_Random_DB_ModerateThreat_20260408_002843.csv,multiple_runs_Random_DB_ModerateThreat_20260408_002843.csv,Random,Random,7,25.234441602728047,24.296675191815854,24.296675191815854,26.17220801364024
multiple_runs_Random_DB_ModerateThreat_20260408_002843.csv,multiple_runs_Random_DB_ModerateThreat_20260408_002843.csv,Random,Random,8,27.07641196013289,22.425249169435215,24.750830564784053,25.74750830564784
multiple_runs_Random_DB_ModerateThreat_20260408_002843.csv,multiple_runs_Random_DB_ModerateThreat_20260408_002843.csv,Random,Random,9,25.549227013832382,22.538649308380798,26.851098454027667,25.061025223759152
multiple_runs_Random_DB_ModerateThreat_20260408_002843.csv,multiple_runs_Random_DB_ModerateThreat_20260408_002843.csv,Random,Random,10,25.190839694656486,22.815945716709077,25.360474978795587,26.632739609838847
multiple_runs_Random_DB_ModerateThreat_20260408_002843.csv,multiple_runs_Random_DB_ModerateThreat_20260408_002843.csv,Random,Random,11,24.81389578163772,24.152191894127377,26.054590570719604,24.9793217535153
multiple_runs_Random_DB_ModerateThreat_20260408_002843.csv,multiple_runs_Random_DB_ModerateThreat_20260408_002843.csv,Random,Random,12,25.32786885245902,23.442622950819672,24.42622950819672,26.80327868852459
multiple_runs_Random_DB_ModerateThreat_20260408_002843.csv,multiple_runs_Random_DB_ModerateThreat_20260408_002843.csv,Random,Random,13,24.498327759197323,23.99665551839465,26.00334448160535,25.501672240802677
multiple_runs_Random_DB_ModerateThreat_20260408_002843.csv,multiple_runs_Random_DB_ModerateThreat_20260408_002843.csv,Random,Random,14,25.168350168350166,23.484848484848484,25.757575757575758,25.589225589225588
multiple_runs_Random_DB_ModerateThreat_20260408_002843.csv,multiple_runs_Random_DB_ModerateThreat_20260408_002843.csv,Random,Random,15,25.063938618925828,23.444160272804773,26.93947144075021,24.55242966751918
multiple_runs_Random_DB_ModerateThreat_20260408_002843.csv,multiple_runs_Random_DB_ModerateThreat_20260408_002843.csv,Random,Random,16,25.523012552301257,25.606694560669457,24.351464435146443,24.518828451882847
multiple_runs_Random_DB_ModerateThreat_20260408_002843.csv,multiple_runs_Random_DB_ModerateThreat_20260408_002843.csv,Random,Random,17,23.505323505323506,25.7985257985258,26.289926289926292,24.406224406224407
multiple_runs_Random_DB_ModerateThreat_20260408_002843.csv,multiple_runs_Random_DB_ModerateThreat_20260408_002843.csv,Random,Random,18,25.966386554621852,23.52941176470588,25.966386554621852,24.53781512605042
multiple_runs_Random_DB_ModerateThreat_20260408_002843.csv,multiple_runs_Random_DB_ModerateThreat_20260408_002843.csv,Random,Random,19,24.169435215946844,26.578073089701,24.750830564784053,24.501661129568106
multiple_runs_Random_DB_ModerateThreat_20260408_002843.csv,multiple_runs_Random_DB_ModerateThreat_20260408_002843.csv,Random,Random,20,25.798319327731097,24.95798319327731,26.722689075630253,22.521008403361346
multiple_runs_Random_DB_ModerateThreat_20260408_002843.csv,multiple_runs_Random_DB_ModerateThreat_20260408_002843.csv,Random,Random,21,24.16387959866221,26.923076923076923,23.91304347826087,25.0
multiple_runs_Random_DB_ModerateThreat_20260408_002843.csv,multiple_runs_Random_DB_ModerateThreat_20260408_002843.csv,Random,Random,22,24.792013311148086,25.79034941763727,26.12312811980033,23.294509151414307
multiple_runs_Random_DB_ModerateThreat_20260408_002843.csv,multiple_runs_Random_DB_ModerateThreat_20260408_002843.csv,Random,Random,23,26.237623762376238,24.752475247524753,26.155115511551152,22.854785478547853
multiple_runs_Random_DB_ModerateThreat_20260408_002843.csv,multiple_runs_Random_DB_ModerateThreat_20260408_002843.csv,Random,Random,24,24.2603550295858,25.443786982248522,24.683009298393912,25.612848689771766
multiple_runs_Random_DB_ModerateThreat_20260408_002843.csv,multiple_runs_Random_DB_ModerateThreat_20260408_002843.csv,Random,Random,25,25.467860048820178,27.176566314076485,24.084621643612696,23.270951993490645
multiple_runs_Random_DB_ModerateThreat_20260408_002843.csv,multiple_runs_Random_DB_ModerateThreat_20260408_002843.csv,Random,Random,26,23.33887043189369,25.74750830564784,25.581395348837212,25.332225913621265
multiple_runs_Random_DB_ModerateThreat_20260408_002843.csv,multiple_runs_Random_DB_ModerateThreat_20260408_002843.csv,Random,Random,27,25.27754056362084,24.93595217762596,25.61912894961571,24.16737830913749
multiple_runs_Random_DB_ModerateThreat_20260408_002843.csv,multiple_runs_Random_DB_ModerateThreat_20260408_002843.csv,Random,Random,28,24.120603015075375,25.963149078726964,24.5393634840871,25.376884422110553
multiple_runs_Random_DB_ModerateThreat_20260408_002843.csv,multiple_runs_Random_DB_ModerateThreat_20260408_002843.csv,Random,Random,29,24.73469387755102,26.93877551020408,23.42857142857143,24.897959183673468
multiple_runs_Random_DB_ModerateThreat_20260408_002843.csv,multiple_runs_Random_DB_ModerateThreat_20260408_002843.csv,Random,Random,30,24.355777223607646,23.44139650872818,27.431421446384043,24.771404821280132
multiple_runs_Random_DB_ModerateThreat_20260408_002843.csv,multiple_runs_Random_DB_ModerateThreat_20260408_002843.csv,Random,Random,31,25.230511316010055,26.906957250628665,25.48197820620285,22.380553227158423
multiple_runs_Random_DB_ModerateThreat_20260408_002843.csv,multiple_runs_Random_DB_ModerateThreat_20260408_002843.csv,Random,Random,32,27.03368940016434,25.63681183237469,24.157764995891537,23.171733771569432
multiple_runs_Random_DB_ModerateThreat_20260408_002843.csv,multiple_runs_Random_DB_ModerateThreat_20260408_002843.csv,Random,Random,33,25.405844155844154,26.2987012987013,22.07792207792208,26.217532467532468
multiple_runs_Random_DB_ModerateThreat_20260408_002843.csv,multiple_runs_Random_DB_ModerateThreat_20260408_002843.csv,Random,Random,34,25.947767481044647,27.969671440606568,23.67312552653749,22.40943555181129
multiple_runs_Random_DB_ModerateThreat_20260408_002843.csv,multiple_runs_Random_DB_ModerateThreat_20260408_002843.csv,Random,Random,35,23.890234059725586,25.504439063761097,24.213075060532688,26.39225181598063
multiple_runs_Random_DB_ModerateThreat_20260408_002843.csv,multiple_runs_Random_DB_ModerateThreat_20260408_002843.csv,Random,Random,36,22.381756756756758,25.591216216216218,28.46283783783784,23.56418918918919
multiple_runs_Random_DB_ModerateThreat_20260408_002843.csv,multiple_runs_Random_DB_ModerateThreat_20260408_002843.csv,Random,Random,37,24.161073825503358,25.838926174496645,24.07718120805369,25.922818791946305
multiple_runs_Random_DB_ModerateThreat_20260408_002843.csv,multiple_runs_Random_DB_ModerateThreat_20260408_002843.csv,Random,Random,38,22.913256955810148,25.53191489361702,26.104746317512273,25.450081833060555
multiple_runs_Random_DB_ModerateThreat_20260408_002843.csv,multiple_runs_Random_DB_ModerateThreat_20260408_002843.csv,Random,Random,39,24.93638676844784,26.97201017811705,23.66412213740458,24.427480916030532
multiple_runs_Random_DB_ModerateThreat_20260408_002843.csv,multiple_runs_Random_DB_ModerateThreat_20260408_002843.csv,Random,Random,40,23.1473771856786,25.81182348043297,26.72772689425479,24.313072439633636
multiple_runs_Random_DB_ModerateThreat_20260408_002843.csv,multiple_runs_Random_DB_ModerateThreat_20260408_002843.csv,Random,Random,41,24.831649831649834,24.831649831649834,26.767676767676768,23.56902356902357
multiple_runs_Random_DB_ModerateThreat_20260408_002843.csv,multiple_runs_Random_DB_ModerateThreat_20260408_002843.csv,Random,Random,42,24.792013311148086,26.955074875207984,22.87853577371048,25.374376039933445
multiple_runs_Random_DB_ModerateThreat_20260408_002843.csv,multiple_runs_Random_DB_ModerateThreat_20260408_002843.csv,Random,Random,43,24.189526184538654,25.768911055694097,23.60764754779717,26.433915211970078
multiple_runs_Random_DB_ModerateThreat_20260408_002843.csv,multiple_runs_Random_DB_ModerateThreat_20260408_002843.csv,Random,Random,44,26.833333333333332,25.083333333333336,24.25,23.833333333333336
multiple_runs_Random_DB_ModerateThreat_20260408_002843.csv,multiple_runs_Random_DB_ModerateThreat_20260408_002843.csv,Random,Random,45,26.21199671322925,25.80115036976171,24.157764995891537,23.8290879211175
multiple_runs_Random_DB_ModerateThreat_20260408_002843.csv,multiple_runs_Random_DB_ModerateThreat_20260408_002843.csv,Random,Random,46,23.387790197764403,25.365434221840065,26.053310404127256,25.19346517626827
multiple_runs_Random_DB_ModerateThreat_20260408_002843.csv,multiple_runs_Random_DB_ModerateThreat_20260408_002843.csv,Random,Random,47,23.845507976490342,25.188916876574307,25.608732157850543,25.356842989084804
multiple_runs_Random_DB_ModerateThreat_20260408_002843.csv,multiple_runs_Random_DB_ModerateThreat_20260408_002843.csv,Random,Random,48,26.31578947368421,24.728487886382624,23.391812865497073,25.563909774436087
multiple_runs_Random_DB_ModerateThreat_20260408_002843.csv,multiple_runs_Random_DB_ModerateThreat_20260408_002843.csv,Random,Random,49,26.37271214642263,24.875207986688853,24.792013311148086,23.960066555740433
multiple_runs_Random_DB_ModerateThreat_20260408_002843.csv,multiple_runs_Random_DB_ModerateThreat_20260408_002843.csv,Random,Random,50,26.645004061738426,23.31437855402112,25.264012997562958,24.776604386677498
multiple_runs_Random_DB_ModerateThreat_20260408_002843.csv,multiple_runs_Random_DB_ModerateThreat_20260408_002843.csv,Random,Random,51,23.853211009174313,24.43703085904921,25.18765638031693,26.522101751459548
multiple_runs_Random_DB_ModerateThreat_20260408_002843.csv,multiple_runs_Random_DB_ModerateThreat_20260408_002843.csv,Random,Random,52,24.813278008298756,24.896265560165975,27.800829875518673,22.4896265560166
multiple_runs_Random_DB_ModerateThreat_20260408_002843.csv,multiple_runs_Random_DB_ModerateThreat_20260408_002843.csv,Random,Random,53,27.136929460580912,23.651452282157674,25.975103734439838,23.236514522821576
multiple_runs_Random_DB_ModerateThreat_20260408_002843.csv,multiple_runs_Random_DB_ModerateThreat_20260408_002843.csv,Random,Random,54,25.730994152046783,25.062656641604008,22.807017543859647,26.399331662489555
multiple_runs_Random_DB_ModerateThreat_20260408_002843.csv,multiple_runs_Random_DB_ModerateThreat_20260408_002843.csv,Random,Random,55,26.833333333333332,23.416666666666668,23.666666666666668,26.083333333333332
multiple_runs_Random_DB_ModerateThreat_20260408_002843.csv,multiple_runs_Random_DB_ModerateThreat_20260408_002843.csv,Random,Random,56,23.19932998324958,23.869346733668344,26.214405360134002,26.716917922948074
multiple_runs_Random_DB_ModerateThreat_20260408_002843.csv,multiple_runs_Random_DB_ModerateThreat_20260408_002843.csv,Random,Random,57,22.70450751252087,23.706176961602672,25.459098497495823,28.130217028380635
multiple_runs_Random_DB_ModerateThreat_20260408_002843.csv,multiple_runs_Random_DB_ModerateThreat_20260408_002843.csv,Random,Random,58,25.662251655629138,25.496688741721858,26.572847682119203,22.2682119205298
multiple_runs_Random_DB_ModerateThreat_20260408_002843.csv,multiple_runs_Random_DB_ModerateThreat_20260408_002843.csv,Random,Random,59,25.738396624472575,25.90717299578059,23.713080168776372,24.641350210970465
multiple_runs_Random_DB_ModerateThreat_20260408_002843.csv,multiple_runs_Random_DB_ModerateThreat_20260408_002843.csv,Random,Random,60,23.61344537815126,25.462184873949578,25.882352941176475,25.04201680672269
multiple_runs_Random_DB_ModerateThreat_20260408_002843.csv,multiple_runs_Random_DB_ModerateThreat_20260408_002843.csv,Random,Random,61,24.25,25.5,25.0,25.25
multiple_runs_Random_DB_ModerateThreat_20260408_002843.csv,multiple_runs_Random_DB_ModerateThreat_20260408_002843.csv,Random,Random,62,25.758818703855617,24.61033634126333,25.512715340442988,24.118129614438065
multiple_runs_Random_DB_ModerateThreat_20260408_002843.csv,multiple_runs_Random_DB_ModerateThreat_20260408_002843.csv,Random,Random,63,23.38642078792959,24.559932942162614,26.236378876781224,25.81726739312657
multiple_runs_Random_DB_ModerateThreat_20260408_002843.csv,multiple_runs_Random_DB_ModerateThreat_20260408_002843.csv,Random,Random,64,23.79746835443038,24.72573839662447,26.244725738396625,25.23206751054852
multiple_runs_Random_DB_ModerateThreat_20260408_002843.csv,multiple_runs_Random_DB_ModerateThreat_20260408_002843.csv,Random,Random,65,27.36236647493837,26.129827444535742,24.65078060805259,21.857025472473296
multiple_runs_Random_DB_ModerateThreat_20260408_002843.csv,multiple_runs_Random_DB_ModerateThreat_20260408_002843.csv,Random,Random,66,26.09442060085837,23.605150214592275,25.75107296137339,24.549356223175966
multiple_runs_Random_DB_ModerateThreat_20260408_002843.csv,multiple_runs_Random_DB_ModerateThreat_20260408_002843.csv,Random,Random,67,24.285714285714285,24.369747899159663,25.462184873949578,25.882352941176475
multiple_runs_Random_DB_ModerateThreat_20260408_002843.csv,multiple_runs_Random_DB_ModerateThreat_20260408_002843.csv,Random,Random,68,26.02168473728107,24.68723936613845,23.269391159299417,26.02168473728107
multiple_runs_Random_DB_ModerateThreat_20260408_002843.csv,multiple_runs_Random_DB_ModerateThreat_20260408_002843.csv,Random,Random,69,26.302729528535977,25.144747725392886,21.50537634408602,27.04714640198511
multiple_runs_Random_DB_ModerateThreat_20260408_002843.csv,multiple_runs_Random_DB_ModerateThreat_20260408_002843.csv,Random,Random,70,25.916666666666664,23.666666666666668,26.333333333333332,24.083333333333336
multiple_runs_Random_DB_ModerateThreat_20260408_002843.csv,multiple_runs_Random_DB_ModerateThreat_20260408_002843.csv,Random,Random,71,25.33112582781457,26.32450331125828,24.337748344370862,24.00662251655629
multiple_runs_Random_DB_ModerateThreat_20260408_002843.csv,multiple_runs_Random_DB_ModerateThreat_20260408_002843.csv,Random,Random,72,25.292153589315525,25.208681135225376,26.21035058430718,23.28881469115192
multiple_runs_Random_DB_ModerateThreat_20260408_002843.csv,multiple_runs_Random_DB_ModerateThreat_20260408_002843.csv,Random,Random,73,23.72322899505766,26.523887973640857,26.27677100494234,23.476112026359143
multiple_runs_Random_DB_ModerateThreat_20260408_002843.csv,multiple_runs_Random_DB_ModerateThreat_20260408_002843.csv,Random,Random,74,25.4606365159129,24.958123953098827,23.115577889447238,26.46566164154104
multiple_runs_Random_DB_ModerateThreat_20260408_002843.csv,multiple_runs_Random_DB_ModerateThreat_20260408_002843.csv,Random,Random,75,25.658453695836876,22.1750212404418,26.762956669498728,25.403568394222596
multiple_runs_Random_DB_ModerateThreat_20260408_002843.csv,multiple_runs_Random_DB_ModerateThreat_20260408_002843.csv,Random,Random,76,24.917218543046356,22.764900662251655,26.076158940397352,26.241721854304632
multiple_runs_Random_DB_ModerateThreat_20260408_002843.csv,multiple_runs_Random_DB_ModerateThreat_20260408_002843.csv,Random,Random,77,25.416666666666664,26.0,23.333333333333332,25.25
multiple_runs_Random_DB_ModerateThreat_20260408_002843.csv,multiple_runs_Random_DB_ModerateThreat_20260408_002843.csv,Random,Random,78,24.61799660441426,25.29711375212224,25.97623089983022,24.108658743633278
multiple_runs_Random_DB_ModerateThreat_20260408_002843.csv,multiple_runs_Random_DB_ModerateThreat_20260408_002843.csv,Random,Random,79,26.293823038397328,23.53923205342237,25.041736227045075,25.125208681135224
multiple_runs_Random_DB_ModerateThreat_20260408_002843.csv,multiple_runs_Random_DB_ModerateThreat_20260408_002843.csv,Random,Random,80,25.950413223140494,26.28099173553719,24.545454545454547,23.22314049586777
multiple_runs_Random_DB_ModerateThreat_20260408_002843.csv,multiple_runs_Random_DB_ModerateThreat_20260408_002843.csv,Random,Random,81,26.16,23.919999999999998,24.88,25.040000000000003
multiple_runs_Random_DB_ModerateThreat_20260408_002843.csv,multiple_runs_Random_DB_ModerateThreat_20260408_002843.csv,Random,Random,82,26.39467110741049,24.895920066611158,24.14654454621149,24.56286427976686
multiple_runs_Random_DB_ModerateThreat_20260408_002843.csv,multiple_runs_Random_DB_ModerateThreat_20260408_002843.csv,Random,Random,83,24.609053497942387,25.185185185185183,25.679012345679013,24.526748971193417
multiple_runs_Random_DB_ModerateThreat_20260408_002843.csv,multiple_runs_Random_DB_ModerateThreat_20260408_002843.csv,Random,Random,84,25.233644859813083,22.854715378079867,26.762956669498728,25.148683092608326
multiple_runs_Random_DB_ModerateThreat_20260408_002843.csv,multiple_runs_Random_DB_ModerateThreat_20260408_002843.csv,Random,Random,85,25.061830173124484,25.721352019785655,26.051112943116237,23.16570486397362
multiple_runs_Random_DB_ModerateThreat_20260408_002843.csv,multiple_runs_Random_DB_ModerateThreat_20260408_002843.csv,Random,Random,86,25.020576131687243,25.349794238683128,23.37448559670782,26.255144032921812
multiple_runs_Random_DB_ModerateThreat_20260408_002843.csv,multiple_runs_Random_DB_ModerateThreat_20260408_002843.csv,Random,Random,87,25.79034941763727,24.708818635607322,25.79034941763727,23.71048252911814
multiple_runs_Random_DB_ModerateThreat_20260408_002843.csv,multiple_runs_Random_DB_ModerateThreat_20260408_002843.csv,Random,Random,88,26.350789692435576,26.932668329177055,22.776392352452202,23.940149625935163
multiple_runs_Random_DB_ModerateThreat_20260408_002843.csv,multiple_runs_Random_DB_ModerateThreat_20260408_002843.csv,Random,Random,89,24.57482993197279,27.29591836734694,25.595238095238095,22.534013605442176
multiple_runs_Random_DB_ModerateThreat_20260408_002843.csv,multiple_runs_Random_DB_ModerateThreat_20260408_002843.csv,Random,Random,90,25.083056478405314,24.169435215946844,26.328903654485046,24.418604651162788
multiple_runs_Random_DB_ModerateThreat_20260408_002843.csv,multiple_runs_Random_DB_ModerateThreat_20260408_002843.csv,Random,Random,91,23.446561723280862,25.269262634631318,25.517812758906377,25.766362883181444
multiple_runs_Random_DB_ModerateThreat_20260408_002843.csv,multiple_runs_Random_DB_ModerateThreat_20260408_002843.csv,Random,Random,92,23.699421965317917,27.08505367464905,23.20396366639141,26.011560693641616
multiple_runs_Random_DB_ModerateThreat_20260408_002843.csv,multiple_runs_Random_DB_ModerateThreat_20260408_002843.csv,Random,Random,93,24.958677685950413,25.867768595041323,24.297520661157023,24.87603305785124
multiple_runs_Random_DB_ModerateThreat_20260408_002843.csv,multiple_runs_Random_DB_ModerateThreat_20260408_002843.csv,Random,Random,94,25.082236842105267,26.23355263157895,23.519736842105264,25.164473684210524
multiple_runs_Random_DB_ModerateThreat_20260408_002843.csv,multiple_runs_Random_DB_ModerateThreat_20260408_002843.csv,Random,Random,95,24.14654454621149,23.896752706078267,25.97835137385512,25.97835137385512
multiple_runs_Random_DB_ModerateThreat_20260408_002843.csv,multiple_runs_Random_DB_ModerateThreat_20260408_002843.csv,Random,Random,96,24.810765349032803,24.64255677039529,26.324642556770396,24.222035323801514
multiple_runs_Random_DB_ModerateThreat_20260408_002843.csv,multiple_runs_Random_DB_ModerateThreat_20260408_002843.csv,Random,Random,97,25.665236051502145,24.8068669527897,24.377682403433475,25.15021459227468
multiple_runs_Random_DB_ModerateThreat_20260408_002843.csv,multiple_runs_Random_DB_ModerateThreat_20260408_002843.csv,Random,Random,98,23.653198653198654,23.56902356902357,27.02020202020202,25.757575757575758
multiple_runs_Random_DB_ModerateThreat_20260408_002843.csv,multiple_runs_Random_DB_ModerateThreat_20260408_002843.csv,Random,Random,99,27.39495798319328,21.932773109243698,25.882352941176475,24.789915966386555
multiple_runs_Random_DB_ModerateThreat_20260408_002843.csv,multiple_runs_Random_DB_ModerateThreat_20260408_002843.csv,Random,Random,100,24.939073923639317,23.639317627944763,24.939073923639317,26.482534524776604
multiple_runs_Random_DB_ModerateThreat_20260408_002843.csv,multiple_runs_Random_DB_ModerateThreat_20260408_002843.csv,Random,Random,101,23.72055239642567,24.776604386677498,25.5889520714866,25.913891145410233
multiple_runs_Random_DB_ModerateThreat_20260408_002843.csv,multiple_runs_Random_DB_ModerateThreat_20260408_002843.csv,Random,Random,102,24.108658743633278,23.684210526315788,26.06112054329372,26.146010186757216
multiple_runs_Random_DB_ModerateThreat_20260408_002843.csv,multiple_runs_Random_DB_ModerateThreat_20260408_002843.csv,Random,Random,103,23.986486486486484,24.070945945945947,23.64864864864865,28.29391891891892
multiple_runs_Random_DB_ModerateThreat_20260408_002843.csv,multiple_runs_Random_DB_ModerateThreat_20260408_002843.csv,Random,Random,104,23.509933774834437,25.08278145695364,25.248344370860927,26.158940397350992
multiple_runs_Random_DB_ModerateThreat_20260408_002843.csv,multiple_runs_Random_DB_ModerateThreat_20260408_002843.csv,Random,Random,105,25.10566356720203,26.120033812341504,25.02113271344041,23.753169907016062
multiple_runs_Random_DB_ModerateThreat_20260408_002843.csv,multiple_runs_Random_DB_ModerateThreat_20260408_002843.csv,Random,Random,106,24.58609271523179,22.764900662251655,26.655629139072843,25.99337748344371
multiple_runs_Random_DB_ModerateThreat_20260408_002843.csv,multiple_runs_Random_DB_ModerateThreat_20260408_002843.csv,Random,Random,107,26.74516400336417,25.820016820857866,24.137931034482758,23.296888141295206
multiple_runs_Random_DB_ModerateThreat_20260408_002843.csv,multiple_runs_Random_DB_ModerateThreat_20260408_002843.csv,Random,Random,108,26.004922067268254,24.774405250205085,23.87202625102543,25.34864643150123
multiple_runs_Random_DB_ModerateThreat_20260408_002843.csv,multiple_runs_Random_DB_ModerateThreat_20260408_002843.csv,Random,Random,109,23.128679562657695,26.82926829268293,24.64255677039529,25.399495374264085
multiple_runs_Random_DB_ModerateThreat_20260408_002843.csv,multiple_runs_Random_DB_ModerateThreat_20260408_002843.csv,Random,Random,110,25.08169934640523,24.509803921568626,25.326797385620914,25.08169934640523
multiple_runs_Random_DB_ModerateThreat_20260408_002843.csv,multiple_runs_Random_DB_ModerateThreat_20260408_002843.csv,Random,Random,111,26.906957250628665,24.895222129086335,24.979044425817268,23.21877619446773
multiple_runs_Random_DB_ModerateThreat_20260408_002843.csv,multiple_runs_Random_DB_ModerateThreat_20260408_002843.csv,Random,Random,112,23.494486853265478,25.021204410517388,26.547921967769295,24.93638676844784
multiple_runs_Random_DB_ModerateThreat_20260408_002843.csv,multiple_runs_Random_DB_ModerateThreat_20260408_002843.csv,Random,Random,113,25.721561969439726,25.891341256366722,24.78777589134126,23.599320882852293
multiple_runs_Random_DB_ModerateThreat_20260408_002843.csv,multiple_runs_Random_DB_ModerateThreat_20260408_002843.csv,Random,Random,114,23.900414937759336,24.564315352697093,25.975103734439838,25.560165975103732
multiple_runs_Random_DB_ModerateThreat_20260408_002843.csv,multiple_runs_Random_DB_ModerateThreat_20260408_002843.csv,Random,Random,115,25.735912531539107,24.726661059714043,22.624053826745165,26.91337258200168
multiple_runs_Random_DB_ModerateThreat_20260408_002843.csv,multiple_runs_Random_DB_ModerateThreat_20260408_002843.csv,Random,Random,116,24.690338563170933,26.011560693641616,24.525185796862097,24.77291494632535
multiple_runs_Random_DB_ModerateThreat_20260408_002843.csv,multiple_runs_Random_DB_ModerateThreat_20260408_002843.csv,Random,Random,117,26.008230452674898,24.19753086419753,25.267489711934154,24.526748971193417
multiple_runs_Random_DB_ModerateThreat_20260408_002843.csv,multiple_runs_Random_DB_ModerateThreat_20260408_002843.csv,Random,Random,118,24.494949494949495,25.0,25.252525252525253,25.252525252525253
multiple_runs_Random_DB_ModerateThreat_20260408_002843.csv,multiple_runs_Random_DB_ModerateThreat_20260408_002843.csv,Random,Random,119,25.681255161023948,23.36911643270025,24.277456647398843,26.67217175887696
multiple_runs_Random_DB_ModerateThreat_20260408_002843.csv,multiple_runs_Random_DB_ModerateThreat_20260408_002843.csv,Random,Random,120,25.48036758563074,24.895572263993316,24.394319131161236,25.229741019214703
multiple_runs_Random_DB_ModerateThreat_20260408_002843.csv,multiple_runs_Random_DB_ModerateThreat_20260408_002843.csv,Random,Random,121,24.507283633247642,24.507283633247642,25.278491859468723,25.70694087403599
multiple_runs_Random_DB_ModerateThreat_20260408_002843.csv,multiple_runs_Random_DB_ModerateThreat_20260408_002843.csv,Random,Random,122,26.86817800167926,24.601175482787575,22.334172963895885,26.19647355163728
multiple_runs_Random_DB_ModerateThreat_20260408_002843.csv,multiple_runs_Random_DB_ModerateThreat_20260408_002843.csv,Random,Random,123,24.876847290640395,26.272577996715928,24.958949096880133,23.891625615763548
multiple_runs_Random_DB_ModerateThreat_20260408_002843.csv,multiple_runs_Random_DB_ModerateThreat_20260408_002843.csv,Random,Random,124,23.391812865497073,27.401837928153718,25.98162071846282,23.22472848788638
multiple_runs_Random_DB_ModerateThreat_20260408_002843.csv,multiple_runs_Random_DB_ModerateThreat_20260408_002843.csv,Random,Random,125,24.083333333333336,24.0,24.0,27.916666666666668
multiple_runs_Random_DB_ModerateThreat_20260408_002843.csv,multiple_runs_Random_DB_ModerateThreat_20260408_002843.csv,Random,Random,126,25.44229149115417,23.50463352990733,24.85256950294861,26.20050547598989
multiple_runs_Random_DB_ModerateThreat_20260408_002843.csv,multiple_runs_Random_DB_ModerateThreat_20260408_002843.csv,Random,Random,127,25.49833887043189,25.41528239202658,24.003322259136212,25.083056478405314
multiple_runs_Random_DB_ModerateThreat_20260408_002843.csv,multiple_runs_Random_DB_ModerateThreat_20260408_002843.csv,Random,Random,128,27.677806341045414,23.39331619537275,24.164524421593832,24.764353041988006
multiple_runs_Random_DB_ModerateThreat_20260408_002843.csv,multiple_runs_Random_DB_ModerateThreat_20260408_002843.csv,Random,Random,129,26.556016597510375,21.82572614107884,26.058091286307057,25.560165975103732
multiple_runs_Random_DB_ModerateThreat_20260408_002843.csv,multiple_runs_Random_DB_ModerateThreat_20260408_002843.csv,Random,Random,130,24.16052416052416,26.6994266994267,23.914823914823916,25.225225225225223
multiple_runs_Random_DB_ModerateThreat_20260408_002843.csv,multiple_runs_Random_DB_ModerateThreat_20260408_002843.csv,Random,Random,131,24.57482993197279,24.31972789115646,24.744897959183675,26.360544217687078
multiple_runs_Random_DB_ModerateThreat_20260408_002843.csv,multiple_runs_Random_DB_ModerateThreat_20260408_002843.csv,Random,Random,132,23.870417732310315,26.17220801364024,22.932651321398122,27.024722932651322
multiple_runs_Random_DB_ModerateThreat_20260408_002843.csv,multiple_runs_Random_DB_ModerateThreat_20260408_002843.csv,Random,Random,133,25.562031640299747,27.81015820149875,22.564529558701082,24.063280599500416
multiple_runs_Random_DB_ModerateThreat_20260408_002843.csv,multiple_runs_Random_DB_ModerateThreat_20260408_002843.csv,Random,Random,134,27.71186440677966,23.559322033898304,24.83050847457627,23.898305084745765
multiple_runs_Random_DB_ModerateThreat_20260408_002843.csv,multiple_runs_Random_DB_ModerateThreat_20260408_002843.csv,Random,Random,135,24.87644151565074,25.45304777594728,24.546952224052717,25.123558484349257
multiple_runs_Random_DB_ModerateThreat_20260408_002843.csv,multiple_runs_Random_DB_ModerateThreat_20260408_002843.csv,Random,Random,136,23.400673400673398,23.56902356902357,26.767676767676768,26.262626262626267
multiple_runs_Random_DB_ModerateThreat_20260408_002843.csv,multiple_runs_Random_DB_ModerateThreat_20260408_002843.csv,Random,Random,137,25.771476230191826,23.769808173477898,26.271893244370307,24.186822351959965
multiple_runs_Random_DB_ModerateThreat_20260408_002843.csv,multiple_runs_Random_DB_ModerateThreat_20260408_002843.csv,Random,Random,138,25.166112956810633,24.58471760797342,25.581395348837212,24.66777408637874
multiple_runs_Random_DB_ModerateThreat_20260408_002843.csv,multiple_runs_Random_DB_ModerateThreat_20260408_002843.csv,Random,Random,139,24.152191894127377,26.550868486352357,25.227460711331677,24.069478908188586
multiple_runs_Random_DB_ModerateThreat_20260408_002843.csv,multiple_runs_Random_DB_ModerateThreat_20260408_002843.csv,Random,Random,140,23.05743243243243,26.60472972972973,25.084459459459456,25.25337837837838
multiple_runs_Random_DB_ModerateThreat_20260408_002843.csv,multiple_runs_Random_DB_ModerateThreat_20260408_002843.csv,Random,Random,141,24.689312344656173,24.10936205468103,25.1864125932063,26.014913007456503
multiple_runs_Random_DB_ModerateThreat_20260408_002843.csv,multiple_runs_Random_DB_ModerateThreat_20260408_002843.csv,Random,Random,142,24.81012658227848,25.90717299578059,23.544303797468356,25.738396624472575
multiple_runs_Random_DB_ModerateThreat_20260408_002843.csv,multiple_runs_Random_DB_ModerateThreat_20260408_002843.csv,Random,Random,143,23.817427385892113,24.149377593360995,25.892116182572618,26.141078838174277
multiple_runs_Random_DB_ModerateThreat_20260408_002843.csv,multiple_runs_Random_DB_ModerateThreat_20260408_002843.csv,Random,Random,144,24.710743801652892,27.685950413223143,23.884297520661157,23.71900826446281
multiple_runs_Random_DB_ModerateThreat_20260408_002843.csv,multiple_runs_Random_DB_ModerateThreat_20260408_002843.csv,Random,Random,145,25.188916876574307,24.181360201511335,25.272879932829557,25.356842989084804
multiple_runs_Random_DB_ModerateThreat_20260408_002843.csv,multiple_runs_Random_DB_ModerateThreat_20260408_002843.csv,Random,Random,146,26.910569105691057,24.308943089430894,24.308943089430894,24.471544715447155
multiple_runs_Random_DB_ModerateThreat_20260408_002843.csv,multiple_runs_Random_DB_ModerateThreat_20260408_002843.csv,Random,Random,147,24.242424242424242,24.97952497952498,23.832923832923832,26.945126945126948
multiple_runs_Random_DB_ModerateThreat_20260408_002843.csv,multiple_runs_Random_DB_ModerateThreat_20260408_002843.csv,Random,Random,148,26.260162601626014,23.2520325203252,27.235772357723576,23.2520325203252
multiple_runs_Random_DB_ModerateThreat_20260408_002843.csv,multiple_runs_Random_DB_ModerateThreat_20260408_002843.csv,Random,Random,149,26.573426573426573,25.08741258741259,22.02797202797203,26.311188811188813
multiple_runs_Random_DB_ModerateThreat_20260408_002843.csv,multiple_runs_Random_DB_ModerateThreat_20260408_002843.csv,Random,Random,150,24.770642201834864,25.85487906588824,24.353628023352794,25.0208507089241
multiple_runs_Random_DB_ModerateThreat_20260408_002843.csv,multiple_runs_Random_DB_ModerateThreat_20260408_002843.csv,Random,Random,151,25.061830173124484,23.742786479802145,25.968672712283595,25.22671063478978
multiple_runs_Random_DB_ModerateThreat_20260408_002843.csv,multiple_runs_Random_DB_ModerateThreat_20260408_002843.csv,Random,Random,152,25.10495382031906,25.02099076406381,25.94458438287154,23.929471032745592
multiple_runs_Random_DB_ModerateThreat_20260408_002843.csv,multiple_runs_Random_DB_ModerateThreat_20260408_002843.csv,Random,Random,153,25.474031327287715,26.133553173948886,23.57790601813685,24.814509480626544
multiple_runs_Random_DB_ModerateThreat_20260408_002843.csv,multiple_runs_Random_DB_ModerateThreat_20260408_002843.csv,Random,Random,154,25.68027210884354,24.744897959183675,25.595238095238095,23.97959183673469
multiple_runs_Random_DB_ModerateThreat_20260408_002843.csv,multiple_runs_Random_DB_ModerateThreat_20260408_002843.csv,Random,Random,155,23.805532271584244,25.81726739312657,26.404023470243082,23.973176865046103
multiple_runs_Random_DB_ModerateThreat_20260408_002843.csv,multiple_runs_Random_DB_ModerateThreat_20260408_002843.csv,Random,Random,156,26.194398682042834,26.112026359143325,22.15815485996705,25.53542009884679
multiple_runs_Random_DB_ModerateThreat_20260408_002843.csv,multiple_runs_Random_DB_ModerateThreat_20260408_002843.csv,Random,Random,157,25.368248772504092,25.122749590834697,23.24058919803601,26.268412438625205
multiple_runs_Random_DB_ModerateThreat_20260408_002843.csv,multiple_runs_Random_DB_ModerateThreat_20260408_002843.csv,Random,Random,158,25.31645569620253,25.23206751054852,24.894514767932492,24.556962025316455
multiple_runs_Random_DB_ModerateThreat_20260408_002843.csv,multiple_runs_Random_DB_ModerateThreat_20260408_002843.csv,Random,Random,159,26.968174204355112,25.54438860971524,23.618090452261306,23.869346733668344
multiple_runs_Random_DB_ModerateThreat_20260408_002843.csv,multiple_runs_Random_DB_ModerateThreat_20260408_002843.csv,Random,Random,160,25.42927228127555,26.08340147179068,25.18397383483238,23.30335241210139
multiple_runs_Random_DB_ModerateThreat_20260408_002843.csv,multiple_runs_Random_DB_ModerateThreat_20260408_002843.csv,Random,Random,161,26.95152013147083,26.86935086277732,23.007395234182415,23.171733771569432
multiple_runs_Random_DB_ModerateThreat_20260408_002843.csv,multiple_runs_Random_DB_ModerateThreat_20260408_002843.csv,Random,Random,162,23.649754500818332,23.24058919803601,27.00490998363339,26.104746317512273
multiple_runs_Random_DB_ModerateThreat_20260408_002843.csv,multiple_runs_Random_DB_ModerateThreat_20260408_002843.csv,Random,Random,163,25.795918367346935,24.897959183673468,24.081632653061224,25.22448979591837
multiple_runs_Random_DB_ModerateThreat_20260408_002843.csv,multiple_runs_Random_DB_ModerateThreat_20260408_002843.csv,Random,Random,164,25.359256128486894,23.837700760777683,24.598478444632292,26.204564666103124
multiple_runs_Random_DB_ModerateThreat_20260408_002843.csv,multiple_runs_Random_DB_ModerateThreat_20260408_002843.csv,Random,Random,165,24.400330851943757,26.550868486352357,24.81389578163772,24.23490488006617
multiple_runs_Random_DB_ModerateThreat_20260408_002843.csv,multiple_runs_Random_DB_ModerateThreat_20260408_002843.csv,Random,Random,166,24.337748344370862,25.579470198675498,24.58609271523179,25.496688741721858
multiple_runs_Random_DB_ModerateThreat_20260408_002843.csv,multiple_runs_Random_DB_ModerateThreat_20260408_002843.csv,Random,Random,167,24.135090609555192,24.794069192751238,25.28830313014827,25.782537067545302
multiple_runs_Random_DB_ModerateThreat_20260408_002843.csv,multiple_runs_Random_DB_ModerateThreat_20260408_002843.csv,Random,Random,168,25.326797385620914,24.019607843137255,25.0,25.653594771241828
multiple_runs_Random_DB_ModerateThreat_20260408_002843.csv,multiple_runs_Random_DB_ModerateThreat_20260408_002843.csv,Random,Random,169,25.462184873949578,24.285714285714285,27.22689075630252,23.025210084033613
multiple_runs_Random_DB_ModerateThreat_20260408_002843.csv,multiple_runs_Random_DB_ModerateThreat_20260408_002843.csv,Random,Random,170,25.94142259414226,26.10878661087866,23.17991631799163,24.769874476987447
multiple_runs_Random_DB_ModerateThreat_20260408_002843.csv,multiple_runs_Random_DB_ModerateThreat_20260408_002843.csv,Random,Random,171,27.491694352159467,24.916943521594686,22.508305647840533,25.083056478405314
multiple_runs_Random_DB_ModerateThreat_20260408_002843.csv,multiple_runs_Random_DB_ModerateThreat_20260408_002843.csv,Random,Random,172,24.036850921273032,25.29313232830821,24.79061976549414,25.879396984924625
multiple_runs_Random_DB_ModerateThreat_20260408_002843.csv,multiple_runs_Random_DB_ModerateThreat_20260408_002843.csv,Random,Random,173,26.076158940397352,25.74503311258278,22.516556291390728,25.662251655629138
multiple_runs_Random_DB_ModerateThreat_20260408_002843.csv,multiple_runs_Random_DB_ModerateThreat_20260408_002843.csv,Random,Random,174,27.07993474714519,23.4094616639478,25.61174551386623,23.89885807504078
multiple_runs_Random_DB_ModerateThreat_20260408_002843.csv,multiple_runs_Random_DB_ModerateThreat_20260408_002843.csv,Random,Random,175,24.811399832355406,23.973176865046103,25.901089689857503,25.31433361274099
multiple_runs_Random_DB_ModerateThreat_20260408_002843.csv,multiple_runs_Random_DB_ModerateThreat_20260408_002843.csv,Random,Random,176,24.294268605645854,26.17621899059025,25.320786997433704,24.2087254063302
multiple_runs_Random_DB_ModerateThreat_20260408_002843.csv,multiple_runs_Random_DB_ModerateThreat_20260408_002843.csv,Random,Random,177,25.66585956416465,25.746569814366428,25.343018563357546,23.24455205811138
multiple_runs_Random_DB_ModerateThreat_20260408_002843.csv,multiple_runs_Random_DB_ModerateThreat_20260408_002843.csv,Random,Random,178,24.023275145469658,25.602660016625105,25.187032418952622,25.187032418952622
multiple_runs_Random_DB_ModerateThreat_20260408_002843.csv,multiple_runs_Random_DB_ModerateThreat_20260408_002843.csv,Random,Random,179,25.608732157850543,23.341729638958856,24.68513853904282,26.364399664147776
multiple_runs_Random_DB_ModerateThreat_20260408_002843.csv,multiple_runs_Random_DB_ModerateThreat_20260408_002843.csv,Random,Random,180,22.906403940886698,25.69786535303777,26.436781609195403,24.958949096880133
multiple_runs_Random_DB_ModerateThreat_20260408_002843.csv,multiple_runs_Random_DB_ModerateThreat_20260408_002843.csv,Random,Random,181,26.628194558944767,23.742786479802145,26.54575432811212,23.083264633140974
multiple_runs_Random_DB_ModerateThreat_20260408_002843.csv,multiple_runs_Random_DB_ModerateThreat_20260408_002843.csv,Random,Random,182,25.28830313014827,25.45304777594728,25.45304777594728,23.805601317957166
multiple_runs_Random_DB_ModerateThreat_20260408_002843.csv,multiple_runs_Random_DB_ModerateThreat_20260408_002843.csv,Random,Random,183,25.210084033613445,25.210084033613445,24.705882352941178,24.873949579831933
multiple_runs_Random_DB_ModerateThreat_20260408_002843.csv,multiple_runs_Random_DB_ModerateThreat_20260408_002843.csv,Random,Random,184,25.31645569620253,24.47257383966245,25.23206751054852,24.9789029535865
multiple_runs_Random_DB_ModerateThreat_20260408_002843.csv,multiple_runs_Random_DB_ModerateThreat_20260408_002843.csv,Random,Random,185,26.359143327841846,26.68863261943987,23.14662273476112,23.805601317957166
multiple_runs_Random_DB_ModerateThreat_20260408_002843.csv,multiple_runs_Random_DB_ModerateThreat_20260408_002843.csv,Random,Random,186,22.8099173553719,25.454545454545453,26.694214876033058,25.041322314049587
multiple_runs_Random_DB_ModerateThreat_20260408_002843.csv,multiple_runs_Random_DB_ModerateThreat_20260408_002843.csv,Random,Random,187,26.968174204355112,24.958123953098827,24.204355108877724,23.869346733668344
multiple_runs_Random_DB_ModerateThreat_20260408_002843.csv,multiple_runs_Random_DB_ModerateThreat_20260408_002843.csv,Random,Random,188,24.404272801972063,26.95152013147083,25.472473294987672,23.171733771569432
multiple_runs_Random_DB_ModerateThreat_20260408_002843.csv,multiple_runs_Random_DB_ModerateThreat_20260408_002843.csv,Random,Random,189,23.61344537815126,22.521008403361346,27.478991596638657,26.38655462184874
multiple_runs_Random_DB_ModerateThreat_20260408_002843.csv,multiple_runs_Random_DB_ModerateThreat_20260408_002843.csv,Random,Random,190,26.768968456947995,24.126172208013642,25.234441602728047,23.870417732310315
multiple_runs_Random_DB_ModerateThreat_20260408_002843.csv,multiple_runs_Random_DB_ModerateThreat_20260408_002843.csv,Random,Random,191,22.72340425531915,26.638297872340427,26.80851063829787,23.829787234042556
multiple_runs_Random_DB_ModerateThreat_20260408_002843.csv,multiple_runs_Random_DB_ModerateThreat_20260408_002843.csv,Random,Random,192,26.95439739413681,24.429967426710096,24.674267100977197,23.941368078175895
multiple_runs_Random_DB_ModerateThreat_20260408_002843.csv,multiple_runs_Random_DB_ModerateThreat_20260408_002843.csv,Random,Random,193,25.0,23.588039867109632,25.083056478405314,26.328903654485046
multiple_runs_Random_DB_ModerateThreat_20260408_002843.csv,multiple_runs_Random_DB_ModerateThreat_20260408_002843.csv,Random,Random,194,26.008230452674898,22.962962962962962,24.444444444444443,26.584362139917694
multiple_runs_Random_DB_ModerateThreat_20260408_002843.csv,multiple_runs_Random_DB_ModerateThreat_20260408_002843.csv,Random,Random,195,25.27105921601334,26.271893244370307,23.269391159299417,25.18765638031693
multiple_runs_Random_DB_ModerateThreat_20260408_002843.csv,multiple_runs_Random_DB_ModerateThreat_20260408_002843.csv,Random,Random,196,24.520433694745623,23.853211009174313,25.85487906588824,25.771476230191826
multiple_runs_Random_DB_ModerateThreat_20260408_002843.csv,multiple_runs_Random_DB_ModerateThreat_20260408_002843.csv,Random,Random,197,25.418060200668897,24.16387959866221,24.498327759197323,25.91973244147157
multiple_runs_Random_DB_ModerateThreat_20260408_002843.csv,multiple_runs_Random_DB_ModerateThreat_20260408_002843.csv,Random,Random,198,25.206611570247933,25.371900826446282,24.628099173553718,24.793388429752067
multiple_runs_Random_DB_ModerateThreat_20260408_002843.csv,multiple_runs_Random_DB_ModerateThreat_20260408_002843.csv,Random,Random,199,25.419463087248324,27.01342281879195,23.322147651006713,24.24496644295302
multiple_runs_Random_DB_ModerateThreat_20260408_002843.csv,multiple_runs_Random_DB_ModerateThreat_20260408_002843.csv,Random,Random,200,23.53909465020576,26.337448559670783,24.362139917695476,25.761316872427987
multiple_runs_random_NB_lowThreat_20260406_045507.csv,multiple_runs_random_NB_lowThreat_20260406_045507.csv,Random,Random,1,24.52361226180613,25.103562551781277,25.43496271748136,24.937862468931236
multiple_runs_random_NB_lowThreat_20260406_045507.csv,multiple_runs_random_NB_lowThreat_20260406_045507.csv,Random,Random,2,25.231286795626577,26.74516400336417,23.128679562657695,24.894869638351555
multiple_runs_random_NB_lowThreat_20260406_045507.csv,multiple_runs_random_NB_lowThreat_20260406_045507.csv,Random,Random,3,23.891625615763548,23.973727422003286,25.533661740558294,26.60098522167488
multiple_runs_random_NB_lowThreat_20260406_045507.csv,multiple_runs_random_NB_lowThreat_20260406_045507.csv,Random,Random,4,24.938875305623473,25.509372453137736,24.36837815810921,25.183374083129586
multiple_runs_random_NB_lowThreat_20260406_045507.csv,multiple_runs_random_NB_lowThreat_20260406_045507.csv,Random,Random,5,24.09739714525609,23.929471032745592,25.94458438287154,26.028547439126786
multiple_runs_random_NB_lowThreat_20260406_045507.csv,multiple_runs_random_NB_lowThreat_20260406_045507.csv,Random,Random,6,24.81692432872254,26.851098454027667,24.735557363710335,23.596419853539462
multiple_runs_random_NB_lowThreat_20260406_045507.csv,multiple_runs_random_NB_lowThreat_20260406_045507.csv,Random,Random,7,25.273799494524006,26.79022746419545,22.32518955349621,25.610783487784328
multiple_runs_random_NB_lowThreat_20260406_045507.csv,multiple_runs_random_NB_lowThreat_20260406_045507.csv,Random,Random,8,24.15824915824916,23.98989898989899,27.02020202020202,24.831649831649834
multiple_runs_random_NB_lowThreat_20260406_045507.csv,multiple_runs_random_NB_lowThreat_20260406_045507.csv,Random,Random,9,25.695029486099408,23.251895534962088,25.021061499578767,26.032013479359726
multiple_runs_random_NB_lowThreat_20260406_045507.csv,multiple_runs_random_NB_lowThreat_20260406_045507.csv,Random,Random,10,23.333333333333332,27.0,23.666666666666668,26.0
multiple_runs_random_NB_lowThreat_20260406_045507.csv,multiple_runs_random_NB_lowThreat_20260406_045507.csv,Random,Random,11,24.625623960066555,24.126455906821963,24.54242928452579,26.70549084858569
multiple_runs_random_NB_lowThreat_20260406_045507.csv,multiple_runs_random_NB_lowThreat_20260406_045507.csv,Random,Random,12,26.04255319148936,24.0,25.617021276595747,24.340425531914896
multiple_runs_random_NB_lowThreat_20260406_045507.csv,multiple_runs_random_NB_lowThreat_20260406_045507.csv,Random,Random,13,23.865546218487395,22.77310924369748,26.80672268907563,26.554621848739497
multiple_runs_random_NB_lowThreat_20260406_045507.csv,multiple_runs_random_NB_lowThreat_20260406_045507.csv,Random,Random,14,26.10508757297748,23.769808173477898,25.604670558798997,24.520433694745623
multiple_runs_random_NB_lowThreat_20260406_045507.csv,multiple_runs_random_NB_lowThreat_20260406_045507.csv,Random,Random,15,21.64862614487927,28.726061615320564,24.229808492922565,25.3955037468776
multiple_runs_random_NB_lowThreat_20260406_045507.csv,multiple_runs_random_NB_lowThreat_20260406_045507.csv,Random,Random,16,23.813488759367193,25.89508742714405,23.397169025811824,26.894254787676935
multiple_runs_random_NB_lowThreat_20260406_045507.csv,multiple_runs_random_NB_lowThreat_20260406_045507.csv,Random,Random,17,25.560165975103732,24.896265560165975,24.315352697095435,25.228215767634854
multiple_runs_random_NB_lowThreat_20260406_045507.csv,multiple_runs_random_NB_lowThreat_20260406_045507.csv,Random,Random,18,23.19932998324958,23.53433835845896,27.889447236180903,25.376884422110553
multiple_runs_random_NB_lowThreat_20260406_045507.csv,multiple_runs_random_NB_lowThreat_20260406_045507.csv,Random,Random,19,23.769808173477898,23.936613844870724,27.939949958298584,24.353628023352794
multiple_runs_random_NB_lowThreat_20260406_045507.csv,multiple_runs_random_NB_lowThreat_20260406_045507.csv,Random,Random,20,26.492851135407907,24.97897392767031,25.063078216989066,23.465096719932717
multiple_runs_random_NB_lowThreat_20260406_045507.csv,multiple_runs_random_NB_lowThreat_20260406_045507.csv,Random,Random,21,26.21199671322925,26.047658175842237,22.67871815940838,25.061626951520132
multiple_runs_random_NB_lowThreat_20260406_045507.csv,multiple_runs_random_NB_lowThreat_20260406_045507.csv,Random,Random,22,26.505016722408026,24.24749163879599,21.989966555183944,27.257525083612038
multiple_runs_random_NB_lowThreat_20260406_045507.csv,multiple_runs_random_NB_lowThreat_20260406_045507.csv,Random,Random,23,24.97854077253219,26.781115879828327,25.064377682403432,23.17596566523605
multiple_runs_random_NB_lowThreat_20260406_045507.csv,multiple_runs_random_NB_lowThreat_20260406_045507.csv,Random,Random,24,26.237623762376238,25.0,24.09240924092409,24.669966996699667
multiple_runs_random_NB_lowThreat_20260406_045507.csv,multiple_runs_random_NB_lowThreat_20260406_045507.csv,Random,Random,25,26.66112956810631,23.837209302325583,24.418604651162788,25.083056478405314
multiple_runs_random_NB_lowThreat_20260406_045507.csv,multiple_runs_random_NB_lowThreat_20260406_045507.csv,Random,Random,26,26.346313173156588,22.618061309030654,26.346313173156588,24.689312344656173
multiple_runs_random_NB_lowThreat_20260406_045507.csv,multiple_runs_random_NB_lowThreat_20260406_045507.csv,Random,Random,27,24.324324324324326,26.289926289926292,24.406224406224407,24.97952497952498
multiple_runs_random_NB_lowThreat_20260406_045507.csv,multiple_runs_random_NB_lowThreat_20260406_045507.csv,Random,Random,28,24.787052810902896,26.2350936967632,24.361158432708688,24.61669505962521
multiple_runs_random_NB_lowThreat_20260406_045507.csv,multiple_runs_random_NB_lowThreat_20260406_045507.csv,Random,Random,29,24.66216216216216,24.91554054054054,25.675675675675674,24.74662162162162
multiple_runs_random_NB_lowThreat_20260406_045507.csv,multiple_runs_random_NB_lowThreat_20260406_045507.csv,Random,Random,30,25.061626951520132,24.56861133935908,25.30813475760066,25.061626951520132
multiple_runs_random_NB_lowThreat_20260406_045507.csv,multiple_runs_random_NB_lowThreat_20260406_045507.csv,Random,Random,31,24.435146443514643,25.188284518828453,25.94142259414226,24.435146443514643
multiple_runs_random_NB_lowThreat_20260406_045507.csv,multiple_runs_random_NB_lowThreat_20260406_045507.csv,Random,Random,32,26.65016501650165,26.237623762376238,24.257425742574256,22.854785478547853
multiple_runs_random_NB_lowThreat_20260406_045507.csv,multiple_runs_random_NB_lowThreat_20260406_045507.csv,Random,Random,33,25.704526046114434,24.765157984628523,24.16737830913749,25.362937660119556
multiple_runs_random_NB_lowThreat_20260406_045507.csv,multiple_runs_random_NB_lowThreat_20260406_045507.csv,Random,Random,34,24.377682403433475,26.781115879828327,25.579399141630898,23.261802575107296
multiple_runs_random_NB_lowThreat_20260406_045507.csv,multiple_runs_random_NB_lowThreat_20260406_045507.csv,Random,Random,35,24.132231404958677,25.28925619834711,24.958677685950413,25.6198347107438
multiple_runs_random_NB_lowThreat_20260406_045507.csv,multiple_runs_random_NB_lowThreat_20260406_045507.csv,Random,Random,36,25.7285595337219,25.062447960033307,26.311407160699417,22.89758534554538
multiple_runs_random_NB_lowThreat_20260406_045507.csv,multiple_runs_random_NB_lowThreat_20260406_045507.csv,Random,Random,37,23.420387531592247,25.947767481044647,24.51558550968829,26.11625947767481
multiple_runs_random_NB_lowThreat_20260406_045507.csv,multiple_runs_random_NB_lowThreat_20260406_045507.csv,Random,Random,38,25.22596548890715,26.294165981922763,24.404272801972063,24.075595727198028
multiple_runs_random_NB_lowThreat_20260406_045507.csv,multiple_runs_random_NB_lowThreat_20260406_045507.csv,Random,Random,39,24.220032840722496,25.69786535303777,24.548440065681447,25.533661740558294
multiple_runs_random_NB_lowThreat_20260406_045507.csv,multiple_runs_random_NB_lowThreat_20260406_045507.csv,Random,Random,40,22.443890274314214,25.353283458021615,28.6783042394015,23.524522028262677
multiple_runs_random_NB_lowThreat_20260406_045507.csv,multiple_runs_random_NB_lowThreat_20260406_045507.csv,Random,Random,41,25.14767932489452,23.122362869198312,26.666666666666668,25.063291139240505
multiple_runs_random_NB_lowThreat_20260406_045507.csv,multiple_runs_random_NB_lowThreat_20260406_045507.csv,Random,Random,42,26.85851318944844,25.65947242206235,22.70183852917666,24.78017585931255
multiple_runs_random_NB_lowThreat_20260406_045507.csv,multiple_runs_random_NB_lowThreat_20260406_045507.csv,Random,Random,43,25.516102394715112,25.928984310487202,23.781998348472335,24.77291494632535
multiple_runs_random_NB_lowThreat_20260406_045507.csv,multiple_runs_random_NB_lowThreat_20260406_045507.csv,Random,Random,44,26.180613090306544,22.700911350455673,25.766362883181444,25.352112676056336
multiple_runs_random_NB_lowThreat_20260406_045507.csv,multiple_runs_random_NB_lowThreat_20260406_045507.csv,Random,Random,45,23.425692695214106,25.608732157850543,25.440806045340054,25.524769101595297
multiple_runs_random_NB_lowThreat_20260406_045507.csv,multiple_runs_random_NB_lowThreat_20260406_045507.csv,Random,Random,46,28.07017543859649,25.563909774436087,21.97159565580618,24.394319131161236
multiple_runs_random_NB_lowThreat_20260406_045507.csv,multiple_runs_random_NB_lowThreat_20260406_045507.csv,Random,Random,47,21.985233798195242,26.08695652173913,26.41509433962264,25.512715340442988
multiple_runs_random_NB_lowThreat_20260406_045507.csv,multiple_runs_random_NB_lowThreat_20260406_045507.csv,Random,Random,48,24.624373956594322,22.537562604340565,24.207011686143574,28.63105175292154
multiple_runs_random_NB_lowThreat_20260406_045507.csv,multiple_runs_random_NB_lowThreat_20260406_045507.csv,Random,Random,49,25.756336876533116,22.567457072771873,25.674570727718727,26.001635322976284
multiple_runs_random_NB_lowThreat_20260406_045507.csv,multiple_runs_random_NB_lowThreat_20260406_045507.csv,Random,Random,50,22.536418166238217,25.449871465295633,25.021422450728366,26.99228791773779
multiple_runs_random_NB_lowThreat_20260406_045507.csv,multiple_runs_random_NB_lowThreat_20260406_045507.csv,Random,Random,51,25.04145936981758,23.797678275290217,25.207296849087896,25.95356550580431
multiple_runs_random_NB_lowThreat_20260406_045507.csv,multiple_runs_random_NB_lowThreat_20260406_045507.csv,Random,Random,52,23.471074380165287,24.297520661157023,25.206611570247933,27.024793388429753
multiple_runs_random_NB_lowThreat_20260406_045507.csv,multiple_runs_random_NB_lowThreat_20260406_045507.csv,Random,Random,53,24.518828451882847,25.10460251046025,24.518828451882847,25.85774058577406
multiple_runs_random_NB_lowThreat_20260406_045507.csv,multiple_runs_random_NB_lowThreat_20260406_045507.csv,Random,Random,54,24.878836833602584,24.79806138933764,25.040387722132472,25.282714054927304
multiple_runs_random_NB_lowThreat_20260406_045507.csv,multiple_runs_random_NB_lowThreat_20260406_045507.csv,Random,Random,55,24.793388429752067,23.305785123966942,25.702479338842977,26.198347107438018
multiple_runs_random_NB_lowThreat_20260406_045507.csv,multiple_runs_random_NB_lowThreat_20260406_045507.csv,Random,Random,56,25.950413223140494,23.636363636363637,25.537190082644628,24.87603305785124
multiple_runs_random_NB_lowThreat_20260406_045507.csv,multiple_runs_random_NB_lowThreat_20260406_045507.csv,Random,Random,57,24.064625850340136,21.343537414965986,26.785714285714285,27.806122448979593
multiple_runs_random_NB_lowThreat_20260406_045507.csv,multiple_runs_random_NB_lowThreat_20260406_045507.csv,Random,Random,58,26.661197703035278,24.28219852337982,24.364232977850698,24.69237079573421
multiple_runs_random_NB_lowThreat_20260406_045507.csv,multiple_runs_random_NB_lowThreat_20260406_045507.csv,Random,Random,59,24.855012427506214,25.269262634631318,26.26346313173157,23.612261806130903
multiple_runs_random_NB_lowThreat_20260406_045507.csv,multiple_runs_random_NB_lowThreat_20260406_045507.csv,Random,Random,60,25.062240663900415,25.394190871369293,25.394190871369293,24.149377593360995
multiple_runs_random_NB_lowThreat_20260406_045507.csv,multiple_runs_random_NB_lowThreat_20260406_045507.csv,Random,Random,61,24.392288348700756,25.48197820620285,24.811399832355406,25.31433361274099
multiple_runs_random_NB_lowThreat_20260406_045507.csv,multiple_runs_random_NB_lowThreat_20260406_045507.csv,Random,Random,62,23.72598162071846,25.81453634085213,25.730994152046783,24.728487886382624
multiple_runs_random_NB_lowThreat_20260406_045507.csv,multiple_runs_random_NB_lowThreat_20260406_045507.csv,Random,Random,63,25.695029486099408,23.50463352990733,24.76832350463353,26.032013479359726
multiple_runs_random_NB_lowThreat_20260406_045507.csv,multiple_runs_random_NB_lowThreat_20260406_045507.csv,Random,Random,64,23.28086164043082,26.346313173156588,24.689312344656173,25.68351284175642
multiple_runs_random_NB_lowThreat_20260406_045507.csv,multiple_runs_random_NB_lowThreat_20260406_045507.csv,Random,Random,65,25.270157938487113,23.773898586866167,24.023275145469658,26.932668329177055
multiple_runs_random_NB_lowThreat_20260406_045507.csv,multiple_runs_random_NB_lowThreat_20260406_045507.csv,Random,Random,66,25.72614107883817,23.983402489626556,23.153526970954356,27.136929460580912
multiple_runs_random_NB_lowThreat_20260406_045507.csv,multiple_runs_random_NB_lowThreat_20260406_045507.csv,Random,Random,67,27.773212818405916,24.48644207066557,25.883319638455216,21.857025472473296
multiple_runs_random_NB_lowThreat_20260406_045507.csv,multiple_runs_random_NB_lowThreat_20260406_045507.csv,Random,Random,68,24.155405405405407,27.618243243243246,24.83108108108108,23.39527027027027
multiple_runs_random_NB_lowThreat_20260406_045507.csv,multiple_runs_random_NB_lowThreat_20260406_045507.csv,Random,Random,69,23.509655751469353,26.448362720403022,23.5936188077246,26.448362720403022
multiple_runs_random_NB_lowThreat_20260406_045507.csv,multiple_runs_random_NB_lowThreat_20260406_045507.csv,Random,Random,70,24.668874172185433,25.74503311258278,24.420529801324502,25.165562913907287
multiple_runs_random_NB_lowThreat_20260406_045507.csv,multiple_runs_random_NB_lowThreat_20260406_045507.csv,Random,Random,71,24.559932942162614,24.392288348700756,25.39815590947192,25.649622799664712
multiple_runs_random_NB_lowThreat_20260406_045507.csv,multiple_runs_random_NB_lowThreat_20260406_045507.csv,Random,Random,72,24.44260941370768,25.43352601156069,24.112303881090007,26.011560693641616
multiple_runs_random_NB_lowThreat_20260406_045507.csv,multiple_runs_random_NB_lowThreat_20260406_045507.csv,Random,Random,73,25.628140703517587,24.288107202680067,25.628140703517587,24.455611390284755
multiple_runs_random_NB_lowThreat_20260406_045507.csv,multiple_runs_random_NB_lowThreat_20260406_045507.csv,Random,Random,74,24.198988195615513,23.608768971332207,27.150084317032043,25.042158516020237
multiple_runs_random_NB_lowThreat_20260406_045507.csv,multiple_runs_random_NB_lowThreat_20260406_045507.csv,Random,Random,75,24.647302904564317,27.136929460580912,23.983402489626556,24.232365145228215
multiple_runs_random_NB_lowThreat_20260406_045507.csv,multiple_runs_random_NB_lowThreat_20260406_045507.csv,Random,Random,76,26.198347107438018,26.033057851239672,23.71900826446281,24.049586776859506
multiple_runs_random_NB_lowThreat_20260406_045507.csv,multiple_runs_random_NB_lowThreat_20260406_045507.csv,Random,Random,77,24.559932942162614,24.392288348700756,25.81726739312657,25.230511316010055
multiple_runs_random_NB_lowThreat_20260406_045507.csv,multiple_runs_random_NB_lowThreat_20260406_045507.csv,Random,Random,78,24.174917491749177,25.577557755775576,24.58745874587459,25.660066006600662
multiple_runs_random_NB_lowThreat_20260406_045507.csv,multiple_runs_random_NB_lowThreat_20260406_045507.csv,Random,Random,79,25.93537414965986,25.08503401360544,23.97959183673469,25.0
multiple_runs_random_NB_lowThreat_20260406_045507.csv,multiple_runs_random_NB_lowThreat_20260406_045507.csv,Random,Random,80,26.387702818104188,27.83945345858241,21.178479931682322,24.594363791631086
multiple_runs_random_NB_lowThreat_20260406_045507.csv,multiple_runs_random_NB_lowThreat_20260406_045507.csv,Random,Random,81,24.5362563237774,24.957841483979763,26.138279932546375,24.367622259696457
multiple_runs_random_NB_lowThreat_20260406_045507.csv,multiple_runs_random_NB_lowThreat_20260406_045507.csv,Random,Random,82,25.376884422110553,25.879396984924625,24.120603015075375,24.623115577889447
multiple_runs_random_NB_lowThreat_20260406_045507.csv,multiple_runs_random_NB_lowThreat_20260406_045507.csv,Random,Random,83,24.5777027027027,26.351351351351347,25.929054054054053,23.14189189189189
multiple_runs_random_NB_lowThreat_20260406_045507.csv,multiple_runs_random_NB_lowThreat_20260406_045507.csv,Random,Random,84,22.885572139303484,26.616915422885572,26.285240464344945,24.212271973466002
multiple_runs_random_NB_lowThreat_20260406_045507.csv,multiple_runs_random_NB_lowThreat_20260406_045507.csv,Random,Random,85,23.71048252911814,28.036605657237935,25.707154742096506,22.54575707154742
multiple_runs_random_NB_lowThreat_20260406_045507.csv,multiple_runs_random_NB_lowThreat_20260406_045507.csv,Random,Random,86,23.263598326359833,26.861924686192467,24.01673640167364,25.85774058577406
multiple_runs_random_NB_lowThreat_20260406_045507.csv,multiple_runs_random_NB_lowThreat_20260406_045507.csv,Random,Random,87,24.126172208013642,27.10997442455243,25.234441602728047,23.52941176470588
multiple_runs_random_NB_lowThreat_20260406_045507.csv,multiple_runs_random_NB_lowThreat_20260406_045507.csv,Random,Random,88,23.96972245584525,29.015979814970567,23.80151387720774,23.21278385197645
multiple_runs_random_NB_lowThreat_20260406_045507.csv,multiple_runs_random_NB_lowThreat_20260406_045507.csv,Random,Random,89,25.255102040816325,25.68027210884354,25.595238095238095,23.46938775510204
multiple_runs_random_NB_lowThreat_20260406_045507.csv,multiple_runs_random_NB_lowThreat_20260406_045507.csv,Random,Random,90,26.254180602006688,24.665551839464882,24.83277591973244,24.24749163879599
multiple_runs_random_NB_lowThreat_20260406_045507.csv,multiple_runs_random_NB_lowThreat_20260406_045507.csv,Random,Random,91,25.020712510356258,23.363711681855843,26.014913007456503,25.6006628003314
multiple_runs_random_NB_lowThreat_20260406_045507.csv,multiple_runs_random_NB_lowThreat_20260406_045507.csv,Random,Random,92,25.062240663900415,25.062240663900415,25.394190871369293,24.481327800829874
multiple_runs_random_NB_lowThreat_20260406_045507.csv,multiple_runs_random_NB_lowThreat_20260406_045507.csv,Random,Random,93,25.608732157850543,25.10495382031906,25.356842989084804,23.929471032745592
multiple_runs_random_NB_lowThreat_20260406_045507.csv,multiple_runs_random_NB_lowThreat_20260406_045507.csv,Random,Random,94,25.681255161023948,27.002477291494632,23.038810900082577,24.277456647398843
multiple_runs_random_NB_lowThreat_20260406_045507.csv,multiple_runs_random_NB_lowThreat_20260406_045507.csv,Random,Random,95,27.00854700854701,25.555555555555554,24.529914529914528,22.905982905982906
multiple_runs_random_NB_lowThreat_20260406_045507.csv,multiple_runs_random_NB_lowThreat_20260406_045507.csv,Random,Random,96,24.351464435146443,25.523012552301257,24.602510460251047,25.523012552301257
multiple_runs_random_NB_lowThreat_20260406_045507.csv,multiple_runs_random_NB_lowThreat_20260406_045507.csv,Random,Random,97,25.91362126245847,24.086378737541526,26.328903654485046,23.67109634551495
multiple_runs_random_NB_lowThreat_20260406_045507.csv,multiple_runs_random_NB_lowThreat_20260406_045507.csv,Random,Random,98,22.70408163265306,27.721088435374146,24.404761904761905,25.170068027210885
multiple_runs_random_NB_lowThreat_20260406_045507.csv,multiple_runs_random_NB_lowThreat_20260406_045507.csv,Random,Random,99,24.369747899159663,23.697478991596636,26.218487394957986,25.71428571428571
multiple_runs_random_NB_lowThreat_20260406_045507.csv,multiple_runs_random_NB_lowThreat_20260406_045507.csv,Random,Random,100,25.0,27.195945945945947,25.4222972972973,22.381756756756758
multiple_runs_random_NB_lowThreat_20260406_045507.csv,multiple_runs_random_NB_lowThreat_20260406_045507.csv,Random,Random,101,25.32786885245902,25.163934426229506,26.639344262295083,22.86885245901639
multiple_runs_random_NB_lowThreat_20260406_045507.csv,multiple_runs_random_NB_lowThreat_20260406_045507.csv,Random,Random,102,24.324324324324326,25.225225225225223,24.488124488124487,25.96232596232596
multiple_runs_random_NB_lowThreat_20260406_045507.csv,multiple_runs_random_NB_lowThreat_20260406_045507.csv,Random,Random,103,26.688907422852377,26.10508757297748,23.603002502085072,23.603002502085072
multiple_runs_random_NB_lowThreat_20260406_045507.csv,multiple_runs_random_NB_lowThreat_20260406_045507.csv,Random,Random,104,24.204355108877724,25.54438860971524,24.5393634840871,25.711892797319933
multiple_runs_random_NB_lowThreat_20260406_045507.csv,multiple_runs_random_NB_lowThreat_20260406_045507.csv,Random,Random,105,22.62103505843072,27.04507512520868,24.874791318864776,25.459098497495823
multiple_runs_random_NB_lowThreat_20260406_045507.csv,multiple_runs_random_NB_lowThreat_20260406_045507.csv,Random,Random,106,26.599326599326602,25.589225589225588,25.589225589225588,22.22222222222222
multiple_runs_random_NB_lowThreat_20260406_045507.csv,multiple_runs_random_NB_lowThreat_20260406_045507.csv,Random,Random,107,25.412541254125415,26.155115511551152,24.33993399339934,24.09240924092409
multiple_runs_random_NB_lowThreat_20260406_045507.csv,multiple_runs_random_NB_lowThreat_20260406_045507.csv,Random,Random,108,24.34426229508197,25.901639344262296,25.245901639344265,24.508196721311474
multiple_runs_random_NB_lowThreat_20260406_045507.csv,multiple_runs_random_NB_lowThreat_20260406_045507.csv,Random,Random,109,23.654995730145174,27.241673783091375,28.52263023057216,20.58070025619129
multiple_runs_random_NB_lowThreat_20260406_045507.csv,multiple_runs_random_NB_lowThreat_20260406_045507.csv,Random,Random,110,26.350245499181668,24.058919803600652,23.158756137479543,26.432078559738137
multiple_runs_random_NB_lowThreat_20260406_045507.csv,multiple_runs_random_NB_lowThreat_20260406_045507.csv,Random,Random,111,26.458157227387996,23.1614539306847,24.175824175824175,26.204564666103124
multiple_runs_random_NB_lowThreat_20260406_045507.csv,multiple_runs_random_NB_lowThreat_20260406_045507.csv,Random,Random,112,23.519458544839257,25.719120135363788,23.434856175972925,27.326565143824027
multiple_runs_random_NB_lowThreat_20260406_045507.csv,multiple_runs_random_NB_lowThreat_20260406_045507.csv,Random,Random,113,22.967309304274938,26.655490360435873,25.39815590947192,24.979044425817268
multiple_runs_random_NB_lowThreat_20260406_045507.csv,multiple_runs_random_NB_lowThreat_20260406_045507.csv,Random,Random,114,22.8430566967954,25.390304026294164,25.390304026294164,26.37633525061627
multiple_runs_random_NB_lowThreat_20260406_045507.csv,multiple_runs_random_NB_lowThreat_20260406_045507.csv,Random,Random,115,25.81726739312657,24.392288348700756,26.73931265716681,23.051131601005867
multiple_runs_random_NB_lowThreat_20260406_045507.csv,multiple_runs_random_NB_lowThreat_20260406_045507.csv,Random,Random,116,25.374376039933445,24.875207986688853,23.960066555740433,25.79034941763727
multiple_runs_random_NB_lowThreat_20260406_045507.csv,multiple_runs_random_NB_lowThreat_20260406_045507.csv,Random,Random,117,26.56119900083264,25.645295587010825,24.56286427976686,23.230641132389675
multiple_runs_random_NB_lowThreat_20260406_045507.csv,multiple_runs_random_NB_lowThreat_20260406_045507.csv,Random,Random,118,23.407775020678244,27.70885028949545,24.317617866004962,24.56575682382134
multiple_runs_random_NB_lowThreat_20260406_045507.csv,multiple_runs_random_NB_lowThreat_20260406_045507.csv,Random,Random,119,21.73202614379085,22.54901960784314,27.124183006535947,28.594771241830063
multiple_runs_random_NB_lowThreat_20260406_045507.csv,multiple_runs_random_NB_lowThreat_20260406_045507.csv,Random,Random,120,23.070539419087137,24.481327800829874,27.219917012448132,25.228215767634854
multiple_runs_random_NB_lowThreat_20260406_045507.csv,multiple_runs_random_NB_lowThreat_20260406_045507.csv,Random,Random,121,24.63054187192118,24.46633825944171,24.876847290640395,26.026272577996718
multiple_runs_random_NB_lowThreat_20260406_045507.csv,multiple_runs_random_NB_lowThreat_20260406_045507.csv,Random,Random,122,25.143796220213638,23.500410846343467,26.047658175842237,25.30813475760066
multiple_runs_random_NB_lowThreat_20260406_045507.csv,multiple_runs_random_NB_lowThreat_20260406_045507.csv,Random,Random,123,25.941080196399348,23.731587561374795,24.631751227495908,25.695581014729953
multiple_runs_random_NB_lowThreat_20260406_045507.csv,multiple_runs_random_NB_lowThreat_20260406_045507.csv,Random,Random,124,24.561403508771928,25.48036758563074,25.98162071846282,23.976608187134502
multiple_runs_random_NB_lowThreat_20260406_045507.csv,multiple_runs_random_NB_lowThreat_20260406_045507.csv,Random,Random,125,25.456053067993366,25.95356550580431,22.885572139303484,25.70480928689884
multiple_runs_random_NB_lowThreat_20260406_045507.csv,multiple_runs_random_NB_lowThreat_20260406_045507.csv,Random,Random,126,24.20965058236273,25.45757071547421,23.71048252911814,26.622296173044923
multiple_runs_random_NB_lowThreat_20260406_045507.csv,multiple_runs_random_NB_lowThreat_20260406_045507.csv,Random,Random,127,24.30379746835443,24.47257383966245,22.70042194092827,28.523206751054854
multiple_runs_random_NB_lowThreat_20260406_045507.csv,multiple_runs_random_NB_lowThreat_20260406_045507.csv,Random,Random,128,24.87437185929648,27.554438860971526,24.120603015075375,23.450586264656618
multiple_runs_random_NB_lowThreat_20260406_045507.csv,multiple_runs_random_NB_lowThreat_20260406_045507.csv,Random,Random,129,24.74576271186441,25.593220338983052,25.169491525423727,24.491525423728813
multiple_runs_random_NB_lowThreat_20260406_045507.csv,multiple_runs_random_NB_lowThreat_20260406_045507.csv,Random,Random,130,25.394190871369293,25.228215767634854,25.311203319502074,24.066390041493776
multiple_runs_random_NB_lowThreat_20260406_045507.csv,multiple_runs_random_NB_lowThreat_20260406_045507.csv,Random,Random,131,24.917218543046356,25.99337748344371,24.668874172185433,24.420529801324502
multiple_runs_random_NB_lowThreat_20260406_045507.csv,multiple_runs_random_NB_lowThreat_20260406_045507.csv,Random,Random,132,24.30613961312027,26.91337258200168,24.137931034482758,24.64255677039529
multiple_runs_random_NB_lowThreat_20260406_045507.csv,multiple_runs_random_NB_lowThreat_20260406_045507.csv,Random,Random,133,24.486301369863014,24.143835616438356,25.77054794520548,25.59931506849315
multiple_runs_random_NB_lowThreat_20260406_045507.csv,multiple_runs_random_NB_lowThreat_20260406_045507.csv,Random,Random,134,24.378109452736318,23.466003316749585,27.363184079601986,24.792703150912107
multiple_runs_random_NB_lowThreat_20260406_045507.csv,multiple_runs_random_NB_lowThreat_20260406_045507.csv,Random,Random,135,26.108374384236456,23.973727422003286,23.563218390804597,26.354679802955665
multiple_runs_random_NB_lowThreat_20260406_045507.csv,multiple_runs_random_NB_lowThreat_20260406_045507.csv,Random,Random,136,22.715627668659266,26.216908625106743,25.27754056362084,25.78992314261315
multiple_runs_random_NB_lowThreat_20260406_045507.csv,multiple_runs_random_NB_lowThreat_20260406_045507.csv,Random,Random,137,24.549918166939445,25.368248772504092,26.432078559738137,23.649754500818332
multiple_runs_random_NB_lowThreat_20260406_045507.csv,multiple_runs_random_NB_lowThreat_20260406_045507.csv,Random,Random,138,23.8290879211175,26.294165981922763,23.99342645850452,25.883319638455216
multiple_runs_random_NB_lowThreat_20260406_045507.csv,multiple_runs_random_NB_lowThreat_20260406_045507.csv,Random,Random,139,23.645320197044335,25.04105090311987,25.69786535303777,25.615763546798032
multiple_runs_random_NB_lowThreat_20260406_045507.csv,multiple_runs_random_NB_lowThreat_20260406_045507.csv,Random,Random,140,23.731728288908,25.537403267411868,24.419604471195186,26.311263972484955
multiple_runs_random_NB_lowThreat_20260406_045507.csv,multiple_runs_random_NB_lowThreat_20260406_045507.csv,Random,Random,141,23.418803418803417,26.153846153846157,24.017094017094017,26.410256410256412
multiple_runs_random_NB_lowThreat_20260406_045507.csv,multiple_runs_random_NB_lowThreat_20260406_045507.csv,Random,Random,142,24.400330851943757,27.377998345740277,23.407775020678244,24.81389578163772
multiple_runs_random_NB_lowThreat_20260406_045507.csv,multiple_runs_random_NB_lowThreat_20260406_045507.csv,Random,Random,143,23.86655260906758,26.603934987168522,25.83404619332763,23.69546621043627
multiple_runs_random_NB_lowThreat_20260406_045507.csv,multiple_runs_random_NB_lowThreat_20260406_045507.csv,Random,Random,144,27.983193277310924,25.966386554621852,21.764705882352942,24.285714285714285
multiple_runs_random_NB_lowThreat_20260406_045507.csv,multiple_runs_random_NB_lowThreat_20260406_045507.csv,Random,Random,145,24.10640066500416,23.19201995012469,26.01828761429759,26.683291770573565
multiple_runs_random_NB_lowThreat_20260406_045507.csv,multiple_runs_random_NB_lowThreat_20260406_045507.csv,Random,Random,146,24.36332767402377,26.23089983022071,26.6553480475382,22.75042444821732
multiple_runs_random_NB_lowThreat_20260406_045507.csv,multiple_runs_random_NB_lowThreat_20260406_045507.csv,Random,Random,147,24.483043837882548,27.29528535980149,24.069478908188586,24.152191894127377
multiple_runs_random_NB_lowThreat_20260406_045507.csv,multiple_runs_random_NB_lowThreat_20260406_045507.csv,Random,Random,148,25.72614107883817,23.734439834024894,24.647302904564317,25.892116182572618
multiple_runs_random_NB_lowThreat_20260406_045507.csv,multiple_runs_random_NB_lowThreat_20260406_045507.csv,Random,Random,149,24.833333333333332,25.333333333333336,24.416666666666668,25.416666666666664
multiple_runs_random_NB_lowThreat_20260406_045507.csv,multiple_runs_random_NB_lowThreat_20260406_045507.csv,Random,Random,150,23.442906574394463,24.134948096885815,26.297577854671278,26.124567474048444
multiple_runs_random_NB_lowThreat_20260406_045507.csv,multiple_runs_random_NB_lowThreat_20260406_045507.csv,Random,Random,151,25.89508742714405,25.47876769358868,22.98084929225645,25.645295587010825
multiple_runs_random_NB_lowThreat_20260406_045507.csv,multiple_runs_random_NB_lowThreat_20260406_045507.csv,Random,Random,152,24.658703071672356,23.890784982935152,25.682593856655288,25.7679180887372
multiple_runs_random_NB_lowThreat_20260406_045507.csv,multiple_runs_random_NB_lowThreat_20260406_045507.csv,Random,Random,153,24.690338563170933,25.681255161023948,24.938067712634187,24.690338563170933
multiple_runs_random_NB_lowThreat_20260406_045507.csv,multiple_runs_random_NB_lowThreat_20260406_045507.csv,Random,Random,154,23.898305084745765,28.559322033898304,24.576271186440678,22.966101694915253
multiple_runs_random_NB_lowThreat_20260406_045507.csv,multiple_runs_random_NB_lowThreat_20260406_045507.csv,Random,Random,155,24.854045037531275,25.521267723102586,25.18765638031693,24.43703085904921
multiple_runs_random_NB_lowThreat_20260406_045507.csv,multiple_runs_random_NB_lowThreat_20260406_045507.csv,Random,Random,156,26.079593564775617,24.55546147332769,23.116003386960205,26.248941574936495
multiple_runs_random_NB_lowThreat_20260406_045507.csv,multiple_runs_random_NB_lowThreat_20260406_045507.csv,Random,Random,157,23.754152823920265,27.07641196013289,23.920265780730897,25.249169435215947
multiple_runs_random_NB_lowThreat_20260406_045507.csv,multiple_runs_random_NB_lowThreat_20260406_045507.csv,Random,Random,158,24.647302904564317,22.821576763485478,26.721991701244814,25.8091286307054
multiple_runs_random_NB_lowThreat_20260406_045507.csv,multiple_runs_random_NB_lowThreat_20260406_045507.csv,Random,Random,159,24.503311258278146,23.923841059602648,25.165562913907287,26.40728476821192
multiple_runs_random_NB_lowThreat_20260406_045507.csv,multiple_runs_random_NB_lowThreat_20260406_045507.csv,Random,Random,160,25.43352601156069,25.185796862097444,25.928984310487202,23.451692815854667
multiple_runs_random_NB_lowThreat_20260406_045507.csv,multiple_runs_random_NB_lowThreat_20260406_045507.csv,Random,Random,161,24.792703150912107,23.548922056384743,26.036484245439468,25.621890547263682
multiple_runs_random_NB_lowThreat_20260406_045507.csv,multiple_runs_random_NB_lowThreat_20260406_045507.csv,Random,Random,162,26.45107794361526,24.212271973466002,24.875621890547265,24.461028192371476
multiple_runs_random_NB_lowThreat_20260406_045507.csv,multiple_runs_random_NB_lowThreat_20260406_045507.csv,Random,Random,163,23.943661971830984,26.67771333885667,25.43496271748136,23.943661971830984
multiple_runs_random_NB_lowThreat_20260406_045507.csv,multiple_runs_random_NB_lowThreat_20260406_045507.csv,Random,Random,164,23.825503355704697,23.825503355704697,24.832214765100673,27.516778523489933
multiple_runs_random_NB_lowThreat_20260406_045507.csv,multiple_runs_random_NB_lowThreat_20260406_045507.csv,Random,Random,165,24.424342105263158,26.5625,23.848684210526315,25.164473684210524
multiple_runs_random_NB_lowThreat_20260406_045507.csv,multiple_runs_random_NB_lowThreat_20260406_045507.csv,Random,Random,166,23.862660944206006,25.92274678111588,24.892703862660944,25.321888412017167
multiple_runs_random_NB_lowThreat_20260406_045507.csv,multiple_runs_random_NB_lowThreat_20260406_045507.csv,Random,Random,167,22.68835616438356,24.914383561643834,26.62671232876712,25.77054794520548
multiple_runs_random_NB_lowThreat_20260406_045507.csv,multiple_runs_random_NB_lowThreat_20260406_045507.csv,Random,Random,168,23.845507976490342,25.608732157850543,23.173803526448363,27.371956339210747
multiple_runs_random_NB_lowThreat_20260406_045507.csv,multiple_runs_random_NB_lowThreat_20260406_045507.csv,Random,Random,169,24.43133951137321,25.273799494524006,25.863521482729567,24.43133951137321
multiple_runs_random_NB_lowThreat_20260406_045507.csv,multiple_runs_random_NB_lowThreat_20260406_045507.csv,Random,Random,170,25.254237288135595,26.525423728813557,23.898305084745765,24.322033898305083
multiple_runs_random_NB_lowThreat_20260406_045507.csv,multiple_runs_random_NB_lowThreat_20260406_045507.csv,Random,Random,171,24.102564102564102,25.384615384615383,25.384615384615383,25.128205128205128
multiple_runs_random_NB_lowThreat_20260406_045507.csv,multiple_runs_random_NB_lowThreat_20260406_045507.csv,Random,Random,172,22.351959966638866,25.0208507089241,27.18932443703086,25.43786488740617
multiple_runs_random_NB_lowThreat_20260406_045507.csv,multiple_runs_random_NB_lowThreat_20260406_045507.csv,Random,Random,173,25.54806070826307,25.632377740303543,23.18718381112985,25.632377740303543
multiple_runs_random_NB_lowThreat_20260406_045507.csv,multiple_runs_random_NB_lowThreat_20260406_045507.csv,Random,Random,174,25.188284518828453,22.426778242677827,26.610878661087867,25.774058577405857
multiple_runs_random_NB_lowThreat_20260406_045507.csv,multiple_runs_random_NB_lowThreat_20260406_045507.csv,Random,Random,175,25.0628667225482,25.14668901927913,24.056999161777032,25.73344509639564
multiple_runs_random_NB_lowThreat_20260406_045507.csv,multiple_runs_random_NB_lowThreat_20260406_045507.csv,Random,Random,176,26.160337552742618,23.881856540084385,27.59493670886076,22.362869198312236
multiple_runs_random_NB_lowThreat_20260406_045507.csv,multiple_runs_random_NB_lowThreat_20260406_045507.csv,Random,Random,177,26.76174496644295,22.986577181208055,25.0,25.25167785234899
multiple_runs_random_NB_lowThreat_20260406_045507.csv,multiple_runs_random_NB_lowThreat_20260406_045507.csv,Random,Random,178,23.221586263287,24.1210139002453,26.901062959934585,25.756336876533116
multiple_runs_random_NB_lowThreat_20260406_045507.csv,multiple_runs_random_NB_lowThreat_20260406_045507.csv,Random,Random,179,25.932062966031484,24.52361226180613,26.594863297431647,22.949461474730736
multiple_runs_random_NB_lowThreat_20260406_045507.csv,multiple_runs_random_NB_lowThreat_20260406_045507.csv,Random,Random,180,25.06350550381033,24.64013547840813,24.55546147332769,25.74089754445385
multiple_runs_random_NB_lowThreat_20260406_045507.csv,multiple_runs_random_NB_lowThreat_20260406_045507.csv,Random,Random,181,25.162337662337663,24.756493506493506,24.431818181818183,25.649350649350648
multiple_runs_random_NB_lowThreat_20260406_045507.csv,multiple_runs_random_NB_lowThreat_20260406_045507.csv,Random,Random,182,23.159636062861868,26.054590570719604,24.89660876757651,25.88916459884202
multiple_runs_random_NB_lowThreat_20260406_045507.csv,multiple_runs_random_NB_lowThreat_20260406_045507.csv,Random,Random,183,24.851569126378287,26.123833757421544,24.766751484308735,24.257845631891435
multiple_runs_random_NB_lowThreat_20260406_045507.csv,multiple_runs_random_NB_lowThreat_20260406_045507.csv,Random,Random,184,23.430962343096233,26.527196652719663,25.85774058577406,24.184100418410043
multiple_runs_random_NB_lowThreat_20260406_045507.csv,multiple_runs_random_NB_lowThreat_20260406_045507.csv,Random,Random,185,26.01828761429759,25.270157938487113,26.26766417290108,22.443890274314214
multiple_runs_random_NB_lowThreat_20260406_045507.csv,multiple_runs_random_NB_lowThreat_20260406_045507.csv,Random,Random,186,25.88532883642496,23.77740303541315,25.21079258010118,25.126475548060707
multiple_runs_random_NB_lowThreat_20260406_045507.csv,multiple_runs_random_NB_lowThreat_20260406_045507.csv,Random,Random,187,25.0,24.834437086092713,25.165562913907287,25.0
multiple_runs_random_NB_lowThreat_20260406_045507.csv,multiple_runs_random_NB_lowThreat_20260406_045507.csv,Random,Random,188,23.341729638958856,23.173803526448363,26.028547439126786,27.455919395465994
multiple_runs_random_NB_lowThreat_20260406_045507.csv,multiple_runs_random_NB_lowThreat_20260406_045507.csv,Random,Random,189,24.45378151260504,27.142857142857142,22.77310924369748,25.630252100840334
multiple_runs_random_NB_lowThreat_20260406_045507.csv,multiple_runs_random_NB_lowThreat_20260406_045507.csv,Random,Random,190,24.581939799331103,24.91638795986622,25.75250836120401,24.74916387959866
multiple_runs_random_NB_lowThreat_20260406_045507.csv,multiple_runs_random_NB_lowThreat_20260406_045507.csv,Random,Random,191,23.833333333333336,26.0,24.0,26.166666666666664
multiple_runs_random_NB_lowThreat_20260406_045507.csv,multiple_runs_random_NB_lowThreat_20260406_045507.csv,Random,Random,192,24.793388429752067,24.710743801652892,24.462809917355372,26.033057851239672
multiple_runs_random_NB_lowThreat_20260406_045507.csv,multiple_runs_random_NB_lowThreat_20260406_045507.csv,Random,Random,193,25.72614107883817,25.228215767634854,25.72614107883817,23.319502074688796
multiple_runs_random_NB_lowThreat_20260406_045507.csv,multiple_runs_random_NB_lowThreat_20260406_045507.csv,Random,Random,194,25.779967159277504,24.548440065681447,24.794745484400657,24.876847290640395
multiple_runs_random_NB_lowThreat_20260406_045507.csv,multiple_runs_random_NB_lowThreat_20260406_045507.csv,Random,Random,195,26.916666666666668,27.833333333333332,23.583333333333336,21.666666666666668
multiple_runs_random_NB_lowThreat_20260406_045507.csv,multiple_runs_random_NB_lowThreat_20260406_045507.csv,Random,Random,196,23.973727422003286,26.354679802955665,24.876847290640395,24.794745484400657
multiple_runs_random_NB_lowThreat_20260406_045507.csv,multiple_runs_random_NB_lowThreat_20260406_045507.csv,Random,Random,197,25.84640792733278,26.176713459950452,24.02972749793559,23.947151114781175
multiple_runs_random_NB_lowThreat_20260406_045507.csv,multiple_runs_random_NB_lowThreat_20260406_045507.csv,Random,Random,198,24.55429497568882,24.635332252836303,26.742301458670987,24.06807131280389
multiple_runs_random_NB_lowThreat_20260406_045507.csv,multiple_runs_random_NB_lowThreat_20260406_045507.csv,Random,Random,199,23.475355054302423,24.477861319966582,26.065162907268167,25.98162071846282
multiple_runs_random_NB_lowThreat_20260406_045507.csv,multiple_runs_random_NB_lowThreat_20260406_045507.csv,Random,Random,200,24.361158432708688,27.086882453151617,24.61669505962521,23.93526405451448
multiple_runs_Random_NB_ModerateThreat_20260407_225441.csv,multiple_runs_Random_NB_ModerateThreat_20260407_225441.csv,Random,Random,1,25.43496271748136,23.943661971830984,26.014913007456503,24.60646230323115
multiple_runs_Random_NB_ModerateThreat_20260407_225441.csv,multiple_runs_Random_NB_ModerateThreat_20260407_225441.csv,Random,Random,2,25.102880658436217,25.679012345679013,25.349794238683128,23.868312757201647
multiple_runs_Random_NB_ModerateThreat_20260407_225441.csv,multiple_runs_Random_NB_ModerateThreat_20260407_225441.csv,Random,Random,3,24.126455906821963,24.20965058236273,25.207986688851914,26.455906821963392
multiple_runs_Random_NB_ModerateThreat_20260407_225441.csv,multiple_runs_Random_NB_ModerateThreat_20260407_225441.csv,Random,Random,4,26.032013479359726,23.251895534962088,22.91491154170177,27.80117944397641
multiple_runs_Random_NB_ModerateThreat_20260407_225441.csv,multiple_runs_Random_NB_ModerateThreat_20260407_225441.csv,Random,Random,5,23.840520748576076,24.32872253864931,27.176566314076485,24.654190398698127
multiple_runs_Random_NB_ModerateThreat_20260407_225441.csv,multiple_runs_Random_NB_ModerateThreat_20260407_225441.csv,Random,Random,6,24.00339270568278,25.86938083121289,24.173027989821882,25.954198473282442
multiple_runs_Random_NB_ModerateThreat_20260407_225441.csv,multiple_runs_Random_NB_ModerateThreat_20260407_225441.csv,Random,Random,7,26.001635322976284,23.13982011447261,25.10220768601799,25.756336876533116
multiple_runs_Random_NB_ModerateThreat_20260407_225441.csv,multiple_runs_Random_NB_ModerateThreat_20260407_225441.csv,Random,Random,8,24.44076222038111,23.695111847555925,26.67771333885667,25.1864125932063
multiple_runs_Random_NB_ModerateThreat_20260407_225441.csv,multiple_runs_Random_NB_ModerateThreat_20260407_225441.csv,Random,Random,9,25.932203389830512,23.30508474576271,25.169491525423727,25.593220338983052
multiple_runs_Random_NB_ModerateThreat_20260407_225441.csv,multiple_runs_Random_NB_ModerateThreat_20260407_225441.csv,Random,Random,10,22.98187808896211,25.28830313014827,26.359143327841846,25.370675453047774
multiple_runs_Random_NB_ModerateThreat_20260407_225441.csv,multiple_runs_Random_NB_ModerateThreat_20260407_225441.csv,Random,Random,11,25.975103734439838,25.477178423236513,25.145228215767634,23.402489626556015
multiple_runs_Random_NB_ModerateThreat_20260407_225441.csv,multiple_runs_Random_NB_ModerateThreat_20260407_225441.csv,Random,Random,12,26.14991482112436,21.379897785349232,26.405451448040886,26.064735945485516
multiple_runs_Random_NB_ModerateThreat_20260407_225441.csv,multiple_runs_Random_NB_ModerateThreat_20260407_225441.csv,Random,Random,13,24.344885883347423,27.387996618765847,24.175824175824175,24.091293322062555
multiple_runs_Random_NB_ModerateThreat_20260407_225441.csv,multiple_runs_Random_NB_ModerateThreat_20260407_225441.csv,Random,Random,14,23.805532271584244,26.487845766974015,23.805532271584244,25.901089689857503
multiple_runs_Random_NB_ModerateThreat_20260407_225441.csv,multiple_runs_Random_NB_ModerateThreat_20260407_225441.csv,Random,Random,15,21.815154038301415,26.061615320566194,25.81182348043297,26.311407160699417
multiple_runs_Random_NB_ModerateThreat_20260407_225441.csv,multiple_runs_Random_NB_ModerateThreat_20260407_225441.csv,Random,Random,16,26.69983416252073,27.44610281923715,23.96351575456053,21.890547263681594
multiple_runs_Random_NB_ModerateThreat_20260407_225441.csv,multiple_runs_Random_NB_ModerateThreat_20260407_225441.csv,Random,Random,17,23.485477178423235,25.643153526970952,25.062240663900415,25.8091286307054
multiple_runs_Random_NB_ModerateThreat_20260407_225441.csv,multiple_runs_Random_NB_ModerateThreat_20260407_225441.csv,Random,Random,18,25.94458438287154,24.769101595298068,23.425692695214106,25.86062132661629
multiple_runs_Random_NB_ModerateThreat_20260407_225441.csv,multiple_runs_Random_NB_ModerateThreat_20260407_225441.csv,Random,Random,19,26.51201325600663,22.03811101905551,25.766362883181444,25.68351284175642
multiple_runs_Random_NB_ModerateThreat_20260407_225441.csv,multiple_runs_Random_NB_ModerateThreat_20260407_225441.csv,Random,Random,20,24.19753086419753,24.526748971193417,26.008230452674898,25.267489711934154
multiple_runs_Random_NB_ModerateThreat_20260407_225441.csv,multiple_runs_Random_NB_ModerateThreat_20260407_225441.csv,Random,Random,21,25.801011804384487,25.801011804384487,23.355817875210793,25.042158516020237
multiple_runs_Random_NB_ModerateThreat_20260407_225441.csv,multiple_runs_Random_NB_ModerateThreat_20260407_225441.csv,Random,Random,22,24.061433447098977,25.938566552901023,23.464163822525595,26.535836177474405
multiple_runs_Random_NB_ModerateThreat_20260407_225441.csv,multiple_runs_Random_NB_ModerateThreat_20260407_225441.csv,Random,Random,23,24.646128226477934,25.31223980016653,24.56286427976686,25.47876769358868
multiple_runs_Random_NB_ModerateThreat_20260407_225441.csv,multiple_runs_Random_NB_ModerateThreat_20260407_225441.csv,Random,Random,24,23.56418918918919,25.0,27.7027027027027,23.73310810810811
multiple_runs_Random_NB_ModerateThreat_20260407_225441.csv,multiple_runs_Random_NB_ModerateThreat_20260407_225441.csv,Random,Random,25,26.34186622625929,25.185796862097444,24.194880264244425,24.277456647398843
multiple_runs_Random_NB_ModerateThreat_20260407_225441.csv,multiple_runs_Random_NB_ModerateThreat_20260407_225441.csv,Random,Random,26,24.97938994229184,24.237427864798022,25.88623248145095,24.896949711459193
multiple_runs_Random_NB_ModerateThreat_20260407_225441.csv,multiple_runs_Random_NB_ModerateThreat_20260407_225441.csv,Random,Random,27,24.558452481076536,24.97897392767031,26.324642556770396,24.137931034482758
multiple_runs_Random_NB_ModerateThreat_20260407_225441.csv,multiple_runs_Random_NB_ModerateThreat_20260407_225441.csv,Random,Random,28,23.65415986949429,24.71451876019576,23.4094616639478,28.221859706362153
multiple_runs_Random_NB_ModerateThreat_20260407_225441.csv,multiple_runs_Random_NB_ModerateThreat_20260407_225441.csv,Random,Random,29,24.813278008298756,24.647302904564317,26.721991701244814,23.817427385892113
multiple_runs_Random_NB_ModerateThreat_20260407_225441.csv,multiple_runs_Random_NB_ModerateThreat_20260407_225441.csv,Random,Random,30,25.235243798118052,22.840034217279726,25.491873396065014,26.43284858853721
multiple_runs_Random_NB_ModerateThreat_20260407_225441.csv,multiple_runs_Random_NB_ModerateThreat_20260407_225441.csv,Random,Random,31,24.204355108877724,25.125628140703515,24.455611390284755,26.214405360134002
multiple_runs_Random_NB_ModerateThreat_20260407_225441.csv,multiple_runs_Random_NB_ModerateThreat_20260407_225441.csv,Random,Random,32,24.064625850340136,23.12925170068027,27.2108843537415,25.595238095238095
multiple_runs_Random_NB_ModerateThreat_20260407_225441.csv,multiple_runs_Random_NB_ModerateThreat_20260407_225441.csv,Random,Random,33,25.29313232830821,26.716917922948074,23.701842546063652,24.288107202680067
multiple_runs_Random_NB_ModerateThreat_20260407_225441.csv,multiple_runs_Random_NB_ModerateThreat_20260407_225441.csv,Random,Random,34,25.617021276595747,25.106382978723403,23.148936170212767,26.127659574468087
multiple_runs_Random_NB_ModerateThreat_20260407_225441.csv,multiple_runs_Random_NB_ModerateThreat_20260407_225441.csv,Random,Random,35,24.95798319327731,23.61344537815126,25.126050420168067,26.302521008403364
multiple_runs_Random_NB_ModerateThreat_20260407_225441.csv,multiple_runs_Random_NB_ModerateThreat_20260407_225441.csv,Random,Random,36,24.491525423728813,26.27118644067797,25.76271186440678,23.47457627118644
multiple_runs_Random_NB_ModerateThreat_20260407_225441.csv,multiple_runs_Random_NB_ModerateThreat_20260407_225441.csv,Random,Random,37,24.335548172757477,26.66112956810631,24.25249169435216,24.750830564784053
multiple_runs_Random_NB_ModerateThreat_20260407_225441.csv,multiple_runs_Random_NB_ModerateThreat_20260407_225441.csv,Random,Random,38,25.863521482729567,23.84161752316765,23.67312552653749,26.621735467565287
multiple_runs_Random_NB_ModerateThreat_20260407_225441.csv,multiple_runs_Random_NB_ModerateThreat_20260407_225441.csv,Random,Random,39,23.946037099494095,24.45193929173693,23.946037099494095,27.65598650927487
multiple_runs_Random_NB_ModerateThreat_20260407_225441.csv,multiple_runs_Random_NB_ModerateThreat_20260407_225441.csv,Random,Random,40,23.466003316749585,25.870646766169152,22.802653399668323,27.860696517412936
multiple_runs_Random_NB_ModerateThreat_20260407_225441.csv,multiple_runs_Random_NB_ModerateThreat_20260407_225441.csv,Random,Random,41,26.044226044226043,25.061425061425062,24.324324324324326,24.57002457002457
multiple_runs_Random_NB_ModerateThreat_20260407_225441.csv,multiple_runs_Random_NB_ModerateThreat_20260407_225441.csv,Random,Random,42,24.0432612312812,25.9567387687188,24.708818635607322,25.291181364392678
multiple_runs_Random_NB_ModerateThreat_20260407_225441.csv,multiple_runs_Random_NB_ModerateThreat_20260407_225441.csv,Random,Random,43,23.695111847555925,25.43496271748136,23.612261806130903,27.257663628831814
multiple_runs_Random_NB_ModerateThreat_20260407_225441.csv,multiple_runs_Random_NB_ModerateThreat_20260407_225441.csv,Random,Random,44,26.364399664147776,25.77665827036104,25.02099076406381,22.837951301427374
multiple_runs_Random_NB_ModerateThreat_20260407_225441.csv,multiple_runs_Random_NB_ModerateThreat_20260407_225441.csv,Random,Random,45,26.936026936026934,23.653198653198654,26.430976430976433,22.97979797979798
multiple_runs_Random_NB_ModerateThreat_20260407_225441.csv,multiple_runs_Random_NB_ModerateThreat_20260407_225441.csv,Random,Random,46,25.221595487510072,27.23609991941982,22.88477034649476,24.65753424657534
multiple_runs_Random_NB_ModerateThreat_20260407_225441.csv,multiple_runs_Random_NB_ModerateThreat_20260407_225441.csv,Random,Random,47,24.66777408637874,24.418604651162788,24.335548172757477,26.578073089701
multiple_runs_Random_NB_ModerateThreat_20260407_225441.csv,multiple_runs_Random_NB_ModerateThreat_20260407_225441.csv,Random,Random,48,23.445378151260503,27.058823529411764,25.04201680672269,24.45378151260504
multiple_runs_Random_NB_ModerateThreat_20260407_225441.csv,multiple_runs_Random_NB_ModerateThreat_20260407_225441.csv,Random,Random,49,25.524769101595297,27.036104114189758,23.173803526448363,24.265323257766582
multiple_runs_Random_NB_ModerateThreat_20260407_225441.csv,multiple_runs_Random_NB_ModerateThreat_20260407_225441.csv,Random,Random,50,23.31390507910075,24.895920066611158,27.560366361365528,24.229808492922565
multiple_runs_Random_NB_ModerateThreat_20260407_225441.csv,multiple_runs_Random_NB_ModerateThreat_20260407_225441.csv,Random,Random,51,24.8371335504886,25.814332247557005,26.058631921824105,23.289902280130292
multiple_runs_Random_NB_ModerateThreat_20260407_225441.csv,multiple_runs_Random_NB_ModerateThreat_20260407_225441.csv,Random,Random,52,25.333333333333336,24.916666666666668,25.666666666666664,24.083333333333336
multiple_runs_Random_NB_ModerateThreat_20260407_225441.csv,multiple_runs_Random_NB_ModerateThreat_20260407_225441.csv,Random,Random,53,22.536418166238217,26.306769494430167,24.33590402742074,26.820908311910884
multiple_runs_Random_NB_ModerateThreat_20260407_225441.csv,multiple_runs_Random_NB_ModerateThreat_20260407_225441.csv,Random,Random,54,25.7189811010682,24.815119145439606,23.99342645850452,25.472473294987672
multiple_runs_Random_NB_ModerateThreat_20260407_225441.csv,multiple_runs_Random_NB_ModerateThreat_20260407_225441.csv,Random,Random,55,26.581196581196583,24.444444444444443,25.384615384615383,23.589743589743588
multiple_runs_Random_NB_ModerateThreat_20260407_225441.csv,multiple_runs_Random_NB_ModerateThreat_20260407_225441.csv,Random,Random,56,23.03839732888147,25.459098497495823,24.207011686143574,27.295492487479134
multiple_runs_Random_NB_ModerateThreat_20260407_225441.csv,multiple_runs_Random_NB_ModerateThreat_20260407_225441.csv,Random,Random,57,28.376068376068375,24.273504273504273,21.623931623931625,25.726495726495724
multiple_runs_Random_NB_ModerateThreat_20260407_225441.csv,multiple_runs_Random_NB_ModerateThreat_20260407_225441.csv,Random,Random,58,25.90717299578059,24.72573839662447,25.23206751054852,24.135021097046412
multiple_runs_Random_NB_ModerateThreat_20260407_225441.csv,multiple_runs_Random_NB_ModerateThreat_20260407_225441.csv,Random,Random,59,24.9793217535153,24.152191894127377,26.716294458229946,24.152191894127377
multiple_runs_Random_NB_ModerateThreat_20260407_225441.csv,multiple_runs_Random_NB_ModerateThreat_20260407_225441.csv,Random,Random,60,24.10640066500416,25.43640897755611,25.270157938487113,25.187032418952622
multiple_runs_Random_NB_ModerateThreat_20260407_225441.csv,multiple_runs_Random_NB_ModerateThreat_20260407_225441.csv,Random,Random,61,25.63059397884459,23.108218063466232,24.410089503661514,26.851098454027667
multiple_runs_Random_NB_ModerateThreat_20260407_225441.csv,multiple_runs_Random_NB_ModerateThreat_20260407_225441.csv,Random,Random,62,25.46938775510204,25.877551020408163,24.571428571428573,24.081632653061224
multiple_runs_Random_NB_ModerateThreat_20260407_225441.csv,multiple_runs_Random_NB_ModerateThreat_20260407_225441.csv,Random,Random,63,25.774877650897228,25.122349102773246,23.98042414355628,25.122349102773246
multiple_runs_Random_NB_ModerateThreat_20260407_225441.csv,multiple_runs_Random_NB_ModerateThreat_20260407_225441.csv,Random,Random,64,24.61799660441426,22.32597623089983,25.042444821731745,28.01358234295416
multiple_runs_Random_NB_ModerateThreat_20260407_225441.csv,multiple_runs_Random_NB_ModerateThreat_20260407_225441.csv,Random,Random,65,24.459234608985025,26.12312811980033,24.708818635607322,24.708818635607322
multiple_runs_Random_NB_ModerateThreat_20260407_225441.csv,multiple_runs_Random_NB_ModerateThreat_20260407_225441.csv,Random,Random,66,23.64406779661017,26.101694915254235,25.593220338983052,24.661016949152543
multiple_runs_Random_NB_ModerateThreat_20260407_225441.csv,multiple_runs_Random_NB_ModerateThreat_20260407_225441.csv,Random,Random,67,25.166666666666664,24.166666666666668,25.416666666666664,25.25
multiple_runs_Random_NB_ModerateThreat_20260407_225441.csv,multiple_runs_Random_NB_ModerateThreat_20260407_225441.csv,Random,Random,68,25.225225225225223,23.25962325962326,26.6994266994267,24.815724815724817
multiple_runs_Random_NB_ModerateThreat_20260407_225441.csv,multiple_runs_Random_NB_ModerateThreat_20260407_225441.csv,Random,Random,69,24.540901502504173,24.123539232053425,27.462437395659435,23.87312186978297
multiple_runs_Random_NB_ModerateThreat_20260407_225441.csv,multiple_runs_Random_NB_ModerateThreat_20260407_225441.csv,Random,Random,70,24.37603993344426,25.041597337770384,25.540765391014975,25.041597337770384
multiple_runs_Random_NB_ModerateThreat_20260407_225441.csv,multiple_runs_Random_NB_ModerateThreat_20260407_225441.csv,Random,Random,71,24.958123953098827,25.963149078726964,25.29313232830821,23.785594639865998
multiple_runs_Random_NB_ModerateThreat_20260407_225441.csv,multiple_runs_Random_NB_ModerateThreat_20260407_225441.csv,Random,Random,72,27.022518765638033,22.43536280233528,24.27022518765638,26.271893244370307
multiple_runs_Random_NB_ModerateThreat_20260407_225441.csv,multiple_runs_Random_NB_ModerateThreat_20260407_225441.csv,Random,Random,73,23.896752706078267,24.895920066611158,23.896752706078267,27.310574521232304
multiple_runs_Random_NB_ModerateThreat_20260407_225441.csv,multiple_runs_Random_NB_ModerateThreat_20260407_225441.csv,Random,Random,74,25.732899022801302,28.420195439739416,21.172638436482085,24.674267100977197
multiple_runs_Random_NB_ModerateThreat_20260407_225441.csv,multiple_runs_Random_NB_ModerateThreat_20260407_225441.csv,Random,Random,75,27.333894028595456,24.64255677039529,23.21278385197645,24.810765349032803
multiple_runs_Random_NB_ModerateThreat_20260407_225441.csv,multiple_runs_Random_NB_ModerateThreat_20260407_225441.csv,Random,Random,76,26.333333333333332,24.0,24.25,25.416666666666664
multiple_runs_Random_NB_ModerateThreat_20260407_225441.csv,multiple_runs_Random_NB_ModerateThreat_20260407_225441.csv,Random,Random,77,26.28099173553719,26.115702479338843,23.305785123966942,24.297520661157023
multiple_runs_Random_NB_ModerateThreat_20260407_225441.csv,multiple_runs_Random_NB_ModerateThreat_20260407_225441.csv,Random,Random,78,24.377682403433475,23.605150214592275,26.437768240343345,25.579399141630898
multiple_runs_Random_NB_ModerateThreat_20260407_225441.csv,multiple_runs_Random_NB_ModerateThreat_20260407_225441.csv,Random,Random,79,23.973727422003286,25.36945812807882,24.876847290640395,25.779967159277504
multiple_runs_Random_NB_ModerateThreat_20260407_225441.csv,multiple_runs_Random_NB_ModerateThreat_20260407_225441.csv,Random,Random,80,26.787181594083815,23.91125718981101,24.075595727198028,25.22596548890715
multiple_runs_Random_NB_ModerateThreat_20260407_225441.csv,multiple_runs_Random_NB_ModerateThreat_20260407_225441.csv,Random,Random,81,24.77216238608119,24.52361226180613,26.594863297431647,24.10936205468103
multiple_runs_Random_NB_ModerateThreat_20260407_225441.csv,multiple_runs_Random_NB_ModerateThreat_20260407_225441.csv,Random,Random,82,25.041736227045075,24.958263772954925,23.78964941569282,26.21035058430718
multiple_runs_Random_NB_ModerateThreat_20260407_225441.csv,multiple_runs_Random_NB_ModerateThreat_20260407_225441.csv,Random,Random,83,24.895920066611158,27.726894254787677,22.06494587843464,25.31223980016653
multiple_runs_Random_NB_ModerateThreat_20260407_225441.csv,multiple_runs_Random_NB_ModerateThreat_20260407_225441.csv,Random,Random,84,23.923841059602648,25.496688741721858,24.17218543046358,26.40728476821192
multiple_runs_Random_NB_ModerateThreat_20260407_225441.csv,multiple_runs_Random_NB_ModerateThreat_20260407_225441.csv,Random,Random,85,25.334448160535118,25.334448160535118,24.331103678929765,25.0
multiple_runs_Random_NB_ModerateThreat_20260407_225441.csv,multiple_runs_Random_NB_ModerateThreat_20260407_225441.csv,Random,Random,86,24.917491749174918,21.287128712871286,26.980198019801982,26.815181518151814
multiple_runs_Random_NB_ModerateThreat_20260407_225441.csv,multiple_runs_Random_NB_ModerateThreat_20260407_225441.csv,Random,Random,87,25.315391084945333,25.231286795626577,24.47434819175778,24.97897392767031
multiple_runs_Random_NB_ModerateThreat_20260407_225441.csv,multiple_runs_Random_NB_ModerateThreat_20260407_225441.csv,Random,Random,88,24.353628023352794,24.854045037531275,27.939949958298584,22.85237698081735
multiple_runs_Random_NB_ModerateThreat_20260407_225441.csv,multiple_runs_Random_NB_ModerateThreat_20260407_225441.csv,Random,Random,89,23.604060913705585,23.77326565143824,27.072758037225043,25.549915397631136
multiple_runs_Random_NB_ModerateThreat_20260407_225441.csv,multiple_runs_Random_NB_ModerateThreat_20260407_225441.csv,Random,Random,90,25.0,25.75503355704698,25.922818791946305,23.322147651006713
multiple_runs_Random_NB_ModerateThreat_20260407_225441.csv,multiple_runs_Random_NB_ModerateThreat_20260407_225441.csv,Random,Random,91,24.66216216216216,24.66216216216216,25.675675675675674,25.0
multiple_runs_Random_NB_ModerateThreat_20260407_225441.csv,multiple_runs_Random_NB_ModerateThreat_20260407_225441.csv,Random,Random,92,24.1210139002453,27.47342600163532,22.894521668029437,25.511038430089943
multiple_runs_Random_NB_ModerateThreat_20260407_225441.csv,multiple_runs_Random_NB_ModerateThreat_20260407_225441.csv,Random,Random,93,25.040783034257746,24.71451876019576,25.36704730831974,24.87765089722675
multiple_runs_Random_NB_ModerateThreat_20260407_225441.csv,multiple_runs_Random_NB_ModerateThreat_20260407_225441.csv,Random,Random,94,25.54438860971524,24.288107202680067,23.618090452261306,26.549413735343386
multiple_runs_Random_NB_ModerateThreat_20260407_225441.csv,multiple_runs_Random_NB_ModerateThreat_20260407_225441.csv,Random,Random,95,24.878048780487806,25.284552845528456,25.121951219512194,24.715447154471544
multiple_runs_Random_NB_ModerateThreat_20260407_225441.csv,multiple_runs_Random_NB_ModerateThreat_20260407_225441.csv,Random,Random,96,26.23355263157895,25.904605263157894,26.89144736842105,20.970394736842106
multiple_runs_Random_NB_ModerateThreat_20260407_225441.csv,multiple_runs_Random_NB_ModerateThreat_20260407_225441.csv,Random,Random,97,25.70735650767987,24.252223120452708,25.545675020210183,24.494745351657237
multiple_runs_Random_NB_ModerateThreat_20260407_225441.csv,multiple_runs_Random_NB_ModerateThreat_20260407_225441.csv,Random,Random,98,24.71451876019576,24.143556280587276,27.24306688417618,23.89885807504078
multiple_runs_Random_NB_ModerateThreat_20260407_225441.csv,multiple_runs_Random_NB_ModerateThreat_20260407_225441.csv,Random,Random,99,22.504091653027825,24.549918166939445,27.25040916530278,25.695581014729953
multiple_runs_Random_NB_ModerateThreat_20260407_225441.csv,multiple_runs_Random_NB_ModerateThreat_20260407_225441.csv,Random,Random,100,27.42336371168186,23.777961888980943,25.269262634631318,23.52941176470588
multiple_runs_Random_NB_ModerateThreat_20260407_225441.csv,multiple_runs_Random_NB_ModerateThreat_20260407_225441.csv,Random,Random,101,23.93305439330544,22.761506276150627,27.19665271966527,26.10878661087866
multiple_runs_Random_NB_ModerateThreat_20260407_225441.csv,multiple_runs_Random_NB_ModerateThreat_20260407_225441.csv,Random,Random,102,25.31017369727047,26.716294458229946,23.82133995037221,24.152191894127377
multiple_runs_Random_NB_ModerateThreat_20260407_225441.csv,multiple_runs_Random_NB_ModerateThreat_20260407_225441.csv,Random,Random,103,24.297520661157023,28.760330578512395,23.71900826446281,23.22314049586777
multiple_runs_Random_NB_ModerateThreat_20260407_225441.csv,multiple_runs_Random_NB_ModerateThreat_20260407_225441.csv,Random,Random,104,23.330515638207945,26.542688081149617,25.274725274725274,24.85207100591716
multiple_runs_Random_NB_ModerateThreat_20260407_225441.csv,multiple_runs_Random_NB_ModerateThreat_20260407_225441.csv,Random,Random,105,26.008230452674898,24.609053497942387,21.810699588477366,27.572016460905353
multiple_runs_Random_NB_ModerateThreat_20260407_225441.csv,multiple_runs_Random_NB_ModerateThreat_20260407_225441.csv,Random,Random,106,24.356775300171527,25.128644939965696,24.871355060034304,25.643224699828473
multiple_runs_Random_NB_ModerateThreat_20260407_225441.csv,multiple_runs_Random_NB_ModerateThreat_20260407_225441.csv,Random,Random,107,26.13065326633166,27.219430485762143,23.53433835845896,23.115577889447238
multiple_runs_Random_NB_ModerateThreat_20260407_225441.csv,multiple_runs_Random_NB_ModerateThreat_20260407_225441.csv,Random,Random,108,23.852459016393443,25.73770491803279,26.065573770491802,24.34426229508197
multiple_runs_Random_NB_ModerateThreat_20260407_225441.csv,multiple_runs_Random_NB_ModerateThreat_20260407_225441.csv,Random,Random,109,24.14654454621149,24.47960033305579,25.3955037468776,25.97835137385512
multiple_runs_Random_NB_ModerateThreat_20260407_225441.csv,multiple_runs_Random_NB_ModerateThreat_20260407_225441.csv,Random,Random,110,24.075595727198028,24.075595727198028,26.129827444535742,25.7189811010682
multiple_runs_Random_NB_ModerateThreat_20260407_225441.csv,multiple_runs_Random_NB_ModerateThreat_20260407_225441.csv,Random,Random,111,26.285714285714285,23.836734693877553,26.77551020408163,23.10204081632653
multiple_runs_Random_NB_ModerateThreat_20260407_225441.csv,multiple_runs_Random_NB_ModerateThreat_20260407_225441.csv,Random,Random,112,24.607762180016515,24.690338563170933,23.947151114781175,26.75474814203138
multiple_runs_Random_NB_ModerateThreat_20260407_225441.csv,multiple_runs_Random_NB_ModerateThreat_20260407_225441.csv,Random,Random,113,26.766417290108063,26.01828761429759,23.358270989193684,23.857024106400665
multiple_runs_Random_NB_ModerateThreat_20260407_225441.csv,multiple_runs_Random_NB_ModerateThreat_20260407_225441.csv,Random,Random,114,25.63681183237469,24.157764995891537,24.404272801972063,25.80115036976171
multiple_runs_Random_NB_ModerateThreat_20260407_225441.csv,multiple_runs_Random_NB_ModerateThreat_20260407_225441.csv,Random,Random,115,25.806451612903224,23.076923076923077,25.88916459884202,25.227460711331677
multiple_runs_Random_NB_ModerateThreat_20260407_225441.csv,multiple_runs_Random_NB_ModerateThreat_20260407_225441.csv,Random,Random,116,25.935162094763093,23.773898586866167,24.93765586034913,25.353283458021615
multiple_runs_Random_NB_ModerateThreat_20260407_225441.csv,multiple_runs_Random_NB_ModerateThreat_20260407_225441.csv,Random,Random,117,25.991561181434598,24.9789029535865,23.79746835443038,25.23206751054852
multiple_runs_Random_NB_ModerateThreat_20260407_225441.csv,multiple_runs_Random_NB_ModerateThreat_20260407_225441.csv,Random,Random,118,24.68723936613845,25.771476230191826,24.186822351959965,25.35446205170976
multiple_runs_Random_NB_ModerateThreat_20260407_225441.csv,multiple_runs_Random_NB_ModerateThreat_20260407_225441.csv,Random,Random,119,24.750830564784053,26.578073089701,25.830564784053156,22.840531561461795
multiple_runs_Random_NB_ModerateThreat_20260407_225441.csv,multiple_runs_Random_NB_ModerateThreat_20260407_225441.csv,Random,Random,120,25.477178423236513,21.90871369294606,24.315352697095435,28.29875518672199
multiple_runs_Random_NB_ModerateThreat_20260407_225441.csv,multiple_runs_Random_NB_ModerateThreat_20260407_225441.csv,Random,Random,121,25.48036758563074,23.809523809523807,25.730994152046783,24.97911445279866
multiple_runs_Random_NB_ModerateThreat_20260407_225441.csv,multiple_runs_Random_NB_ModerateThreat_20260407_225441.csv,Random,Random,122,26.408746846089148,23.96972245584525,24.390243902439025,25.231286795626577
multiple_runs_Random_NB_ModerateThreat_20260407_225441.csv,multiple_runs_Random_NB_ModerateThreat_20260407_225441.csv,Random,Random,123,27.537437603993343,24.708818635607322,23.044925124792012,24.708818635607322
multiple_runs_Random_NB_ModerateThreat_20260407_225441.csv,multiple_runs_Random_NB_ModerateThreat_20260407_225441.csv,Random,Random,124,24.61669505962521,25.55366269165247,24.787052810902896,25.04258943781942
multiple_runs_Random_NB_ModerateThreat_20260407_225441.csv,multiple_runs_Random_NB_ModerateThreat_20260407_225441.csv,Random,Random,125,23.025210084033613,24.45378151260504,27.058823529411764,25.462184873949578
multiple_runs_Random_NB_ModerateThreat_20260407_225441.csv,multiple_runs_Random_NB_ModerateThreat_20260407_225441.csv,Random,Random,126,24.705882352941178,24.11764705882353,24.45378151260504,26.722689075630253
multiple_runs_Random_NB_ModerateThreat_20260407_225441.csv,multiple_runs_Random_NB_ModerateThreat_20260407_225441.csv,Random,Random,127,26.232247284878863,24.143692564745194,25.898078529657475,23.72598162071846
multiple_runs_Random_NB_ModerateThreat_20260407_225441.csv,multiple_runs_Random_NB_ModerateThreat_20260407_225441.csv,Random,Random,128,23.083264633140974,26.628194558944767,24.896949711459193,25.39159109645507
multiple_runs_Random_NB_ModerateThreat_20260407_225441.csv,multiple_runs_Random_NB_ModerateThreat_20260407_225441.csv,Random,Random,129,28.14814814814815,24.19753086419753,24.444444444444443,23.209876543209877
multiple_runs_Random_NB_ModerateThreat_20260407_225441.csv,multiple_runs_Random_NB_ModerateThreat_20260407_225441.csv,Random,Random,130,25.681255161023948,24.02972749793559,25.185796862097444,25.103220478943022
multiple_runs_Random_NB_ModerateThreat_20260407_225441.csv,multiple_runs_Random_NB_ModerateThreat_20260407_225441.csv,Random,Random,131,23.848684210526315,25.082236842105267,23.355263157894736,27.713815789473685
multiple_runs_Random_NB_ModerateThreat_20260407_225441.csv,multiple_runs_Random_NB_ModerateThreat_20260407_225441.csv,Random,Random,132,25.90412111017662,24.97897392767031,25.063078216989066,24.053826745164002
multiple_runs_Random_NB_ModerateThreat_20260407_225441.csv,multiple_runs_Random_NB_ModerateThreat_20260407_225441.csv,Random,Random,133,23.703703703703706,26.995884773662553,26.337448559670783,22.962962962962962
multiple_runs_Random_NB_ModerateThreat_20260407_225441.csv,multiple_runs_Random_NB_ModerateThreat_20260407_225441.csv,Random,Random,134,26.6553480475382,22.58064516129032,24.36332767402377,26.400679117147707
multiple_runs_Random_NB_ModerateThreat_20260407_225441.csv,multiple_runs_Random_NB_ModerateThreat_20260407_225441.csv,Random,Random,135,23.089983022071305,23.684210526315788,23.93887945670628,29.28692699490662
multiple_runs_Random_NB_ModerateThreat_20260407_225441.csv,multiple_runs_Random_NB_ModerateThreat_20260407_225441.csv,Random,Random,136,23.5936188077246,25.86062132661629,25.692695214105793,24.853064651553318
multiple_runs_Random_NB_ModerateThreat_20260407_225441.csv,multiple_runs_Random_NB_ModerateThreat_20260407_225441.csv,Random,Random,137,26.438698915763137,22.85237698081735,25.688073394495415,25.0208507089241
multiple_runs_Random_NB_ModerateThreat_20260407_225441.csv,multiple_runs_Random_NB_ModerateThreat_20260407_225441.csv,Random,Random,138,24.267782426778243,24.518828451882847,26.861924686192467,24.351464435146443
multiple_runs_Random_NB_ModerateThreat_20260407_225441.csv,multiple_runs_Random_NB_ModerateThreat_20260407_225441.csv,Random,Random,139,25.0,27.1523178807947,22.68211920529801,25.165562913907287
multiple_runs_Random_NB_ModerateThreat_20260407_225441.csv,multiple_runs_Random_NB_ModerateThreat_20260407_225441.csv,Random,Random,140,25.758818703855617,22.641509433962266,23.87202625102543,27.72764561115669
multiple_runs_Random_NB_ModerateThreat_20260407_225441.csv,multiple_runs_Random_NB_ModerateThreat_20260407_225441.csv,Random,Random,141,25.350949628406276,24.525185796862097,26.34186622625929,23.781998348472335
multiple_runs_Random_NB_ModerateThreat_20260407_225441.csv,multiple_runs_Random_NB_ModerateThreat_20260407_225441.csv,Random,Random,142,25.604670558798997,24.854045037531275,25.35446205170976,24.186822351959965
multiple_runs_Random_NB_ModerateThreat_20260407_225441.csv,multiple_runs_Random_NB_ModerateThreat_20260407_225441.csv,Random,Random,143,25.083056478405314,27.07641196013289,22.591362126245848,25.249169435215947
multiple_runs_Random_NB_ModerateThreat_20260407_225441.csv,multiple_runs_Random_NB_ModerateThreat_20260407_225441.csv,Random,Random,144,24.380165289256198,25.537190082644628,25.206611570247933,24.87603305785124
multiple_runs_Random_NB_ModerateThreat_20260407_225441.csv,multiple_runs_Random_NB_ModerateThreat_20260407_225441.csv,Random,Random,145,24.392288348700756,26.9907795473596,22.715842414082147,25.901089689857503
multiple_runs_Random_NB_ModerateThreat_20260407_225441.csv,multiple_runs_Random_NB_ModerateThreat_20260407_225441.csv,Random,Random,146,24.9789029535865,23.79746835443038,26.244725738396625,24.9789029535865
multiple_runs_Random_NB_ModerateThreat_20260407_225441.csv,multiple_runs_Random_NB_ModerateThreat_20260407_225441.csv,Random,Random,147,25.28180354267311,25.201288244766506,24.798711755233494,24.71819645732689
multiple_runs_Random_NB_ModerateThreat_20260407_225441.csv,multiple_runs_Random_NB_ModerateThreat_20260407_225441.csv,Random,Random,148,27.606338615512925,25.10425354462052,22.85237698081735,24.43703085904921
multiple_runs_Random_NB_ModerateThreat_20260407_225441.csv,multiple_runs_Random_NB_ModerateThreat_20260407_225441.csv,Random,Random,149,25.681255161023948,24.690338563170933,25.43352601156069,24.194880264244425
multiple_runs_Random_NB_ModerateThreat_20260407_225441.csv,multiple_runs_Random_NB_ModerateThreat_20260407_225441.csv,Random,Random,150,23.773898586866167,28.013300083125518,24.771404821280132,23.44139650872818
multiple_runs_Random_NB_ModerateThreat_20260407_225441.csv,multiple_runs_Random_NB_ModerateThreat_20260407_225441.csv,Random,Random,151,25.925925925925924,25.102880658436217,26.090534979423868,22.88065843621399
multiple_runs_Random_NB_ModerateThreat_20260407_225441.csv,multiple_runs_Random_NB_ModerateThreat_20260407_225441.csv,Random,Random,152,24.91496598639456,22.70408163265306,25.0,27.380952380952383
multiple_runs_Random_NB_ModerateThreat_20260407_225441.csv,multiple_runs_Random_NB_ModerateThreat_20260407_225441.csv,Random,Random,153,25.77054794520548,25.256849315068493,25.59931506849315,23.373287671232877
multiple_runs_Random_NB_ModerateThreat_20260407_225441.csv,multiple_runs_Random_NB_ModerateThreat_20260407_225441.csv,Random,Random,154,27.28026533996683,21.475953565505804,26.45107794361526,24.792703150912107
multiple_runs_Random_NB_ModerateThreat_20260407_225441.csv,multiple_runs_Random_NB_ModerateThreat_20260407_225441.csv,Random,Random,155,24.301439458086367,27.095681625740898,24.216765453005927,24.386113463166808
multiple_runs_Random_NB_ModerateThreat_20260407_225441.csv,multiple_runs_Random_NB_ModerateThreat_20260407_225441.csv,Random,Random,156,24.61799660441426,25.042444821731745,23.599320882852293,26.7402376910017
multiple_runs_Random_NB_ModerateThreat_20260407_225441.csv,multiple_runs_Random_NB_ModerateThreat_20260407_225441.csv,Random,Random,157,24.224137931034484,24.655172413793103,23.96551724137931,27.155172413793103
multiple_runs_Random_NB_ModerateThreat_20260407_225441.csv,multiple_runs_Random_NB_ModerateThreat_20260407_225441.csv,Random,Random,158,23.765690376569037,25.85774058577406,25.10460251046025,25.271966527196653
multiple_runs_Random_NB_ModerateThreat_20260407_225441.csv,multiple_runs_Random_NB_ModerateThreat_20260407_225441.csv,Random,Random,159,26.74897119341564,24.773662551440328,24.938271604938272,23.53909465020576
multiple_runs_Random_NB_ModerateThreat_20260407_225441.csv,multiple_runs_Random_NB_ModerateThreat_20260407_225441.csv,Random,Random,160,23.860811930405966,28.169014084507044,24.77216238608119,23.1980115990058
multiple_runs_Random_NB_ModerateThreat_20260407_225441.csv,multiple_runs_Random_NB_ModerateThreat_20260407_225441.csv,Random,Random,161,25.947281713344317,22.322899505766063,26.606260296540363,25.123558484349257
multiple_runs_Random_NB_ModerateThreat_20260407_225441.csv,multiple_runs_Random_NB_ModerateThreat_20260407_225441.csv,Random,Random,162,22.402044293015333,23.850085178875638,26.2350936967632,27.512776831345825
multiple_runs_Random_NB_ModerateThreat_20260407_225441.csv,multiple_runs_Random_NB_ModerateThreat_20260407_225441.csv,Random,Random,163,23.77326565143824,24.957698815566836,25.888324873096447,25.380710659898476
multiple_runs_Random_NB_ModerateThreat_20260407_225441.csv,multiple_runs_Random_NB_ModerateThreat_20260407_225441.csv,Random,Random,164,27.23509933774834,23.096026490066226,25.496688741721858,24.17218543046358
multiple_runs_Random_NB_ModerateThreat_20260407_225441.csv,multiple_runs_Random_NB_ModerateThreat_20260407_225441.csv,Random,Random,165,22.632020117351214,25.565800502933783,25.565800502933783,26.236378876781224
multiple_runs_Random_NB_ModerateThreat_20260407_225441.csv,multiple_runs_Random_NB_ModerateThreat_20260407_225441.csv,Random,Random,166,24.736415247364153,26.277372262773724,24.006488240064883,24.979724249797243
multiple_runs_Random_NB_ModerateThreat_20260407_225441.csv,multiple_runs_Random_NB_ModerateThreat_20260407_225441.csv,Random,Random,167,21.97986577181208,25.838926174496645,25.75503355704698,26.426174496644293
multiple_runs_Random_NB_ModerateThreat_20260407_225441.csv,multiple_runs_Random_NB_ModerateThreat_20260407_225441.csv,Random,Random,168,26.532325776658272,24.01343408900084,24.349286314021832,25.10495382031906
multiple_runs_Random_NB_ModerateThreat_20260407_225441.csv,multiple_runs_Random_NB_ModerateThreat_20260407_225441.csv,Random,Random,169,25.31752751905165,25.57154953429297,25.825571549534292,23.285351397121083
multiple_runs_Random_NB_ModerateThreat_20260407_225441.csv,multiple_runs_Random_NB_ModerateThreat_20260407_225441.csv,Random,Random,170,23.37133550488599,25.325732899022803,25.977198697068403,25.325732899022803
multiple_runs_Random_NB_ModerateThreat_20260407_225441.csv,multiple_runs_Random_NB_ModerateThreat_20260407_225441.csv,Random,Random,171,23.699421965317917,25.43352601156069,26.67217175887696,24.194880264244425
multiple_runs_Random_NB_ModerateThreat_20260407_225441.csv,multiple_runs_Random_NB_ModerateThreat_20260407_225441.csv,Random,Random,172,26.350789692435576,23.773898586866167,26.60016625103907,23.275145469659186
multiple_runs_Random_NB_ModerateThreat_20260407_225441.csv,multiple_runs_Random_NB_ModerateThreat_20260407_225441.csv,Random,Random,173,24.331103678929765,25.75250836120401,23.662207357859533,26.254180602006688
multiple_runs_Random_NB_ModerateThreat_20260407_225441.csv,multiple_runs_Random_NB_ModerateThreat_20260407_225441.csv,Random,Random,174,25.664451827242523,24.25249169435216,24.501661129568106,25.581395348837212
multiple_runs_Random_NB_ModerateThreat_20260407_225441.csv,multiple_runs_Random_NB_ModerateThreat_20260407_225441.csv,Random,Random,175,26.079734219269103,22.840531561461795,26.328903654485046,24.750830564784053
multiple_runs_Random_NB_ModerateThreat_20260407_225441.csv,multiple_runs_Random_NB_ModerateThreat_20260407_225441.csv,Random,Random,176,24.550898203592812,23.09666381522669,24.893071000855432,27.45936698032506
multiple_runs_Random_NB_ModerateThreat_20260407_225441.csv,multiple_runs_Random_NB_ModerateThreat_20260407_225441.csv,Random,Random,177,24.62686567164179,23.548922056384743,26.119402985074625,25.70480928689884
multiple_runs_Random_NB_ModerateThreat_20260407_225441.csv,multiple_runs_Random_NB_ModerateThreat_20260407_225441.csv,Random,Random,178,24.410774410774412,25.925925925925924,21.96969696969697,27.693602693602692
multiple_runs_Random_NB_ModerateThreat_20260407_225441.csv,multiple_runs_Random_NB_ModerateThreat_20260407_225441.csv,Random,Random,179,22.674418604651162,23.67109634551495,28.07308970099668,25.581395348837212
multiple_runs_Random_NB_ModerateThreat_20260407_225441.csv,multiple_runs_Random_NB_ModerateThreat_20260407_225441.csv,Random,Random,180,25.606694560669457,24.435146443514643,24.686192468619247,25.271966527196653
multiple_runs_Random_NB_ModerateThreat_20260407_225441.csv,multiple_runs_Random_NB_ModerateThreat_20260407_225441.csv,Random,Random,181,23.923841059602648,26.241721854304632,26.73841059602649,23.096026490066226
multiple_runs_Random_NB_ModerateThreat_20260407_225441.csv,multiple_runs_Random_NB_ModerateThreat_20260407_225441.csv,Random,Random,182,24.727577535624476,25.73344509639564,23.72170997485331,25.81726739312657
multiple_runs_Random_NB_ModerateThreat_20260407_225441.csv,multiple_runs_Random_NB_ModerateThreat_20260407_225441.csv,Random,Random,183,25.10602205258694,26.123833757421544,23.40966921119593,25.360474978795587
multiple_runs_Random_NB_ModerateThreat_20260407_225441.csv,multiple_runs_Random_NB_ModerateThreat_20260407_225441.csv,Random,Random,184,25.922818791946305,24.916107382550333,25.587248322147648,23.573825503355707
multiple_runs_Random_NB_ModerateThreat_20260407_225441.csv,multiple_runs_Random_NB_ModerateThreat_20260407_225441.csv,Random,Random,185,24.52361226180613,25.352112676056336,24.192212096106047,25.932062966031484
multiple_runs_Random_NB_ModerateThreat_20260407_225441.csv,multiple_runs_Random_NB_ModerateThreat_20260407_225441.csv,Random,Random,186,24.094355518112888,25.105307497893847,24.51558550968829,26.28475147430497
multiple_runs_Random_NB_ModerateThreat_20260407_225441.csv,multiple_runs_Random_NB_ModerateThreat_20260407_225441.csv,Random,Random,187,22.07686017988553,26.737530662305804,27.47342600163532,23.712183156173346
multiple_runs_Random_NB_ModerateThreat_20260407_225441.csv,multiple_runs_Random_NB_ModerateThreat_20260407_225441.csv,Random,Random,188,25.083333333333336,24.083333333333336,26.166666666666664,24.666666666666668
multiple_runs_Random_NB_ModerateThreat_20260407_225441.csv,multiple_runs_Random_NB_ModerateThreat_20260407_225441.csv,Random,Random,189,24.87603305785124,24.21487603305785,26.446280991735538,24.462809917355372
multiple_runs_Random_NB_ModerateThreat_20260407_225441.csv,multiple_runs_Random_NB_ModerateThreat_20260407_225441.csv,Random,Random,190,25.144747725392886,26.054590570719604,24.731182795698924,24.069478908188586
multiple_runs_Random_NB_ModerateThreat_20260407_225441.csv,multiple_runs_Random_NB_ModerateThreat_20260407_225441.csv,Random,Random,191,24.522028262676642,25.602660016625105,25.935162094763093,23.940149625935163
multiple_runs_Random_NB_ModerateThreat_20260407_225441.csv,multiple_runs_Random_NB_ModerateThreat_20260407_225441.csv,Random,Random,192,24.6218487394958,25.294117647058822,24.6218487394958,25.462184873949578
multiple_runs_Random_NB_ModerateThreat_20260407_225441.csv,multiple_runs_Random_NB_ModerateThreat_20260407_225441.csv,Random,Random,193,25.2129471890971,23.764906303236796,26.2350936967632,24.787052810902896
multiple_runs_Random_NB_ModerateThreat_20260407_225441.csv,multiple_runs_Random_NB_ModerateThreat_20260407_225441.csv,Random,Random,194,25.207296849087896,24.875621890547265,24.792703150912107,25.12437810945274
multiple_runs_Random_NB_ModerateThreat_20260407_225441.csv,multiple_runs_Random_NB_ModerateThreat_20260407_225441.csv,Random,Random,195,25.785123966942148,23.884297520661157,26.115702479338843,24.21487603305785
multiple_runs_Random_NB_ModerateThreat_20260407_225441.csv,multiple_runs_Random_NB_ModerateThreat_20260407_225441.csv,Random,Random,196,24.461028192371476,26.285240464344945,22.885572139303484,26.368159203980102
multiple_runs_Random_NB_ModerateThreat_20260407_225441.csv,multiple_runs_Random_NB_ModerateThreat_20260407_225441.csv,Random,Random,197,25.988225399495374,25.147182506307818,23.465096719932717,25.399495374264085
multiple_runs_Random_NB_ModerateThreat_20260407_225441.csv,multiple_runs_Random_NB_ModerateThreat_20260407_225441.csv,Random,Random,198,25.671140939597315,23.741610738255034,25.083892617449667,25.503355704697988
multiple_runs_Random_NB_ModerateThreat_20260407_225441.csv,multiple_runs_Random_NB_ModerateThreat_20260407_225441.csv,Random,Random,199,21.771523178807946,26.076158940397352,25.41390728476821,26.73841059602649
multiple_runs_Random_NB_ModerateThreat_20260407_225441.csv,multiple_runs_Random_NB_ModerateThreat_20260407_225441.csv,Random,Random,200,26.837324525185796,24.360033030553264,23.36911643270025,25.43352601156069
