agent_type,condition,source_file,Affiliative_pct,Internalizing_pct,Externalizing_pct
DB,ACE,multiple_runs_DB_HighThreat_Series_20260501_214553.csv,67.93066088840737,2.925243770314193,29.144095341278444
DB,ACE,multiple_runs_DB_HighThreat_Series_20260501_214553.csv,16.556836902800658,19.769357495881383,63.67380560131796
DB,ACE,multiple_runs_DB_HighThreat_Series_20260501_214553.csv,66.49104320337197,4.004214963119073,29.50474183350896
DB,ACE,multiple_runs_DB_HighThreat_Series_20260501_214553.csv,67.40812379110251,4.25531914893617,28.336557059961315
DB,ACE,multiple_runs_DB_HighThreat_Series_20260501_214553.csv,68.09338521400778,1.0700389105058365,30.836575875486382
DB,ACE,multiple_runs_DB_HighThreat_Series_20260501_214553.csv,4.377880184331797,21.274961597542244,74.34715821812597
DB,ACE,multiple_runs_DB_HighThreat_Series_20260501_214553.csv,71.8931475029036,2.9036004645760745,25.203252032520325
DB,ACE,multiple_runs_DB_HighThreat_Series_20260501_214553.csv,8.584005869405722,19.882611885546588,71.53338224504769
DB,ACE,multiple_runs_DB_HighThreat_Series_20260501_214553.csv,34.074074074074076,13.333333333333334,52.59259259259259
DB,ACE,multiple_runs_DB_HighThreat_Series_20260501_214553.csv,4.791666666666667,28.4375,66.77083333333333
DB,ACE,multiple_runs_DB_HighThreat_Series_20260501_214553.csv,6.5055762081784385,24.1635687732342,69.33085501858736
DB,ACE,multiple_runs_DB_HighThreat_Series_20260501_214553.csv,6.043437204910293,28.706326723323887,65.25023607176583
DB,ACE,multiple_runs_DB_HighThreat_Series_20260501_214553.csv,5.888324873096447,27.918781725888326,66.19289340101523
DB,ACE,multiple_runs_DB_HighThreat_Series_20260501_214553.csv,5.227492739593417,27.395934172313652,67.37657308809293
DB,ACE,multiple_runs_DB_HighThreat_Series_20260501_214553.csv,8.945969884853854,21.523472099202834,69.53055801594331
DB,ACE,multiple_runs_DB_HighThreat_Series_20260501_214553.csv,62.64150943396226,5.0,32.35849056603774
DB,ACE,multiple_runs_DB_HighThreat_Series_20260501_214553.csv,3.7064492216456637,21.57153446997776,74.72201630837657
DB,ACE,multiple_runs_DB_HighThreat_Series_20260501_214553.csv,6.322444678609063,29.083245521601686,64.59430979978926
DB,ACE,multiple_runs_DB_HighThreat_Series_20260501_214553.csv,69.0711462450593,1.383399209486166,29.545454545454547
DB,ACE,multiple_runs_DB_HighThreat_Series_20260501_214553.csv,8.137254901960784,24.215686274509803,67.64705882352942
DB,ACE,multiple_runs_DB_HighThreat_Series_20260501_214553.csv,6.555772994129158,26.22309197651663,67.2211350293542
DB,ACE,multiple_runs_DB_HighThreat_Series_20260501_214553.csv,27.07993474714519,8.564437194127244,64.35562805872756
DB,ACE,multiple_runs_DB_HighThreat_Series_20260501_214553.csv,36.84661525278492,11.825192802056556,51.32819194515853
DB,ACE,multiple_runs_DB_HighThreat_Series_20260501_214553.csv,5.463917525773196,31.237113402061855,63.298969072164944
DB,ACE,multiple_runs_DB_HighThreat_Series_20260501_214553.csv,2.627737226277372,19.708029197080293,77.66423357664235
DB,ACE,multiple_runs_DB_HighThreat_Series_20260501_214553.csv,4.257528556593977,28.556593977154726,67.1858774662513
DB,ACE,multiple_runs_DB_HighThreat_Series_20260501_214553.csv,8.045977011494253,24.6684350132626,67.28558797524315
DB,ACE,multiple_runs_DB_HighThreat_Series_20260501_214553.csv,63.64503816793893,2.480916030534351,33.87404580152672
DB,ACE,multiple_runs_DB_HighThreat_Series_20260501_214553.csv,6.263498920086392,30.237580993520517,63.498920086393085
DB,ACE,multiple_runs_DB_HighThreat_Series_20260501_214553.csv,8.914728682170542,19.476744186046513,71.60852713178295
DB,ACE,multiple_runs_DB_HighThreat_Series_20260501_214553.csv,5.397987191216835,23.604757548032936,70.99725526075022
DB,ACE,multiple_runs_DB_HighThreat_Series_20260501_214553.csv,6.581532416502947,27.406679764243613,66.01178781925344
DB,ACE,multiple_runs_DB_HighThreat_Series_20260501_214553.csv,65.95949855351977,3.664416586306654,30.37608486017358
DB,ACE,multiple_runs_DB_HighThreat_Series_20260501_214553.csv,66.97626418988648,5.366357069143446,27.657378740970074
DB,ACE,multiple_runs_DB_HighThreat_Series_20260501_214553.csv,4.894433781190019,26.19961612284069,68.90595009596929
DB,ACE,multiple_runs_DB_HighThreat_Series_20260501_214553.csv,6.435643564356436,30.099009900990097,63.46534653465346
DB,ACE,multiple_runs_DB_HighThreat_Series_20260501_214553.csv,11.908517350157728,16.798107255520506,71.29337539432177
DB,ACE,multiple_runs_DB_HighThreat_Series_20260501_214553.csv,14.53061224489796,16.816326530612244,68.6530612244898
DB,ACE,multiple_runs_DB_HighThreat_Series_20260501_214553.csv,4.761904761904762,28.8961038961039,66.34199134199135
DB,ACE,multiple_runs_DB_HighThreat_Series_20260501_214553.csv,7.371794871794872,31.41025641025641,61.21794871794872
DB,ACE,multiple_runs_DB_HighThreat_Series_20260501_214553.csv,65.81632653061224,1.3265306122448979,32.857142857142854
DB,ACE,multiple_runs_DB_HighThreat_Series_20260501_214553.csv,1.6903313049357673,21.974306964164978,76.33536173089925
DB,ACE,multiple_runs_DB_HighThreat_Series_20260501_214553.csv,6.996197718631179,23.726235741444867,69.27756653992395
DB,ACE,multiple_runs_DB_HighThreat_Series_20260501_214553.csv,9.276437847866418,22.634508348794064,68.08905380333951
DB,ACE,multiple_runs_DB_HighThreat_Series_20260501_214553.csv,2.503681885125184,20.913107511045656,76.58321060382917
DB,ACE,multiple_runs_DB_HighThreat_Series_20260501_214553.csv,45.410628019323674,38.64734299516908,15.942028985507244
DB,ACE,multiple_runs_DB_HighThreat_Series_20260501_214553.csv,69.71762414800389,2.6290165530671863,27.65335929892892
DB,ACE,multiple_runs_DB_HighThreat_Series_20260501_214553.csv,5.9765208110992525,27.854855923159015,66.16862326574173
DB,ACE,multiple_runs_DB_HighThreat_Series_20260501_214553.csv,69.41431670281996,1.6268980477223427,28.9587852494577
DB,ACE,multiple_runs_DB_HighThreat_Series_20260501_214553.csv,7.833333333333334,20.666666666666668,71.5
DB,ACE,multiple_runs_DB_HighThreat_Series_20260501_214553.csv,61.469712015888774,2.6812313803376364,35.84905660377358
DB,ACE,multiple_runs_DB_HighThreat_Series_20260501_214553.csv,4.468275245755138,25.915996425379806,69.61572832886506
DB,ACE,multiple_runs_DB_HighThreat_Series_20260501_214553.csv,75.93406593406593,3.1868131868131866,20.87912087912088
DB,ACE,multiple_runs_DB_HighThreat_Series_20260501_214553.csv,55.533596837944664,3.1620553359683794,41.30434782608695
DB,ACE,multiple_runs_DB_HighThreat_Series_20260501_214553.csv,79.72972972972973,0.7882882882882882,19.48198198198198
DB,ACE,multiple_runs_DB_HighThreat_Series_20260501_214553.csv,4.444444444444445,27.632850241545892,67.92270531400966
DB,ACE,multiple_runs_DB_HighThreat_Series_20260501_214553.csv,24.867724867724867,15.784832451499117,59.34744268077602
DB,ACE,multiple_runs_DB_HighThreat_Series_20260501_214553.csv,7.029053420805999,23.89878163074039,69.0721649484536
DB,ACE,multiple_runs_DB_HighThreat_Series_20260501_214553.csv,68.49615806805708,3.1833150384193196,28.3205268935236
DB,ACE,multiple_runs_DB_HighThreat_Series_20260501_214553.csv,8.714918759231907,20.01477104874446,71.27031019202363
DB,ACE,multiple_runs_DB_HighThreat_Series_20260501_214553.csv,6.367041198501873,25.187265917602996,68.44569288389512
DB,ACE,multiple_runs_DB_HighThreat_Series_20260501_214553.csv,23.195876288659793,16.924398625429554,59.87972508591065
DB,ACE,multiple_runs_DB_HighThreat_Series_20260501_214553.csv,13.400464756003098,19.287374128582492,67.3121611154144
DB,ACE,multiple_runs_DB_HighThreat_Series_20260501_214553.csv,8.654602675059008,16.915814319433515,74.42958300550747
DB,ACE,multiple_runs_DB_HighThreat_Series_20260501_214553.csv,63.853028798411124,3.0784508440913605,33.06852035749752
DB,ACE,multiple_runs_DB_HighThreat_Series_20260501_214553.csv,64.32692307692308,3.75,31.92307692307692
DB,ACE,multiple_runs_DB_HighThreat_Series_20260501_214553.csv,57.54812563323202,2.330293819655522,40.121580547112465
DB,ACE,multiple_runs_DB_HighThreat_Series_20260501_214553.csv,5.661764705882353,18.823529411764707,75.51470588235294
DB,ACE,multiple_runs_DB_HighThreat_Series_20260501_214553.csv,66.20689655172414,1.7733990147783252,32.01970443349754
DB,ACE,multiple_runs_DB_HighThreat_Series_20260501_214553.csv,48.63849765258216,6.854460093896714,44.50704225352113
DB,ACE,multiple_runs_DB_HighThreat_Series_20260501_214553.csv,82.1256038647343,1.932367149758454,15.942028985507244
DB,ACE,multiple_runs_DB_HighThreat_Series_20260501_214553.csv,7.837301587301587,28.57142857142857,63.591269841269835
DB,ACE,multiple_runs_DB_HighThreat_Series_20260501_214553.csv,4.803073967339097,27.953890489913547,67.24303554274735
DB,ACE,multiple_runs_DB_HighThreat_Series_20260501_214553.csv,4.746580852775542,23.25020112630732,72.00321802091713
DB,ACE,multiple_runs_DB_HighThreat_Series_20260501_214553.csv,2.591973244147157,24.665551839464882,72.74247491638796
DB,ACE,multiple_runs_DB_HighThreat_Series_20260501_214553.csv,62.67806267806267,3.513770180436847,33.80816714150047
DB,ACE,multiple_runs_DB_HighThreat_Series_20260501_214553.csv,3.0172413793103448,28.27586206896552,68.70689655172414
DB,ACE,multiple_runs_DB_HighThreat_Series_20260501_214553.csv,3.058321479374111,21.97724039829303,74.96443812233285
DB,ACE,multiple_runs_DB_HighThreat_Series_20260501_214553.csv,6.863679694947569,26.69208770257388,66.44423260247855
DB,ACE,multiple_runs_DB_HighThreat_Series_20260501_214553.csv,10.105092966855295,20.45270816491512,69.44219886822958
DB,ACE,multiple_runs_DB_HighThreat_Series_20260501_214553.csv,3.711340206185567,21.786941580756015,74.50171821305842
DB,ACE,multiple_runs_DB_HighThreat_Series_20260501_214553.csv,4.253544620517098,22.101751459549625,73.64470391993328
DB,ACE,multiple_runs_DB_HighThreat_Series_20260501_214553.csv,4.783808647654094,23.73505059797608,71.48114075436982
DB,ACE,multiple_runs_DB_HighThreat_Series_20260501_214553.csv,4.400749063670412,24.9063670411985,70.69288389513109
DB,ACE,multiple_runs_DB_HighThreat_Series_20260501_214553.csv,4.783258594917788,22.19730941704036,73.01943198804184
DB,ACE,multiple_runs_DB_HighThreat_Series_20260501_214553.csv,65.37396121883657,0.9233610341643583,33.70267774699908
DB,ACE,multiple_runs_DB_HighThreat_Series_20260501_214553.csv,19.67467079783114,15.182029434546862,65.143299767622
DB,ACE,multiple_runs_DB_HighThreat_Series_20260501_214553.csv,66.66666666666666,2.7777777777777777,30.555555555555557
DB,ACE,multiple_runs_DB_HighThreat_Series_20260501_214553.csv,21.49837133550489,14.983713355048861,63.51791530944625
DB,ACE,multiple_runs_DB_HighThreat_Series_20260501_214553.csv,8.918249380677127,20.809248554913296,70.27250206440958
DB,ACE,multiple_runs_DB_HighThreat_Series_20260501_214553.csv,46.90582959641256,3.587443946188341,49.506726457399104
DB,ACE,multiple_runs_DB_HighThreat_Series_20260501_214553.csv,4.343629343629344,27.606177606177607,68.05019305019306
DB,ACE,multiple_runs_DB_HighThreat_Series_20260501_214553.csv,7.246376811594203,22.82608695652174,69.92753623188406
DB,ACE,multiple_runs_DB_HighThreat_Series_20260501_214553.csv,8.374875373878366,26.420737786640082,65.20438683948156
DB,ACE,multiple_runs_DB_HighThreat_Series_20260501_214553.csv,83.02122347066168,3.9950062421972534,12.983770287141075
DB,ACE,multiple_runs_DB_HighThreat_Series_20260501_214553.csv,70.63829787234043,2.021276595744681,27.340425531914892
DB,ACE,multiple_runs_DB_HighThreat_Series_20260501_214553.csv,19.604471195184868,18.658641444539985,61.73688736027515
DB,ACE,multiple_runs_DB_HighThreat_Series_20260501_214553.csv,4.646251319957761,32.629355860612456,62.724392819429774
DB,ACE,multiple_runs_DB_HighThreat_Series_20260501_214553.csv,33.53819139596137,11.501316944688323,54.96049165935031
DB,ACE,multiple_runs_DB_HighThreat_Series_20260501_214553.csv,5.248868778280543,23.34841628959276,71.4027149321267
DB,ACE,multiple_runs_DB_HighThreat_Series_20260501_214553.csv,10.861132660977502,17.377812257564003,71.7610550814585
DB,ACE,multiple_runs_DB_HighThreat_Series_20260501_214553.csv,4.8169556840077075,27.360308285163775,67.82273603082851
DB,ACE,multiple_runs_DB_HighThreat_Series_20260501_214553.csv,77.68878718535468,2.8604118993135015,19.450800915331808
DB,ACE,multiple_runs_DB_HighThreat_Series_20260501_214553.csv,4.513540621865597,31.39418254764293,64.09227683049149
DB,ACE,multiple_runs_DB_HighThreat_Series_20260501_214553.csv,8.970438328236494,25.58613659531091,65.4434250764526
DB,ACE,multiple_runs_DB_HighThreat_Series_20260501_214553.csv,34.37779767233662,8.325872873769026,57.29632945389436
DB,ACE,multiple_runs_DB_HighThreat_Series_20260501_214553.csv,70.54655870445345,1.6194331983805668,27.83400809716599
DB,ACE,multiple_runs_DB_HighThreat_Series_20260501_214553.csv,64.97975708502024,1.5182186234817814,33.502024291497975
DB,ACE,multiple_runs_DB_HighThreat_Series_20260501_214553.csv,62.58776328986961,6.619859578736209,30.792377131394183
DB,ACE,multiple_runs_DB_HighThreat_Series_20260501_214553.csv,5.633802816901409,24.225352112676056,70.14084507042253
DB,ACE,multiple_runs_DB_HighThreat_Series_20260501_214553.csv,6.907216494845361,27.938144329896907,65.15463917525773
DB,ACE,multiple_runs_DB_HighThreat_Series_20260501_214553.csv,8.040665434380777,20.42513863216266,71.53419593345656
DB,ACE,multiple_runs_DB_HighThreat_Series_20260501_214553.csv,64.80331262939958,1.6563146997929608,33.54037267080746
DB,ACE,multiple_runs_DB_HighThreat_Series_20260501_214553.csv,32.66199649737303,13.835376532399298,53.502626970227674
DB,ACE,multiple_runs_DB_HighThreat_Series_20260501_214553.csv,4.706734250543085,20.70963070238957,74.58363504706735
DB,ACE,multiple_runs_DB_HighThreat_Series_20260501_214553.csv,4.614220877458396,21.936459909228443,73.44931921331316
DB,ACE,multiple_runs_DB_HighThreat_Series_20260501_214553.csv,68.48609680741504,2.677651905252317,28.836251287332647
DB,ACE,multiple_runs_DB_HighThreat_Series_20260501_214553.csv,7.5098814229249005,26.877470355731226,65.61264822134387
DB,ACE,multiple_runs_DB_HighThreat_Series_20260501_214553.csv,17.942583732057415,11.24401913875598,70.81339712918661
DB,ACE,multiple_runs_DB_HighThreat_Series_20260501_214553.csv,64.74820143884892,2.774922918807811,32.476875642343266
DB,ACE,multiple_runs_DB_HighThreat_Series_20260501_214553.csv,65.45842217484008,1.7057569296375266,32.83582089552239
DB,ACE,multiple_runs_DB_HighThreat_Series_20260501_214553.csv,5.968586387434556,31.308900523560208,62.72251308900524
DB,ACE,multiple_runs_DB_HighThreat_Series_20260501_214553.csv,3.3884297520661155,22.644628099173552,73.96694214876032
DB,ACE,multiple_runs_DB_HighThreat_Series_20260501_214553.csv,4.440919904837431,21.173671689135606,74.38540840602697
DB,ACE,multiple_runs_DB_HighThreat_Series_20260501_214553.csv,6.676669167291823,23.705926481620406,69.61740435108777
DB,ACE,multiple_runs_DB_HighThreat_Series_20260501_214553.csv,4.785478547854786,19.71947194719472,75.4950495049505
DB,ACE,multiple_runs_DB_HighThreat_Series_20260501_214553.csv,17.095435684647303,17.759336099585063,65.14522821576763
DB,ACE,multiple_runs_DB_HighThreat_Series_20260501_214553.csv,52.26824457593688,7.495069033530571,40.23668639053255
DB,ACE,multiple_runs_DB_HighThreat_Series_20260501_214553.csv,14.751426242868787,18.418907905460472,66.82966585167074
DB,ACE,multiple_runs_DB_HighThreat_Series_20260501_214553.csv,7.754279959718026,26.78751258811682,65.45820745216515
DB,ACE,multiple_runs_DB_HighThreat_Series_20260501_214553.csv,6.673511293634498,28.439425051334705,64.8870636550308
DB,ACE,multiple_runs_DB_HighThreat_Series_20260501_214553.csv,7.104984093319194,30.646871686108167,62.24814422057264
DB,ACE,multiple_runs_DB_HighThreat_Series_20260501_214553.csv,8.274647887323944,21.47887323943662,70.24647887323944
DB,ACE,multiple_runs_DB_HighThreat_Series_20260501_214553.csv,4.878048780487805,25.797373358348967,69.32457786116323
DB,ACE,multiple_runs_DB_HighThreat_Series_20260501_214553.csv,70.26476578411406,0.40733197556008144,29.327902240325866
DB,ACE,multiple_runs_DB_HighThreat_Series_20260501_214553.csv,5.253283302063791,22.607879924953096,72.13883677298311
DB,ACE,multiple_runs_DB_HighThreat_Series_20260501_214553.csv,4.882459312839059,23.779385171790235,71.3381555153707
DB,ACE,multiple_runs_DB_HighThreat_Series_20260501_214553.csv,63.67969494756911,1.811248808388942,34.50905624404194
DB,ACE,multiple_runs_DB_HighThreat_Series_20260501_214553.csv,4.464285714285714,28.273809523809522,67.26190476190477
DB,ACE,multiple_runs_DB_HighThreat_Series_20260501_214553.csv,12.956810631229235,23.089700996677742,63.95348837209303
DB,ACE,multiple_runs_DB_HighThreat_Series_20260501_214553.csv,6.339468302658487,29.447852760736197,64.21267893660531
DB,ACE,multiple_runs_DB_HighThreat_Series_20260501_214553.csv,12.510288065843621,20.905349794238685,66.5843621399177
DB,ACE,multiple_runs_DB_HighThreat_Series_20260501_214553.csv,8.263695450324978,23.212627669452182,68.52367688022284
DB,ACE,multiple_runs_DB_HighThreat_Series_20260501_214553.csv,19.249201277955272,17.412140575079874,63.33865814696485
DB,ACE,multiple_runs_DB_HighThreat_Series_20260501_214553.csv,7.8431372549019605,28.689370485036118,63.46749226006192
DB,ACE,multiple_runs_DB_HighThreat_Series_20260501_214553.csv,6.5047021943573675,21.865203761755485,71.63009404388715
DB,ACE,multiple_runs_DB_HighThreat_Series_20260501_214553.csv,53.74280230326296,1.4395393474088292,44.81765834932821
DB,ACE,multiple_runs_DB_HighThreat_Series_20260501_214553.csv,71.64869029275809,1.386748844375963,26.964560862865948
DB,ACE,multiple_runs_DB_HighThreat_Series_20260501_214553.csv,5.158069883527454,22.37936772046589,72.46256239600666
DB,ACE,multiple_runs_DB_HighThreat_Series_20260501_214553.csv,71.24183006535948,5.446623093681917,23.311546840958606
DB,ACE,multiple_runs_DB_HighThreat_Series_20260501_214553.csv,7.075064710957722,22.86453839516825,70.06039689387403
DB,ACE,multiple_runs_DB_HighThreat_Series_20260501_214553.csv,5.555555555555555,27.09551656920078,67.34892787524367
DB,ACE,multiple_runs_DB_HighThreat_Series_20260501_214553.csv,26.58662092624357,9.777015437392796,63.63636363636363
DB,ACE,multiple_runs_DB_HighThreat_Series_20260501_214553.csv,3.7140204271123487,28.133704735376046,68.15227483751161
DB,ACE,multiple_runs_DB_HighThreat_Series_20260501_214553.csv,80.0976800976801,6.227106227106227,13.675213675213676
DB,ACE,multiple_runs_DB_HighThreat_Series_20260501_214553.csv,4.573170731707317,27.84552845528455,67.58130081300813
DB,ACE,multiple_runs_DB_HighThreat_Series_20260501_214553.csv,5.299313052011776,24.141315014720313,70.55937193326791
DB,ACE,multiple_runs_DB_HighThreat_Series_20260501_214553.csv,7.332722273143904,28.780934922089823,63.88634280476627
DB,ACE,multiple_runs_DB_HighThreat_Series_20260501_214553.csv,64.58773784355179,8.0338266384778,27.378435517970402
DB,ACE,multiple_runs_DB_HighThreat_Series_20260501_214553.csv,71.56348373557188,2.308499475341028,26.128016789087095
DB,ACE,multiple_runs_DB_HighThreat_Series_20260501_214553.csv,4.4422507403751235,28.035538005923,67.52221125370188
DB,ACE,multiple_runs_DB_HighThreat_Series_20260501_214553.csv,5.6622851365015165,27.704752275025278,66.6329625884732
DB,ACE,multiple_runs_DB_HighThreat_Series_20260501_214553.csv,20.993589743589745,16.185897435897438,62.82051282051282
DB,ACE,multiple_runs_DB_HighThreat_Series_20260501_214553.csv,67.89366053169734,1.6359918200409,30.470347648261757
DB,ACE,multiple_runs_DB_HighThreat_Series_20260501_214553.csv,59.79760809567617,3.6798528058877644,36.52253909843606
DB,ACE,multiple_runs_DB_HighThreat_Series_20260501_214553.csv,6.24360286591607,28.863868986693962,64.89252814738997
DB,ACE,multiple_runs_DB_HighThreat_Series_20260501_214553.csv,69.26108374384236,2.955665024630542,27.783251231527096
DB,ACE,multiple_runs_DB_HighThreat_Series_20260501_214553.csv,4.833512352309345,30.397422126745433,64.76906552094522
DB,ACE,multiple_runs_DB_HighThreat_Series_20260501_214553.csv,68.00870511425462,2.50272034820457,29.488574537540806
DB,ACE,multiple_runs_DB_HighThreat_Series_20260501_214553.csv,4.098360655737705,30.020491803278688,65.8811475409836
DB,ACE,multiple_runs_DB_HighThreat_Series_20260501_214553.csv,5.342080599812558,28.49109653233365,66.1668228678538
DB,ACE,multiple_runs_DB_HighThreat_Series_20260501_214553.csv,4.48654037886341,25.02492522432702,70.48853439680957
DB,ACE,multiple_runs_DB_HighThreat_Series_20260501_214553.csv,5.47024952015355,30.134357005758154,64.3953934740883
DB,ACE,multiple_runs_DB_HighThreat_Series_20260501_214553.csv,57.509157509157504,2.838827838827839,39.65201465201465
DB,ACE,multiple_runs_DB_HighThreat_Series_20260501_214553.csv,62.21786064769381,3.140333660451423,34.64180569185476
DB,ACE,multiple_runs_DB_HighThreat_Series_20260501_214553.csv,3.8461538461538463,22.153846153846153,74.0
DB,ACE,multiple_runs_DB_HighThreat_Series_20260501_214553.csv,5.491990846681922,21.891685736079328,72.61632341723875
DB,ACE,multiple_runs_DB_HighThreat_Series_20260501_214553.csv,3.556034482758621,31.896551724137932,64.54741379310344
DB,ACE,multiple_runs_DB_HighThreat_Series_20260501_214553.csv,5.414012738853503,34.288747346072185,60.29723991507431
DB,ACE,multiple_runs_DB_HighThreat_Series_20260501_214553.csv,49.72924187725632,8.032490974729242,42.238267148014444
DB,ACE,multiple_runs_DB_HighThreat_Series_20260501_214553.csv,8.321377331420372,20.01434720229555,71.66427546628408
DB,ACE,multiple_runs_DB_HighThreat_Series_20260501_214553.csv,7.293868921775898,28.858350951374206,63.8477801268499
DB,ACE,multiple_runs_DB_HighThreat_Series_20260501_214553.csv,7.0599613152804634,23.984526112185687,68.95551257253385
DB,ACE,multiple_runs_DB_HighThreat_Series_20260501_214553.csv,4.541062801932367,25.79710144927536,69.66183574879227
DB,ACE,multiple_runs_DB_HighThreat_Series_20260501_214553.csv,3.925619834710744,27.37603305785124,68.69834710743802
DB,ACE,multiple_runs_DB_HighThreat_Series_20260501_214553.csv,28.6321155480034,10.110450297366185,61.25743415463042
DB,ACE,multiple_runs_DB_HighThreat_Series_20260501_214553.csv,20.983858570330515,16.52574942352037,62.49039200614912
DB,ACE,multiple_runs_DB_HighThreat_Series_20260501_214553.csv,58.01801801801801,1.5315315315315314,40.45045045045045
DB,ACE,multiple_runs_DB_HighThreat_Series_20260501_214553.csv,10.41041041041041,23.723723723723726,65.86586586586587
DB,ACE,multiple_runs_DB_HighThreat_Series_20260501_214553.csv,3.5025017869907074,20.37169406719085,76.12580414581845
DB,ACE,multiple_runs_DB_HighThreat_Series_20260501_214553.csv,6.3688212927756656,27.09125475285171,66.53992395437263
DB,ACE,multiple_runs_DB_HighThreat_Series_20260501_214553.csv,5.90513068731849,25.36302032913843,68.73184898354307
DB,ACE,multiple_runs_DB_HighThreat_Series_20260501_214553.csv,58.43660629170638,3.336510962821735,38.22688274547188
DB,ACE,multiple_runs_DB_HighThreat_Series_20260501_214553.csv,3.993203058623619,23.364485981308412,72.64231096006797
DB,ACE,multiple_runs_DB_HighThreat_Series_20260501_214553.csv,58.24790307548928,1.95712954333644,39.79496738117428
DB,ACE,multiple_runs_DB_HighThreat_Series_20260501_214553.csv,4.754601226993866,21.855828220858893,73.38957055214725
DB,ACE,multiple_runs_DB_HighThreat_Series_20260501_214553.csv,6.628242074927954,26.12872238232469,67.24303554274735
DB,ACE,multiple_runs_DB_HighThreat_Series_20260501_214553.csv,5.668358714043993,22.165820642978005,72.165820642978
DB,ACE,multiple_runs_DB_HighThreat_Series_20260501_214553.csv,4.10958904109589,21.660958904109588,74.22945205479452
DB,ACE,multiple_runs_DB_HighThreat_Series_20260501_214553.csv,43.330349149507605,6.893464637421665,49.77618621307073
DB,ACE,multiple_runs_DB_HighThreat_Series_20260501_214553.csv,0.0,0.0,0.0
DB,ACE,multiple_runs_DB_HighThreat_Series_20260501_214553.csv,23.75623324922387,17.836434004825147,58.40733274595098
DB,ACE,multiple_runs_DB_HighThreat_Series_20260501_214553.csv,23.75658495631556,17.836351726619366,58.40706331706507
DB,ACE,multiple_runs_DB_HighThreat_Series_20260501_214553.csv,38.26626301410323,18.35043934135716,43.38329764453962
DB,ACE,multiple_runs_DB_HighThreat_Series_20260501_214553.csv,26.666666666666668,4.444444444444445,68.88888888888889
DB,ACE,multiple_runs_DB_HighThreat_Series_20260501_214553.csv,31.170431211498972,19.753593429158112,49.07597535934292
DB,No ACE,multiple_runs_DB_LowThreat_Series_20260502_024950.csv,22.152466367713007,0.08968609865470852,77.75784753363229
DB,No ACE,multiple_runs_DB_LowThreat_Series_20260502_024950.csv,21.92429022082019,0.7097791798107256,77.36593059936908
DB,No ACE,multiple_runs_DB_LowThreat_Series_20260502_024950.csv,13.732718894009215,0.4608294930875576,85.80645161290322
DB,No ACE,multiple_runs_DB_LowThreat_Series_20260502_024950.csv,13.534675615212526,0.7829977628635347,85.68232662192393
DB,No ACE,multiple_runs_DB_LowThreat_Series_20260502_024950.csv,17.45513866231648,0.40783034257748774,82.13703099510603
DB,No ACE,multiple_runs_DB_LowThreat_Series_20260502_024950.csv,24.960876369327075,1.330203442879499,73.70892018779342
DB,No ACE,multiple_runs_DB_LowThreat_Series_20260502_024950.csv,12.94219154443486,2.5884383088869716,84.46937014667817
DB,No ACE,multiple_runs_DB_LowThreat_Series_20260502_024950.csv,20.87205146533238,1.7155110793423873,77.41243745532523
DB,No ACE,multiple_runs_DB_LowThreat_Series_20260502_024950.csv,14.930555555555555,0.607638888888889,84.46180555555556
DB,No ACE,multiple_runs_DB_LowThreat_Series_20260502_024950.csv,24.69244288224956,0.0,75.30755711775043
DB,No ACE,multiple_runs_DB_LowThreat_Series_20260502_024950.csv,10.971428571428572,0.0,89.02857142857142
DB,No ACE,multiple_runs_DB_LowThreat_Series_20260502_024950.csv,23.570869224745497,1.8794048551292093,74.5497259201253
DB,No ACE,multiple_runs_DB_LowThreat_Series_20260502_024950.csv,24.808184143222505,0.5967604433077579,74.59505541346974
DB,No ACE,multiple_runs_DB_LowThreat_Series_20260502_024950.csv,19.753086419753085,0.411522633744856,79.83539094650206
DB,No ACE,multiple_runs_DB_LowThreat_Series_20260502_024950.csv,22.55892255892256,0.0,77.44107744107744
DB,No ACE,multiple_runs_DB_LowThreat_Series_20260502_024950.csv,18.201997780244174,0.0,81.79800221975583
DB,No ACE,multiple_runs_DB_LowThreat_Series_20260502_024950.csv,24.022801302931597,0.16286644951140067,75.814332247557
DB,No ACE,multiple_runs_DB_LowThreat_Series_20260502_024950.csv,28.98671096345515,1.4119601328903655,69.60132890365448
DB,No ACE,multiple_runs_DB_LowThreat_Series_20260502_024950.csv,29.67479674796748,0.5691056910569106,69.7560975609756
DB,No ACE,multiple_runs_DB_LowThreat_Series_20260502_024950.csv,15.789473684210526,0.2288329519450801,83.98169336384439
DB,No ACE,multiple_runs_DB_LowThreat_Series_20260502_024950.csv,22.687439143135347,0.2921129503407984,77.02044790652386
DB,No ACE,multiple_runs_DB_LowThreat_Series_20260502_024950.csv,26.91337258200168,1.2615643397813288,71.82506307821698
DB,No ACE,multiple_runs_DB_LowThreat_Series_20260502_024950.csv,10.295519542421355,0.47664442326024786,89.2278360343184
DB,No ACE,multiple_runs_DB_LowThreat_Series_20260502_024950.csv,16.086235489220563,0.9950248756218906,82.91873963515755
DB,No ACE,multiple_runs_DB_LowThreat_Series_20260502_024950.csv,12.970297029702971,0.49504950495049505,86.53465346534654
DB,No ACE,multiple_runs_DB_LowThreat_Series_20260502_024950.csv,23.72999304105776,0.41753653444676403,75.85247042449548
DB,No ACE,multiple_runs_DB_LowThreat_Series_20260502_024950.csv,18.510858324715613,0.5170630816959669,80.97207859358842
DB,No ACE,multiple_runs_DB_LowThreat_Series_20260502_024950.csv,26.21580547112462,0.0,73.78419452887537
DB,No ACE,multiple_runs_DB_LowThreat_Series_20260502_024950.csv,28.99921197793538,0.9456264775413712,70.05516154452324
DB,No ACE,multiple_runs_DB_LowThreat_Series_20260502_024950.csv,25.986078886310903,1.7014694508894046,72.31245166279969
DB,No ACE,multiple_runs_DB_LowThreat_Series_20260502_024950.csv,25.133282559025133,0.0,74.86671744097487
DB,No ACE,multiple_runs_DB_LowThreat_Series_20260502_024950.csv,25.70194384449244,1.9438444924406046,72.35421166306696
DB,No ACE,multiple_runs_DB_LowThreat_Series_20260502_024950.csv,14.209115281501342,1.6085790884718498,84.1823056300268
DB,No ACE,multiple_runs_DB_LowThreat_Series_20260502_024950.csv,26.25231910946197,0.0927643784786642,73.65491651205936
DB,No ACE,multiple_runs_DB_LowThreat_Series_20260502_024950.csv,26.25341841385597,0.27347310847766637,73.47310847766636
DB,No ACE,multiple_runs_DB_LowThreat_Series_20260502_024950.csv,23.180592991913745,0.3593890386343217,76.46001796945193
DB,No ACE,multiple_runs_DB_LowThreat_Series_20260502_024950.csv,12.03585147247119,0.3841229193341869,87.58002560819462
DB,No ACE,multiple_runs_DB_LowThreat_Series_20260502_024950.csv,20.288248337028826,0.7760532150776054,78.93569844789357
DB,No ACE,multiple_runs_DB_LowThreat_Series_20260502_024950.csv,17.57188498402556,0.21299254526091588,82.21512247071352
DB,No ACE,multiple_runs_DB_LowThreat_Series_20260502_024950.csv,17.155963302752294,0.5504587155963303,82.29357798165138
DB,No ACE,multiple_runs_DB_LowThreat_Series_20260502_024950.csv,22.416974169741696,1.1992619926199262,76.38376383763837
DB,No ACE,multiple_runs_DB_LowThreat_Series_20260502_024950.csv,28.44335778321108,0.24449877750611246,71.3121434392828
DB,No ACE,multiple_runs_DB_LowThreat_Series_20260502_024950.csv,16.073245167853507,0.40691759918616477,83.51983723296033
DB,No ACE,multiple_runs_DB_LowThreat_Series_20260502_024950.csv,17.7,1.7999999999999998,80.5
DB,No ACE,multiple_runs_DB_LowThreat_Series_20260502_024950.csv,17.17369970559372,2.355250245338567,80.47105004906771
DB,No ACE,multiple_runs_DB_LowThreat_Series_20260502_024950.csv,23.380726698262244,0.7898894154818324,75.82938388625593
DB,No ACE,multiple_runs_DB_LowThreat_Series_20260502_024950.csv,18.54130052724077,0.4393673110720563,81.01933216168717
DB,No ACE,multiple_runs_DB_LowThreat_Series_20260502_024950.csv,25.79218865143699,0.07369196757553427,74.13411938098747
DB,No ACE,multiple_runs_DB_LowThreat_Series_20260502_024950.csv,35.48094373865699,0.0,64.51905626134301
DB,No ACE,multiple_runs_DB_LowThreat_Series_20260502_024950.csv,20.814814814814813,0.2962962962962963,78.88888888888889
DB,No ACE,multiple_runs_DB_LowThreat_Series_20260502_024950.csv,28.835978835978835,0.1763668430335097,70.98765432098766
DB,No ACE,multiple_runs_DB_LowThreat_Series_20260502_024950.csv,9.619047619047619,0.38095238095238093,90.0
DB,No ACE,multiple_runs_DB_LowThreat_Series_20260502_024950.csv,17.850637522768668,2.0036429872495445,80.14571948998179
DB,No ACE,multiple_runs_DB_LowThreat_Series_20260502_024950.csv,30.18500486854917,0.19474196689386564,69.62025316455697
DB,No ACE,multiple_runs_DB_LowThreat_Series_20260502_024950.csv,22.44408945686901,1.996805111821086,75.5591054313099
DB,No ACE,multiple_runs_DB_LowThreat_Series_20260502_024950.csv,24.167694204685574,0.0,75.83230579531443
DB,No ACE,multiple_runs_DB_LowThreat_Series_20260502_024950.csv,12.048192771084338,0.0,87.95180722891565
DB,No ACE,multiple_runs_DB_LowThreat_Series_20260502_024950.csv,27.6078431372549,0.8627450980392156,71.52941176470588
DB,No ACE,multiple_runs_DB_LowThreat_Series_20260502_024950.csv,22.389240506329113,0.39556962025316456,77.21518987341773
DB,No ACE,multiple_runs_DB_LowThreat_Series_20260502_024950.csv,27.131208302446257,0.0,72.86879169755375
DB,No ACE,multiple_runs_DB_LowThreat_Series_20260502_024950.csv,15.266617969320674,0.7304601899196494,84.00292184075968
DB,No ACE,multiple_runs_DB_LowThreat_Series_20260502_024950.csv,9.005235602094242,0.0,90.99476439790575
DB,No ACE,multiple_runs_DB_LowThreat_Series_20260502_024950.csv,27.353177795655668,1.1263073209975865,71.52051488334675
DB,No ACE,multiple_runs_DB_LowThreat_Series_20260502_024950.csv,25.769569041336855,0.43975373790677225,73.79067722075638
DB,No ACE,multiple_runs_DB_LowThreat_Series_20260502_024950.csv,13.797169811320757,0.7075471698113208,85.49528301886792
DB,No ACE,multiple_runs_DB_LowThreat_Series_20260502_024950.csv,26.42487046632124,0.0,73.57512953367875
DB,No ACE,multiple_runs_DB_LowThreat_Series_20260502_024950.csv,16.299559471365637,2.2026431718061676,81.4977973568282
DB,No ACE,multiple_runs_DB_LowThreat_Series_20260502_024950.csv,15.23972602739726,1.1130136986301369,83.6472602739726
DB,No ACE,multiple_runs_DB_LowThreat_Series_20260502_024950.csv,17.805582290664102,2.1174205967276225,80.07699711260827
DB,No ACE,multiple_runs_DB_LowThreat_Series_20260502_024950.csv,17.696867061812025,0.3386960203217612,81.96443691786621
DB,No ACE,multiple_runs_DB_LowThreat_Series_20260502_024950.csv,24.431137724550897,0.0,75.5688622754491
DB,No ACE,multiple_runs_DB_LowThreat_Series_20260502_024950.csv,33.80782918149466,0.0,66.19217081850533
DB,No ACE,multiple_runs_DB_LowThreat_Series_20260502_024950.csv,18.327067669172934,1.5037593984962405,80.16917293233082
DB,No ACE,multiple_runs_DB_LowThreat_Series_20260502_024950.csv,18.858954041204438,0.8716323296354992,80.26941362916006
DB,No ACE,multiple_runs_DB_LowThreat_Series_20260502_024950.csv,25.368248772504092,1.227495908346972,73.40425531914893
DB,No ACE,multiple_runs_DB_LowThreat_Series_20260502_024950.csv,20.862745098039216,0.4705882352941176,78.66666666666666
DB,No ACE,multiple_runs_DB_LowThreat_Series_20260502_024950.csv,31.97389885807504,0.0,68.02610114192495
DB,No ACE,multiple_runs_DB_LowThreat_Series_20260502_024950.csv,24.962406015037594,0.0,75.0375939849624
DB,No ACE,multiple_runs_DB_LowThreat_Series_20260502_024950.csv,11.121583411875589,0.0942507068803016,88.78416588124412
DB,No ACE,multiple_runs_DB_LowThreat_Series_20260502_024950.csv,14.510097232610322,0.14958863126402394,85.34031413612566
DB,No ACE,multiple_runs_DB_LowThreat_Series_20260502_024950.csv,16.323024054982817,0.0,83.67697594501719
DB,No ACE,multiple_runs_DB_LowThreat_Series_20260502_024950.csv,14.612326043737575,1.2922465208747516,84.09542743538768
DB,No ACE,multiple_runs_DB_LowThreat_Series_20260502_024950.csv,24.495677233429394,1.0566762728146013,74.447646493756
DB,No ACE,multiple_runs_DB_LowThreat_Series_20260502_024950.csv,26.994359387590656,1.6116035455278,71.39403706688154
DB,No ACE,multiple_runs_DB_LowThreat_Series_20260502_024950.csv,13.957759412304869,0.0,86.04224058769513
DB,No ACE,multiple_runs_DB_LowThreat_Series_20260502_024950.csv,8.073196986006458,0.0,91.92680301399353
DB,No ACE,multiple_runs_DB_LowThreat_Series_20260502_024950.csv,18.8715953307393,0.5836575875486382,80.54474708171206
DB,No ACE,multiple_runs_DB_LowThreat_Series_20260502_024950.csv,20.098441345365053,2.543068088597211,77.35849056603774
DB,No ACE,multiple_runs_DB_LowThreat_Series_20260502_024950.csv,24.068157614483493,0.21299254526091588,75.71884984025559
DB,No ACE,multiple_runs_DB_LowThreat_Series_20260502_024950.csv,21.902017291066283,1.2968299711815563,76.80115273775216
DB,No ACE,multiple_runs_DB_LowThreat_Series_20260502_024950.csv,26.178390137780998,1.305293691080493,72.51631617113851
DB,No ACE,multiple_runs_DB_LowThreat_Series_20260502_024950.csv,22.98951048951049,0.26223776223776224,76.74825174825175
DB,No ACE,multiple_runs_DB_LowThreat_Series_20260502_024950.csv,23.124042879019907,0.9188361408882083,75.95712098009189
DB,No ACE,multiple_runs_DB_LowThreat_Series_20260502_024950.csv,25.978915662650603,1.957831325301205,72.0632530120482
DB,No ACE,multiple_runs_DB_LowThreat_Series_20260502_024950.csv,26.57757980697847,0.0,73.42242019302154
DB,No ACE,multiple_runs_DB_LowThreat_Series_20260502_024950.csv,14.631956912028727,0.8976660682226212,84.47037701974865
DB,No ACE,multiple_runs_DB_LowThreat_Series_20260502_024950.csv,21.455576559546312,0.3780718336483932,78.16635160680529
DB,No ACE,multiple_runs_DB_LowThreat_Series_20260502_024950.csv,21.96691176470588,0.6433823529411764,77.38970588235294
DB,No ACE,multiple_runs_DB_LowThreat_Series_20260502_024950.csv,11.490424646128226,0.0,88.50957535387177
DB,No ACE,multiple_runs_DB_LowThreat_Series_20260502_024950.csv,23.666343355965083,0.4849660523763337,75.84869059165858
DB,No ACE,multiple_runs_DB_LowThreat_Series_20260502_024950.csv,30.35863219349458,0.0,69.64136780650541
DB,No ACE,multiple_runs_DB_LowThreat_Series_20260502_024950.csv,29.603729603729604,0.3885003885003885,70.00777000777
DB,No ACE,multiple_runs_DB_LowThreat_Series_20260502_024950.csv,14.993804213135068,0.0,85.00619578686494
DB,No ACE,multiple_runs_DB_LowThreat_Series_20260502_024950.csv,23.232323232323232,0.33670033670033667,76.43097643097643
DB,No ACE,multiple_runs_DB_LowThreat_Series_20260502_024950.csv,21.551724137931032,0.0,78.44827586206897
DB,No ACE,multiple_runs_DB_LowThreat_Series_20260502_024950.csv,28.341793570219963,0.676818950930626,70.98138747884941
DB,No ACE,multiple_runs_DB_LowThreat_Series_20260502_024950.csv,27.46268656716418,0.6716417910447761,71.86567164179104
DB,No ACE,multiple_runs_DB_LowThreat_Series_20260502_024950.csv,14.914914914914915,1.5015015015015014,83.58358358358359
DB,No ACE,multiple_runs_DB_LowThreat_Series_20260502_024950.csv,19.4672131147541,0.3073770491803279,80.22540983606558
DB,No ACE,multiple_runs_DB_LowThreat_Series_20260502_024950.csv,23.32185886402754,0.17211703958691912,76.50602409638554
DB,No ACE,multiple_runs_DB_LowThreat_Series_20260502_024950.csv,29.11392405063291,0.0,70.88607594936708
DB,No ACE,multiple_runs_DB_LowThreat_Series_20260502_024950.csv,20.37735849056604,0.9433962264150944,78.67924528301887
DB,No ACE,multiple_runs_DB_LowThreat_Series_20260502_024950.csv,12.11111111111111,0.1111111111111111,87.77777777777777
DB,No ACE,multiple_runs_DB_LowThreat_Series_20260502_024950.csv,26.38230647709321,0.8688783570300158,72.74881516587678
DB,No ACE,multiple_runs_DB_LowThreat_Series_20260502_024950.csv,24.699352451433857,0.6475485661424607,74.65309898242369
DB,No ACE,multiple_runs_DB_LowThreat_Series_20260502_024950.csv,16.23134328358209,1.9589552238805972,81.80970149253731
DB,No ACE,multiple_runs_DB_LowThreat_Series_20260502_024950.csv,13.835877862595419,0.4770992366412214,85.68702290076335
DB,No ACE,multiple_runs_DB_LowThreat_Series_20260502_024950.csv,19.39571150097466,0.5847953216374269,80.01949317738791
DB,No ACE,multiple_runs_DB_LowThreat_Series_20260502_024950.csv,14.50827653359299,0.6815968841285297,84.81012658227847
DB,No ACE,multiple_runs_DB_LowThreat_Series_20260502_024950.csv,15.084388185654007,0.31645569620253167,84.59915611814345
DB,No ACE,multiple_runs_DB_LowThreat_Series_20260502_024950.csv,21.678966789667896,0.0,78.3210332103321
DB,No ACE,multiple_runs_DB_LowThreat_Series_20260502_024950.csv,18.90547263681592,0.7107320540156361,80.38379530916845
DB,No ACE,multiple_runs_DB_LowThreat_Series_20260502_024950.csv,27.987663839629917,0.0,72.01233616037008
DB,No ACE,multiple_runs_DB_LowThreat_Series_20260502_024950.csv,8.11541929666366,0.0,91.88458070333634
DB,No ACE,multiple_runs_DB_LowThreat_Series_20260502_024950.csv,24.573643410852714,0.23255813953488372,75.1937984496124
DB,No ACE,multiple_runs_DB_LowThreat_Series_20260502_024950.csv,28.381548084440972,0.07818608287724785,71.54026583268178
DB,No ACE,multiple_runs_DB_LowThreat_Series_20260502_024950.csv,8.458646616541353,0.09398496240601503,91.44736842105263
DB,No ACE,multiple_runs_DB_LowThreat_Series_20260502_024950.csv,20.928196147110334,0.43782837127845886,78.6339754816112
DB,No ACE,multiple_runs_DB_LowThreat_Series_20260502_024950.csv,21.418826739427015,1.6371077762619373,76.94406548431105
DB,No ACE,multiple_runs_DB_LowThreat_Series_20260502_024950.csv,19.82142857142857,1.7857142857142856,78.39285714285714
DB,No ACE,multiple_runs_DB_LowThreat_Series_20260502_024950.csv,23.59015091342335,0.5559968228752978,75.85385226370136
DB,No ACE,multiple_runs_DB_LowThreat_Series_20260502_024950.csv,29.20580700256191,1.1955593509820666,69.59863364645602
DB,No ACE,multiple_runs_DB_LowThreat_Series_20260502_024950.csv,20.237087214225234,0.42337002540220153,79.33954276037257
DB,No ACE,multiple_runs_DB_LowThreat_Series_20260502_024950.csv,23.47266881028939,0.0,76.52733118971061
DB,No ACE,multiple_runs_DB_LowThreat_Series_20260502_024950.csv,27.393838467943382,1.8318068276436303,70.77435470441299
DB,No ACE,multiple_runs_DB_LowThreat_Series_20260502_024950.csv,28.03379416282642,0.0,71.96620583717358
DB,No ACE,multiple_runs_DB_LowThreat_Series_20260502_024950.csv,9.058823529411764,0.2352941176470588,90.70588235294117
DB,No ACE,multiple_runs_DB_LowThreat_Series_20260502_024950.csv,6.993006993006993,0.0,93.00699300699301
DB,No ACE,multiple_runs_DB_LowThreat_Series_20260502_024950.csv,16.316316316316314,1.4014014014014013,82.28228228228228
DB,No ACE,multiple_runs_DB_LowThreat_Series_20260502_024950.csv,27.385159010600706,0.0,72.6148409893993
DB,No ACE,multiple_runs_DB_LowThreat_Series_20260502_024950.csv,26.419379258137777,0.0757002271006813,73.50492051476154
DB,No ACE,multiple_runs_DB_LowThreat_Series_20260502_024950.csv,34.36974789915966,1.1764705882352942,64.45378151260505
DB,No ACE,multiple_runs_DB_LowThreat_Series_20260502_024950.csv,17.899543378995432,0.365296803652968,81.7351598173516
DB,No ACE,multiple_runs_DB_LowThreat_Series_20260502_024950.csv,16.6383701188455,0.08488964346349745,83.276740237691
DB,No ACE,multiple_runs_DB_LowThreat_Series_20260502_024950.csv,18.331805682859763,1.0999083409715857,80.56828597616865
DB,No ACE,multiple_runs_DB_LowThreat_Series_20260502_024950.csv,8.60655737704918,0.10245901639344263,91.29098360655738
DB,No ACE,multiple_runs_DB_LowThreat_Series_20260502_024950.csv,22.20555138784696,0.07501875468867217,77.71942985746436
DB,No ACE,multiple_runs_DB_LowThreat_Series_20260502_024950.csv,21.128021486123547,0.26857654431512984,78.60340196956133
DB,No ACE,multiple_runs_DB_LowThreat_Series_20260502_024950.csv,13.258232235701906,0.5199306759098787,86.22183708838821
DB,No ACE,multiple_runs_DB_LowThreat_Series_20260502_024950.csv,25.19319938176198,0.8500772797527048,73.95672333848532
DB,No ACE,multiple_runs_DB_LowThreat_Series_20260502_024950.csv,28.61562258313998,1.3921113689095126,69.99226604795051
DB,No ACE,multiple_runs_DB_LowThreat_Series_20260502_024950.csv,24.13249211356467,0.47318611987381703,75.39432176656152
DB,No ACE,multiple_runs_DB_LowThreat_Series_20260502_024950.csv,24.134790528233154,0.09107468123861566,75.77413479052824
DB,No ACE,multiple_runs_DB_LowThreat_Series_20260502_024950.csv,25.77683615819209,0.14124293785310735,74.0819209039548
DB,No ACE,multiple_runs_DB_LowThreat_Series_20260502_024950.csv,21.90684133915575,1.3828238719068413,76.7103347889374
DB,No ACE,multiple_runs_DB_LowThreat_Series_20260502_024950.csv,23.052208835341364,1.6064257028112447,75.34136546184739
DB,No ACE,multiple_runs_DB_LowThreat_Series_20260502_024950.csv,20.969162995594715,0.7048458149779736,78.32599118942731
DB,No ACE,multiple_runs_DB_LowThreat_Series_20260502_024950.csv,14.16184971098266,2.312138728323699,83.52601156069365
DB,No ACE,multiple_runs_DB_LowThreat_Series_20260502_024950.csv,14.979338842975206,0.5165289256198348,84.50413223140497
DB,No ACE,multiple_runs_DB_LowThreat_Series_20260502_024950.csv,23.162393162393162,1.0256410256410255,75.8119658119658
DB,No ACE,multiple_runs_DB_LowThreat_Series_20260502_024950.csv,22.04255319148936,0.5106382978723404,77.4468085106383
DB,No ACE,multiple_runs_DB_LowThreat_Series_20260502_024950.csv,27.27272727272727,0.0,72.72727272727273
DB,No ACE,multiple_runs_DB_LowThreat_Series_20260502_024950.csv,25.76744186046512,1.302325581395349,72.93023255813952
DB,No ACE,multiple_runs_DB_LowThreat_Series_20260502_024950.csv,9.787234042553191,0.851063829787234,89.36170212765957
DB,No ACE,multiple_runs_DB_LowThreat_Series_20260502_024950.csv,24.899193548387096,0.0,75.1008064516129
DB,No ACE,multiple_runs_DB_LowThreat_Series_20260502_024950.csv,19.444444444444446,0.4629629629629629,80.0925925925926
DB,No ACE,multiple_runs_DB_LowThreat_Series_20260502_024950.csv,24.8403122782115,1.7743080198722498,73.38537970191625
DB,No ACE,multiple_runs_DB_LowThreat_Series_20260502_024950.csv,27.187499999999996,0.78125,72.03125
DB,No ACE,multiple_runs_DB_LowThreat_Series_20260502_024950.csv,17.366720516962843,0.8077544426494345,81.82552504038773
DB,No ACE,multiple_runs_DB_LowThreat_Series_20260502_024950.csv,27.721221613155834,0.7047768206734534,71.57400156617071
DB,No ACE,multiple_runs_DB_LowThreat_Series_20260502_024950.csv,14.112903225806454,0.0,85.88709677419355
DB,No ACE,multiple_runs_DB_LowThreat_Series_20260502_024950.csv,10.9404990403071,0.47984644913627633,88.57965451055662
DB,No ACE,multiple_runs_DB_LowThreat_Series_20260502_024950.csv,11.900191938579654,1.5355086372360844,86.56429942418427
DB,No ACE,multiple_runs_DB_LowThreat_Series_20260502_024950.csv,21.377101681345074,0.24019215372297836,78.38270616493195
DB,No ACE,multiple_runs_DB_LowThreat_Series_20260502_024950.csv,14.431239388794568,1.9524617996604414,83.616298811545
DB,No ACE,multiple_runs_DB_LowThreat_Series_20260502_024950.csv,16.17063492063492,0.8928571428571428,82.93650793650794
DB,No ACE,multiple_runs_DB_LowThreat_Series_20260502_024950.csv,15.769230769230768,0.8653846153846154,83.36538461538461
DB,No ACE,multiple_runs_DB_LowThreat_Series_20260502_024950.csv,18.78952122854562,0.36133694670280037,80.84914182475158
DB,No ACE,multiple_runs_DB_LowThreat_Series_20260502_024950.csv,11.858190709046456,0.4889975550122249,87.65281173594131
DB,No ACE,multiple_runs_DB_LowThreat_Series_20260502_024950.csv,28.764940239043824,0.7171314741035857,70.5179282868526
DB,No ACE,multiple_runs_DB_LowThreat_Series_20260502_024950.csv,18.353831598864712,1.1352885525070955,80.51087984862819
DB,No ACE,multiple_runs_DB_LowThreat_Series_20260502_024950.csv,19.39799331103679,0.6688963210702341,79.93311036789298
DB,No ACE,multiple_runs_DB_LowThreat_Series_20260502_024950.csv,24.77446217904233,0.2775850104094379,74.94795281054823
DB,No ACE,multiple_runs_DB_LowThreat_Series_20260502_024950.csv,17.47181964573269,1.3687600644122384,81.15942028985508
DB,No ACE,multiple_runs_DB_LowThreat_Series_20260502_024950.csv,21.259124087591243,0.7299270072992701,78.01094890510949
DB,No ACE,multiple_runs_DB_LowThreat_Series_20260502_024950.csv,31.180017226528854,1.03359173126615,67.786391042205
DB,No ACE,multiple_runs_DB_LowThreat_Series_20260502_024950.csv,21.506276150627617,0.16736401673640167,78.32635983263599
DB,No ACE,multiple_runs_DB_LowThreat_Series_20260502_024950.csv,12.625800548947849,0.0,87.37419945105215
DB,No ACE,multiple_runs_DB_LowThreat_Series_20260502_024950.csv,22.597402597402596,0.17316017316017315,77.22943722943722
DB,No ACE,multiple_runs_DB_LowThreat_Series_20260502_024950.csv,18.148820326678766,1.7241379310344827,80.12704174228675
DB,No ACE,multiple_runs_DB_LowThreat_Series_20260502_024950.csv,19.95637949836423,2.7262813522355507,77.31733914940023
DB,No ACE,multiple_runs_DB_LowThreat_Series_20260502_024950.csv,27.234753550543022,0.0835421888053467,72.68170426065163
DB,No ACE,multiple_runs_DB_LowThreat_Series_20260502_024950.csv,18.27364554637282,1.285583103764922,80.44077134986226
DB,No ACE,multiple_runs_DB_LowThreat_Series_20260502_024950.csv,19.183673469387756,1.4693877551020407,79.3469387755102
DB,No ACE,multiple_runs_DB_LowThreat_Series_20260502_024950.csv,27.372881355932204,0.5084745762711864,72.11864406779661
DB,No ACE,multiple_runs_DB_LowThreat_Series_20260502_024950.csv,16.289592760180994,0.18099547511312217,83.52941176470588
DB,No ACE,multiple_runs_DB_LowThreat_Series_20260502_024950.csv,12.364425162689804,0.9761388286334056,86.65943600867679
DB,No ACE,multiple_runs_DB_LowThreat_Series_20260502_024950.csv,32.42553191489362,0.0851063829787234,67.48936170212765
DB,No ACE,multiple_runs_DB_LowThreat_Series_20260502_024950.csv,15.22140221402214,0.6457564575645757,84.13284132841329
DB,No ACE,multiple_runs_DB_LowThreat_Series_20260502_024950.csv,22.625482625482626,0.0,77.37451737451737
DB,No ACE,multiple_runs_DB_LowThreat_Series_20260502_024950.csv,0.0,0.0,0.0
DB,No ACE,multiple_runs_DB_LowThreat_Series_20260502_024950.csv,21.180704911556862,0.6851599877101348,78.134135100733
DB,No ACE,multiple_runs_DB_LowThreat_Series_20260502_024950.csv,21.18070491155686,0.6855989114690777,78.13369617697404
DB,No ACE,multiple_runs_DB_LowThreat_Series_20260502_024950.csv,37.320007212591115,2.3646995183019497,60.31529326910693
DB,No ACE,multiple_runs_DB_LowThreat_Series_20260502_024950.csv,2.9787234042553195,0.0,97.02127659574468
DB,No ACE,multiple_runs_DB_LowThreat_Series_20260502_024950.csv,28.57142857142857,1.8984337921214998,69.53013763644992
DB,Moderate,multiple_runs_DB_ModerateThreat_Series_20260501_231139.csv,16.48129423660263,1.5166835187057632,82.0020222446916
DB,Moderate,multiple_runs_DB_ModerateThreat_Series_20260501_231139.csv,21.54639175257732,0.10309278350515465,78.35051546391753
DB,Moderate,multiple_runs_DB_ModerateThreat_Series_20260501_231139.csv,16.95786228160329,0.41109969167523125,82.63103802672148
DB,Moderate,multiple_runs_DB_ModerateThreat_Series_20260501_231139.csv,15.627530364372468,2.6720647773279356,81.70040485829959
DB,Moderate,multiple_runs_DB_ModerateThreat_Series_20260501_231139.csv,24.166666666666668,1.1111111111111112,74.72222222222223
DB,Moderate,multiple_runs_DB_ModerateThreat_Series_20260501_231139.csv,22.193658954584407,2.3993144815766922,75.40702656383891
DB,Moderate,multiple_runs_DB_ModerateThreat_Series_20260501_231139.csv,20.016406890894174,1.2305168170631664,78.75307629204265
DB,Moderate,multiple_runs_DB_ModerateThreat_Series_20260501_231139.csv,20.149253731343283,2.425373134328358,77.42537313432835
DB,Moderate,multiple_runs_DB_ModerateThreat_Series_20260501_231139.csv,21.663442940038685,0.5802707930367506,77.75628626692456
DB,Moderate,multiple_runs_DB_ModerateThreat_Series_20260501_231139.csv,29.81790591805766,0.9863429438543246,69.19575113808801
DB,Moderate,multiple_runs_DB_ModerateThreat_Series_20260501_231139.csv,15.426105717367852,0.5393743257820928,84.03451995685005
DB,Moderate,multiple_runs_DB_ModerateThreat_Series_20260501_231139.csv,19.37299035369775,0.3215434083601286,80.30546623794213
DB,Moderate,multiple_runs_DB_ModerateThreat_Series_20260501_231139.csv,12.172284644194757,1.1235955056179776,86.70411985018727
DB,Moderate,multiple_runs_DB_ModerateThreat_Series_20260501_231139.csv,23.707957342083674,0.0,76.29204265791633
DB,Moderate,multiple_runs_DB_ModerateThreat_Series_20260501_231139.csv,12.392755004766444,2.7645376549094376,84.84270734032413
DB,Moderate,multiple_runs_DB_ModerateThreat_Series_20260501_231139.csv,23.688271604938272,0.0,76.31172839506173
DB,Moderate,multiple_runs_DB_ModerateThreat_Series_20260501_231139.csv,22.047970479704798,0.18450184501845018,77.76752767527675
DB,Moderate,multiple_runs_DB_ModerateThreat_Series_20260501_231139.csv,34.52078032230704,1.102629346904156,64.3765903307888
DB,Moderate,multiple_runs_DB_ModerateThreat_Series_20260501_231139.csv,25.52710843373494,0.0,74.47289156626506
DB,Moderate,multiple_runs_DB_ModerateThreat_Series_20260501_231139.csv,11.545988258317024,0.684931506849315,87.76908023483367
DB,Moderate,multiple_runs_DB_ModerateThreat_Series_20260501_231139.csv,18.236472945891784,3.2064128256513023,78.55711422845691
DB,Moderate,multiple_runs_DB_ModerateThreat_Series_20260501_231139.csv,11.411042944785276,0.1226993865030675,88.46625766871166
DB,Moderate,multiple_runs_DB_ModerateThreat_Series_20260501_231139.csv,15.010141987829615,1.1156186612576064,83.87423935091279
DB,Moderate,multiple_runs_DB_ModerateThreat_Series_20260501_231139.csv,12.427409988385598,1.5098722415795587,86.06271777003485
DB,Moderate,multiple_runs_DB_ModerateThreat_Series_20260501_231139.csv,11.29032258064516,1.411290322580645,87.29838709677419
DB,Moderate,multiple_runs_DB_ModerateThreat_Series_20260501_231139.csv,17.24709784411277,0.16583747927031509,82.58706467661692
DB,Moderate,multiple_runs_DB_ModerateThreat_Series_20260501_231139.csv,23.733333333333334,0.0,76.26666666666667
DB,Moderate,multiple_runs_DB_ModerateThreat_Series_20260501_231139.csv,21.13564668769716,0.31545741324921134,78.54889589905363
DB,Moderate,multiple_runs_DB_ModerateThreat_Series_20260501_231139.csv,21.704035874439462,1.1659192825112108,77.13004484304933
DB,Moderate,multiple_runs_DB_ModerateThreat_Series_20260501_231139.csv,25.922818791946305,0.16778523489932887,73.90939597315436
DB,Moderate,multiple_runs_DB_ModerateThreat_Series_20260501_231139.csv,26.119402985074625,0.0,73.88059701492537
DB,Moderate,multiple_runs_DB_ModerateThreat_Series_20260501_231139.csv,19.386909693454847,1.9055509527754766,78.70753935376968
DB,Moderate,multiple_runs_DB_ModerateThreat_Series_20260501_231139.csv,22.05029013539652,0.3868471953578337,77.56286266924565
DB,Moderate,multiple_runs_DB_ModerateThreat_Series_20260501_231139.csv,30.314960629921263,1.4960629921259843,68.18897637795276
DB,Moderate,multiple_runs_DB_ModerateThreat_Series_20260501_231139.csv,30.570902394106813,0.2762430939226519,69.15285451197053
DB,Moderate,multiple_runs_DB_ModerateThreat_Series_20260501_231139.csv,14.396456256921372,1.4396456256921373,84.1638981173865
DB,Moderate,multiple_runs_DB_ModerateThreat_Series_20260501_231139.csv,28.525296017222818,0.4305705059203444,71.04413347685683
DB,Moderate,multiple_runs_DB_ModerateThreat_Series_20260501_231139.csv,15.450643776824036,2.2532188841201717,82.2961373390558
DB,Moderate,multiple_runs_DB_ModerateThreat_Series_20260501_231139.csv,29.536290322580644,0.7056451612903225,69.75806451612904
DB,Moderate,multiple_runs_DB_ModerateThreat_Series_20260501_231139.csv,14.193548387096774,1.6589861751152075,84.14746543778801
DB,Moderate,multiple_runs_DB_ModerateThreat_Series_20260501_231139.csv,19.898477157360407,1.6243654822335025,78.4771573604061
DB,Moderate,multiple_runs_DB_ModerateThreat_Series_20260501_231139.csv,13.785557986870897,1.6411378555798686,84.57330415754923
DB,Moderate,multiple_runs_DB_ModerateThreat_Series_20260501_231139.csv,24.004305705059203,0.2152852529601722,75.78040904198062
DB,Moderate,multiple_runs_DB_ModerateThreat_Series_20260501_231139.csv,28.511705685618725,1.4214046822742474,70.06688963210702
DB,Moderate,multiple_runs_DB_ModerateThreat_Series_20260501_231139.csv,24.530168150346192,0.5934718100890208,74.87636003956479
DB,Moderate,multiple_runs_DB_ModerateThreat_Series_20260501_231139.csv,26.420664206642066,1.6236162361623614,71.95571955719558
DB,Moderate,multiple_runs_DB_ModerateThreat_Series_20260501_231139.csv,22.069523039611965,0.40420371867421184,77.52627324171382
DB,Moderate,multiple_runs_DB_ModerateThreat_Series_20260501_231139.csv,12.737127371273713,1.2646793134598013,85.99819331526649
DB,Moderate,multiple_runs_DB_ModerateThreat_Series_20260501_231139.csv,15.062388591800357,0.4456327985739751,84.49197860962568
DB,Moderate,multiple_runs_DB_ModerateThreat_Series_20260501_231139.csv,29.918864097363084,0.7099391480730223,69.3711967545639
DB,Moderate,multiple_runs_DB_ModerateThreat_Series_20260501_231139.csv,8.81516587677725,3.6018957345971563,87.58293838862559
DB,Moderate,multiple_runs_DB_ModerateThreat_Series_20260501_231139.csv,22.67552182163188,0.8538899430740038,76.47058823529412
DB,Moderate,multiple_runs_DB_ModerateThreat_Series_20260501_231139.csv,31.491294473883425,0.0,68.50870552611657
DB,Moderate,multiple_runs_DB_ModerateThreat_Series_20260501_231139.csv,11.894273127753303,0.4405286343612335,87.66519823788546
DB,Moderate,multiple_runs_DB_ModerateThreat_Series_20260501_231139.csv,26.83982683982684,1.9047619047619049,71.25541125541126
DB,Moderate,multiple_runs_DB_ModerateThreat_Series_20260501_231139.csv,19.006849315068493,1.4554794520547945,79.53767123287672
DB,Moderate,multiple_runs_DB_ModerateThreat_Series_20260501_231139.csv,26.96629213483146,0.06609385327164573,72.9676140118969
DB,Moderate,multiple_runs_DB_ModerateThreat_Series_20260501_231139.csv,11.570247933884298,0.4132231404958678,88.01652892561982
DB,Moderate,multiple_runs_DB_ModerateThreat_Series_20260501_231139.csv,32.87337662337662,1.5422077922077921,65.5844155844156
DB,Moderate,multiple_runs_DB_ModerateThreat_Series_20260501_231139.csv,21.57968970380818,0.0,78.42031029619181
DB,Moderate,multiple_runs_DB_ModerateThreat_Series_20260501_231139.csv,30.508474576271187,0.645682001614205,68.84584342211461
DB,Moderate,multiple_runs_DB_ModerateThreat_Series_20260501_231139.csv,13.87900355871886,2.135231316725979,83.98576512455516
DB,Moderate,multiple_runs_DB_ModerateThreat_Series_20260501_231139.csv,31.895850284784377,1.790073230268511,66.31407648494712
DB,Moderate,multiple_runs_DB_ModerateThreat_Series_20260501_231139.csv,27.12133227597145,0.9516256938937351,71.92704203013481
DB,Moderate,multiple_runs_DB_ModerateThreat_Series_20260501_231139.csv,18.009049773755656,1.1764705882352942,80.81447963800905
DB,Moderate,multiple_runs_DB_ModerateThreat_Series_20260501_231139.csv,26.71186440677966,0.13559322033898305,73.15254237288136
DB,Moderate,multiple_runs_DB_ModerateThreat_Series_20260501_231139.csv,26.091825307950728,0.22396416573348266,73.68421052631578
DB,Moderate,multiple_runs_DB_ModerateThreat_Series_20260501_231139.csv,20.78754578754579,0.4578754578754579,78.75457875457876
DB,Moderate,multiple_runs_DB_ModerateThreat_Series_20260501_231139.csv,15.806715806715808,0.6552006552006553,83.53808353808354
DB,Moderate,multiple_runs_DB_ModerateThreat_Series_20260501_231139.csv,13.814432989690722,2.4742268041237114,83.71134020618557
DB,Moderate,multiple_runs_DB_ModerateThreat_Series_20260501_231139.csv,28.74902874902875,1.2432012432012431,70.00777000777
DB,Moderate,multiple_runs_DB_ModerateThreat_Series_20260501_231139.csv,31.781045751633986,1.2254901960784315,66.99346405228758
DB,Moderate,multiple_runs_DB_ModerateThreat_Series_20260501_231139.csv,13.48314606741573,1.9878997407087293,84.52895419187554
DB,Moderate,multiple_runs_DB_ModerateThreat_Series_20260501_231139.csv,27.164502164502164,0.0,72.83549783549783
DB,Moderate,multiple_runs_DB_ModerateThreat_Series_20260501_231139.csv,25.843780135004824,0.6750241080038573,73.48119575699133
DB,Moderate,multiple_runs_DB_ModerateThreat_Series_20260501_231139.csv,23.637759017651575,0.38372985418265537,75.97851112816578
DB,Moderate,multiple_runs_DB_ModerateThreat_Series_20260501_231139.csv,18.588469184890656,1.9880715705765408,79.42345924453281
DB,Moderate,multiple_runs_DB_ModerateThreat_Series_20260501_231139.csv,22.241681260945708,1.2259194395796849,76.5323992994746
DB,Moderate,multiple_runs_DB_ModerateThreat_Series_20260501_231139.csv,25.222551928783382,0.0741839762611276,74.70326409495549
DB,Moderate,multiple_runs_DB_ModerateThreat_Series_20260501_231139.csv,19.0121155638397,1.4911463187325256,79.49673811742777
DB,Moderate,multiple_runs_DB_ModerateThreat_Series_20260501_231139.csv,19.79591836734694,0.0,80.20408163265306
DB,Moderate,multiple_runs_DB_ModerateThreat_Series_20260501_231139.csv,8.071748878923767,0.26905829596412556,91.65919282511211
DB,Moderate,multiple_runs_DB_ModerateThreat_Series_20260501_231139.csv,29.142857142857142,0.9795918367346939,69.87755102040816
DB,Moderate,multiple_runs_DB_ModerateThreat_Series_20260501_231139.csv,11.293260473588344,2.0036429872495445,86.70309653916212
DB,Moderate,multiple_runs_DB_ModerateThreat_Series_20260501_231139.csv,22.032583397982933,0.3103180760279286,77.65709852598914
DB,Moderate,multiple_runs_DB_ModerateThreat_Series_20260501_231139.csv,26.407613005551152,0.7137192704203014,72.87866772402855
DB,Moderate,multiple_runs_DB_ModerateThreat_Series_20260501_231139.csv,21.033478893740902,0.0727802037845706,78.89374090247453
DB,Moderate,multiple_runs_DB_ModerateThreat_Series_20260501_231139.csv,15.643802647412755,1.203369434416366,83.15282791817089
DB,Moderate,multiple_runs_DB_ModerateThreat_Series_20260501_231139.csv,29.144095341278444,0.10834236186348861,70.74756229685806
DB,Moderate,multiple_runs_DB_ModerateThreat_Series_20260501_231139.csv,21.933751119068933,0.6266786034019696,77.43957027752909
DB,Moderate,multiple_runs_DB_ModerateThreat_Series_20260501_231139.csv,16.43835616438356,0.0,83.56164383561644
DB,Moderate,multiple_runs_DB_ModerateThreat_Series_20260501_231139.csv,17.464788732394364,1.4084507042253522,81.12676056338029
DB,Moderate,multiple_runs_DB_ModerateThreat_Series_20260501_231139.csv,20.871985157699445,1.1131725417439702,78.01484230055658
DB,Moderate,multiple_runs_DB_ModerateThreat_Series_20260501_231139.csv,16.032608695652172,1.9927536231884055,81.97463768115942
DB,Moderate,multiple_runs_DB_ModerateThreat_Series_20260501_231139.csv,24.065196548418026,2.684563758389262,73.25023969319271
DB,Moderate,multiple_runs_DB_ModerateThreat_Series_20260501_231139.csv,26.01880877742947,1.09717868338558,72.88401253918495
DB,Moderate,multiple_runs_DB_ModerateThreat_Series_20260501_231139.csv,24.940047961630697,1.4388489208633095,73.621103117506
DB,Moderate,multiple_runs_DB_ModerateThreat_Series_20260501_231139.csv,27.487765089722675,1.1419249592169658,71.37030995106036
DB,Moderate,multiple_runs_DB_ModerateThreat_Series_20260501_231139.csv,25.818735719725815,0.07616146230007616,74.1051028179741
DB,Moderate,multiple_runs_DB_ModerateThreat_Series_20260501_231139.csv,25.37313432835821,1.1533242876526457,73.47354138398914
DB,Moderate,multiple_runs_DB_ModerateThreat_Series_20260501_231139.csv,20.035938903863432,0.8984725965858041,79.06558849955077
DB,Moderate,multiple_runs_DB_ModerateThreat_Series_20260501_231139.csv,23.51752021563342,0.8086253369272237,75.67385444743935
DB,Moderate,multiple_runs_DB_ModerateThreat_Series_20260501_231139.csv,19.660678642714572,1.3972055888223553,78.94211576846307
DB,Moderate,multiple_runs_DB_ModerateThreat_Series_20260501_231139.csv,9.810479375696767,2.0066889632107023,88.18283166109254
DB,Moderate,multiple_runs_DB_ModerateThreat_Series_20260501_231139.csv,12.5,0.0,87.5
DB,Moderate,multiple_runs_DB_ModerateThreat_Series_20260501_231139.csv,13.055181695827725,0.2691790040376851,86.67563930013459
DB,Moderate,multiple_runs_DB_ModerateThreat_Series_20260501_231139.csv,26.582278481012654,1.2658227848101267,72.15189873417721
DB,Moderate,multiple_runs_DB_ModerateThreat_Series_20260501_231139.csv,25.149303251493034,0.26542800265428,74.58526874585269
DB,Moderate,multiple_runs_DB_ModerateThreat_Series_20260501_231139.csv,20.53354890864996,0.08084074373484236,79.3856103476152
DB,Moderate,multiple_runs_DB_ModerateThreat_Series_20260501_231139.csv,25.609756097560975,0.8710801393728222,73.5191637630662
DB,Moderate,multiple_runs_DB_ModerateThreat_Series_20260501_231139.csv,13.608870967741934,1.0080645161290323,85.38306451612904
DB,Moderate,multiple_runs_DB_ModerateThreat_Series_20260501_231139.csv,21.987315010570825,1.4799154334038054,76.53276955602537
DB,Moderate,multiple_runs_DB_ModerateThreat_Series_20260501_231139.csv,30.294117647058822,0.0,69.70588235294117
DB,Moderate,multiple_runs_DB_ModerateThreat_Series_20260501_231139.csv,17.80199818346957,1.8165304268846505,80.38147138964578
DB,Moderate,multiple_runs_DB_ModerateThreat_Series_20260501_231139.csv,20.859375,1.640625,77.5
DB,Moderate,multiple_runs_DB_ModerateThreat_Series_20260501_231139.csv,19.58295557570263,1.3599274705349047,79.05711695376246
DB,Moderate,multiple_runs_DB_ModerateThreat_Series_20260501_231139.csv,13.297297297297298,0.8648648648648649,85.83783783783784
DB,Moderate,multiple_runs_DB_ModerateThreat_Series_20260501_231139.csv,20.37617554858934,1.6457680250783697,77.97805642633229
DB,Moderate,multiple_runs_DB_ModerateThreat_Series_20260501_231139.csv,11.819887429643527,1.6885553470919326,86.49155722326454
DB,Moderate,multiple_runs_DB_ModerateThreat_Series_20260501_231139.csv,16.527390900649955,2.5998142989786444,80.87279480037141
DB,Moderate,multiple_runs_DB_ModerateThreat_Series_20260501_231139.csv,28.815004262574597,0.2557544757033248,70.92924126172207
DB,Moderate,multiple_runs_DB_ModerateThreat_Series_20260501_231139.csv,20.520231213872833,2.312138728323699,77.16763005780348
DB,Moderate,multiple_runs_DB_ModerateThreat_Series_20260501_231139.csv,39.55659276546091,0.7001166861143524,59.74329054842473
DB,Moderate,multiple_runs_DB_ModerateThreat_Series_20260501_231139.csv,15.798045602605862,0.0,84.20195439739415
DB,Moderate,multiple_runs_DB_ModerateThreat_Series_20260501_231139.csv,27.129337539432175,0.0,72.87066246056783
DB,Moderate,multiple_runs_DB_ModerateThreat_Series_20260501_231139.csv,39.79328165374677,0.0,60.20671834625323
DB,Moderate,multiple_runs_DB_ModerateThreat_Series_20260501_231139.csv,18.416666666666668,1.4166666666666665,80.16666666666666
DB,Moderate,multiple_runs_DB_ModerateThreat_Series_20260501_231139.csv,23.791250959324636,0.920951650038373,75.287797390637
DB,Moderate,multiple_runs_DB_ModerateThreat_Series_20260501_231139.csv,33.787465940054496,0.0,66.21253405994551
DB,Moderate,multiple_runs_DB_ModerateThreat_Series_20260501_231139.csv,25.06787330316742,0.18099547511312217,74.75113122171946
DB,Moderate,multiple_runs_DB_ModerateThreat_Series_20260501_231139.csv,21.705426356589147,0.34453057708871665,77.95004306632214
DB,Moderate,multiple_runs_DB_ModerateThreat_Series_20260501_231139.csv,24.561403508771928,0.0,75.43859649122807
DB,Moderate,multiple_runs_DB_ModerateThreat_Series_20260501_231139.csv,21.189336978810662,1.0252904989747096,77.78537252221463
DB,Moderate,multiple_runs_DB_ModerateThreat_Series_20260501_231139.csv,13.508260447035958,1.6520894071914478,84.8396501457726
DB,Moderate,multiple_runs_DB_ModerateThreat_Series_20260501_231139.csv,30.09188361408882,0.22970903522205208,69.67840735068913
DB,Moderate,multiple_runs_DB_ModerateThreat_Series_20260501_231139.csv,19.763205828779597,0.273224043715847,79.96357012750455
DB,Moderate,multiple_runs_DB_ModerateThreat_Series_20260501_231139.csv,15.566037735849056,3.3962264150943398,81.0377358490566
DB,Moderate,multiple_runs_DB_ModerateThreat_Series_20260501_231139.csv,30.207197382769902,0.3271537622682661,69.46564885496184
DB,Moderate,multiple_runs_DB_ModerateThreat_Series_20260501_231139.csv,28.803905614320584,0.7323026851098454,70.46379170056957
DB,Moderate,multiple_runs_DB_ModerateThreat_Series_20260501_231139.csv,11.463414634146343,3.536585365853658,85.0
DB,Moderate,multiple_runs_DB_ModerateThreat_Series_20260501_231139.csv,15.936254980079681,0.29880478087649404,83.76494023904382
DB,Moderate,multiple_runs_DB_ModerateThreat_Series_20260501_231139.csv,13.052415210688592,0.6166495375128468,86.33093525179856
DB,Moderate,multiple_runs_DB_ModerateThreat_Series_20260501_231139.csv,24.783027965284475,0.5785920925747349,74.63837994214079
DB,Moderate,multiple_runs_DB_ModerateThreat_Series_20260501_231139.csv,25.01979414093428,0.9501187648456058,74.03008709422011
DB,Moderate,multiple_runs_DB_ModerateThreat_Series_20260501_231139.csv,10.784313725490197,0.0,89.2156862745098
DB,Moderate,multiple_runs_DB_ModerateThreat_Series_20260501_231139.csv,19.937040923399792,1.7838405036726128,78.2791185729276
DB,Moderate,multiple_runs_DB_ModerateThreat_Series_20260501_231139.csv,23.139745916515427,0.8166969147005444,76.04355716878402
DB,Moderate,multiple_runs_DB_ModerateThreat_Series_20260501_231139.csv,19.514388489208635,1.618705035971223,78.86690647482014
DB,Moderate,multiple_runs_DB_ModerateThreat_Series_20260501_231139.csv,28.75874125874126,0.17482517482517482,71.06643356643356
DB,Moderate,multiple_runs_DB_ModerateThreat_Series_20260501_231139.csv,15.421455938697317,0.7662835249042145,83.81226053639847
DB,Moderate,multiple_runs_DB_ModerateThreat_Series_20260501_231139.csv,13.780918727915195,2.1201413427561837,84.09893992932862
DB,Moderate,multiple_runs_DB_ModerateThreat_Series_20260501_231139.csv,16.246498599439775,1.680672268907563,82.07282913165265
DB,Moderate,multiple_runs_DB_ModerateThreat_Series_20260501_231139.csv,21.4527027027027,1.435810810810811,77.11148648648648
DB,Moderate,multiple_runs_DB_ModerateThreat_Series_20260501_231139.csv,26.845151953690305,0.5065123010130246,72.64833574529666
DB,Moderate,multiple_runs_DB_ModerateThreat_Series_20260501_231139.csv,21.511627906976745,0.872093023255814,77.61627906976744
DB,Moderate,multiple_runs_DB_ModerateThreat_Series_20260501_231139.csv,27.130044843049326,0.0,72.86995515695067
DB,Moderate,multiple_runs_DB_ModerateThreat_Series_20260501_231139.csv,20.057581573896353,1.9193857965451053,78.02303262955854
DB,Moderate,multiple_runs_DB_ModerateThreat_Series_20260501_231139.csv,26.671790930053806,0.3843197540353574,72.94388931591084
DB,Moderate,multiple_runs_DB_ModerateThreat_Series_20260501_231139.csv,24.359912216532553,0.1463057790782736,75.49378200438917
DB,Moderate,multiple_runs_DB_ModerateThreat_Series_20260501_231139.csv,8.881578947368421,0.9046052631578948,90.21381578947368
DB,Moderate,multiple_runs_DB_ModerateThreat_Series_20260501_231139.csv,22.001471670345843,0.0,77.99852832965416
DB,Moderate,multiple_runs_DB_ModerateThreat_Series_20260501_231139.csv,15.700934579439252,2.4299065420560746,81.86915887850468
DB,Moderate,multiple_runs_DB_ModerateThreat_Series_20260501_231139.csv,27.168073676132003,0.0,72.831926323868
DB,Moderate,multiple_runs_DB_ModerateThreat_Series_20260501_231139.csv,26.61764705882353,1.6176470588235297,71.76470588235294
DB,Moderate,multiple_runs_DB_ModerateThreat_Series_20260501_231139.csv,16.10738255033557,0.38350910834132307,83.5091083413231
DB,Moderate,multiple_runs_DB_ModerateThreat_Series_20260501_231139.csv,24.041533546325876,0.3194888178913738,75.63897763578275
DB,Moderate,multiple_runs_DB_ModerateThreat_Series_20260501_231139.csv,12.263099219620958,0.2229654403567447,87.5139353400223
DB,Moderate,multiple_runs_DB_ModerateThreat_Series_20260501_231139.csv,18.13765182186235,0.08097165991902834,81.78137651821862
DB,Moderate,multiple_runs_DB_ModerateThreat_Series_20260501_231139.csv,16.422594142259413,1.2552301255230125,82.32217573221757
DB,Moderate,multiple_runs_DB_ModerateThreat_Series_20260501_231139.csv,12.624584717607974,2.3255813953488373,85.04983388704319
DB,Moderate,multiple_runs_DB_ModerateThreat_Series_20260501_231139.csv,10.773480662983426,0.0,89.22651933701657
DB,Moderate,multiple_runs_DB_ModerateThreat_Series_20260501_231139.csv,14.966634890371783,1.9065776930409915,83.12678741658722
DB,Moderate,multiple_runs_DB_ModerateThreat_Series_20260501_231139.csv,29.547259729944404,0.0,70.4527402700556
DB,Moderate,multiple_runs_DB_ModerateThreat_Series_20260501_231139.csv,30.762852404643446,0.6633499170812603,68.5737976782753
DB,Moderate,multiple_runs_DB_ModerateThreat_Series_20260501_231139.csv,27.478532396565186,0.546448087431694,71.97501951600313
DB,Moderate,multiple_runs_DB_ModerateThreat_Series_20260501_231139.csv,23.02498311951384,1.2829169480081026,75.69209993247806
DB,Moderate,multiple_runs_DB_ModerateThreat_Series_20260501_231139.csv,27.42448330683625,1.5103338632750398,71.06518282988871
DB,Moderate,multiple_runs_DB_ModerateThreat_Series_20260501_231139.csv,36.51626442812172,0.1049317943336831,63.378803777544604
DB,Moderate,multiple_runs_DB_ModerateThreat_Series_20260501_231139.csv,24.36587240584166,0.3074558032282859,75.32667179093005
DB,Moderate,multiple_runs_DB_ModerateThreat_Series_20260501_231139.csv,31.143740340030913,0.0,68.85625965996908
DB,Moderate,multiple_runs_DB_ModerateThreat_Series_20260501_231139.csv,19.612794612794612,2.525252525252525,77.86195286195287
DB,Moderate,multiple_runs_DB_ModerateThreat_Series_20260501_231139.csv,27.27272727272727,0.2066115702479339,72.52066115702479
DB,Moderate,multiple_runs_DB_ModerateThreat_Series_20260501_231139.csv,26.691729323308273,1.4097744360902256,71.8984962406015
DB,Moderate,multiple_runs_DB_ModerateThreat_Series_20260501_231139.csv,25.617501764290758,0.776287932251235,73.60621030345801
DB,Moderate,multiple_runs_DB_ModerateThreat_Series_20260501_231139.csv,15.68421052631579,1.1578947368421053,83.15789473684211
DB,Moderate,multiple_runs_DB_ModerateThreat_Series_20260501_231139.csv,22.041166380789022,2.3156089193825045,75.64322469982847
DB,Moderate,multiple_runs_DB_ModerateThreat_Series_20260501_231139.csv,15.953307392996107,2.0428015564202333,82.00389105058366
DB,Moderate,multiple_runs_DB_ModerateThreat_Series_20260501_231139.csv,13.535353535353536,1.3131313131313131,85.15151515151516
DB,Moderate,multiple_runs_DB_ModerateThreat_Series_20260501_231139.csv,10.48158640226629,1.2275731822474032,88.2908404154863
DB,Moderate,multiple_runs_DB_ModerateThreat_Series_20260501_231139.csv,11.980676328502415,1.932367149758454,86.08695652173914
DB,Moderate,multiple_runs_DB_ModerateThreat_Series_20260501_231139.csv,13.013013013013014,2.2022022022022023,84.78478478478479
DB,Moderate,multiple_runs_DB_ModerateThreat_Series_20260501_231139.csv,12.993762993762994,0.5197505197505198,86.48648648648648
DB,Moderate,multiple_runs_DB_ModerateThreat_Series_20260501_231139.csv,16.310461192350957,0.44994375703037126,83.23959505061868
DB,Moderate,multiple_runs_DB_ModerateThreat_Series_20260501_231139.csv,22.789115646258505,0.0,77.21088435374149
DB,Moderate,multiple_runs_DB_ModerateThreat_Series_20260501_231139.csv,13.602015113350127,0.0,86.39798488664987
DB,Moderate,multiple_runs_DB_ModerateThreat_Series_20260501_231139.csv,11.9358074222668,0.5015045135406219,87.56268806419257
DB,Moderate,multiple_runs_DB_ModerateThreat_Series_20260501_231139.csv,14.060860440713535,0.5246589716684155,85.41448058761804
DB,Moderate,multiple_runs_DB_ModerateThreat_Series_20260501_231139.csv,12.906610703043023,1.3641133263378804,85.7292759706191
DB,Moderate,multiple_runs_DB_ModerateThreat_Series_20260501_231139.csv,24.95755517826825,2.2920203735144313,72.75042444821732
DB,Moderate,multiple_runs_DB_ModerateThreat_Series_20260501_231139.csv,13.897937024972856,2.1715526601520088,83.93051031487514
DB,Moderate,multiple_runs_DB_ModerateThreat_Series_20260501_231139.csv,0.0,0.0,0.0
DB,Moderate,multiple_runs_DB_ModerateThreat_Series_20260501_231139.csv,21.484811382302734,0.9669952543948236,77.54819336330245
DB,Moderate,multiple_runs_DB_ModerateThreat_Series_20260501_231139.csv,21.485003396131983,0.9661101776713258,77.54888642619669
DB,Moderate,multiple_runs_DB_ModerateThreat_Series_20260501_231139.csv,36.528268551236756,2.221100454316002,61.25063099444725
DB,Moderate,multiple_runs_DB_ModerateThreat_Series_20260501_231139.csv,6.626506024096386,0.0,93.37349397590361
DB,Moderate,multiple_runs_DB_ModerateThreat_Series_20260501_231139.csv,31.07173725151253,2.16076058772688,66.76750216076059
NB,ACE,multiple_runs_NB_HighThreat_Series_20260501_201727.csv,35.324675324675326,61.168831168831176,3.506493506493506
NB,ACE,multiple_runs_NB_HighThreat_Series_20260501_201727.csv,91.06529209621993,4.29553264604811,4.639175257731959
NB,ACE,multiple_runs_NB_HighThreat_Series_20260501_201727.csv,91.85667752442997,4.397394136807818,3.7459283387622153
NB,ACE,multiple_runs_NB_HighThreat_Series_20260501_201727.csv,34.97409326424871,62.82383419689119,2.2020725388601035
NB,ACE,multiple_runs_NB_HighThreat_Series_20260501_201727.csv,43.97905759162304,51.70157068062827,4.319371727748691
NB,ACE,multiple_runs_NB_HighThreat_Series_20260501_201727.csv,40.0974025974026,55.68181818181818,4.220779220779221
NB,ACE,multiple_runs_NB_HighThreat_Series_20260501_201727.csv,23.3502538071066,74.11167512690355,2.5380710659898478
NB,ACE,multiple_runs_NB_HighThreat_Series_20260501_201727.csv,94.16809605488851,2.2298456260720414,3.6020583190394513
NB,ACE,multiple_runs_NB_HighThreat_Series_20260501_201727.csv,90.22801302931596,7.0032573289902285,2.768729641693811
NB,ACE,multiple_runs_NB_HighThreat_Series_20260501_201727.csv,37.949400798934754,59.78695073235686,2.263648468708389
NB,ACE,multiple_runs_NB_HighThreat_Series_20260501_201727.csv,25.940860215053764,70.56451612903226,3.494623655913978
NB,ACE,multiple_runs_NB_HighThreat_Series_20260501_201727.csv,90.94017094017094,5.641025641025641,3.418803418803419
NB,ACE,multiple_runs_NB_HighThreat_Series_20260501_201727.csv,50.86551264980027,46.33821571238349,2.796271637816245
NB,ACE,multiple_runs_NB_HighThreat_Series_20260501_201727.csv,45.45454545454545,51.515151515151516,3.0303030303030303
NB,ACE,multiple_runs_NB_HighThreat_Series_20260501_201727.csv,37.135614702154626,59.822560202788345,3.041825095057034
NB,ACE,multiple_runs_NB_HighThreat_Series_20260501_201727.csv,93.0116472545757,4.159733777038269,2.828618968386023
NB,ACE,multiple_runs_NB_HighThreat_Series_20260501_201727.csv,53.84615384615385,43.236074270557026,2.9177718832891246
NB,ACE,multiple_runs_NB_HighThreat_Series_20260501_201727.csv,51.21621621621622,45.94594594594595,2.837837837837838
NB,ACE,multiple_runs_NB_HighThreat_Series_20260501_201727.csv,57.26027397260274,39.31506849315068,3.4246575342465753
NB,ACE,multiple_runs_NB_HighThreat_Series_20260501_201727.csv,49.31693989071038,49.18032786885246,1.5027322404371584
NB,ACE,multiple_runs_NB_HighThreat_Series_20260501_201727.csv,45.466491458607095,50.98554533508541,3.5479632063074904
NB,ACE,multiple_runs_NB_HighThreat_Series_20260501_201727.csv,40.88541666666667,56.25,2.864583333333333
NB,ACE,multiple_runs_NB_HighThreat_Series_20260501_201727.csv,93.48534201954396,2.2801302931596092,4.234527687296417
NB,ACE,multiple_runs_NB_HighThreat_Series_20260501_201727.csv,91.26984126984127,4.920634920634921,3.8095238095238098
NB,ACE,multiple_runs_NB_HighThreat_Series_20260501_201727.csv,46.10472541507024,49.936143039591315,3.959131545338442
NB,ACE,multiple_runs_NB_HighThreat_Series_20260501_201727.csv,47.41379310344828,50.0,2.586206896551724
NB,ACE,multiple_runs_NB_HighThreat_Series_20260501_201727.csv,93.4010152284264,1.353637901861252,5.245346869712352
NB,ACE,multiple_runs_NB_HighThreat_Series_20260501_201727.csv,91.5,4.833333333333333,3.6666666666666665
NB,ACE,multiple_runs_NB_HighThreat_Series_20260501_201727.csv,95.68106312292359,1.3289036544850499,2.990033222591362
NB,ACE,multiple_runs_NB_HighThreat_Series_20260501_201727.csv,45.88859416445623,51.724137931034484,2.3872679045092835
NB,ACE,multiple_runs_NB_HighThreat_Series_20260501_201727.csv,92.94871794871796,4.487179487179487,2.564102564102564
NB,ACE,multiple_runs_NB_HighThreat_Series_20260501_201727.csv,95.4391891891892,1.3513513513513513,3.209459459459459
NB,ACE,multiple_runs_NB_HighThreat_Series_20260501_201727.csv,71.61764705882354,24.705882352941178,3.6764705882352944
NB,ACE,multiple_runs_NB_HighThreat_Series_20260501_201727.csv,87.9045996592845,4.088586030664395,8.006814310051109
NB,ACE,multiple_runs_NB_HighThreat_Series_20260501_201727.csv,44.28191489361702,53.191489361702125,2.5265957446808507
NB,ACE,multiple_runs_NB_HighThreat_Series_20260501_201727.csv,96.36363636363636,0.49586776859504134,3.1404958677685952
NB,ACE,multiple_runs_NB_HighThreat_Series_20260501_201727.csv,46.53333333333333,50.53333333333333,2.933333333333333
NB,ACE,multiple_runs_NB_HighThreat_Series_20260501_201727.csv,89.792663476874,5.741626794258373,4.4657097288676235
NB,ACE,multiple_runs_NB_HighThreat_Series_20260501_201727.csv,94.13680781758957,1.3029315960912053,4.5602605863192185
NB,ACE,multiple_runs_NB_HighThreat_Series_20260501_201727.csv,85.9504132231405,6.9421487603305785,7.107438016528926
NB,ACE,multiple_runs_NB_HighThreat_Series_20260501_201727.csv,47.6063829787234,48.8031914893617,3.590425531914894
NB,ACE,multiple_runs_NB_HighThreat_Series_20260501_201727.csv,44.968152866242036,52.101910828025474,2.9299363057324843
NB,ACE,multiple_runs_NB_HighThreat_Series_20260501_201727.csv,91.40893470790378,4.810996563573884,3.7800687285223367
NB,ACE,multiple_runs_NB_HighThreat_Series_20260501_201727.csv,82.29007633587786,14.80916030534351,2.900763358778626
NB,ACE,multiple_runs_NB_HighThreat_Series_20260501_201727.csv,27.989487516425754,68.85676741130092,3.1537450722733245
NB,ACE,multiple_runs_NB_HighThreat_Series_20260501_201727.csv,43.82165605095542,53.12101910828025,3.0573248407643314
NB,ACE,multiple_runs_NB_HighThreat_Series_20260501_201727.csv,95.3525641025641,2.7243589743589745,1.9230769230769231
NB,ACE,multiple_runs_NB_HighThreat_Series_20260501_201727.csv,44.38356164383562,52.73972602739726,2.8767123287671232
NB,ACE,multiple_runs_NB_HighThreat_Series_20260501_201727.csv,33.46508563899868,63.50461133069829,3.0303030303030303
NB,ACE,multiple_runs_NB_HighThreat_Series_20260501_201727.csv,92.914653784219,2.898550724637681,4.186795491143317
NB,ACE,multiple_runs_NB_HighThreat_Series_20260501_201727.csv,44.516971279373365,53.00261096605744,2.4804177545691903
NB,ACE,multiple_runs_NB_HighThreat_Series_20260501_201727.csv,66.33237822349571,31.661891117478508,2.005730659025788
NB,ACE,multiple_runs_NB_HighThreat_Series_20260501_201727.csv,34.5088161209068,60.579345088161205,4.91183879093199
NB,ACE,multiple_runs_NB_HighThreat_Series_20260501_201727.csv,28.58942065491184,68.26196473551637,3.1486146095717884
NB,ACE,multiple_runs_NB_HighThreat_Series_20260501_201727.csv,36.18421052631579,61.8421052631579,1.9736842105263157
NB,ACE,multiple_runs_NB_HighThreat_Series_20260501_201727.csv,63.0901287553648,33.61945636623748,3.290414878397711
NB,ACE,multiple_runs_NB_HighThreat_Series_20260501_201727.csv,94.14556962025317,1.2658227848101267,4.588607594936709
NB,ACE,multiple_runs_NB_HighThreat_Series_20260501_201727.csv,22.933333333333334,73.46666666666667,3.5999999999999996
NB,ACE,multiple_runs_NB_HighThreat_Series_20260501_201727.csv,9.668874172185431,85.6953642384106,4.635761589403973
NB,ACE,multiple_runs_NB_HighThreat_Series_20260501_201727.csv,93.82911392405063,1.5822784810126582,4.588607594936709
NB,ACE,multiple_runs_NB_HighThreat_Series_20260501_201727.csv,51.40939597315436,44.966442953020135,3.6241610738255035
NB,ACE,multiple_runs_NB_HighThreat_Series_20260501_201727.csv,50.98039215686274,45.88235294117647,3.1372549019607843
NB,ACE,multiple_runs_NB_HighThreat_Series_20260501_201727.csv,67.93002915451895,29.44606413994169,2.623906705539359
NB,ACE,multiple_runs_NB_HighThreat_Series_20260501_201727.csv,43.50736278447122,53.81526104417671,2.677376171352075
NB,ACE,multiple_runs_NB_HighThreat_Series_20260501_201727.csv,45.64102564102564,51.41025641025641,2.9487179487179485
NB,ACE,multiple_runs_NB_HighThreat_Series_20260501_201727.csv,51.08834827144686,45.19846350832266,3.713188220230474
NB,ACE,multiple_runs_NB_HighThreat_Series_20260501_201727.csv,66.8141592920354,28.171091445427727,5.014749262536873
NB,ACE,multiple_runs_NB_HighThreat_Series_20260501_201727.csv,46.21513944223107,51.39442231075697,2.3904382470119523
NB,ACE,multiple_runs_NB_HighThreat_Series_20260501_201727.csv,39.86013986013986,56.64335664335665,3.4965034965034967
NB,ACE,multiple_runs_NB_HighThreat_Series_20260501_201727.csv,32.95165394402035,63.99491094147582,3.0534351145038165
NB,ACE,multiple_runs_NB_HighThreat_Series_20260501_201727.csv,42.690815006468306,53.04010349288486,4.269081500646831
NB,ACE,multiple_runs_NB_HighThreat_Series_20260501_201727.csv,46.438356164383556,49.31506849315068,4.2465753424657535
NB,ACE,multiple_runs_NB_HighThreat_Series_20260501_201727.csv,30.02645502645503,65.74074074074075,4.232804232804233
NB,ACE,multiple_runs_NB_HighThreat_Series_20260501_201727.csv,90.64516129032259,4.67741935483871,4.67741935483871
NB,ACE,multiple_runs_NB_HighThreat_Series_20260501_201727.csv,39.35897435897436,58.46153846153847,2.1794871794871793
NB,ACE,multiple_runs_NB_HighThreat_Series_20260501_201727.csv,92.92763157894737,1.151315789473684,5.921052631578947
NB,ACE,multiple_runs_NB_HighThreat_Series_20260501_201727.csv,30.59125964010283,66.19537275064268,3.2133676092544987
NB,ACE,multiple_runs_NB_HighThreat_Series_20260501_201727.csv,83.63363363363364,13.213213213213212,3.153153153153153
NB,ACE,multiple_runs_NB_HighThreat_Series_20260501_201727.csv,44.60338101430429,52.275682704811445,3.1209362808842656
NB,ACE,multiple_runs_NB_HighThreat_Series_20260501_201727.csv,93.60269360269359,2.861952861952862,3.535353535353535
NB,ACE,multiple_runs_NB_HighThreat_Series_20260501_201727.csv,43.40659340659341,52.74725274725275,3.8461538461538463
NB,ACE,multiple_runs_NB_HighThreat_Series_20260501_201727.csv,93.31103678929766,2.842809364548495,3.8461538461538463
NB,ACE,multiple_runs_NB_HighThreat_Series_20260501_201727.csv,90.0,5.666666666666666,4.333333333333334
NB,ACE,multiple_runs_NB_HighThreat_Series_20260501_201727.csv,46.80573663624511,50.456323337679265,2.737940026075619
NB,ACE,multiple_runs_NB_HighThreat_Series_20260501_201727.csv,38.19163292847503,59.64912280701754,2.1592442645074224
NB,ACE,multiple_runs_NB_HighThreat_Series_20260501_201727.csv,74.24483306836248,22.257551669316374,3.4976152623211445
NB,ACE,multiple_runs_NB_HighThreat_Series_20260501_201727.csv,60.17569546120058,36.16398243045388,3.6603221083455346
NB,ACE,multiple_runs_NB_HighThreat_Series_20260501_201727.csv,47.78645833333333,50.130208333333336,2.083333333333333
NB,ACE,multiple_runs_NB_HighThreat_Series_20260501_201727.csv,13.79746835443038,81.89873417721519,4.30379746835443
NB,ACE,multiple_runs_NB_HighThreat_Series_20260501_201727.csv,51.10246433203631,45.525291828793776,3.372243839169909
NB,ACE,multiple_runs_NB_HighThreat_Series_20260501_201727.csv,92.3469387755102,3.231292517006803,4.421768707482993
NB,ACE,multiple_runs_NB_HighThreat_Series_20260501_201727.csv,46.53739612188366,50.0,3.4626038781163437
NB,ACE,multiple_runs_NB_HighThreat_Series_20260501_201727.csv,40.21304926764314,55.39280958721704,4.394141145139813
NB,ACE,multiple_runs_NB_HighThreat_Series_20260501_201727.csv,47.19101123595505,49.68789013732834,3.1210986267166043
NB,ACE,multiple_runs_NB_HighThreat_Series_20260501_201727.csv,25.405405405405407,70.4054054054054,4.1891891891891895
NB,ACE,multiple_runs_NB_HighThreat_Series_20260501_201727.csv,32.287581699346404,64.70588235294117,3.0065359477124183
NB,ACE,multiple_runs_NB_HighThreat_Series_20260501_201727.csv,58.09128630705395,39.83402489626556,2.0746887966804977
NB,ACE,multiple_runs_NB_HighThreat_Series_20260501_201727.csv,34.3046357615894,60.66225165562914,5.033112582781457
NB,ACE,multiple_runs_NB_HighThreat_Series_20260501_201727.csv,71.66416791604198,25.337331334332834,2.998500749625187
NB,ACE,multiple_runs_NB_HighThreat_Series_20260501_201727.csv,40.57971014492754,56.916996047430835,2.503293807641634
NB,ACE,multiple_runs_NB_HighThreat_Series_20260501_201727.csv,43.39360222531293,53.68567454798331,2.920723226703755
NB,ACE,multiple_runs_NB_HighThreat_Series_20260501_201727.csv,47.979139504563236,49.54367666232073,2.4771838331160363
NB,ACE,multiple_runs_NB_HighThreat_Series_20260501_201727.csv,83.87096774193549,12.741935483870966,3.387096774193549
NB,ACE,multiple_runs_NB_HighThreat_Series_20260501_201727.csv,95.59543230016313,2.1207177814029365,2.2838499184339316
NB,ACE,multiple_runs_NB_HighThreat_Series_20260501_201727.csv,40.736040609137056,57.360406091370564,1.903553299492386
NB,ACE,multiple_runs_NB_HighThreat_Series_20260501_201727.csv,84.67614533965245,10.268562401263823,5.055292259083728
NB,ACE,multiple_runs_NB_HighThreat_Series_20260501_201727.csv,41.43426294820717,55.51128818061088,3.054448871181939
NB,ACE,multiple_runs_NB_HighThreat_Series_20260501_201727.csv,45.992115637319316,50.45992115637319,3.5479632063074904
NB,ACE,multiple_runs_NB_HighThreat_Series_20260501_201727.csv,35.270805812417436,61.69088507265522,3.038309114927345
NB,ACE,multiple_runs_NB_HighThreat_Series_20260501_201727.csv,93.46733668341709,2.0100502512562812,4.522613065326634
NB,ACE,multiple_runs_NB_HighThreat_Series_20260501_201727.csv,40.41184041184041,57.14285714285714,2.445302445302445
NB,ACE,multiple_runs_NB_HighThreat_Series_20260501_201727.csv,93.23181049069373,3.8917089678511,2.8764805414551606
NB,ACE,multiple_runs_NB_HighThreat_Series_20260501_201727.csv,96.32721202003339,1.335559265442404,2.337228714524207
NB,ACE,multiple_runs_NB_HighThreat_Series_20260501_201727.csv,88.66328257191202,8.79864636209814,2.5380710659898478
NB,ACE,multiple_runs_NB_HighThreat_Series_20260501_201727.csv,25.031446540880502,71.57232704402516,3.3962264150943398
NB,ACE,multiple_runs_NB_HighThreat_Series_20260501_201727.csv,95.07936507936508,2.0634920634920633,2.857142857142857
NB,ACE,multiple_runs_NB_HighThreat_Series_20260501_201727.csv,82.02614379084967,13.23529411764706,4.738562091503268
NB,ACE,multiple_runs_NB_HighThreat_Series_20260501_201727.csv,22.66839378238342,74.48186528497409,2.849740932642487
NB,ACE,multiple_runs_NB_HighThreat_Series_20260501_201727.csv,95.77235772357724,0.975609756097561,3.2520325203252036
NB,ACE,multiple_runs_NB_HighThreat_Series_20260501_201727.csv,89.58677685950414,5.619834710743802,4.793388429752066
NB,ACE,multiple_runs_NB_HighThreat_Series_20260501_201727.csv,38.81401617250674,57.14285714285714,4.0431266846361185
NB,ACE,multiple_runs_NB_HighThreat_Series_20260501_201727.csv,90.49180327868852,4.918032786885246,4.590163934426229
NB,ACE,multiple_runs_NB_HighThreat_Series_20260501_201727.csv,35.958005249343834,60.10498687664042,3.937007874015748
NB,ACE,multiple_runs_NB_HighThreat_Series_20260501_201727.csv,58.76712328767123,37.534246575342465,3.6986301369863015
NB,ACE,multiple_runs_NB_HighThreat_Series_20260501_201727.csv,47.911227154047,48.825065274151434,3.263707571801567
NB,ACE,multiple_runs_NB_HighThreat_Series_20260501_201727.csv,29.54248366013072,68.88888888888889,1.5686274509803921
NB,ACE,multiple_runs_NB_HighThreat_Series_20260501_201727.csv,87.01095461658842,7.198748043818466,5.790297339593114
NB,ACE,multiple_runs_NB_HighThreat_Series_20260501_201727.csv,94.8051948051948,1.6233766233766231,3.571428571428571
NB,ACE,multiple_runs_NB_HighThreat_Series_20260501_201727.csv,95.56650246305419,0.9852216748768473,3.4482758620689653
NB,ACE,multiple_runs_NB_HighThreat_Series_20260501_201727.csv,86.44859813084112,10.74766355140187,2.803738317757009
NB,ACE,multiple_runs_NB_HighThreat_Series_20260501_201727.csv,92.77864992150707,3.924646781789639,3.296703296703297
NB,ACE,multiple_runs_NB_HighThreat_Series_20260501_201727.csv,64.1958041958042,31.608391608391607,4.195804195804196
NB,ACE,multiple_runs_NB_HighThreat_Series_20260501_201727.csv,68.46715328467154,27.59124087591241,3.9416058394160585
NB,ACE,multiple_runs_NB_HighThreat_Series_20260501_201727.csv,38.961038961038966,57.01298701298702,4.025974025974026
NB,ACE,multiple_runs_NB_HighThreat_Series_20260501_201727.csv,23.42931937172775,74.47643979057592,2.094240837696335
NB,ACE,multiple_runs_NB_HighThreat_Series_20260501_201727.csv,24.96798975672215,71.31882202304737,3.713188220230474
NB,ACE,multiple_runs_NB_HighThreat_Series_20260501_201727.csv,93.0,3.833333333333333,3.166666666666667
NB,ACE,multiple_runs_NB_HighThreat_Series_20260501_201727.csv,39.052496798975675,57.74647887323944,3.201024327784891
NB,ACE,multiple_runs_NB_HighThreat_Series_20260501_201727.csv,52.07792207792208,44.41558441558441,3.506493506493506
NB,ACE,multiple_runs_NB_HighThreat_Series_20260501_201727.csv,51.00133511348465,45.52736982643525,3.4712950600801067
NB,ACE,multiple_runs_NB_HighThreat_Series_20260501_201727.csv,42.480211081794195,53.29815303430079,4.221635883905013
NB,ACE,multiple_runs_NB_HighThreat_Series_20260501_201727.csv,11.346633416458852,82.91770573566085,5.7356608478802995
NB,ACE,multiple_runs_NB_HighThreat_Series_20260501_201727.csv,38.07740324594257,57.67790262172284,4.2446941323345815
NB,ACE,multiple_runs_NB_HighThreat_Series_20260501_201727.csv,84.9772382397572,11.532625189681335,3.490136570561457
NB,ACE,multiple_runs_NB_HighThreat_Series_20260501_201727.csv,56.31443298969072,40.59278350515464,3.0927835051546393
NB,ACE,multiple_runs_NB_HighThreat_Series_20260501_201727.csv,26.891891891891888,68.78378378378378,4.324324324324325
NB,ACE,multiple_runs_NB_HighThreat_Series_20260501_201727.csv,31.208499335989377,64.8074369189907,3.9840637450199203
NB,ACE,multiple_runs_NB_HighThreat_Series_20260501_201727.csv,47.199999999999996,50.0,2.8000000000000003
NB,ACE,multiple_runs_NB_HighThreat_Series_20260501_201727.csv,32.546583850931675,63.726708074534166,3.7267080745341614
NB,ACE,multiple_runs_NB_HighThreat_Series_20260501_201727.csv,8.047493403693931,88.91820580474933,3.034300791556728
NB,ACE,multiple_runs_NB_HighThreat_Series_20260501_201727.csv,86.48648648648648,9.85691573926868,3.6565977742448332
NB,ACE,multiple_runs_NB_HighThreat_Series_20260501_201727.csv,89.60000000000001,6.88,3.52
NB,ACE,multiple_runs_NB_HighThreat_Series_20260501_201727.csv,86.97749196141478,5.94855305466238,7.07395498392283
NB,ACE,multiple_runs_NB_HighThreat_Series_20260501_201727.csv,46.65792922673656,49.803407601572744,3.5386631716906947
NB,ACE,multiple_runs_NB_HighThreat_Series_20260501_201727.csv,13.984168865435356,82.18997361477572,3.825857519788918
NB,ACE,multiple_runs_NB_HighThreat_Series_20260501_201727.csv,39.69072164948454,57.087628865979376,3.221649484536082
NB,ACE,multiple_runs_NB_HighThreat_Series_20260501_201727.csv,44.45876288659794,52.83505154639175,2.7061855670103094
NB,ACE,multiple_runs_NB_HighThreat_Series_20260501_201727.csv,47.074829931972786,49.25170068027211,3.6734693877551026
NB,ACE,multiple_runs_NB_HighThreat_Series_20260501_201727.csv,94.64285714285714,2.272727272727273,3.0844155844155843
NB,ACE,multiple_runs_NB_HighThreat_Series_20260501_201727.csv,86.51162790697674,10.542635658914728,2.945736434108527
NB,ACE,multiple_runs_NB_HighThreat_Series_20260501_201727.csv,55.20974289580515,41.40730717185386,3.3829499323410013
NB,ACE,multiple_runs_NB_HighThreat_Series_20260501_201727.csv,50.916230366492144,45.287958115183244,3.7958115183246073
NB,ACE,multiple_runs_NB_HighThreat_Series_20260501_201727.csv,42.93125810635538,54.99351491569391,2.075226977950713
NB,ACE,multiple_runs_NB_HighThreat_Series_20260501_201727.csv,87.60064412238326,7.568438003220612,4.830917874396135
NB,ACE,multiple_runs_NB_HighThreat_Series_20260501_201727.csv,34.7769028871391,63.25459317585301,1.968503937007874
NB,ACE,multiple_runs_NB_HighThreat_Series_20260501_201727.csv,47.0976253298153,50.131926121372025,2.7704485488126647
NB,ACE,multiple_runs_NB_HighThreat_Series_20260501_201727.csv,56.661991584852736,39.27068723702665,4.067321178120617
NB,ACE,multiple_runs_NB_HighThreat_Series_20260501_201727.csv,46.19718309859155,49.29577464788733,4.507042253521127
NB,ACE,multiple_runs_NB_HighThreat_Series_20260501_201727.csv,33.15719947159842,63.936591809775436,2.906208718626156
NB,ACE,multiple_runs_NB_HighThreat_Series_20260501_201727.csv,43.60699865410498,53.566621803499324,2.826379542395693
NB,ACE,multiple_runs_NB_HighThreat_Series_20260501_201727.csv,73.53361945636624,23.89127324749642,2.575107296137339
NB,ACE,multiple_runs_NB_HighThreat_Series_20260501_201727.csv,30.395913154533844,66.15581098339719,3.4482758620689653
NB,ACE,multiple_runs_NB_HighThreat_Series_20260501_201727.csv,50.472334682860996,47.368421052631575,2.1592442645074224
NB,ACE,multiple_runs_NB_HighThreat_Series_20260501_201727.csv,51.171875,45.83333333333333,2.994791666666667
NB,ACE,multiple_runs_NB_HighThreat_Series_20260501_201727.csv,91.92751235584844,4.118616144975288,3.9538714991762767
NB,ACE,multiple_runs_NB_HighThreat_Series_20260501_201727.csv,21.20805369127517,75.97315436241611,2.8187919463087248
NB,ACE,multiple_runs_NB_HighThreat_Series_20260501_201727.csv,45.45454545454545,51.388888888888886,3.1565656565656566
NB,ACE,multiple_runs_NB_HighThreat_Series_20260501_201727.csv,84.88745980707395,11.254019292604502,3.858520900321544
NB,ACE,multiple_runs_NB_HighThreat_Series_20260501_201727.csv,49.66622162883845,48.33110814419226,2.0026702269692924
NB,ACE,multiple_runs_NB_HighThreat_Series_20260501_201727.csv,40.74074074074074,56.21693121693122,3.0423280423280423
NB,ACE,multiple_runs_NB_HighThreat_Series_20260501_201727.csv,28.909329829172144,68.06833114323258,3.0223390275952693
NB,ACE,multiple_runs_NB_HighThreat_Series_20260501_201727.csv,53.02826379542396,43.87617765814266,3.095558546433378
NB,ACE,multiple_runs_NB_HighThreat_Series_20260501_201727.csv,48.47161572052402,47.74381368267831,3.7845705967976713
NB,ACE,multiple_runs_NB_HighThreat_Series_20260501_201727.csv,28.590078328981722,68.66840731070496,2.741514360313316
NB,ACE,multiple_runs_NB_HighThreat_Series_20260501_201727.csv,83.44262295081967,12.131147540983607,4.426229508196721
NB,ACE,multiple_runs_NB_HighThreat_Series_20260501_201727.csv,90.52287581699346,5.88235294117647,3.594771241830065
NB,ACE,multiple_runs_NB_HighThreat_Series_20260501_201727.csv,27.84471218206158,68.27309236947792,3.8821954484605086
NB,ACE,multiple_runs_NB_HighThreat_Series_20260501_201727.csv,92.42658423493046,3.554868624420402,4.01854714064915
NB,ACE,multiple_runs_NB_HighThreat_Series_20260501_201727.csv,45.40229885057471,50.57471264367817,4.022988505747127
NB,ACE,multiple_runs_NB_HighThreat_Series_20260501_201727.csv,44.740177439797215,53.10519645120405,2.1546261089987326
NB,ACE,multiple_runs_NB_HighThreat_Series_20260501_201727.csv,42.4812030075188,54.385964912280706,3.132832080200501
NB,ACE,multiple_runs_NB_HighThreat_Series_20260501_201727.csv,96.30872483221476,0.6711409395973155,3.0201342281879198
NB,ACE,multiple_runs_NB_HighThreat_Series_20260501_201727.csv,46.72774869109947,48.952879581151834,4.319371727748691
NB,ACE,multiple_runs_NB_HighThreat_Series_20260501_201727.csv,76.0061919504644,19.659442724458202,4.3343653250774
NB,ACE,multiple_runs_NB_HighThreat_Series_20260501_201727.csv,53.2967032967033,43.40659340659341,3.296703296703297
NB,ACE,multiple_runs_NB_HighThreat_Series_20260501_201727.csv,93.58974358974359,2.564102564102564,3.8461538461538463
NB,ACE,multiple_runs_NB_HighThreat_Series_20260501_201727.csv,47.13715046604528,50.33288948069241,2.5299600532623168
NB,ACE,multiple_runs_NB_HighThreat_Series_20260501_201727.csv,61.847988077496275,35.46944858420268,2.682563338301043
NB,ACE,multiple_runs_NB_HighThreat_Series_20260501_201727.csv,68.41359773371106,27.620396600566572,3.9660056657223794
NB,ACE,multiple_runs_NB_HighThreat_Series_20260501_201727.csv,20.887728459530024,76.76240208877284,2.3498694516971277
NB,ACE,multiple_runs_NB_HighThreat_Series_20260501_201727.csv,0.0,0.0,0.0
NB,ACE,multiple_runs_NB_HighThreat_Series_20260501_201727.csv,55.863159976270516,40.71795813441057,3.4188818893189072
NB,ACE,multiple_runs_NB_HighThreat_Series_20260501_201727.csv,55.863159976270516,40.71725189977118,3.4195881239583037
NB,ACE,multiple_runs_NB_HighThreat_Series_20260501_201727.csv,39.61229946524064,57.85294117647059,2.53475935828877
NB,ACE,multiple_runs_NB_HighThreat_Series_20260501_201727.csv,80.3030303030303,4.545454545454546,15.151515151515152
NB,ACE,multiple_runs_NB_HighThreat_Series_20260501_201727.csv,43.596920923722884,51.29461161651504,5.108467459762071
NB,No ACE,multiple_runs_NB_LowThreat_Series_20260501_180717.csv,47.543352601156066,48.84393063583815,3.6127167630057806
NB,No ACE,multiple_runs_NB_LowThreat_Series_20260501_180717.csv,39.14728682170542,46.64082687338501,14.21188630490956
NB,No ACE,multiple_runs_NB_LowThreat_Series_20260501_180717.csv,36.26806833114323,59.526938239159,4.204993429697766
NB,No ACE,multiple_runs_NB_LowThreat_Series_20260501_180717.csv,57.01179554390564,39.973787680209696,3.014416775884666
NB,No ACE,multiple_runs_NB_LowThreat_Series_20260501_180717.csv,43.3112582781457,51.9205298013245,4.768211920529802
NB,No ACE,multiple_runs_NB_LowThreat_Series_20260501_180717.csv,52.2189349112426,44.67455621301775,3.106508875739645
NB,No ACE,multiple_runs_NB_LowThreat_Series_20260501_180717.csv,46.19354838709677,52.645161290322584,1.1612903225806452
NB,No ACE,multiple_runs_NB_LowThreat_Series_20260501_180717.csv,67.55244755244755,29.790209790209794,2.6573426573426575
NB,No ACE,multiple_runs_NB_LowThreat_Series_20260501_180717.csv,44.951590594744125,51.72890733056709,3.319502074688797
NB,No ACE,multiple_runs_NB_LowThreat_Series_20260501_180717.csv,72.57575757575758,25.0,2.4242424242424243
NB,No ACE,multiple_runs_NB_LowThreat_Series_20260501_180717.csv,51.862464183381086,42.12034383954155,6.017191977077363
NB,No ACE,multiple_runs_NB_LowThreat_Series_20260501_180717.csv,27.637130801687764,33.33333333333333,39.029535864978904
NB,No ACE,multiple_runs_NB_LowThreat_Series_20260501_180717.csv,65.40084388185655,28.41068917018284,6.188466947960619
NB,No ACE,multiple_runs_NB_LowThreat_Series_20260501_180717.csv,43.399638336347195,53.8878842676311,2.7124773960216997
NB,No ACE,multiple_runs_NB_LowThreat_Series_20260501_180717.csv,36.325385694249654,58.2047685834502,5.46984572230014
NB,No ACE,multiple_runs_NB_LowThreat_Series_20260501_180717.csv,37.56613756613756,55.68783068783068,6.746031746031746
NB,No ACE,multiple_runs_NB_LowThreat_Series_20260501_180717.csv,51.61290322580645,17.20430107526882,31.182795698924732
NB,No ACE,multiple_runs_NB_LowThreat_Series_20260501_180717.csv,49.78354978354979,37.37373737373738,12.842712842712842
NB,No ACE,multiple_runs_NB_LowThreat_Series_20260501_180717.csv,44.26450742240216,53.306342780026995,2.42914979757085
NB,No ACE,multiple_runs_NB_LowThreat_Series_20260501_180717.csv,61.951219512195124,28.13008130081301,9.91869918699187
NB,No ACE,multiple_runs_NB_LowThreat_Series_20260501_180717.csv,64.48979591836735,25.98639455782313,9.523809523809524
NB,No ACE,multiple_runs_NB_LowThreat_Series_20260501_180717.csv,66.2534435261708,20.9366391184573,12.8099173553719
NB,No ACE,multiple_runs_NB_LowThreat_Series_20260501_180717.csv,49.65034965034965,45.10489510489511,5.244755244755245
NB,No ACE,multiple_runs_NB_LowThreat_Series_20260501_180717.csv,49.647390691114246,48.23695345557123,2.1156558533145273
NB,No ACE,multiple_runs_NB_LowThreat_Series_20260501_180717.csv,77.41496598639456,20.816326530612244,1.7687074829931975
NB,No ACE,multiple_runs_NB_LowThreat_Series_20260501_180717.csv,13.114754098360656,80.46448087431693,6.420765027322404
NB,No ACE,multiple_runs_NB_LowThreat_Series_20260501_180717.csv,61.1032531824611,35.64356435643564,3.253182461103253
NB,No ACE,multiple_runs_NB_LowThreat_Series_20260501_180717.csv,34.748010610079575,58.09018567639257,7.161803713527852
NB,No ACE,multiple_runs_NB_LowThreat_Series_20260501_180717.csv,41.31534569983137,48.566610455311974,10.118043844856661
NB,No ACE,multiple_runs_NB_LowThreat_Series_20260501_180717.csv,58.74822190611664,36.55761024182077,4.694167852062589
NB,No ACE,multiple_runs_NB_LowThreat_Series_20260501_180717.csv,64.48863636363636,25.71022727272727,9.801136363636363
NB,No ACE,multiple_runs_NB_LowThreat_Series_20260501_180717.csv,45.08816120906801,48.99244332493703,5.919395465994962
NB,No ACE,multiple_runs_NB_LowThreat_Series_20260501_180717.csv,56.11015490533563,35.628227194492254,8.261617900172118
NB,No ACE,multiple_runs_NB_LowThreat_Series_20260501_180717.csv,79.67359050445104,8.011869436201781,12.314540059347182
NB,No ACE,multiple_runs_NB_LowThreat_Series_20260501_180717.csv,81.36142625607779,14.910858995137763,3.727714748784441
NB,No ACE,multiple_runs_NB_LowThreat_Series_20260501_180717.csv,51.68374816983895,43.33821376281113,4.978038067349927
NB,No ACE,multiple_runs_NB_LowThreat_Series_20260501_180717.csv,60.51724137931035,25.344827586206897,14.13793103448276
NB,No ACE,multiple_runs_NB_LowThreat_Series_20260501_180717.csv,36.69849931787176,60.84583901773534,2.455661664392906
NB,No ACE,multiple_runs_NB_LowThreat_Series_20260501_180717.csv,43.24693042291951,43.11050477489768,13.642564802182811
NB,No ACE,multiple_runs_NB_LowThreat_Series_20260501_180717.csv,45.04373177842565,49.85422740524781,5.1020408163265305
NB,No ACE,multiple_runs_NB_LowThreat_Series_20260501_180717.csv,58.32106038291606,35.49337260677467,6.185567010309279
NB,No ACE,multiple_runs_NB_LowThreat_Series_20260501_180717.csv,83.92857142857143,13.690476190476192,2.380952380952381
NB,No ACE,multiple_runs_NB_LowThreat_Series_20260501_180717.csv,39.83050847457627,55.932203389830505,4.23728813559322
NB,No ACE,multiple_runs_NB_LowThreat_Series_20260501_180717.csv,35.967302452316076,50.95367847411444,13.079019073569482
NB,No ACE,multiple_runs_NB_LowThreat_Series_20260501_180717.csv,39.097744360902254,51.2781954887218,9.624060150375941
NB,No ACE,multiple_runs_NB_LowThreat_Series_20260501_180717.csv,76.16959064327486,21.34502923976608,2.4853801169590644
NB,No ACE,multiple_runs_NB_LowThreat_Series_20260501_180717.csv,43.37700145560407,52.256186317321685,4.366812227074235
NB,No ACE,multiple_runs_NB_LowThreat_Series_20260501_180717.csv,47.05075445816186,50.617283950617285,2.3319615912208507
NB,No ACE,multiple_runs_NB_LowThreat_Series_20260501_180717.csv,19.35897435897436,76.92307692307693,3.717948717948718
NB,No ACE,multiple_runs_NB_LowThreat_Series_20260501_180717.csv,41.21447028423773,52.58397932816538,6.2015503875969
NB,No ACE,multiple_runs_NB_LowThreat_Series_20260501_180717.csv,32.62599469496021,62.46684350132627,4.907161803713528
NB,No ACE,multiple_runs_NB_LowThreat_Series_20260501_180717.csv,64.4474034620506,33.288948069241016,2.263648468708389
NB,No ACE,multiple_runs_NB_LowThreat_Series_20260501_180717.csv,61.731843575419,31.70391061452514,6.564245810055866
NB,No ACE,multiple_runs_NB_LowThreat_Series_20260501_180717.csv,54.142011834319526,35.650887573964496,10.207100591715976
NB,No ACE,multiple_runs_NB_LowThreat_Series_20260501_180717.csv,69.54225352112677,22.887323943661972,7.570422535211267
NB,No ACE,multiple_runs_NB_LowThreat_Series_20260501_180717.csv,67.72793053545585,28.65412445730825,3.61794500723589
NB,No ACE,multiple_runs_NB_LowThreat_Series_20260501_180717.csv,80.1056338028169,14.964788732394366,4.929577464788732
NB,No ACE,multiple_runs_NB_LowThreat_Series_20260501_180717.csv,66.21212121212122,30.909090909090907,2.878787878787879
NB,No ACE,multiple_runs_NB_LowThreat_Series_20260501_180717.csv,46.73439767779391,42.670537010159656,10.595065312046444
NB,No ACE,multiple_runs_NB_LowThreat_Series_20260501_180717.csv,44.52887537993921,52.58358662613982,2.8875379939209727
NB,No ACE,multiple_runs_NB_LowThreat_Series_20260501_180717.csv,39.892904953145916,55.020080321285135,5.087014725568943
NB,No ACE,multiple_runs_NB_LowThreat_Series_20260501_180717.csv,81.875,16.09375,2.03125
NB,No ACE,multiple_runs_NB_LowThreat_Series_20260501_180717.csv,46.23513870541612,50.59445178335535,3.1704095112285335
NB,No ACE,multiple_runs_NB_LowThreat_Series_20260501_180717.csv,23.958333333333336,67.44791666666666,8.59375
NB,No ACE,multiple_runs_NB_LowThreat_Series_20260501_180717.csv,54.73833097595474,36.49222065063649,8.76944837340877
NB,No ACE,multiple_runs_NB_LowThreat_Series_20260501_180717.csv,40.74585635359116,53.86740331491713,5.386740331491713
NB,No ACE,multiple_runs_NB_LowThreat_Series_20260501_180717.csv,56.04249667994687,40.37184594953519,3.5856573705179287
NB,No ACE,multiple_runs_NB_LowThreat_Series_20260501_180717.csv,36.36363636363637,60.88154269972452,2.7548209366391188
NB,No ACE,multiple_runs_NB_LowThreat_Series_20260501_180717.csv,64.03100775193799,32.713178294573645,3.255813953488372
NB,No ACE,multiple_runs_NB_LowThreat_Series_20260501_180717.csv,54.73515248796148,38.84430176565008,6.420545746388442
NB,No ACE,multiple_runs_NB_LowThreat_Series_20260501_180717.csv,31.175693527080583,57.85997357992074,10.96433289299868
NB,No ACE,multiple_runs_NB_LowThreat_Series_20260501_180717.csv,78.89060092449924,18.64406779661017,2.465331278890601
NB,No ACE,multiple_runs_NB_LowThreat_Series_20260501_180717.csv,33.42002600780234,53.05591677503251,13.52405721716515
NB,No ACE,multiple_runs_NB_LowThreat_Series_20260501_180717.csv,35.88342440801457,56.466302367941715,7.650273224043716
NB,No ACE,multiple_runs_NB_LowThreat_Series_20260501_180717.csv,44.642857142857146,49.03846153846153,6.318681318681318
NB,No ACE,multiple_runs_NB_LowThreat_Series_20260501_180717.csv,67.06231454005935,27.74480712166172,5.192878338278932
NB,No ACE,multiple_runs_NB_LowThreat_Series_20260501_180717.csv,76.81564245810057,20.11173184357542,3.072625698324022
NB,No ACE,multiple_runs_NB_LowThreat_Series_20260501_180717.csv,70.93663911845731,26.30853994490358,2.7548209366391188
NB,No ACE,multiple_runs_NB_LowThreat_Series_20260501_180717.csv,28.335451080050827,63.9135959339263,7.750952986022871
NB,No ACE,multiple_runs_NB_LowThreat_Series_20260501_180717.csv,25.850340136054424,36.46258503401361,37.68707482993197
NB,No ACE,multiple_runs_NB_LowThreat_Series_20260501_180717.csv,79.70027247956402,15.531335149863759,4.768392370572207
NB,No ACE,multiple_runs_NB_LowThreat_Series_20260501_180717.csv,66.6098807495741,23.168654173764907,10.221465076660987
NB,No ACE,multiple_runs_NB_LowThreat_Series_20260501_180717.csv,59.43152454780362,33.4625322997416,7.10594315245478
NB,No ACE,multiple_runs_NB_LowThreat_Series_20260501_180717.csv,33.42140026420079,62.87978863936592,3.6988110964332894
NB,No ACE,multiple_runs_NB_LowThreat_Series_20260501_180717.csv,41.31578947368421,53.815789473684205,4.868421052631579
NB,No ACE,multiple_runs_NB_LowThreat_Series_20260501_180717.csv,71.96132596685084,21.685082872928177,6.353591160220995
NB,No ACE,multiple_runs_NB_LowThreat_Series_20260501_180717.csv,60.92619392185239,31.114327062228654,7.959479015918958
NB,No ACE,multiple_runs_NB_LowThreat_Series_20260501_180717.csv,17.72315653298836,79.81888745148771,2.457956015523933
NB,No ACE,multiple_runs_NB_LowThreat_Series_20260501_180717.csv,41.12021857923497,55.32786885245902,3.551912568306011
NB,No ACE,multiple_runs_NB_LowThreat_Series_20260501_180717.csv,62.03059805285118,34.35326842837274,3.616133518776078
NB,No ACE,multiple_runs_NB_LowThreat_Series_20260501_180717.csv,85.56231003039514,10.33434650455927,4.103343465045593
NB,No ACE,multiple_runs_NB_LowThreat_Series_20260501_180717.csv,50.0,43.6986301369863,6.301369863013699
NB,No ACE,multiple_runs_NB_LowThreat_Series_20260501_180717.csv,47.67596281540505,48.60557768924303,3.718459495351926
NB,No ACE,multiple_runs_NB_LowThreat_Series_20260501_180717.csv,51.19196988707654,44.291091593475535,4.51693851944793
NB,No ACE,multiple_runs_NB_LowThreat_Series_20260501_180717.csv,32.43606998654105,65.41049798115746,2.1534320323014806
NB,No ACE,multiple_runs_NB_LowThreat_Series_20260501_180717.csv,30.76923076923077,46.28422425032595,22.946544980443285
NB,No ACE,multiple_runs_NB_LowThreat_Series_20260501_180717.csv,43.48958333333333,54.036458333333336,2.473958333333333
NB,No ACE,multiple_runs_NB_LowThreat_Series_20260501_180717.csv,47.72727272727273,49.54545454545455,2.727272727272727
NB,No ACE,multiple_runs_NB_LowThreat_Series_20260501_180717.csv,53.21375186846039,38.2660687593423,8.520179372197308
NB,No ACE,multiple_runs_NB_LowThreat_Series_20260501_180717.csv,60.16830294530154,35.764375876577844,4.067321178120617
NB,No ACE,multiple_runs_NB_LowThreat_Series_20260501_180717.csv,45.3125,44.66145833333333,10.026041666666668
NB,No ACE,multiple_runs_NB_LowThreat_Series_20260501_180717.csv,50.26954177897574,48.38274932614555,1.3477088948787064
NB,No ACE,multiple_runs_NB_LowThreat_Series_20260501_180717.csv,43.86459802538787,52.32722143864598,3.80818053596615
NB,No ACE,multiple_runs_NB_LowThreat_Series_20260501_180717.csv,50.74626865671642,43.61525704809287,5.638474295190713
NB,No ACE,multiple_runs_NB_LowThreat_Series_20260501_180717.csv,20.0,77.79220779220779,2.207792207792208
NB,No ACE,multiple_runs_NB_LowThreat_Series_20260501_180717.csv,81.203007518797,15.18796992481203,3.6090225563909777
NB,No ACE,multiple_runs_NB_LowThreat_Series_20260501_180717.csv,32.228116710875334,64.58885941644562,3.183023872679045
NB,No ACE,multiple_runs_NB_LowThreat_Series_20260501_180717.csv,46.61134163208852,36.23789764868603,17.15076071922545
NB,No ACE,multiple_runs_NB_LowThreat_Series_20260501_180717.csv,38.9344262295082,59.56284153005464,1.5027322404371584
NB,No ACE,multiple_runs_NB_LowThreat_Series_20260501_180717.csv,43.96423248882265,51.26676602086439,4.769001490312966
NB,No ACE,multiple_runs_NB_LowThreat_Series_20260501_180717.csv,33.980582524271846,46.27831715210356,19.741100323624593
NB,No ACE,multiple_runs_NB_LowThreat_Series_20260501_180717.csv,52.459016393442624,38.79781420765027,8.743169398907105
NB,No ACE,multiple_runs_NB_LowThreat_Series_20260501_180717.csv,46.82651622002821,49.083215796897036,4.090267983074753
NB,No ACE,multiple_runs_NB_LowThreat_Series_20260501_180717.csv,43.04812834224599,56.28342245989305,0.6684491978609626
NB,No ACE,multiple_runs_NB_LowThreat_Series_20260501_180717.csv,53.90173410404624,39.30635838150289,6.791907514450866
NB,No ACE,multiple_runs_NB_LowThreat_Series_20260501_180717.csv,58.88111888111888,36.78321678321678,4.335664335664335
NB,No ACE,multiple_runs_NB_LowThreat_Series_20260501_180717.csv,47.99426934097421,47.85100286532951,4.154727793696275
NB,No ACE,multiple_runs_NB_LowThreat_Series_20260501_180717.csv,56.28654970760234,40.78947368421053,2.923976608187134
NB,No ACE,multiple_runs_NB_LowThreat_Series_20260501_180717.csv,40.59139784946236,52.956989247311824,6.451612903225806
NB,No ACE,multiple_runs_NB_LowThreat_Series_20260501_180717.csv,65.95330739299611,25.486381322957197,8.560311284046692
NB,No ACE,multiple_runs_NB_LowThreat_Series_20260501_180717.csv,42.36006051437216,48.56278366111952,9.07715582450832
NB,No ACE,multiple_runs_NB_LowThreat_Series_20260501_180717.csv,47.85714285714286,47.85714285714286,4.285714285714286
NB,No ACE,multiple_runs_NB_LowThreat_Series_20260501_180717.csv,76.25178826895565,16.452074391988557,7.296137339055794
NB,No ACE,multiple_runs_NB_LowThreat_Series_20260501_180717.csv,73.97260273972603,15.41095890410959,10.616438356164384
NB,No ACE,multiple_runs_NB_LowThreat_Series_20260501_180717.csv,19.034852546916888,68.09651474530831,12.868632707774799
NB,No ACE,multiple_runs_NB_LowThreat_Series_20260501_180717.csv,49.069148936170215,49.069148936170215,1.8617021276595744
NB,No ACE,multiple_runs_NB_LowThreat_Series_20260501_180717.csv,52.5609756097561,41.829268292682926,5.609756097560976
NB,No ACE,multiple_runs_NB_LowThreat_Series_20260501_180717.csv,75.70789865871834,18.628912071535023,5.663189269746647
NB,No ACE,multiple_runs_NB_LowThreat_Series_20260501_180717.csv,57.41496598639456,34.965986394557824,7.6190476190476195
NB,No ACE,multiple_runs_NB_LowThreat_Series_20260501_180717.csv,54.61783439490446,42.675159235668794,2.7070063694267517
NB,No ACE,multiple_runs_NB_LowThreat_Series_20260501_180717.csv,21.597633136094675,74.11242603550295,4.289940828402367
NB,No ACE,multiple_runs_NB_LowThreat_Series_20260501_180717.csv,74.7675962815405,15.803452855245684,9.428950863213812
NB,No ACE,multiple_runs_NB_LowThreat_Series_20260501_180717.csv,39.58333333333333,55.00000000000001,5.416666666666667
NB,No ACE,multiple_runs_NB_LowThreat_Series_20260501_180717.csv,32.34100135317997,53.72124492557511,13.937753721244924
NB,No ACE,multiple_runs_NB_LowThreat_Series_20260501_180717.csv,31.875881523272216,65.86741889985895,2.2566995768688294
NB,No ACE,multiple_runs_NB_LowThreat_Series_20260501_180717.csv,52.12298682284041,41.874084919472914,6.002928257686676
NB,No ACE,multiple_runs_NB_LowThreat_Series_20260501_180717.csv,48.976377952755904,48.188976377952756,2.8346456692913384
NB,No ACE,multiple_runs_NB_LowThreat_Series_20260501_180717.csv,51.35135135135135,34.74903474903475,13.8996138996139
NB,No ACE,multiple_runs_NB_LowThreat_Series_20260501_180717.csv,17.861975642760484,79.56698240866035,2.571041948579161
NB,No ACE,multiple_runs_NB_LowThreat_Series_20260501_180717.csv,44.48871181938911,37.18459495351926,18.326693227091635
NB,No ACE,multiple_runs_NB_LowThreat_Series_20260501_180717.csv,43.40836012861736,52.41157556270096,4.180064308681672
NB,No ACE,multiple_runs_NB_LowThreat_Series_20260501_180717.csv,33.00589390962672,57.56385068762279,9.430255402750491
NB,No ACE,multiple_runs_NB_LowThreat_Series_20260501_180717.csv,23.34254143646409,54.972375690607734,21.685082872928177
NB,No ACE,multiple_runs_NB_LowThreat_Series_20260501_180717.csv,43.66998577524893,39.26031294452347,17.069701280227594
NB,No ACE,multiple_runs_NB_LowThreat_Series_20260501_180717.csv,67.1071953010279,23.93538913362702,8.95741556534508
NB,No ACE,multiple_runs_NB_LowThreat_Series_20260501_180717.csv,44.86983154670751,47.166921898928024,7.9632465543644715
NB,No ACE,multiple_runs_NB_LowThreat_Series_20260501_180717.csv,69.52104499274311,28.156748911465897,2.3222060957910013
NB,No ACE,multiple_runs_NB_LowThreat_Series_20260501_180717.csv,40.18817204301075,56.31720430107527,3.494623655913978
NB,No ACE,multiple_runs_NB_LowThreat_Series_20260501_180717.csv,46.63608562691132,48.92966360856269,4.434250764525994
NB,No ACE,multiple_runs_NB_LowThreat_Series_20260501_180717.csv,49.08835904628331,46.00280504908836,4.908835904628331
NB,No ACE,multiple_runs_NB_LowThreat_Series_20260501_180717.csv,46.93593314763231,49.721448467966574,3.3426183844011144
NB,No ACE,multiple_runs_NB_LowThreat_Series_20260501_180717.csv,36.254980079681275,56.573705179282875,7.171314741035857
NB,No ACE,multiple_runs_NB_LowThreat_Series_20260501_180717.csv,32.86713286713287,43.07692307692308,24.055944055944057
NB,No ACE,multiple_runs_NB_LowThreat_Series_20260501_180717.csv,50.87248322147651,43.355704697986575,5.771812080536913
NB,No ACE,multiple_runs_NB_LowThreat_Series_20260501_180717.csv,66.51017214397497,19.092331768388107,14.397496087636933
NB,No ACE,multiple_runs_NB_LowThreat_Series_20260501_180717.csv,18.562091503267975,78.16993464052288,3.2679738562091507
NB,No ACE,multiple_runs_NB_LowThreat_Series_20260501_180717.csv,35.74529667149059,59.62373371924746,4.630969609261939
NB,No ACE,multiple_runs_NB_LowThreat_Series_20260501_180717.csv,29.84441301272984,65.06364922206507,5.091937765205092
NB,No ACE,multiple_runs_NB_LowThreat_Series_20260501_180717.csv,17.28395061728395,77.50342935528121,5.212620027434842
NB,No ACE,multiple_runs_NB_LowThreat_Series_20260501_180717.csv,35.1063829787234,60.1063829787234,4.787234042553192
NB,No ACE,multiple_runs_NB_LowThreat_Series_20260501_180717.csv,23.78976486860304,74.13554633471647,2.0746887966804977
NB,No ACE,multiple_runs_NB_LowThreat_Series_20260501_180717.csv,29.959514170040485,58.2995951417004,11.740890688259109
NB,No ACE,multiple_runs_NB_LowThreat_Series_20260501_180717.csv,55.172413793103445,40.827586206896555,4.0
NB,No ACE,multiple_runs_NB_LowThreat_Series_20260501_180717.csv,46.083550913838124,52.088772845953,1.8276762402088773
NB,No ACE,multiple_runs_NB_LowThreat_Series_20260501_180717.csv,80.87431693989072,9.972677595628415,9.153005464480875
NB,No ACE,multiple_runs_NB_LowThreat_Series_20260501_180717.csv,42.72727272727273,55.3030303030303,1.9696969696969695
NB,No ACE,multiple_runs_NB_LowThreat_Series_20260501_180717.csv,84.11347517730496,14.184397163120568,1.702127659574468
NB,No ACE,multiple_runs_NB_LowThreat_Series_20260501_180717.csv,50.0,41.73913043478261,8.26086956521739
NB,No ACE,multiple_runs_NB_LowThreat_Series_20260501_180717.csv,49.24137931034483,41.51724137931034,9.241379310344827
NB,No ACE,multiple_runs_NB_LowThreat_Series_20260501_180717.csv,53.916449086161876,41.64490861618799,4.43864229765013
NB,No ACE,multiple_runs_NB_LowThreat_Series_20260501_180717.csv,86.28318584070797,11.651917404129794,2.0648967551622417
NB,No ACE,multiple_runs_NB_LowThreat_Series_20260501_180717.csv,52.708333333333336,12.291666666666666,35.0
NB,No ACE,multiple_runs_NB_LowThreat_Series_20260501_180717.csv,78.87537993920972,19.6048632218845,1.5197568389057752
NB,No ACE,multiple_runs_NB_LowThreat_Series_20260501_180717.csv,53.06406685236769,43.17548746518106,3.7604456824512535
NB,No ACE,multiple_runs_NB_LowThreat_Series_20260501_180717.csv,32.37951807228915,59.036144578313255,8.58433734939759
NB,No ACE,multiple_runs_NB_LowThreat_Series_20260501_180717.csv,38.3916990920882,50.843060959792474,10.765239948119326
NB,No ACE,multiple_runs_NB_LowThreat_Series_20260501_180717.csv,52.06847360912982,40.08559201141227,7.845934379457916
NB,No ACE,multiple_runs_NB_LowThreat_Series_20260501_180717.csv,46.26288659793815,51.932989690721655,1.804123711340206
NB,No ACE,multiple_runs_NB_LowThreat_Series_20260501_180717.csv,45.70637119113574,49.72299168975069,4.570637119113574
NB,No ACE,multiple_runs_NB_LowThreat_Series_20260501_180717.csv,39.61538461538461,54.35897435897436,6.0256410256410255
NB,No ACE,multiple_runs_NB_LowThreat_Series_20260501_180717.csv,50.481430536451164,45.80467675378267,3.7138927097661623
NB,No ACE,multiple_runs_NB_LowThreat_Series_20260501_180717.csv,59.56580732700135,30.664857530529172,9.76933514246947
NB,No ACE,multiple_runs_NB_LowThreat_Series_20260501_180717.csv,47.674418604651166,49.27325581395349,3.0523255813953485
NB,No ACE,multiple_runs_NB_LowThreat_Series_20260501_180717.csv,18.33550065019506,76.332899869961,5.331599479843954
NB,No ACE,multiple_runs_NB_LowThreat_Series_20260501_180717.csv,50.0,46.285714285714285,3.7142857142857144
NB,No ACE,multiple_runs_NB_LowThreat_Series_20260501_180717.csv,17.437252311756936,80.71334214002643,1.8494055482166447
NB,No ACE,multiple_runs_NB_LowThreat_Series_20260501_180717.csv,35.797665369649806,52.788586251621275,11.413748378728924
NB,No ACE,multiple_runs_NB_LowThreat_Series_20260501_180717.csv,48.59375,45.46875,5.9375
NB,No ACE,multiple_runs_NB_LowThreat_Series_20260501_180717.csv,25.0,70.30386740331491,4.696132596685083
NB,No ACE,multiple_runs_NB_LowThreat_Series_20260501_180717.csv,24.289772727272727,53.125,22.585227272727273
NB,No ACE,multiple_runs_NB_LowThreat_Series_20260501_180717.csv,29.155672823218996,66.75461741424802,4.089709762532982
NB,No ACE,multiple_runs_NB_LowThreat_Series_20260501_180717.csv,49.6875,46.5625,3.75
NB,No ACE,multiple_runs_NB_LowThreat_Series_20260501_180717.csv,79.3286219081272,18.374558303886925,2.2968197879858656
NB,No ACE,multiple_runs_NB_LowThreat_Series_20260501_180717.csv,78.35051546391753,17.820324005891017,3.829160530191458
NB,No ACE,multiple_runs_NB_LowThreat_Series_20260501_180717.csv,36.794871794871796,44.743589743589745,18.461538461538463
NB,No ACE,multiple_runs_NB_LowThreat_Series_20260501_180717.csv,29.074315514993483,62.97262059973925,7.953063885267275
NB,No ACE,multiple_runs_NB_LowThreat_Series_20260501_180717.csv,62.064156206415625,31.101813110181308,6.834030683403068
NB,No ACE,multiple_runs_NB_LowThreat_Series_20260501_180717.csv,50.27624309392266,47.09944751381215,2.6243093922651934
NB,No ACE,multiple_runs_NB_LowThreat_Series_20260501_180717.csv,55.14285714285714,41.85714285714286,3.0
NB,No ACE,multiple_runs_NB_LowThreat_Series_20260501_180717.csv,37.8698224852071,58.4319526627219,3.698224852071006
NB,No ACE,multiple_runs_NB_LowThreat_Series_20260501_180717.csv,0.0,0.0,0.0
NB,No ACE,multiple_runs_NB_LowThreat_Series_20260501_180717.csv,48.69108085421202,44.521035184315735,6.787883961472249
NB,No ACE,multiple_runs_NB_LowThreat_Series_20260501_180717.csv,48.690406749277976,44.52047973367099,6.789113517051032
NB,No ACE,multiple_runs_NB_LowThreat_Series_20260501_180717.csv,41.85400296093839,44.56667805489125,13.579318984170369
NB,No ACE,multiple_runs_NB_LowThreat_Series_20260501_180717.csv,96.29629629629629,3.7037037037037033,0.0
NB,No ACE,multiple_runs_NB_LowThreat_Series_20260501_180717.csv,43.046986236355,33.31751305173232,23.63550071191267
NB,Moderate,multiple_runs_NB_ModerateThreat_Series_20260501_185726.csv,24.438573315719946,68.95640686922061,6.605019815059446
NB,Moderate,multiple_runs_NB_ModerateThreat_Series_20260501_185726.csv,60.7192254495159,36.23789764868603,3.0428769017980635
NB,Moderate,multiple_runs_NB_ModerateThreat_Series_20260501_185726.csv,17.692307692307693,76.66666666666667,5.641025641025641
NB,Moderate,multiple_runs_NB_ModerateThreat_Series_20260501_185726.csv,80.06134969325154,14.11042944785276,5.828220858895705
NB,Moderate,multiple_runs_NB_ModerateThreat_Series_20260501_185726.csv,73.31288343558282,23.159509202453986,3.52760736196319
NB,Moderate,multiple_runs_NB_ModerateThreat_Series_20260501_185726.csv,48.1089258698941,46.89863842662632,4.992435703479576
NB,Moderate,multiple_runs_NB_ModerateThreat_Series_20260501_185726.csv,43.96694214876033,52.56198347107438,3.4710743801652892
NB,Moderate,multiple_runs_NB_ModerateThreat_Series_20260501_185726.csv,67.95422031473534,25.608011444921313,6.437768240343347
NB,Moderate,multiple_runs_NB_ModerateThreat_Series_20260501_185726.csv,45.267489711934154,52.94924554183813,1.7832647462277091
NB,Moderate,multiple_runs_NB_ModerateThreat_Series_20260501_185726.csv,41.13667117726658,53.31529093369418,5.548037889039242
NB,Moderate,multiple_runs_NB_ModerateThreat_Series_20260501_185726.csv,23.918575063613233,70.99236641221374,5.089058524173027
NB,Moderate,multiple_runs_NB_ModerateThreat_Series_20260501_185726.csv,42.857142857142854,52.05091937765205,5.091937765205092
NB,Moderate,multiple_runs_NB_ModerateThreat_Series_20260501_185726.csv,51.29682997118156,39.62536023054755,9.077809798270893
NB,Moderate,multiple_runs_NB_ModerateThreat_Series_20260501_185726.csv,79.35656836461126,18.230563002680967,2.4128686327077746
NB,Moderate,multiple_runs_NB_ModerateThreat_Series_20260501_185726.csv,74.96159754224271,19.969278033794165,5.0691244239631335
NB,Moderate,multiple_runs_NB_ModerateThreat_Series_20260501_185726.csv,34.2485549132948,58.95953757225434,6.791907514450866
NB,Moderate,multiple_runs_NB_ModerateThreat_Series_20260501_185726.csv,23.598435462842243,74.44589308996089,1.955671447196871
NB,Moderate,multiple_runs_NB_ModerateThreat_Series_20260501_185726.csv,65.85365853658537,29.593495934959353,4.5528455284552845
NB,Moderate,multiple_runs_NB_ModerateThreat_Series_20260501_185726.csv,41.090425531914896,51.59574468085106,7.3138297872340425
NB,Moderate,multiple_runs_NB_ModerateThreat_Series_20260501_185726.csv,47.30290456431535,48.686030428769016,4.011065006915629
NB,Moderate,multiple_runs_NB_ModerateThreat_Series_20260501_185726.csv,54.870530209617755,43.77311960542541,1.3563501849568433
NB,Moderate,multiple_runs_NB_ModerateThreat_Series_20260501_185726.csv,75.93167701863354,14.440993788819876,9.627329192546584
NB,Moderate,multiple_runs_NB_ModerateThreat_Series_20260501_185726.csv,32.28346456692913,58.661417322834644,9.05511811023622
NB,Moderate,multiple_runs_NB_ModerateThreat_Series_20260501_185726.csv,50.07173601147776,35.86800573888092,14.060258249641318
NB,Moderate,multiple_runs_NB_ModerateThreat_Series_20260501_185726.csv,38.78787878787879,51.81818181818182,9.393939393939393
NB,Moderate,multiple_runs_NB_ModerateThreat_Series_20260501_185726.csv,61.885245901639344,33.33333333333333,4.781420765027322
NB,Moderate,multiple_runs_NB_ModerateThreat_Series_20260501_185726.csv,49.77973568281938,44.49339207048458,5.726872246696035
NB,Moderate,multiple_runs_NB_ModerateThreat_Series_20260501_185726.csv,34.61538461538461,62.637362637362635,2.7472527472527473
NB,Moderate,multiple_runs_NB_ModerateThreat_Series_20260501_185726.csv,48.33997343957503,43.95750332005312,7.702523240371846
NB,Moderate,multiple_runs_NB_ModerateThreat_Series_20260501_185726.csv,83.58433734939759,6.475903614457831,9.939759036144578
NB,Moderate,multiple_runs_NB_ModerateThreat_Series_20260501_185726.csv,45.99406528189911,48.96142433234421,5.044510385756676
NB,Moderate,multiple_runs_NB_ModerateThreat_Series_20260501_185726.csv,60.99518459069021,30.97913322632424,8.025682182985554
NB,Moderate,multiple_runs_NB_ModerateThreat_Series_20260501_185726.csv,81.04667609618105,17.963224893917964,0.9900990099009901
NB,Moderate,multiple_runs_NB_ModerateThreat_Series_20260501_185726.csv,51.098901098901095,42.857142857142854,6.043956043956044
NB,Moderate,multiple_runs_NB_ModerateThreat_Series_20260501_185726.csv,48.324022346368714,49.72067039106145,1.9553072625698324
NB,Moderate,multiple_runs_NB_ModerateThreat_Series_20260501_185726.csv,66.80497925311202,27.10926694329184,6.085753803596127
NB,Moderate,multiple_runs_NB_ModerateThreat_Series_20260501_185726.csv,51.09375000000001,41.5625,7.34375
NB,Moderate,multiple_runs_NB_ModerateThreat_Series_20260501_185726.csv,48.40425531914894,46.54255319148936,5.053191489361701
NB,Moderate,multiple_runs_NB_ModerateThreat_Series_20260501_185726.csv,50.20519835841313,47.332421340629274,2.462380300957592
NB,Moderate,multiple_runs_NB_ModerateThreat_Series_20260501_185726.csv,60.574412532637076,35.117493472584854,4.308093994778068
NB,Moderate,multiple_runs_NB_ModerateThreat_Series_20260501_185726.csv,35.0132625994695,62.59946949602122,2.3872679045092835
NB,Moderate,multiple_runs_NB_ModerateThreat_Series_20260501_185726.csv,46.85792349726776,47.540983606557376,5.601092896174864
NB,Moderate,multiple_runs_NB_ModerateThreat_Series_20260501_185726.csv,64.24418604651163,15.406976744186046,20.348837209302324
NB,Moderate,multiple_runs_NB_ModerateThreat_Series_20260501_185726.csv,54.825737265415555,42.0911528150134,3.0831099195710454
NB,Moderate,multiple_runs_NB_ModerateThreat_Series_20260501_185726.csv,61.126373626373635,36.4010989010989,2.4725274725274726
NB,Moderate,multiple_runs_NB_ModerateThreat_Series_20260501_185726.csv,62.96296296296296,33.47578347578348,3.561253561253561
NB,Moderate,multiple_runs_NB_ModerateThreat_Series_20260501_185726.csv,31.73734610123119,65.11627906976744,3.146374829001368
NB,Moderate,multiple_runs_NB_ModerateThreat_Series_20260501_185726.csv,36.8,55.60000000000001,7.6
NB,Moderate,multiple_runs_NB_ModerateThreat_Series_20260501_185726.csv,44.80431848852901,51.012145748987855,4.183535762483131
NB,Moderate,multiple_runs_NB_ModerateThreat_Series_20260501_185726.csv,58.539944903581265,38.29201101928375,3.1680440771349865
NB,Moderate,multiple_runs_NB_ModerateThreat_Series_20260501_185726.csv,53.84615384615385,44.1025641025641,2.051282051282051
NB,Moderate,multiple_runs_NB_ModerateThreat_Series_20260501_185726.csv,56.9060773480663,23.204419889502763,19.88950276243094
NB,Moderate,multiple_runs_NB_ModerateThreat_Series_20260501_185726.csv,54.166666666666664,37.33974358974359,8.493589743589745
NB,Moderate,multiple_runs_NB_ModerateThreat_Series_20260501_185726.csv,47.467438494934875,49.63820549927641,2.894356005788712
NB,Moderate,multiple_runs_NB_ModerateThreat_Series_20260501_185726.csv,43.5656836461126,52.54691689008043,3.8873994638069704
NB,Moderate,multiple_runs_NB_ModerateThreat_Series_20260501_185726.csv,37.01799485861182,56.169665809768645,6.812339331619537
NB,Moderate,multiple_runs_NB_ModerateThreat_Series_20260501_185726.csv,62.002743484224965,34.15637860082305,3.840877914951989
NB,Moderate,multiple_runs_NB_ModerateThreat_Series_20260501_185726.csv,37.5,56.84210526315789,5.657894736842105
NB,Moderate,multiple_runs_NB_ModerateThreat_Series_20260501_185726.csv,64.66480446927375,31.98324022346369,3.35195530726257
NB,Moderate,multiple_runs_NB_ModerateThreat_Series_20260501_185726.csv,36.57534246575342,57.534246575342465,5.89041095890411
NB,Moderate,multiple_runs_NB_ModerateThreat_Series_20260501_185726.csv,25.572519083969464,70.86513994910942,3.5623409669211195
NB,Moderate,multiple_runs_NB_ModerateThreat_Series_20260501_185726.csv,85.03311258278146,8.47682119205298,6.490066225165562
NB,Moderate,multiple_runs_NB_ModerateThreat_Series_20260501_185726.csv,63.469675599435824,30.18335684062059,6.346967559943582
NB,Moderate,multiple_runs_NB_ModerateThreat_Series_20260501_185726.csv,31.64218958611482,66.88918558077437,1.4686248331108143
NB,Moderate,multiple_runs_NB_ModerateThreat_Series_20260501_185726.csv,77.51824817518248,17.080291970802918,5.401459854014599
NB,Moderate,multiple_runs_NB_ModerateThreat_Series_20260501_185726.csv,65.0817236255572,30.460624071322435,4.457652303120357
NB,Moderate,multiple_runs_NB_ModerateThreat_Series_20260501_185726.csv,62.9277566539924,26.23574144486692,10.836501901140684
NB,Moderate,multiple_runs_NB_ModerateThreat_Series_20260501_185726.csv,36.97135061391542,45.56616643929058,17.462482946793997
NB,Moderate,multiple_runs_NB_ModerateThreat_Series_20260501_185726.csv,32.08762886597938,64.5618556701031,3.350515463917526
NB,Moderate,multiple_runs_NB_ModerateThreat_Series_20260501_185726.csv,23.927178153446032,73.08192457737321,2.990897269180754
NB,Moderate,multiple_runs_NB_ModerateThreat_Series_20260501_185726.csv,60.05830903790087,37.90087463556851,2.0408163265306123
NB,Moderate,multiple_runs_NB_ModerateThreat_Series_20260501_185726.csv,65.42207792207793,29.05844155844156,5.51948051948052
NB,Moderate,multiple_runs_NB_ModerateThreat_Series_20260501_185726.csv,39.733333333333334,54.93333333333334,5.333333333333334
NB,Moderate,multiple_runs_NB_ModerateThreat_Series_20260501_185726.csv,53.58126721763086,42.97520661157025,3.443526170798898
NB,Moderate,multiple_runs_NB_ModerateThreat_Series_20260501_185726.csv,61.111111111111114,32.916666666666664,5.972222222222222
NB,Moderate,multiple_runs_NB_ModerateThreat_Series_20260501_185726.csv,43.612903225806456,51.354838709677416,5.032258064516129
NB,Moderate,multiple_runs_NB_ModerateThreat_Series_20260501_185726.csv,63.86554621848739,28.711484593837532,7.42296918767507
NB,Moderate,multiple_runs_NB_ModerateThreat_Series_20260501_185726.csv,79.45205479452055,17.35159817351598,3.1963470319634704
NB,Moderate,multiple_runs_NB_ModerateThreat_Series_20260501_185726.csv,71.68367346938776,20.02551020408163,8.290816326530612
NB,Moderate,multiple_runs_NB_ModerateThreat_Series_20260501_185726.csv,57.3187414500684,37.48290013679891,5.198358413132695
NB,Moderate,multiple_runs_NB_ModerateThreat_Series_20260501_185726.csv,47.44318181818182,48.57954545454545,3.977272727272727
NB,Moderate,multiple_runs_NB_ModerateThreat_Series_20260501_185726.csv,62.46290801186943,31.454005934718097,6.083086053412463
NB,Moderate,multiple_runs_NB_ModerateThreat_Series_20260501_185726.csv,32.04577968526466,64.94992846924177,3.004291845493562
NB,Moderate,multiple_runs_NB_ModerateThreat_Series_20260501_185726.csv,59.148936170212764,37.163120567375884,3.6879432624113475
NB,Moderate,multiple_runs_NB_ModerateThreat_Series_20260501_185726.csv,35.096774193548384,58.322580645161295,6.580645161290323
NB,Moderate,multiple_runs_NB_ModerateThreat_Series_20260501_185726.csv,38.08255659121172,57.52330226364847,4.394141145139813
NB,Moderate,multiple_runs_NB_ModerateThreat_Series_20260501_185726.csv,40.298507462686565,52.736318407960205,6.965174129353234
NB,Moderate,multiple_runs_NB_ModerateThreat_Series_20260501_185726.csv,51.34048257372654,42.493297587131366,6.166219839142091
NB,Moderate,multiple_runs_NB_ModerateThreat_Series_20260501_185726.csv,58.06938159879337,35.8974358974359,6.033182503770739
NB,Moderate,multiple_runs_NB_ModerateThreat_Series_20260501_185726.csv,42.028985507246375,53.8866930171278,4.084321475625823
NB,Moderate,multiple_runs_NB_ModerateThreat_Series_20260501_185726.csv,50.65502183406113,44.395924308588064,4.9490538573508
NB,Moderate,multiple_runs_NB_ModerateThreat_Series_20260501_185726.csv,22.176870748299322,73.74149659863946,4.081632653061225
NB,Moderate,multiple_runs_NB_ModerateThreat_Series_20260501_185726.csv,35.82887700534759,62.834224598930476,1.3368983957219251
NB,Moderate,multiple_runs_NB_ModerateThreat_Series_20260501_185726.csv,26.570680628272253,63.35078534031413,10.078534031413612
NB,Moderate,multiple_runs_NB_ModerateThreat_Series_20260501_185726.csv,16.29434954007884,77.92378449408672,5.781865965834428
NB,Moderate,multiple_runs_NB_ModerateThreat_Series_20260501_185726.csv,54.980079681274894,39.44223107569721,5.577689243027888
NB,Moderate,multiple_runs_NB_ModerateThreat_Series_20260501_185726.csv,49.152542372881356,47.03389830508475,3.8135593220338984
NB,Moderate,multiple_runs_NB_ModerateThreat_Series_20260501_185726.csv,48.7256371814093,7.946026986506746,43.32833583208396
NB,Moderate,multiple_runs_NB_ModerateThreat_Series_20260501_185726.csv,35.07362784471218,60.37483266398929,4.551539491298527
NB,Moderate,multiple_runs_NB_ModerateThreat_Series_20260501_185726.csv,40.369393139841684,55.01319261213721,4.617414248021108
NB,Moderate,multiple_runs_NB_ModerateThreat_Series_20260501_185726.csv,17.402597402597404,74.02597402597402,8.571428571428571
NB,Moderate,multiple_runs_NB_ModerateThreat_Series_20260501_185726.csv,29.18395573997234,63.07053941908713,7.745504840940526
NB,Moderate,multiple_runs_NB_ModerateThreat_Series_20260501_185726.csv,30.314960629921263,66.53543307086615,3.149606299212598
NB,Moderate,multiple_runs_NB_ModerateThreat_Series_20260501_185726.csv,51.34751773049645,46.241134751773046,2.4113475177304964
NB,Moderate,multiple_runs_NB_ModerateThreat_Series_20260501_185726.csv,73.16017316017316,22.943722943722943,3.896103896103896
NB,Moderate,multiple_runs_NB_ModerateThreat_Series_20260501_185726.csv,53.34323922734027,39.673105497771175,6.983655274888559
NB,Moderate,multiple_runs_NB_ModerateThreat_Series_20260501_185726.csv,43.5656836461126,36.8632707774799,19.571045576407506
NB,Moderate,multiple_runs_NB_ModerateThreat_Series_20260501_185726.csv,49.249249249249246,45.04504504504504,5.7057057057057055
NB,Moderate,multiple_runs_NB_ModerateThreat_Series_20260501_185726.csv,15.27027027027027,75.67567567567568,9.054054054054054
NB,Moderate,multiple_runs_NB_ModerateThreat_Series_20260501_185726.csv,58.29846582984658,38.07531380753138,3.626220362622036
NB,Moderate,multiple_runs_NB_ModerateThreat_Series_20260501_185726.csv,28.607594936708864,63.67088607594936,7.721518987341772
NB,Moderate,multiple_runs_NB_ModerateThreat_Series_20260501_185726.csv,48.91304347826087,48.505434782608695,2.5815217391304346
NB,Moderate,multiple_runs_NB_ModerateThreat_Series_20260501_185726.csv,45.25222551928783,41.839762611275965,12.908011869436201
NB,Moderate,multiple_runs_NB_ModerateThreat_Series_20260501_185726.csv,19.105199516324063,77.50906892382105,3.3857315598548974
NB,Moderate,multiple_runs_NB_ModerateThreat_Series_20260501_185726.csv,51.46036161335188,45.20166898470097,3.3379694019471486
NB,Moderate,multiple_runs_NB_ModerateThreat_Series_20260501_185726.csv,47.878787878787875,45.3030303030303,6.8181818181818175
NB,Moderate,multiple_runs_NB_ModerateThreat_Series_20260501_185726.csv,34.01920438957476,61.72839506172839,4.252400548696845
NB,Moderate,multiple_runs_NB_ModerateThreat_Series_20260501_185726.csv,43.51245085190039,48.36173001310616,8.125819134993446
NB,Moderate,multiple_runs_NB_ModerateThreat_Series_20260501_185726.csv,36.95652173913043,58.18414322250639,4.859335038363171
NB,Moderate,multiple_runs_NB_ModerateThreat_Series_20260501_185726.csv,58.536585365853654,39.59827833572454,1.8651362984218076
NB,Moderate,multiple_runs_NB_ModerateThreat_Series_20260501_185726.csv,38.9873417721519,57.72151898734177,3.2911392405063293
NB,Moderate,multiple_runs_NB_ModerateThreat_Series_20260501_185726.csv,65.63876651982379,30.983847283406757,3.3773861967694567
NB,Moderate,multiple_runs_NB_ModerateThreat_Series_20260501_185726.csv,33.5978835978836,54.36507936507936,12.037037037037036
NB,Moderate,multiple_runs_NB_ModerateThreat_Series_20260501_185726.csv,26.68500687757909,66.71251719394773,6.602475928473177
NB,Moderate,multiple_runs_NB_ModerateThreat_Series_20260501_185726.csv,47.57834757834758,48.148148148148145,4.273504273504273
NB,Moderate,multiple_runs_NB_ModerateThreat_Series_20260501_185726.csv,44.80968858131488,50.69204152249135,4.498269896193772
NB,Moderate,multiple_runs_NB_ModerateThreat_Series_20260501_185726.csv,59.65463108320252,37.51962323390895,2.8257456828885403
NB,Moderate,multiple_runs_NB_ModerateThreat_Series_20260501_185726.csv,26.20689655172414,69.37931034482759,4.413793103448276
NB,Moderate,multiple_runs_NB_ModerateThreat_Series_20260501_185726.csv,47.28260869565217,47.28260869565217,5.434782608695652
NB,Moderate,multiple_runs_NB_ModerateThreat_Series_20260501_185726.csv,66.33941093969145,27.489481065918653,6.171107994389901
NB,Moderate,multiple_runs_NB_ModerateThreat_Series_20260501_185726.csv,51.652892561983464,43.25068870523416,5.096418732782369
NB,Moderate,multiple_runs_NB_ModerateThreat_Series_20260501_185726.csv,67.96875,29.062500000000004,2.96875
NB,Moderate,multiple_runs_NB_ModerateThreat_Series_20260501_185726.csv,46.52777777777778,47.22222222222222,6.25
NB,Moderate,multiple_runs_NB_ModerateThreat_Series_20260501_185726.csv,48.828125,46.09375,5.078125
NB,Moderate,multiple_runs_NB_ModerateThreat_Series_20260501_185726.csv,51.19214586255259,47.68583450210379,1.1220196353436185
NB,Moderate,multiple_runs_NB_ModerateThreat_Series_20260501_185726.csv,38.00259403372244,50.3242542153048,11.673151750972762
NB,Moderate,multiple_runs_NB_ModerateThreat_Series_20260501_185726.csv,36.59517426273459,60.187667560321714,3.2171581769436997
NB,Moderate,multiple_runs_NB_ModerateThreat_Series_20260501_185726.csv,47.13286713286713,46.71328671328671,6.153846153846154
NB,Moderate,multiple_runs_NB_ModerateThreat_Series_20260501_185726.csv,52.53521126760563,44.50704225352113,2.9577464788732395
NB,Moderate,multiple_runs_NB_ModerateThreat_Series_20260501_185726.csv,48.138297872340424,50.26595744680851,1.5957446808510638
NB,Moderate,multiple_runs_NB_ModerateThreat_Series_20260501_185726.csv,39.93174061433447,50.68259385665529,9.385665529010238
NB,Moderate,multiple_runs_NB_ModerateThreat_Series_20260501_185726.csv,75.49167927382754,20.272314674735252,4.236006051437216
NB,Moderate,multiple_runs_NB_ModerateThreat_Series_20260501_185726.csv,49.92805755395683,43.7410071942446,6.330935251798561
NB,Moderate,multiple_runs_NB_ModerateThreat_Series_20260501_185726.csv,73.42857142857143,23.42857142857143,3.1428571428571432
NB,Moderate,multiple_runs_NB_ModerateThreat_Series_20260501_185726.csv,33.02752293577982,53.73525557011796,13.237221494102227
NB,Moderate,multiple_runs_NB_ModerateThreat_Series_20260501_185726.csv,70.52932761087267,26.32331902718169,3.1473533619456364
NB,Moderate,multiple_runs_NB_ModerateThreat_Series_20260501_185726.csv,41.39941690962099,55.97667638483965,2.623906705539359
NB,Moderate,multiple_runs_NB_ModerateThreat_Series_20260501_185726.csv,12.108843537414966,78.63945578231292,9.251700680272108
NB,Moderate,multiple_runs_NB_ModerateThreat_Series_20260501_185726.csv,45.36652835408022,52.69709543568465,1.9363762102351314
NB,Moderate,multiple_runs_NB_ModerateThreat_Series_20260501_185726.csv,79.11931818181817,14.346590909090908,6.534090909090909
NB,Moderate,multiple_runs_NB_ModerateThreat_Series_20260501_185726.csv,71.60839160839161,25.594405594405593,2.797202797202797
NB,Moderate,multiple_runs_NB_ModerateThreat_Series_20260501_185726.csv,26.362484157160964,70.21546261089988,3.4220532319391634
NB,Moderate,multiple_runs_NB_ModerateThreat_Series_20260501_185726.csv,22.03626220362622,73.22175732217573,4.741980474198047
NB,Moderate,multiple_runs_NB_ModerateThreat_Series_20260501_185726.csv,66.8769716088328,30.441640378548897,2.6813880126182967
NB,Moderate,multiple_runs_NB_ModerateThreat_Series_20260501_185726.csv,40.97859327217125,53.21100917431193,5.81039755351682
NB,Moderate,multiple_runs_NB_ModerateThreat_Series_20260501_185726.csv,22.020725388601036,72.02072538860104,5.958549222797927
NB,Moderate,multiple_runs_NB_ModerateThreat_Series_20260501_185726.csv,54.794520547945204,8.06697108066971,37.13850837138508
NB,Moderate,multiple_runs_NB_ModerateThreat_Series_20260501_185726.csv,67.53782668500688,27.51031636863824,4.951856946354883
NB,Moderate,multiple_runs_NB_ModerateThreat_Series_20260501_185726.csv,53.82436260623229,40.934844192634564,5.240793201133145
NB,Moderate,multiple_runs_NB_ModerateThreat_Series_20260501_185726.csv,60.98901098901099,33.379120879120876,5.631868131868132
NB,Moderate,multiple_runs_NB_ModerateThreat_Series_20260501_185726.csv,40.51282051282051,55.51282051282052,3.974358974358974
NB,Moderate,multiple_runs_NB_ModerateThreat_Series_20260501_185726.csv,36.21837549933422,60.58588548601864,3.1957390146471374
NB,Moderate,multiple_runs_NB_ModerateThreat_Series_20260501_185726.csv,30.52486187845304,66.57458563535911,2.9005524861878453
NB,Moderate,multiple_runs_NB_ModerateThreat_Series_20260501_185726.csv,74.2816091954023,21.120689655172413,4.597701149425287
NB,Moderate,multiple_runs_NB_ModerateThreat_Series_20260501_185726.csv,52.16216216216216,43.91891891891892,3.9189189189189193
NB,Moderate,multiple_runs_NB_ModerateThreat_Series_20260501_185726.csv,61.91222570532915,34.639498432601876,3.4482758620689653
NB,Moderate,multiple_runs_NB_ModerateThreat_Series_20260501_185726.csv,64.80446927374301,28.212290502793298,6.983240223463687
NB,Moderate,multiple_runs_NB_ModerateThreat_Series_20260501_185726.csv,27.54409769335143,64.9932157394844,7.462686567164178
NB,Moderate,multiple_runs_NB_ModerateThreat_Series_20260501_185726.csv,53.02826379542396,41.58815612382234,5.383580080753701
NB,Moderate,multiple_runs_NB_ModerateThreat_Series_20260501_185726.csv,44.052287581699346,51.37254901960784,4.57516339869281
NB,Moderate,multiple_runs_NB_ModerateThreat_Series_20260501_185726.csv,28.05194805194805,65.97402597402598,5.974025974025974
NB,Moderate,multiple_runs_NB_ModerateThreat_Series_20260501_185726.csv,38.47203274215553,57.57162346521147,3.956343792633015
NB,Moderate,multiple_runs_NB_ModerateThreat_Series_20260501_185726.csv,30.48780487804878,65.98915989159892,3.523035230352303
NB,Moderate,multiple_runs_NB_ModerateThreat_Series_20260501_185726.csv,36.55629139072848,59.337748344370866,4.105960264900662
NB,Moderate,multiple_runs_NB_ModerateThreat_Series_20260501_185726.csv,50.135501355013545,46.883468834688344,2.9810298102981028
NB,Moderate,multiple_runs_NB_ModerateThreat_Series_20260501_185726.csv,35.80246913580247,59.396433470507546,4.801097393689986
NB,Moderate,multiple_runs_NB_ModerateThreat_Series_20260501_185726.csv,49.93662864385298,47.655259822560204,2.4081115335868186
NB,Moderate,multiple_runs_NB_ModerateThreat_Series_20260501_185726.csv,52.13204951856947,43.053645116918844,4.814305364511692
NB,Moderate,multiple_runs_NB_ModerateThreat_Series_20260501_185726.csv,37.713534822601844,56.767411300919846,5.519053876478318
NB,Moderate,multiple_runs_NB_ModerateThreat_Series_20260501_185726.csv,53.98601398601398,41.3986013986014,4.615384615384616
NB,Moderate,multiple_runs_NB_ModerateThreat_Series_20260501_185726.csv,59.83827493261455,35.44474393530997,4.716981132075472
NB,Moderate,multiple_runs_NB_ModerateThreat_Series_20260501_185726.csv,68.60119047619048,25.0,6.398809523809524
NB,Moderate,multiple_runs_NB_ModerateThreat_Series_20260501_185726.csv,50.072150072150066,18.47041847041847,31.457431457431458
NB,Moderate,multiple_runs_NB_ModerateThreat_Series_20260501_185726.csv,72.03513909224012,25.329428989751097,2.635431918008785
NB,Moderate,multiple_runs_NB_ModerateThreat_Series_20260501_185726.csv,49.59349593495935,46.476964769647694,3.9295392953929538
NB,Moderate,multiple_runs_NB_ModerateThreat_Series_20260501_185726.csv,77.27272727272727,14.369501466275661,8.357771260997067
NB,Moderate,multiple_runs_NB_ModerateThreat_Series_20260501_185726.csv,82.21906116642958,10.668563300142248,7.112375533428166
NB,Moderate,multiple_runs_NB_ModerateThreat_Series_20260501_185726.csv,34.22103861517976,56.19174434087883,9.587217043941411
NB,Moderate,multiple_runs_NB_ModerateThreat_Series_20260501_185726.csv,53.32464146023468,39.895697522816164,6.779661016949152
NB,Moderate,multiple_runs_NB_ModerateThreat_Series_20260501_185726.csv,77.59146341463415,15.853658536585366,6.554878048780488
NB,Moderate,multiple_runs_NB_ModerateThreat_Series_20260501_185726.csv,23.404255319148938,71.27659574468085,5.319148936170213
NB,Moderate,multiple_runs_NB_ModerateThreat_Series_20260501_185726.csv,44.461077844311376,54.49101796407185,1.0479041916167664
NB,Moderate,multiple_runs_NB_ModerateThreat_Series_20260501_185726.csv,39.201451905626136,49.18330308529946,11.61524500907441
NB,Moderate,multiple_runs_NB_ModerateThreat_Series_20260501_185726.csv,34.73980309423347,58.93108298171589,6.329113924050633
NB,Moderate,multiple_runs_NB_ModerateThreat_Series_20260501_185726.csv,56.4945226917058,36.93270735524257,6.572769953051644
NB,Moderate,multiple_runs_NB_ModerateThreat_Series_20260501_185726.csv,37.48290013679891,59.37072503419972,3.146374829001368
NB,Moderate,multiple_runs_NB_ModerateThreat_Series_20260501_185726.csv,35.70504527813713,58.47347994825356,5.821474773609314
NB,Moderate,multiple_runs_NB_ModerateThreat_Series_20260501_185726.csv,58.48214285714286,37.351190476190474,4.166666666666666
NB,Moderate,multiple_runs_NB_ModerateThreat_Series_20260501_185726.csv,73.4472049689441,23.29192546583851,3.260869565217391
NB,Moderate,multiple_runs_NB_ModerateThreat_Series_20260501_185726.csv,47.52342704149933,31.459170013386885,21.01740294511379
NB,Moderate,multiple_runs_NB_ModerateThreat_Series_20260501_185726.csv,0.0,0.0,0.0
NB,Moderate,multiple_runs_NB_ModerateThreat_Series_20260501_185726.csv,48.39728175640355,45.651158738456175,5.951559505140269
NB,Moderate,multiple_runs_NB_ModerateThreat_Series_20260501_185726.csv,48.39694443670021,45.65084055869973,5.952215004600074
NB,Moderate,multiple_runs_NB_ModerateThreat_Series_20260501_185726.csv,41.78939262681682,46.32544036962171,11.885167003561458
NB,Moderate,multiple_runs_NB_ModerateThreat_Series_20260501_185726.csv,93.87755102040816,6.122448979591836,0.0
NB,Moderate,multiple_runs_NB_ModerateThreat_Series_20260501_185726.csv,38.05215540180947,38.903672166045766,23.04417243214476
