source_file,source_path,role,condition,run,fight_count,flee_count,cry_count,chase_count
multiple_runs_DB_HighThreat_2_20260407_031225.csv,multiple_runs_DB_HighThreat_2_20260407_031225.csv,DB,ACE,1,30.428607816574498,0.3695885777662653,-18.444485139321944,-12.353711255018824
multiple_runs_DB_HighThreat_2_20260407_031225.csv,multiple_runs_DB_HighThreat_2_20260407_031225.csv,DB,ACE,2,27.780032951642553,-17.92912660521993,-18.520466888429446,8.66956054200682
multiple_runs_DB_HighThreat_2_20260407_031225.csv,multiple_runs_DB_HighThreat_2_20260407_031225.csv,DB,ACE,3,35.767256937425024,-18.116898913405066,-19.1463177849485,1.4959597609285424
multiple_runs_DB_HighThreat_2_20260407_031225.csv,multiple_runs_DB_HighThreat_2_20260407_031225.csv,DB,ACE,4,11.646318677142503,-17.87074251970769,-19.118454027576547,25.342877870141734
multiple_runs_DB_HighThreat_2_20260407_031225.csv,multiple_runs_DB_HighThreat_2_20260407_031225.csv,DB,ACE,5,32.305873692984946,-2.5834848671805766,-18.787472633720903,-10.93491619208347
multiple_runs_DB_HighThreat_2_20260407_031225.csv,multiple_runs_DB_HighThreat_2_20260407_031225.csv,DB,ACE,6,14.611191882229228,-13.205834474016726,-18.925275320162964,17.519917911950458
multiple_runs_DB_HighThreat_2_20260407_031225.csv,multiple_runs_DB_HighThreat_2_20260407_031225.csv,DB,ACE,7,40.75340440187528,-16.355101298184117,-18.906003079831482,-5.492300023859691
multiple_runs_DB_HighThreat_2_20260407_031225.csv,multiple_runs_DB_HighThreat_2_20260407_031225.csv,DB,ACE,8,13.307598203661321,-17.481899624567564,-19.01372039009732,23.18802181100356
multiple_runs_DB_HighThreat_2_20260407_031225.csv,multiple_runs_DB_HighThreat_2_20260407_031225.csv,DB,ACE,9,33.877051861483935,-15.947665596630765,-19.16441322302028,1.2350269581671078
multiple_runs_DB_HighThreat_2_20260407_031225.csv,multiple_runs_DB_HighThreat_2_20260407_031225.csv,DB,ACE,10,34.210167871426485,-2.014859272520095,-17.76165864904204,-14.43364994986435
multiple_runs_DB_HighThreat_2_20260407_031225.csv,multiple_runs_DB_HighThreat_2_20260407_031225.csv,DB,ACE,11,51.21937883190781,-17.667349110275204,-19.73531052809202,-13.81671919354059
multiple_runs_DB_HighThreat_2_20260407_031225.csv,multiple_runs_DB_HighThreat_2_20260407_031225.csv,DB,ACE,12,40.497783027642534,-12.21311663546657,-19.478472504759925,-8.806193887416047
multiple_runs_DB_HighThreat_2_20260407_031225.csv,multiple_runs_DB_HighThreat_2_20260407_031225.csv,DB,ACE,13,40.85895386803856,-12.305655432881473,-18.55687792252218,-9.996420512634913
multiple_runs_DB_HighThreat_2_20260407_031225.csv,multiple_runs_DB_HighThreat_2_20260407_031225.csv,DB,ACE,14,38.29147258865156,-16.346985902493127,-18.43304130945355,-3.5114453767048808
multiple_runs_DB_HighThreat_2_20260407_031225.csv,multiple_runs_DB_HighThreat_2_20260407_031225.csv,DB,ACE,15,50.28110805837738,-15.275541512184407,-18.71917321360379,-16.28639333258919
multiple_runs_DB_HighThreat_2_20260407_031225.csv,multiple_runs_DB_HighThreat_2_20260407_031225.csv,DB,ACE,16,20.118483766954654,6.423100891782784,-19.449250681902612,-7.092333976834823
multiple_runs_DB_HighThreat_2_20260407_031225.csv,multiple_runs_DB_HighThreat_2_20260407_031225.csv,DB,ACE,17,31.29192221449862,-17.73616918925807,-18.96135167975255,5.405598654511998
multiple_runs_DB_HighThreat_2_20260407_031225.csv,multiple_runs_DB_HighThreat_2_20260407_031225.csv,DB,ACE,18,1.8497128439513055,-14.672721029003272,-19.40018449223384,32.22319267728581
multiple_runs_DB_HighThreat_2_20260407_031225.csv,multiple_runs_DB_HighThreat_2_20260407_031225.csv,DB,ACE,19,28.954093840367904,-14.612034403179667,-18.81395994346161,4.471900506273371
multiple_runs_DB_HighThreat_2_20260407_031225.csv,multiple_runs_DB_HighThreat_2_20260407_031225.csv,DB,ACE,20,7.074015979839807,-16.82428897325414,-19.617954527077046,29.368227520491374
multiple_runs_DB_HighThreat_2_20260407_031225.csv,multiple_runs_DB_HighThreat_2_20260407_031225.csv,DB,ACE,21,41.656473963033086,-16.858427628716328,-18.265538560690494,-6.532507773626264
multiple_runs_DB_HighThreat_2_20260407_031225.csv,multiple_runs_DB_HighThreat_2_20260407_031225.csv,DB,ACE,22,4.957888697827805,-17.174410255010812,-19.523801584398633,31.74032314158164
multiple_runs_DB_HighThreat_2_20260407_031225.csv,multiple_runs_DB_HighThreat_2_20260407_031225.csv,DB,ACE,23,29.102077204329603,3.226731434909123,-18.240403506668883,-14.088405132569843
multiple_runs_DB_HighThreat_2_20260407_031225.csv,multiple_runs_DB_HighThreat_2_20260407_031225.csv,DB,ACE,24,16.02462865168679,-17.25614790929718,-18.78262876497304,20.014148022583427
multiple_runs_DB_HighThreat_2_20260407_031225.csv,multiple_runs_DB_HighThreat_2_20260407_031225.csv,DB,ACE,25,14.027536749849936,-17.325808730093048,-18.769423625354655,22.06769560559777
multiple_runs_DB_HighThreat_2_20260407_031225.csv,multiple_runs_DB_HighThreat_2_20260407_031225.csv,DB,ACE,26,32.78559606641989,-3.6370595360247044,-18.346309505432025,-10.802227024963164
multiple_runs_DB_HighThreat_2_20260407_031225.csv,multiple_runs_DB_HighThreat_2_20260407_031225.csv,DB,ACE,27,8.269175515735384,-9.217931709536472,-19.39134103904224,20.340097232843327
multiple_runs_DB_HighThreat_2_20260407_031225.csv,multiple_runs_DB_HighThreat_2_20260407_031225.csv,DB,ACE,28,34.142647649375085,0.3486886515307148,-19.295235077851572,-15.19610122305423
multiple_runs_DB_HighThreat_2_20260407_031225.csv,multiple_runs_DB_HighThreat_2_20260407_031225.csv,DB,ACE,29,10.570089941339297,-17.237156247823545,-19.12403355443267,25.791099860916916
multiple_runs_DB_HighThreat_2_20260407_031225.csv,multiple_runs_DB_HighThreat_2_20260407_031225.csv,DB,ACE,30,32.188586144188726,-17.604946368955787,-18.868902693954418,4.285262918721468
multiple_runs_DB_HighThreat_2_20260407_031225.csv,multiple_runs_DB_HighThreat_2_20260407_031225.csv,DB,ACE,31,34.336683867507695,-15.893275542240712,-18.906721315843836,0.46331299057684916
multiple_runs_DB_HighThreat_2_20260407_031225.csv,multiple_runs_DB_HighThreat_2_20260407_031225.csv,DB,ACE,32,36.0752112855483,-5.46453817638367,-18.48422517326656,-12.126447935898073
multiple_runs_DB_HighThreat_2_20260407_031225.csv,multiple_runs_DB_HighThreat_2_20260407_031225.csv,DB,ACE,33,24.19672132227332,-17.21320401208681,-19.209034781254502,12.225517471067988
multiple_runs_DB_HighThreat_2_20260407_031225.csv,multiple_runs_DB_HighThreat_2_20260407_031225.csv,DB,ACE,34,31.25232860923939,-17.9854345909215,-19.371232649920387,6.1043386316024915
multiple_runs_DB_HighThreat_2_20260407_031225.csv,multiple_runs_DB_HighThreat_2_20260407_031225.csv,DB,ACE,35,7.3039091181975095,-13.664996384827697,-19.463286360597856,25.82437362722804
multiple_runs_DB_HighThreat_2_20260407_031225.csv,multiple_runs_DB_HighThreat_2_20260407_031225.csv,DB,ACE,36,45.51389873052316,-15.975130578778527,-18.832096377170558,-10.706671774574076
multiple_runs_DB_HighThreat_2_20260407_031225.csv,multiple_runs_DB_HighThreat_2_20260407_031225.csv,DB,ACE,37,26.951338860211465,-13.148330785100832,-17.962902262268685,4.159894187158049
multiple_runs_DB_HighThreat_2_20260407_031225.csv,multiple_runs_DB_HighThreat_2_20260407_031225.csv,DB,ACE,38,41.1900624450242,-16.091696775144705,-18.26493894992354,-6.833426719955963
multiple_runs_DB_HighThreat_2_20260407_031225.csv,multiple_runs_DB_HighThreat_2_20260407_031225.csv,DB,ACE,39,18.90230109135277,-13.646169624248717,-19.152312574093322,13.896181106989268
multiple_runs_DB_HighThreat_2_20260407_031225.csv,multiple_runs_DB_HighThreat_2_20260407_031225.csv,DB,ACE,40,41.59241424823808,-16.515847414812583,-18.535703444825963,-6.540863388599529
multiple_runs_DB_HighThreat_2_20260407_031225.csv,multiple_runs_DB_HighThreat_2_20260407_031225.csv,DB,ACE,41,45.98818648675225,-13.748252106894697,-18.422678029381196,-13.817256350476361
multiple_runs_DB_HighThreat_2_20260407_031225.csv,multiple_runs_DB_HighThreat_2_20260407_031225.csv,DB,ACE,42,43.12941891024274,-17.74690802087319,-19.12573840986093,-6.256772479508619
multiple_runs_DB_HighThreat_2_20260407_031225.csv,multiple_runs_DB_HighThreat_2_20260407_031225.csv,DB,ACE,43,11.528381059204882,-17.807534123165958,-19.41954182866435,25.69869489262542
multiple_runs_DB_HighThreat_2_20260407_031225.csv,multiple_runs_DB_HighThreat_2_20260407_031225.csv,DB,ACE,44,11.304405988604046,-17.06311456484047,-19.365982572651106,25.12469114888753
multiple_runs_DB_HighThreat_2_20260407_031225.csv,multiple_runs_DB_HighThreat_2_20260407_031225.csv,DB,ACE,45,36.142117555070655,-16.388384573471413,-19.0815612625469,-0.6721717190523471
multiple_runs_DB_HighThreat_2_20260407_031225.csv,multiple_runs_DB_HighThreat_2_20260407_031225.csv,DB,ACE,46,39.1281215203611,-16.863101108277643,-18.095735469962676,-4.1692849421207825
multiple_runs_DB_HighThreat_2_20260407_031225.csv,multiple_runs_DB_HighThreat_2_20260407_031225.csv,DB,ACE,47,1.8672913981152206,-17.83136748033265,-19.209331618454137,35.173407700671554
multiple_runs_DB_HighThreat_2_20260407_031225.csv,multiple_runs_DB_HighThreat_2_20260407_031225.csv,DB,ACE,48,35.28317033123554,-17.40310670724429,-19.39217455991777,1.512110935926522
multiple_runs_DB_HighThreat_2_20260407_031225.csv,multiple_runs_DB_HighThreat_2_20260407_031225.csv,DB,ACE,49,15.734076756208907,-17.353304788180296,-19.119653651374524,20.73888168334591
multiple_runs_DB_HighThreat_2_20260407_031225.csv,multiple_runs_DB_HighThreat_2_20260407_031225.csv,DB,ACE,50,41.12531346512605,-17.079773189412517,-17.76535955650455,-6.2801807192089925
multiple_runs_DB_HighThreat_2_20260407_031225.csv,multiple_runs_DB_HighThreat_2_20260407_031225.csv,DB,ACE,51,8.682038105431317,-17.607956961487933,-19.872143042232437,28.798061898289056
multiple_runs_DB_HighThreat_2_20260407_031225.csv,multiple_runs_DB_HighThreat_2_20260407_031225.csv,DB,ACE,52,0.13715790327584543,-15.701506526942284,-18.53252035340758,34.09686897707402
multiple_runs_DB_HighThreat_2_20260407_031225.csv,multiple_runs_DB_HighThreat_2_20260407_031225.csv,DB,ACE,53,33.09131069300066,0.15827570616092856,-18.7743099826451,-14.475276416516493
multiple_runs_DB_HighThreat_2_20260407_031225.csv,multiple_runs_DB_HighThreat_2_20260407_031225.csv,DB,ACE,54,23.24379480507548,-17.847373333901956,-19.72975051450755,14.333329043334025
multiple_runs_DB_HighThreat_2_20260407_031225.csv,multiple_runs_DB_HighThreat_2_20260407_031225.csv,DB,ACE,55,36.246952958785684,-5.355092986254004,-18.743643378285185,-12.148216594246504
multiple_runs_DB_HighThreat_2_20260407_031225.csv,multiple_runs_DB_HighThreat_2_20260407_031225.csv,DB,ACE,56,8.266288820734694,-17.25204800337538,-19.025841041262773,28.011600223903457
multiple_runs_DB_HighThreat_2_20260407_031225.csv,multiple_runs_DB_HighThreat_2_20260407_031225.csv,DB,ACE,57,35.18387662481281,-2.7709546671108463,-18.33566939647731,-14.077252561224656
multiple_runs_DB_HighThreat_2_20260407_031225.csv,multiple_runs_DB_HighThreat_2_20260407_031225.csv,DB,ACE,58,28.751787834850468,2.921624317435267,-17.412908329493536,-14.260503822792202
multiple_runs_DB_HighThreat_2_20260407_031225.csv,multiple_runs_DB_HighThreat_2_20260407_031225.csv,DB,ACE,59,7.301146305654342,-16.266644862978453,-18.57158861229008,27.537087169614182
multiple_runs_DB_HighThreat_2_20260407_031225.csv,multiple_runs_DB_HighThreat_2_20260407_031225.csv,DB,ACE,60,8.09471052708875,-15.971217174586489,-19.793750233960836,27.67025688145857
multiple_runs_DB_HighThreat_2_20260407_031225.csv,multiple_runs_DB_HighThreat_2_20260407_031225.csv,DB,ACE,61,1.556280728742781,-14.970315301874328,-18.831752674322292,32.24578724745384
multiple_runs_DB_HighThreat_2_20260407_031225.csv,multiple_runs_DB_HighThreat_2_20260407_031225.csv,DB,ACE,62,0.4016104705508887,-16.87713970996138,-19.6836175635921,36.159146803002585
multiple_runs_DB_HighThreat_2_20260407_031225.csv,multiple_runs_DB_HighThreat_2_20260407_031225.csv,DB,ACE,63,36.1075886410009,-16.49672826821285,-18.762845442891173,-0.848014929896884
multiple_runs_DB_HighThreat_2_20260407_031225.csv,multiple_runs_DB_HighThreat_2_20260407_031225.csv,DB,ACE,64,4.7907625724697915,-17.26472309743385,-19.851422472559126,32.32538299752318
multiple_runs_DB_HighThreat_2_20260407_031225.csv,multiple_runs_DB_HighThreat_2_20260407_031225.csv,DB,ACE,65,34.71480940322635,-15.678498278752846,-18.67137245585314,-0.36493866862036484
multiple_runs_DB_HighThreat_2_20260407_031225.csv,multiple_runs_DB_HighThreat_2_20260407_031225.csv,DB,ACE,66,31.718802373221706,-18.46986250085014,-18.92496773858464,5.676027866213076
multiple_runs_DB_HighThreat_2_20260407_031225.csv,multiple_runs_DB_HighThreat_2_20260407_031225.csv,DB,ACE,67,23.691388639261042,-18.62244269853894,-19.383896650947676,14.314950710225567
multiple_runs_DB_HighThreat_2_20260407_031225.csv,multiple_runs_DB_HighThreat_2_20260407_031225.csv,DB,ACE,68,27.24165941980872,-17.604304515282376,-19.626049333449277,9.988694428922933
multiple_runs_DB_HighThreat_2_20260407_031225.csv,multiple_runs_DB_HighThreat_2_20260407_031225.csv,DB,ACE,69,37.58325862162013,-18.254655089549907,-19.78246756847451,0.45386403640427986
multiple_runs_DB_HighThreat_2_20260407_031225.csv,multiple_runs_DB_HighThreat_2_20260407_031225.csv,DB,ACE,70,46.3965913402592,-11.46059303616371,-19.653996466788712,-15.282001837306783
multiple_runs_DB_HighThreat_2_20260407_031225.csv,multiple_runs_DB_HighThreat_2_20260407_031225.csv,DB,ACE,71,43.48891301973685,-13.126662775627945,-18.268390677513196,-12.093859566595706
multiple_runs_DB_HighThreat_2_20260407_031225.csv,multiple_runs_DB_HighThreat_2_20260407_031225.csv,DB,ACE,72,9.998799529623355,-17.939007587972757,-19.174231583354103,27.114439641703505
multiple_runs_DB_HighThreat_2_20260407_031225.csv,multiple_runs_DB_HighThreat_2_20260407_031225.csv,DB,ACE,73,29.605597389696328,-16.916303945181777,-18.162870309984097,5.473576865469546
multiple_runs_DB_HighThreat_2_20260407_031225.csv,multiple_runs_DB_HighThreat_2_20260407_031225.csv,DB,ACE,74,12.178432194692917,-17.095061889658126,-19.679422185632085,24.596051880597294
multiple_runs_DB_HighThreat_2_20260407_031225.csv,multiple_runs_DB_HighThreat_2_20260407_031225.csv,DB,ACE,75,26.796145485847816,-12.141378425857614,-18.246125421603082,3.591358361612876
multiple_runs_DB_HighThreat_2_20260407_031225.csv,multiple_runs_DB_HighThreat_2_20260407_031225.csv,DB,ACE,76,8.469619182024239,-17.132406138452108,-19.067191215670817,27.729978172098683
multiple_runs_DB_HighThreat_2_20260407_031225.csv,multiple_runs_DB_HighThreat_2_20260407_031225.csv,DB,ACE,77,11.921129482775228,-16.47693085192342,-19.83811108285004,24.393912451998233
multiple_runs_DB_HighThreat_2_20260407_031225.csv,multiple_runs_DB_HighThreat_2_20260407_031225.csv,DB,ACE,78,27.418003400440128,-15.884259081611347,-19.220956146207698,7.68721182737891
multiple_runs_DB_HighThreat_2_20260407_031225.csv,multiple_runs_DB_HighThreat_2_20260407_031225.csv,DB,ACE,79,2.9356388975581282,-17.794758433122894,-19.233047914255238,34.09216744982
multiple_runs_DB_HighThreat_2_20260407_031225.csv,multiple_runs_DB_HighThreat_2_20260407_031225.csv,DB,ACE,80,37.382068167504535,-15.813482436617347,-17.9640272735188,-3.604558457368398
multiple_runs_DB_HighThreat_2_20260407_031225.csv,multiple_runs_DB_HighThreat_2_20260407_031225.csv,DB,ACE,81,29.777726104666442,1.369192302751408,-18.761505151210194,-12.385413256207649
multiple_runs_DB_HighThreat_2_20260407_031225.csv,multiple_runs_DB_HighThreat_2_20260407_031225.csv,DB,ACE,82,50.155579686403506,-17.651187300152472,-18.939061348183866,-13.565331038067178
multiple_runs_DB_HighThreat_2_20260407_031225.csv,multiple_runs_DB_HighThreat_2_20260407_031225.csv,DB,ACE,83,47.55077384069646,-16.806338985633445,-19.42917017451453,-11.315264680548479
multiple_runs_DB_HighThreat_2_20260407_031225.csv,multiple_runs_DB_HighThreat_2_20260407_031225.csv,DB,ACE,84,40.90965737925672,-10.752860401825572,-18.658284944958485,-11.49851203247266
multiple_runs_DB_HighThreat_2_20260407_031225.csv,multiple_runs_DB_HighThreat_2_20260407_031225.csv,DB,ACE,85,44.68677417715312,-13.208443241634903,-18.099465432753778,-13.378865502764434
multiple_runs_DB_HighThreat_2_20260407_031225.csv,multiple_runs_DB_HighThreat_2_20260407_031225.csv,DB,ACE,86,51.31354799954425,-16.15926434271227,-18.85440772904749,-16.299875927784484
multiple_runs_DB_HighThreat_2_20260407_031225.csv,multiple_runs_DB_HighThreat_2_20260407_031225.csv,DB,ACE,87,24.923168286676933,-16.283710874310287,-19.041245244142083,10.40178783177543
multiple_runs_DB_HighThreat_2_20260407_031225.csv,multiple_runs_DB_HighThreat_2_20260407_031225.csv,DB,ACE,88,7.494671355392086,-17.134794618811334,-18.875441026831588,28.51556429025083
multiple_runs_DB_HighThreat_2_20260407_031225.csv,multiple_runs_DB_HighThreat_2_20260407_031225.csv,DB,ACE,89,19.427509311571157,-17.637397227489394,-18.835484263950768,17.045372179869005
multiple_runs_DB_HighThreat_2_20260407_031225.csv,multiple_runs_DB_HighThreat_2_20260407_031225.csv,DB,ACE,90,13.914135130352214,-11.6418590436332,-18.92496773858464,16.65269165186563
multiple_runs_DB_HighThreat_2_20260407_031225.csv,multiple_runs_DB_HighThreat_2_20260407_031225.csv,DB,ACE,91,4.400975524719705,-18.04742424506198,-20.019345171830523,33.66579389217279
multiple_runs_DB_HighThreat_2_20260407_031225.csv,multiple_runs_DB_HighThreat_2_20260407_031225.csv,DB,ACE,92,15.103777884601705,-19.288574687539857,-19.475097384219904,23.659894187158052
multiple_runs_DB_HighThreat_2_20260407_031225.csv,multiple_runs_DB_HighThreat_2_20260407_031225.csv,DB,ACE,93,36.31987957951696,-18.447237587728182,-19.137055952958136,1.2644139611693497
multiple_runs_DB_HighThreat_2_20260407_031225.csv,multiple_runs_DB_HighThreat_2_20260407_031225.csv,DB,ACE,94,10.495796663944432,-15.619560603032815,-19.605379074360748,24.729143013449125
multiple_runs_DB_HighThreat_2_20260407_031225.csv,multiple_runs_DB_HighThreat_2_20260407_031225.csv,DB,ACE,95,44.2280674198742,-13.002466362564933,-19.458547735273065,-11.767053322036201
multiple_runs_DB_HighThreat_2_20260407_031225.csv,multiple_runs_DB_HighThreat_2_20260407_031225.csv,DB,ACE,96,27.699015979839807,2.639996741031574,-18.427478336600856,-11.911534384270523
multiple_runs_DB_HighThreat_2_20260407_031225.csv,multiple_runs_DB_HighThreat_2_20260407_031225.csv,DB,ACE,97,44.435893403042904,-15.435234395264283,-18.39889696668337,-10.60176204109526
multiple_runs_DB_HighThreat_2_20260407_031225.csv,multiple_runs_DB_HighThreat_2_20260407_031225.csv,DB,ACE,98,32.31729363916224,-17.907563078916308,-19.170785609758877,4.761055049512937
multiple_runs_DB_HighThreat_2_20260407_031225.csv,multiple_runs_DB_HighThreat_2_20260407_031225.csv,DB,ACE,99,44.72017157583617,-16.030385424573524,-18.059719768205344,-10.6300663830573
multiple_runs_DB_HighThreat_2_20260407_031225.csv,multiple_runs_DB_HighThreat_2_20260407_031225.csv,DB,ACE,100,31.22273462760426,-16.069109038684893,-19.34532639185349,4.191700802934129
multiple_runs_DB_HighThreat_2_20260407_031225.csv,multiple_runs_DB_HighThreat_2_20260407_031225.csv,DB,ACE,101,39.07216868919941,-8.917885032367444,-18.681993935944043,-11.47228972088793
multiple_runs_DB_HighThreat_2_20260407_031225.csv,multiple_runs_DB_HighThreat_2_20260407_031225.csv,DB,ACE,102,32.10086413168796,-15.860253009218178,-19.29327920240172,3.0526680799319372
multiple_runs_DB_HighThreat_2_20260407_031225.csv,multiple_runs_DB_HighThreat_2_20260407_031225.csv,DB,ACE,103,34.35445060575879,-3.040592851011098,-19.324239664744624,-11.989618090003068
multiple_runs_DB_HighThreat_2_20260407_031225.csv,multiple_runs_DB_HighThreat_2_20260407_031225.csv,DB,ACE,104,16.990275962093577,-16.342922513626814,-19.0301106938916,18.382757245424834
multiple_runs_DB_HighThreat_2_20260407_031225.csv,multiple_runs_DB_HighThreat_2_20260407_031225.csv,DB,ACE,105,17.978814790418063,-7.85522659187998,-18.77492023630139,8.651332037763304
multiple_runs_DB_HighThreat_2_20260407_031225.csv,multiple_runs_DB_HighThreat_2_20260407_031225.csv,DB,ACE,106,9.064813151950972,-18.04198765682313,-19.855643459305227,28.832817964177387
multiple_runs_DB_HighThreat_2_20260407_031225.csv,multiple_runs_DB_HighThreat_2_20260407_031225.csv,DB,ACE,107,14.951300212461113,-17.60555826575939,-19.61641112665724,22.27066917995551
multiple_runs_DB_HighThreat_2_20260407_031225.csv,multiple_runs_DB_HighThreat_2_20260407_031225.csv,DB,ACE,108,31.86149082893437,2.52681766658489,-18.23465472828429,-16.153653767234978
multiple_runs_DB_HighThreat_2_20260407_031225.csv,multiple_runs_DB_HighThreat_2_20260407_031225.csv,DB,ACE,109,22.520444551268376,4.544758645793475,-17.89176405088657,-9.173439146175287
multiple_runs_DB_HighThreat_2_20260407_031225.csv,multiple_runs_DB_HighThreat_2_20260407_031225.csv,DB,ACE,110,50.9845701118065,-16.96682580861609,-18.966128774354434,-15.051615528835974
multiple_runs_DB_HighThreat_2_20260407_031225.csv,multiple_runs_DB_HighThreat_2_20260407_031225.csv,DB,ACE,111,35.43505462037006,-16.943806671745186,-18.85466303081418,0.36341508218930585
multiple_runs_DB_HighThreat_2_20260407_031225.csv,multiple_runs_DB_HighThreat_2_20260407_031225.csv,DB,ACE,112,49.26425756685041,-16.23930795976717,-19.017260537290483,-14.007689069792763
multiple_runs_DB_HighThreat_2_20260407_031225.csv,multiple_runs_DB_HighThreat_2_20260407_031225.csv,DB,ACE,113,53.15916272510507,-17.488091807820805,-19.707318630927542,-15.963752286356732
multiple_runs_DB_HighThreat_2_20260407_031225.csv,multiple_runs_DB_HighThreat_2_20260407_031225.csv,DB,ACE,114,37.53261592419925,-12.672459789779388,-19.230209360850868,-5.629946773568989
multiple_runs_DB_HighThreat_2_20260407_031225.csv,multiple_runs_DB_HighThreat_2_20260407_031225.csv,DB,ACE,115,7.803053246920548,-17.821183383192032,-19.149010427698165,29.16714056396964
multiple_runs_DB_HighThreat_2_20260407_031225.csv,multiple_runs_DB_HighThreat_2_20260407_031225.csv,DB,ACE,116,33.202262733086556,-2.9173625663277356,-17.70237011149263,-12.582530055266195
multiple_runs_DB_HighThreat_2_20260407_031225.csv,multiple_runs_DB_HighThreat_2_20260407_031225.csv,DB,ACE,117,49.59023422622058,-15.860754419853432,-18.56974365573042,-15.159736150636727
multiple_runs_DB_HighThreat_2_20260407_031225.csv,multiple_runs_DB_HighThreat_2_20260407_031225.csv,DB,ACE,118,4.437328798439829,-16.161290092239597,-19.492068663593273,31.216029957393033
multiple_runs_DB_HighThreat_2_20260407_031225.csv,multiple_runs_DB_HighThreat_2_20260407_031225.csv,DB,ACE,119,16.895444551268376,-16.288574687539857,-18.992954527077046,18.386084663348527
multiple_runs_DB_HighThreat_2_20260407_031225.csv,multiple_runs_DB_HighThreat_2_20260407_031225.csv,DB,ACE,120,15.648169049960615,-17.54075428649365,-19.133772188056,21.02635742458903
multiple_runs_DB_HighThreat_2_20260407_031225.csv,multiple_runs_DB_HighThreat_2_20260407_031225.csv,DB,ACE,121,30.455227159964032,-14.712487731018118,-18.996836514654685,3.2540970857087714
multiple_runs_DB_HighThreat_2_20260407_031225.csv,multiple_runs_DB_HighThreat_2_20260407_031225.csv,DB,ACE,122,42.435078697609846,-7.282477126564249,-18.926316896415024,-16.22628467463057
multiple_runs_DB_HighThreat_2_20260407_031225.csv,multiple_runs_DB_HighThreat_2_20260407_031225.csv,DB,ACE,123,23.76561829644212,-14.034713683678852,-18.12181553093805,8.390910918174775
multiple_runs_DB_HighThreat_2_20260407_031225.csv,multiple_runs_DB_HighThreat_2_20260407_031225.csv,DB,ACE,124,32.23292018479665,-14.999588332764029,-18.152485298449925,0.9191534464173046
multiple_runs_DB_HighThreat_2_20260407_031225.csv,multiple_runs_DB_HighThreat_2_20260407_031225.csv,DB,ACE,125,33.197388251000284,-17.353141264841017,-19.166339564738223,3.322092578578957
multiple_runs_DB_HighThreat_2_20260407_031225.csv,multiple_runs_DB_HighThreat_2_20260407_031225.csv,DB,ACE,126,2.0474715782954043,-15.273971374549447,-19.220956146207698,32.44745594246174
multiple_runs_DB_HighThreat_2_20260407_031225.csv,multiple_runs_DB_HighThreat_2_20260407_031225.csv,DB,ACE,127,30.65884156897574,-16.650876644669403,-18.91731546436902,4.909350540062675
multiple_runs_DB_HighThreat_2_20260407_031225.csv,multiple_runs_DB_HighThreat_2_20260407_031225.csv,DB,ACE,128,14.83046182242554,-14.157745671995816,-19.621038662285535,18.948322511855807
multiple_runs_DB_HighThreat_2_20260407_031225.csv,multiple_runs_DB_HighThreat_2_20260407_031225.csv,DB,ACE,129,35.25099210170065,-11.205721661603256,-18.34685530929195,-5.698415130805451
multiple_runs_DB_HighThreat_2_20260407_031225.csv,multiple_runs_DB_HighThreat_2_20260407_031225.csv,DB,ACE,130,4.350296596525119,-17.379740919045513,-19.05690765401973,32.08635197654012
multiple_runs_DB_HighThreat_2_20260407_031225.csv,multiple_runs_DB_HighThreat_2_20260407_031225.csv,DB,ACE,131,6.116451348209754,-17.81682447513544,-19.027773679886852,30.72814680681254
multiple_runs_DB_HighThreat_2_20260407_031225.csv,multiple_runs_DB_HighThreat_2_20260407_031225.csv,DB,ACE,132,5.671129482775225,-16.733780166991913,-19.581261767781548,30.643912451998226
multiple_runs_DB_HighThreat_2_20260407_031225.csv,multiple_runs_DB_HighThreat_2_20260407_031225.csv,DB,ACE,133,32.50836725658239,-10.739057779327295,-18.11519400257739,-3.654115474677699
multiple_runs_DB_HighThreat_2_20260407_031225.csv,multiple_runs_DB_HighThreat_2_20260407_031225.csv,DB,ACE,134,5.734085021006404,-17.631167280132452,-19.0130377636237,30.91012002274973
multiple_runs_DB_HighThreat_2_20260407_031225.csv,multiple_runs_DB_HighThreat_2_20260407_031225.csv,DB,ACE,135,32.00471837180491,-16.897964141748922,-18.407104784774944,3.3003505547189462
multiple_runs_DB_HighThreat_2_20260407_031225.csv,multiple_runs_DB_HighThreat_2_20260407_031225.csv,DB,ACE,136,3.3493096093559522,-17.978699799246737,-18.987608554908018,33.6169987447988
multiple_runs_DB_HighThreat_2_20260407_031225.csv,multiple_runs_DB_HighThreat_2_20260407_031225.csv,DB,ACE,137,0.04208957291339743,-18.11216776113293,-19.00107141019393,37.071149598413456
multiple_runs_DB_HighThreat_2_20260407_031225.csv,multiple_runs_DB_HighThreat_2_20260407_031225.csv,DB,ACE,138,32.766923424507816,-0.39068736359619294,-18.737672836936202,-13.63856322397542
multiple_runs_DB_HighThreat_2_20260407_031225.csv,multiple_runs_DB_HighThreat_2_20260407_031225.csv,DB,ACE,139,31.46159376350193,-15.029306846946715,-18.20957375122639,1.7772868346711803
multiple_runs_DB_HighThreat_2_20260407_031225.csv,multiple_runs_DB_HighThreat_2_20260407_031225.csv,DB,ACE,140,16.113918978076136,-17.807534123165958,-19.595908671697856,21.28952381678768
multiple_runs_DB_HighThreat_2_20260407_031225.csv,multiple_runs_DB_HighThreat_2_20260407_031225.csv,DB,ACE,141,42.53456884505369,-10.160985233679217,-19.41954182866435,-12.954041782710126
multiple_runs_DB_HighThreat_2_20260407_031225.csv,multiple_runs_DB_HighThreat_2_20260407_031225.csv,DB,ACE,142,10.598166912033136,-18.1391565661766,-19.987566212150078,27.528555866293537
multiple_runs_DB_HighThreat_2_20260407_031225.csv,multiple_runs_DB_HighThreat_2_20260407_031225.csv,DB,ACE,143,34.53762189574377,-17.331982301281734,-18.568412147451102,1.3627725529890569
multiple_runs_DB_HighThreat_2_20260407_031225.csv,multiple_runs_DB_HighThreat_2_20260407_031225.csv,DB,ACE,144,27.678931258834844,-16.756366098582802,-18.02213214904608,7.099566988794038
multiple_runs_DB_HighThreat_2_20260407_031225.csv,multiple_runs_DB_HighThreat_2_20260407_031225.csv,DB,ACE,145,36.6929184188642,-18.50547364224369,-18.790428394672865,0.602983618052356
multiple_runs_DB_HighThreat_2_20260407_031225.csv,multiple_runs_DB_HighThreat_2_20260407_031225.csv,DB,ACE,146,0.8154975548019436,-18.14811532358226,-19.586404804714604,36.91902257349491
multiple_runs_DB_HighThreat_2_20260407_031225.csv,multiple_runs_DB_HighThreat_2_20260407_031225.csv,DB,ACE,147,35.85130508539301,-5.05835708120949,-19.040379283329695,-11.752568720853821
multiple_runs_DB_HighThreat_2_20260407_031225.csv,multiple_runs_DB_HighThreat_2_20260407_031225.csv,DB,ACE,148,32.454599181684685,-15.098047924583188,-19.452582515910642,2.096031258809134
multiple_runs_DB_HighThreat_2_20260407_031225.csv,multiple_runs_DB_HighThreat_2_20260407_031225.csv,DB,ACE,149,43.77697537676472,-13.230842190152186,-17.45158641243307,-13.094546774179467
multiple_runs_DB_HighThreat_2_20260407_031225.csv,multiple_runs_DB_HighThreat_2_20260407_031225.csv,DB,ACE,150,36.67048988218406,-17.42298085254439,-18.991416513866323,-0.25609251577335357
multiple_runs_DB_HighThreat_2_20260407_031225.csv,multiple_runs_DB_HighThreat_2_20260407_031225.csv,DB,ACE,151,36.86783410950131,-5.058655008824999,-18.248189753697815,-13.560989346978499
multiple_runs_DB_HighThreat_2_20260407_031225.csv,multiple_runs_DB_HighThreat_2_20260407_031225.csv,DB,ACE,152,50.19588314775961,-17.582434336662665,-19.097904401763763,-13.515544409333181
multiple_runs_DB_HighThreat_2_20260407_031225.csv,multiple_runs_DB_HighThreat_2_20260407_031225.csv,DB,ACE,153,3.2640456104034143,-18.595503195924678,-19.76768343894188,35.09914102446314
multiple_runs_DB_HighThreat_2_20260407_031225.csv,multiple_runs_DB_HighThreat_2_20260407_031225.csv,DB,ACE,154,-1.3284763120409764,-17.214833680345613,-19.759270046090407,38.30258003847699
multiple_runs_DB_HighThreat_2_20260407_031225.csv,multiple_runs_DB_HighThreat_2_20260407_031225.csv,DB,ACE,155,31.44706260049354,-17.381327650165197,-19.04984670053713,4.984111750208793
multiple_runs_DB_HighThreat_2_20260407_031225.csv,multiple_runs_DB_HighThreat_2_20260407_031225.csv,DB,ACE,156,13.961520554684263,-15.986482458675638,-19.16809482230701,21.19305672629838
multiple_runs_DB_HighThreat_2_20260407_031225.csv,multiple_runs_DB_HighThreat_2_20260407_031225.csv,DB,ACE,157,37.797686595627106,-8.645132064589038,-19.092744443043433,-10.059810087994638
multiple_runs_DB_HighThreat_2_20260407_031225.csv,multiple_runs_DB_HighThreat_2_20260407_031225.csv,DB,ACE,158,36.26278925818001,-18.38940583364659,-19.288308232863823,1.414924808330401
multiple_runs_DB_HighThreat_2_20260407_031225.csv,multiple_runs_DB_HighThreat_2_20260407_031225.csv,DB,ACE,159,-1.2306928463658373,-16.667328099732757,-18.969637875575682,36.867658821674276
multiple_runs_DB_HighThreat_2_20260407_031225.csv,multiple_runs_DB_HighThreat_2_20260407_031225.csv,DB,ACE,160,3.847660307758975,-17.51843144671622,-19.33498995360218,33.00576109255942
multiple_runs_DB_HighThreat_2_20260407_031225.csv,multiple_runs_DB_HighThreat_2_20260407_031225.csv,DB,ACE,161,34.439458635775416,-2.7674479269764767,-18.989181891262156,-12.682828817536787
multiple_runs_DB_HighThreat_2_20260407_031225.csv,multiple_runs_DB_HighThreat_2_20260407_031225.csv,DB,ACE,162,3.6548057847485538,-18.07822226463237,-19.16011941065162,33.58353589053544
multiple_runs_DB_HighThreat_2_20260407_031225.csv,multiple_runs_DB_HighThreat_2_20260407_031225.csv,DB,ACE,163,35.49579666394444,-16.411814124159577,-19.25326639830441,0.16928385851954886
multiple_runs_DB_HighThreat_2_20260407_031225.csv,multiple_runs_DB_HighThreat_2_20260407_031225.csv,DB,ACE,164,27.94383164804256,1.9775543447182073,-18.5234844809941,-11.397901511766685
multiple_runs_DB_HighThreat_2_20260407_031225.csv,multiple_runs_DB_HighThreat_2_20260407_031225.csv,DB,ACE,165,21.188163216732754,-16.111613461209828,-19.384475202073826,14.30792544655089
multiple_runs_DB_HighThreat_2_20260407_031225.csv,multiple_runs_DB_HighThreat_2_20260407_031225.csv,DB,ACE,166,10.263500106823933,-17.052463576428746,-19.072319606442125,25.861283076046938
multiple_runs_DB_HighThreat_2_20260407_031225.csv,multiple_runs_DB_HighThreat_2_20260407_031225.csv,DB,ACE,167,15.809918235478904,-15.74032907350477,-19.71193948948306,19.64235032750892
multiple_runs_DB_HighThreat_2_20260407_031225.csv,multiple_runs_DB_HighThreat_2_20260407_031225.csv,DB,ACE,168,2.364194551268376,-16.097602465317635,-18.811902939775457,32.545310853824716
multiple_runs_DB_HighThreat_2_20260407_031225.csv,multiple_runs_DB_HighThreat_2_20260407_031225.csv,DB,ACE,169,6.09094063481929,-16.248322294154306,-19.579100865507982,29.73648252484299
multiple_runs_DB_HighThreat_2_20260407_031225.csv,multiple_runs_DB_HighThreat_2_20260407_031225.csv,DB,ACE,170,11.093108911129967,-17.339612749823594,-19.092744443043433,25.339248281737063
multiple_runs_DB_HighThreat_2_20260407_031225.csv,multiple_runs_DB_HighThreat_2_20260407_031225.csv,DB,ACE,171,42.641372488089694,-16.15407320678961,-18.75594634769473,-7.731352933605361
multiple_runs_DB_HighThreat_2_20260407_031225.csv,multiple_runs_DB_HighThreat_2_20260407_031225.csv,DB,ACE,172,14.67412420494803,-17.765847414812583,-19.00107141019393,22.092794620058484
multiple_runs_DB_HighThreat_2_20260407_031225.csv,multiple_runs_DB_HighThreat_2_20260407_031225.csv,DB,ACE,173,24.223631802264393,9.224373519631456,-18.30179061131154,-15.146214710584317
multiple_runs_DB_HighThreat_2_20260407_031225.csv,multiple_runs_DB_HighThreat_2_20260407_031225.csv,DB,ACE,174,31.10029936070577,-14.240026593165991,-18.532266168248942,1.671993400709166
multiple_runs_DB_HighThreat_2_20260407_031225.csv,multiple_runs_DB_HighThreat_2_20260407_031225.csv,DB,ACE,175,41.721689364546386,-13.005379666792969,-18.75103099417841,-9.96527870357501
multiple_runs_DB_HighThreat_2_20260407_031225.csv,multiple_runs_DB_HighThreat_2_20260407_031225.csv,DB,ACE,176,5.949209204108772,-16.923155390876197,-19.11396122551837,30.087907412285787
multiple_runs_DB_HighThreat_2_20260407_031225.csv,multiple_runs_DB_HighThreat_2_20260407_031225.csv,DB,ACE,177,16.772145231540485,-17.980751558288155,-19.36285248626072,20.57145881300839
multiple_runs_DB_HighThreat_2_20260407_031225.csv,multiple_runs_DB_HighThreat_2_20260407_031225.csv,DB,ACE,178,3.4197560831100304,-18.49812718323693,-19.209176558058115,34.28754765818501
multiple_runs_DB_HighThreat_2_20260407_031225.csv,multiple_runs_DB_HighThreat_2_20260407_031225.csv,DB,ACE,179,34.44563474568934,-18.02251382532515,-19.14246847466792,2.71934755430372
multiple_runs_DB_HighThreat_2_20260407_031225.csv,multiple_runs_DB_HighThreat_2_20260407_031225.csv,DB,ACE,180,25.308906089729916,-16.000113149078317,-18.244328153450674,8.935535212799074
multiple_runs_DB_HighThreat_2_20260407_031225.csv,multiple_runs_DB_HighThreat_2_20260407_031225.csv,DB,ACE,181,42.742610026242836,-12.679024125742105,-17.416363982789875,-12.647221917710867
multiple_runs_DB_HighThreat_2_20260407_031225.csv,multiple_runs_DB_HighThreat_2_20260407_031225.csv,DB,ACE,182,24.062256397958272,-18.15704158649456,-19.661508534045687,13.756293722581972
multiple_runs_DB_HighThreat_2_20260407_031225.csv,multiple_runs_DB_HighThreat_2_20260407_031225.csv,DB,ACE,183,10.80263988402551,-18.46986250085014,-19.09782858560279,26.76505120242743
multiple_runs_DB_HighThreat_2_20260407_031225.csv,multiple_runs_DB_HighThreat_2_20260407_031225.csv,DB,ACE,184,22.016910982363783,-16.38133087128544,-19.1447086916404,13.509128580562056
multiple_runs_DB_HighThreat_2_20260407_031225.csv,multiple_runs_DB_HighThreat_2_20260407_031225.csv,DB,ACE,185,25.818847744881147,4.302742677729604,-18.388271036914514,-11.733319385696243
multiple_runs_DB_HighThreat_2_20260407_031225.csv,multiple_runs_DB_HighThreat_2_20260407_031225.csv,DB,ACE,186,4.205762366845814,-17.428905931944513,-19.424515468373887,32.64765903347258
multiple_runs_DB_HighThreat_2_20260407_031225.csv,multiple_runs_DB_HighThreat_2_20260407_031225.csv,DB,ACE,187,17.71102751090963,-16.339023118033133,-18.876442675699725,17.504438282823216
multiple_runs_DB_HighThreat_2_20260407_031225.csv,multiple_runs_DB_HighThreat_2_20260407_031225.csv,DB,ACE,188,28.887847866185503,-17.395849089013154,-18.621506223998907,7.129507446826558
multiple_runs_DB_HighThreat_2_20260407_031225.csv,multiple_runs_DB_HighThreat_2_20260407_031225.csv,DB,ACE,189,11.67836231154834,-16.989580811774328,-18.85086291352874,24.16208141375472
multiple_runs_DB_HighThreat_2_20260407_031225.csv,multiple_runs_DB_HighThreat_2_20260407_031225.csv,DB,ACE,190,6.613364905250677,-15.746539289309768,-19.222884994839372,28.356059378898458
multiple_runs_DB_HighThreat_2_20260407_031225.csv,multiple_runs_DB_HighThreat_2_20260407_031225.csv,DB,ACE,191,2.9233908250985294,-15.419857183207101,-18.909239498604652,31.40570585671322
multiple_runs_DB_HighThreat_2_20260407_031225.csv,multiple_runs_DB_HighThreat_2_20260407_031225.csv,DB,ACE,192,7.811772464547509,-18.17317270018665,-18.471032343569497,28.832432579208636
multiple_runs_DB_HighThreat_2_20260407_031225.csv,multiple_runs_DB_HighThreat_2_20260407_031225.csv,DB,ACE,193,8.412670699678266,1.9932274326014827,-18.968030246410716,8.562132114130954
multiple_runs_DB_HighThreat_2_20260407_031225.csv,multiple_runs_DB_HighThreat_2_20260407_031225.csv,DB,ACE,194,2.4213256085370993,-18.07822226463237,-19.336330864396114,34.99322752049138
multiple_runs_DB_HighThreat_2_20260407_031225.csv,multiple_runs_DB_HighThreat_2_20260407_031225.csv,DB,ACE,195,31.91057490508588,-14.7033791568136,-18.829845987571858,1.622650239299574
multiple_runs_DB_HighThreat_2_20260407_031225.csv,multiple_runs_DB_HighThreat_2_20260407_031225.csv,DB,ACE,196,11.940829503149388,-14.889843278965929,-18.50090665806067,21.44992043387721
multiple_runs_DB_HighThreat_2_20260407_031225.csv,multiple_runs_DB_HighThreat_2_20260407_031225.csv,DB,ACE,197,50.56934674687715,-17.3539439490169,-17.789468641704936,-15.425934156155325
multiple_runs_DB_HighThreat_2_20260407_031225.csv,multiple_runs_DB_HighThreat_2_20260407_031225.csv,DB,ACE,198,-0.04494341734540086,-16.843282621280046,-18.959404271752597,35.847630310378044
multiple_runs_DB_HighThreat_2_20260407_031225.csv,multiple_runs_DB_HighThreat_2_20260407_031225.csv,DB,ACE,199,38.885990769755765,-15.047911755700454,-18.906003079831482,-4.932075934223839
multiple_runs_DB_HighThreat_2_20260407_031225.csv,multiple_runs_DB_HighThreat_2_20260407_031225.csv,DB,ACE,200,39.66791227718695,-7.660223148314433,-18.222366500406597,-13.785322628465918
multiple_runs_DB_LowThreat_2_20260407_163954.csv,multiple_runs_DB_LowThreat_2_20260407_163954.csv,DB,No ACE,1,18.17520645603028,-16.903654052619224,-17.534621193743714,16.263068790332646
multiple_runs_DB_LowThreat_2_20260407_163954.csv,multiple_runs_DB_LowThreat_2_20260407_163954.csv,DB,No ACE,2,42.337517722000094,-19.02231452493823,-19.77184535169958,-3.5433578453622765
multiple_runs_DB_LowThreat_2_20260407_163954.csv,multiple_runs_DB_LowThreat_2_20260407_163954.csv,DB,No ACE,3,38.413946356322526,-18.684784073821447,-19.920945759671167,0.19178347717007682
multiple_runs_DB_LowThreat_2_20260407_163954.csv,multiple_runs_DB_LowThreat_2_20260407_163954.csv,DB,No ACE,4,36.558906089729916,1.9557273067621388,-19.918117327239848,-18.59651606925221
multiple_runs_DB_LowThreat_2_20260407_163954.csv,multiple_runs_DB_LowThreat_2_20260407_163954.csv,DB,No ACE,5,30.17283932630466,-0.43770386025393293,-20.620960954611775,-9.114174511438954
multiple_runs_DB_LowThreat_2_20260407_163954.csv,multiple_runs_DB_LowThreat_2_20260407_163954.csv,DB,No ACE,6,40.36771863640654,-20.258888354455465,-20.195411051135512,0.08658076918443669
multiple_runs_DB_LowThreat_2_20260407_163954.csv,multiple_runs_DB_LowThreat_2_20260407_163954.csv,DB,No ACE,7,12.93174641106809,-19.60223706236103,-20.611721132431633,27.282211783724577
multiple_runs_DB_LowThreat_2_20260407_163954.csv,multiple_runs_DB_LowThreat_2_20260407_163954.csv,DB,No ACE,8,33.92981475096116,-17.588497882624342,-20.136387706800548,3.7950708384637295
multiple_runs_DB_LowThreat_2_20260407_163954.csv,multiple_runs_DB_LowThreat_2_20260407_163954.csv,DB,No ACE,9,56.94296965887239,-19.012749723407865,-20.097048603732098,-17.833171331732437
multiple_runs_DB_LowThreat_2_20260407_163954.csv,multiple_runs_DB_LowThreat_2_20260407_163954.csv,DB,No ACE,10,17.025864605468918,-18.62484388356515,-18.109695396866698,19.70867467496292
multiple_runs_DB_LowThreat_2_20260407_163954.csv,multiple_runs_DB_LowThreat_2_20260407_163954.csv,DB,No ACE,11,9.796779327603154,-19.69946934843452,-20.573942983065503,30.476633003896858
multiple_runs_DB_LowThreat_2_20260407_163954.csv,multiple_runs_DB_LowThreat_2_20260407_163954.csv,DB,No ACE,12,33.606303137126964,-12.268011916977086,-19.41954182866435,-1.9187493914855303
multiple_runs_DB_LowThreat_2_20260407_163954.csv,multiple_runs_DB_LowThreat_2_20260407_163954.csv,DB,No ACE,13,40.070373224592196,1.280968821732614,-20.338863432722043,-21.01247861360277
multiple_runs_DB_LowThreat_2_20260407_163954.csv,multiple_runs_DB_LowThreat_2_20260407_163954.csv,DB,No ACE,14,33.82916938348314,4.827197124540682,-19.94154033724004,-18.714826170783788
multiple_runs_DB_LowThreat_2_20260407_163954.csv,multiple_runs_DB_LowThreat_2_20260407_163954.csv,DB,No ACE,15,54.3217545949365,-18.22634761330405,-19.385577733564883,-16.70982924806757
multiple_runs_DB_LowThreat_2_20260407_163954.csv,multiple_runs_DB_LowThreat_2_20260407_163954.csv,DB,No ACE,16,37.941792865875115,-18.97115895720278,-19.73165169133601,0.7610177826636644
multiple_runs_DB_LowThreat_2_20260407_163954.csv,multiple_runs_DB_LowThreat_2_20260407_163954.csv,DB,No ACE,17,33.74578597767202,5.9174192426574095,-20.346872801518842,-19.316332418810592
multiple_runs_DB_LowThreat_2_20260407_163954.csv,multiple_runs_DB_LowThreat_2_20260407_163954.csv,DB,No ACE,18,57.13541971095609,-17.586481004076408,-20.148979570167384,-19.39995913671231
multiple_runs_DB_LowThreat_2_20260407_163954.csv,multiple_runs_DB_LowThreat_2_20260407_163954.csv,DB,No ACE,19,22.473137418808406,-19.798400015050774,-18.934340470100544,16.259603066342912
multiple_runs_DB_LowThreat_2_20260407_163954.csv,multiple_runs_DB_LowThreat_2_20260407_163954.csv,DB,No ACE,20,25.232758776321454,10.63021512137734,-17.331785282309077,-18.531188615389723
multiple_runs_DB_LowThreat_2_20260407_163954.csv,multiple_runs_DB_LowThreat_2_20260407_163954.csv,DB,No ACE,21,21.67731449983561,-18.058413041691217,-20.566574239473393,16.947672781328997
multiple_runs_DB_LowThreat_2_20260407_163954.csv,multiple_runs_DB_LowThreat_2_20260407_163954.csv,DB,No ACE,22,17.99096609321849,-17.328824120646434,-18.39913366539904,17.736991692826983
multiple_runs_DB_LowThreat_2_20260407_163954.csv,multiple_runs_DB_LowThreat_2_20260407_163954.csv,DB,No ACE,23,23.226722578174204,-14.052027602338063,-18.024424738479993,8.849729762643847
multiple_runs_DB_LowThreat_2_20260407_163954.csv,multiple_runs_DB_LowThreat_2_20260407_163954.csv,DB,No ACE,24,52.45375385191725,-20.135907059565813,-21.153900556534253,-11.1639462358172
multiple_runs_DB_LowThreat_2_20260407_163954.csv,multiple_runs_DB_LowThreat_2_20260407_163954.csv,DB,No ACE,25,51.82044455126837,-20.505241354206525,-18.93065293977546,-12.384550257286396
multiple_runs_DB_LowThreat_2_20260407_163954.csv,multiple_runs_DB_LowThreat_2_20260407_163954.csv,DB,No ACE,26,57.11264313282866,-19.18751085775262,-18.59211866081565,-19.33301361426039
multiple_runs_DB_LowThreat_2_20260407_163954.csv,multiple_runs_DB_LowThreat_2_20260407_163954.csv,DB,No ACE,27,9.85866878001179,-12.92420297948869,-19.482245615973103,22.547779815449992
multiple_runs_DB_LowThreat_2_20260407_163954.csv,multiple_runs_DB_LowThreat_2_20260407_163954.csv,DB,No ACE,28,49.56746784721316,-8.731413341551939,-19.79822076644596,-21.037833739215262
multiple_runs_DB_LowThreat_2_20260407_163954.csv,multiple_runs_DB_LowThreat_2_20260407_163954.csv,DB,No ACE,29,13.661953985230639,-20.057442612068158,-20.597738893653865,26.99322752049138
multiple_runs_DB_LowThreat_2_20260407_163954.csv,multiple_runs_DB_LowThreat_2_20260407_163954.csv,DB,No ACE,30,55.310546940346875,-20.43106615511665,-19.17304960264994,-15.706431182580292
multiple_runs_DB_LowThreat_2_20260407_163954.csv,multiple_runs_DB_LowThreat_2_20260407_163954.csv,DB,No ACE,31,32.68413502745885,-1.6010746875398567,-19.617954527077046,-11.465105812841953
multiple_runs_DB_LowThreat_2_20260407_163954.csv,multiple_runs_DB_LowThreat_2_20260407_163954.csv,DB,No ACE,32,58.04409319991702,-20.562223336188506,-18.725097384219904,-18.75677247950862
multiple_runs_DB_LowThreat_2_20260407_163954.csv,multiple_runs_DB_LowThreat_2_20260407_163954.csv,DB,No ACE,33,37.80922342915616,-19.34550538060916,-19.282028077289212,0.8183100287422036
multiple_runs_DB_LowThreat_2_20260407_163954.csv,multiple_runs_DB_LowThreat_2_20260407_163954.csv,DB,No ACE,34,37.21342700740873,-18.898223810346874,-18.308430717553236,-0.006772479508619256
multiple_runs_DB_LowThreat_2_20260407_163954.csv,multiple_runs_DB_LowThreat_2_20260407_163954.csv,DB,No ACE,35,29.78059215274439,-19.50351933698635,-19.95664719971806,9.679574383960016
multiple_runs_DB_LowThreat_2_20260407_163954.csv,multiple_runs_DB_LowThreat_2_20260407_163954.csv,DB,No ACE,36,57.368556209724865,-17.156801288525077,-20.131090816075403,-20.080664105124384
multiple_runs_DB_LowThreat_2_20260407_163954.csv,multiple_runs_DB_LowThreat_2_20260407_163954.csv,DB,No ACE,37,12.051814099852926,-19.453264817608716,-19.772342984831994,27.17379370258778
multiple_runs_DB_LowThreat_2_20260407_163954.csv,multiple_runs_DB_LowThreat_2_20260407_163954.csv,DB,No ACE,38,41.37011536326545,-14.21194703574761,-19.854395116480326,-7.303773211037516
multiple_runs_DB_LowThreat_2_20260407_163954.csv,multiple_runs_DB_LowThreat_2_20260407_163954.csv,DB,No ACE,39,22.934113616016575,2.2276123628198583,-20.370780837457314,-4.790945141379122
multiple_runs_DB_LowThreat_2_20260407_163954.csv,multiple_runs_DB_LowThreat_2_20260407_163954.csv,DB,No ACE,40,54.71079063505709,-18.754421682075375,-19.965989916096042,-15.990379036885669
multiple_runs_DB_LowThreat_2_20260407_163954.csv,multiple_runs_DB_LowThreat_2_20260407_163954.csv,DB,No ACE,41,44.015455242644,-18.33864596337735,-20.270892109807928,-5.405917169458725
multiple_runs_DB_LowThreat_2_20260407_163954.csv,multiple_runs_DB_LowThreat_2_20260407_163954.csv,DB,No ACE,42,30.081794244519912,-18.520169779564398,-19.837060574403953,8.275436109448435
multiple_runs_DB_LowThreat_2_20260407_163954.csv,multiple_runs_DB_LowThreat_2_20260407_163954.csv,DB,No ACE,43,40.02810151910911,-19.219279128581206,-19.385510860483304,-1.4233115300446073
multiple_runs_DB_LowThreat_2_20260407_163954.csv,multiple_runs_DB_LowThreat_2_20260407_163954.csv,DB,No ACE,44,33.374982295119096,3.1208824795509003,-19.546768291768675,-16.949096482901325
multiple_runs_DB_LowThreat_2_20260407_163954.csv,multiple_runs_DB_LowThreat_2_20260407_163954.csv,DB,No ACE,45,24.449233584017804,-4.170334017318986,-19.49147209861442,-0.7874274680843989
multiple_runs_DB_LowThreat_2_20260407_163954.csv,multiple_runs_DB_LowThreat_2_20260407_163954.csv,DB,No ACE,46,50.772495599581966,-18.74869319255353,-19.414477511840687,-12.609324895187743
multiple_runs_DB_LowThreat_2_20260407_163954.csv,multiple_runs_DB_LowThreat_2_20260407_163954.csv,DB,No ACE,47,19.577774014258218,-3.19532359900575,-20.3306851926379,3.94823477738543
multiple_runs_DB_LowThreat_2_20260407_163954.csv,multiple_runs_DB_LowThreat_2_20260407_163954.csv,DB,No ACE,48,45.07120597258817,-4.951555108134492,-20.189020516924764,-19.930630347528925
multiple_runs_DB_LowThreat_2_20260407_163954.csv,multiple_runs_DB_LowThreat_2_20260407_163954.csv,DB,No ACE,49,24.120516545508842,-0.9924983736449704,-20.007494792427245,-3.1205233794366265
multiple_runs_DB_LowThreat_2_20260407_163954.csv,multiple_runs_DB_LowThreat_2_20260407_163954.csv,DB,No ACE,50,35.667804006123575,-2.295814891969158,-20.119901472805935,-13.252087641348483
multiple_runs_DB_LowThreat_2_20260407_163954.csv,multiple_runs_DB_LowThreat_2_20260407_163954.csv,DB,No ACE,51,24.445731907590215,-13.65926434271227,-17.50383301640381,6.717365451525865
multiple_runs_DB_LowThreat_2_20260407_163954.csv,multiple_runs_DB_LowThreat_2_20260407_163954.csv,DB,No ACE,52,39.32268048033546,-21.954534595018654,-20.19483524081204,2.8266893554952333
multiple_runs_DB_LowThreat_2_20260407_163954.csv,multiple_runs_DB_LowThreat_2_20260407_163954.csv,DB,No ACE,53,35.65262845931436,0.6798161170578467,-20.808430717553236,-15.524013858818964
multiple_runs_DB_LowThreat_2_20260407_163954.csv,multiple_runs_DB_LowThreat_2_20260407_163954.csv,DB,No ACE,54,16.178504019187002,-20.343739006788685,-20.04551991943117,24.21075490703285
multiple_runs_DB_LowThreat_2_20260407_163954.csv,multiple_runs_DB_LowThreat_2_20260407_163954.csv,DB,No ACE,55,24.11661230253374,-17.446383798168924,-19.769023631508407,13.098795127143589
multiple_runs_DB_LowThreat_2_20260407_163954.csv,multiple_runs_DB_LowThreat_2_20260407_163954.csv,DB,No ACE,56,10.104686374856087,-16.217960217767803,-18.43396755270355,24.547241395615266
multiple_runs_DB_LowThreat_2_20260407_163954.csv,multiple_runs_DB_LowThreat_2_20260407_163954.csv,DB,No ACE,57,41.51093080919649,-18.061830501493347,-17.25839548147149,-6.190704826231663
multiple_runs_DB_LowThreat_2_20260407_163954.csv,multiple_runs_DB_LowThreat_2_20260407_163954.csv,DB,No ACE,58,37.96072020211064,1.3779643629961313,-19.615219895705355,-19.723464669401423
multiple_runs_DB_LowThreat_2_20260407_163954.csv,multiple_runs_DB_LowThreat_2_20260407_163954.csv,DB,No ACE,59,35.00161215955463,-17.41145604347206,-18.477922242976966,0.887766126894391
multiple_runs_DB_LowThreat_2_20260407_163954.csv,multiple_runs_DB_LowThreat_2_20260407_163954.csv,DB,No ACE,60,21.3407908716147,-2.888502537467705,-20.718243127365646,2.2659547932186506
multiple_runs_DB_LowThreat_2_20260407_163954.csv,multiple_runs_DB_LowThreat_2_20260407_163954.csv,DB,No ACE,61,42.24036156371651,-17.486707467622843,-20.576757135257246,-4.1768969608364195
multiple_runs_DB_LowThreat_2_20260407_163954.csv,multiple_runs_DB_LowThreat_2_20260407_163954.csv,DB,No ACE,62,55.24209843021125,-18.303706827352304,-19.007492951142325,-17.93089865171663
multiple_runs_DB_LowThreat_2_20260407_163954.csv,multiple_runs_DB_LowThreat_2_20260407_163954.csv,DB,No ACE,63,29.773839833612904,-18.676887768311836,-20.900758570781733,9.803806505480658
multiple_runs_DB_LowThreat_2_20260407_163954.csv,multiple_runs_DB_LowThreat_2_20260407_163954.csv,DB,No ACE,64,36.50693103775487,-17.6812173301825,-20.245367654490174,1.4196539469178049
multiple_runs_DB_LowThreat_2_20260407_163954.csv,multiple_runs_DB_LowThreat_2_20260407_163954.csv,DB,No ACE,65,33.46760486758757,-19.790551682507505,-19.798965105283887,6.121911920203818
multiple_runs_DB_LowThreat_2_20260407_163954.csv,multiple_runs_DB_LowThreat_2_20260407_163954.csv,DB,No ACE,66,23.180979668325236,-5.7520640966814405,-17.951686012982446,0.5227704413386505
multiple_runs_DB_LowThreat_2_20260407_163954.csv,multiple_runs_DB_LowThreat_2_20260407_163954.csv,DB,No ACE,67,12.924374682272742,-19.71106377050929,-19.73492271173082,26.52161179996736
multiple_runs_DB_LowThreat_2_20260407_163954.csv,multiple_runs_DB_LowThreat_2_20260407_163954.csv,DB,No ACE,68,39.851575241429906,-8.445329459933394,-19.248225137523868,-12.158020643972643
multiple_runs_DB_LowThreat_2_20260407_163954.csv,multiple_runs_DB_LowThreat_2_20260407_163954.csv,DB,No ACE,69,6.959882186452223,-16.891494658700637,-20.360821969656097,30.292434441904504
multiple_runs_DB_LowThreat_2_20260407_163954.csv,multiple_runs_DB_LowThreat_2_20260407_163954.csv,DB,No ACE,70,15.99852212293785,-20.14818682919247,-20.16902655791299,24.318691264167605
multiple_runs_DB_LowThreat_2_20260407_163954.csv,multiple_runs_DB_LowThreat_2_20260407_163954.csv,DB,No ACE,71,10.998304329866166,-18.304257344366427,-19.440042033666398,26.745995048166662
multiple_runs_DB_LowThreat_2_20260407_163954.csv,multiple_runs_DB_LowThreat_2_20260407_163954.csv,DB,No ACE,72,22.023298975626133,-19.044283536255367,-18.980806232935414,16.001790793564645
multiple_runs_DB_LowThreat_2_20260407_163954.csv,multiple_runs_DB_LowThreat_2_20260407_163954.csv,DB,No ACE,73,52.2346761939633,-16.33304857096151,-19.297580351668806,-16.604047271332995
multiple_runs_DB_LowThreat_2_20260407_163954.csv,multiple_runs_DB_LowThreat_2_20260407_163954.csv,DB,No ACE,74,25.176857481403943,12.500528544994033,-18.927130752311665,-18.750255274086303
multiple_runs_DB_LowThreat_2_20260407_163954.csv,multiple_runs_DB_LowThreat_2_20260407_163954.csv,DB,No ACE,75,23.250533046843593,-15.414680882230122,-16.236159331122558,8.40030716650908
multiple_runs_DB_LowThreat_2_20260407_163954.csv,multiple_runs_DB_LowThreat_2_20260407_163954.csv,DB,No ACE,76,38.36400283347697,-19.823850761159488,-19.300250758453032,0.760098686135553
multiple_runs_DB_LowThreat_2_20260407_163954.csv,multiple_runs_DB_LowThreat_2_20260407_163954.csv,DB,No ACE,77,56.35091665427267,-14.952737777668613,-20.611721132431633,-20.786457744172424
multiple_runs_DB_LowThreat_2_20260407_163954.csv,multiple_runs_DB_LowThreat_2_20260407_163954.csv,DB,No ACE,78,17.042916461380734,-21.29325633547993,-19.806558058377206,24.056897932476396
multiple_runs_DB_LowThreat_2_20260407_163954.csv,multiple_runs_DB_LowThreat_2_20260407_163954.csv,DB,No ACE,79,44.056927245375014,-7.6391359597568815,-20.110738170001007,-16.30705311561713
multiple_runs_DB_LowThreat_2_20260407_163954.csv,multiple_runs_DB_LowThreat_2_20260407_163954.csv,DB,No ACE,80,58.6924329402379,-18.071956400166854,-19.677564728196682,-20.942911811874367
multiple_runs_DB_LowThreat_2_20260407_163954.csv,multiple_runs_DB_LowThreat_2_20260407_163954.csv,DB,No ACE,81,42.920746666072,-18.392049007781548,-20.065731825307516,-4.462965832982938
multiple_runs_DB_LowThreat_2_20260407_163954.csv,multiple_runs_DB_LowThreat_2_20260407_163954.csv,DB,No ACE,82,37.11430736715286,0.5209920994637542,-20.78737175245095,-16.84792771416566
multiple_runs_DB_LowThreat_2_20260407_163954.csv,multiple_runs_DB_LowThreat_2_20260407_163954.csv,DB,No ACE,83,20.078584086152098,-18.643225850330552,-19.74253924468502,18.307181008863473
multiple_runs_DB_LowThreat_2_20260407_163954.csv,multiple_runs_DB_LowThreat_2_20260407_163954.csv,DB,No ACE,84,59.28915203426157,-20.02156788481877,-19.44788649986616,-19.819697649576646
multiple_runs_DB_LowThreat_2_20260407_163954.csv,multiple_runs_DB_LowThreat_2_20260407_163954.csv,DB,No ACE,85,49.71071003799404,-16.896981767185874,-18.78040711873318,-14.033321152074992
multiple_runs_DB_LowThreat_2_20260407_163954.csv,multiple_runs_DB_LowThreat_2_20260407_163954.csv,DB,No ACE,86,20.54808274222315,-16.797368657389104,-18.341931555074176,14.591217470240124
multiple_runs_DB_LowThreat_2_20260407_163954.csv,multiple_runs_DB_LowThreat_2_20260407_163954.csv,DB,No ACE,87,20.04926299507241,-0.6869896731306362,-20.075961937534025,0.7136886155922468
multiple_runs_DB_LowThreat_2_20260407_163954.csv,multiple_runs_DB_LowThreat_2_20260407_163954.csv,DB,No ACE,88,17.559899357581145,-20.447469952963097,-19.881840569298813,22.76941116468077
multiple_runs_DB_LowThreat_2_20260407_163954.csv,multiple_runs_DB_LowThreat_2_20260407_163954.csv,DB,No ACE,89,27.120444551268378,3.2614253124601404,-19.075097384219905,-11.306772479508618
multiple_runs_DB_LowThreat_2_20260407_163954.csv,multiple_runs_DB_LowThreat_2_20260407_163954.csv,DB,No ACE,90,35.248643410274084,4.301278613193642,-19.351625501579317,-20.19829652188841
multiple_runs_DB_LowThreat_2_20260407_163954.csv,multiple_runs_DB_LowThreat_2_20260407_163954.csv,DB,No ACE,91,54.484730265554084,-19.275587674552845,-19.617954527077046,-15.591188063924204
multiple_runs_DB_LowThreat_2_20260407_163954.csv,multiple_runs_DB_LowThreat_2_20260407_163954.csv,DB,No ACE,92,55.24594325031435,-19.31437694252685,-19.16416937034306,-16.76739693744444
multiple_runs_DB_LowThreat_2_20260407_163954.csv,multiple_runs_DB_LowThreat_2_20260407_163954.csv,DB,No ACE,93,38.14050206384925,3.7177157509935697,-20.44598164015089,-21.41223617469194
multiple_runs_DB_LowThreat_2_20260407_163954.csv,multiple_runs_DB_LowThreat_2_20260407_163954.csv,DB,No ACE,94,17.109996790074348,4.812171581116857,-18.706440667801992,-3.2157277033892164
multiple_runs_DB_LowThreat_2_20260407_163954.csv,multiple_runs_DB_LowThreat_2_20260407_163954.csv,DB,No ACE,95,35.89000976865969,-18.061830501493347,-18.50391437107531,0.6757351039089698
multiple_runs_DB_LowThreat_2_20260407_163954.csv,multiple_runs_DB_LowThreat_2_20260407_163954.csv,DB,No ACE,96,31.8752832609458,7.219489828589175,-19.249290932607,-19.845482156927975
multiple_runs_DB_LowThreat_2_20260407_163954.csv,multiple_runs_DB_LowThreat_2_20260407_163954.csv,DB,No ACE,97,37.09929759786336,-20.737499418722653,-20.02886082508012,3.6670626459394065
multiple_runs_DB_LowThreat_2_20260407_163954.csv,multiple_runs_DB_LowThreat_2_20260407_163954.csv,DB,No ACE,98,17.810413203306,-20.17964051826086,-20.351272932809245,22.720500247764107
multiple_runs_DB_LowThreat_2_20260407_163954.csv,multiple_runs_DB_LowThreat_2_20260407_163954.csv,DB,No ACE,99,51.28856049329736,-18.245096426670294,-18.272198833495267,-14.771265233131809
multiple_runs_DB_LowThreat_2_20260407_163954.csv,multiple_runs_DB_LowThreat_2_20260407_163954.csv,DB,No ACE,100,13.15358492753466,-16.572583370607873,-19.692897673655505,23.111896116728715
multiple_runs_DB_LowThreat_2_20260407_163954.csv,multiple_runs_DB_LowThreat_2_20260407_163954.csv,DB,No ACE,101,47.300863568190216,-18.914481214534216,-19.092744443043433,-9.293637910612569
multiple_runs_DB_LowThreat_2_20260407_163954.csv,multiple_runs_DB_LowThreat_2_20260407_163954.csv,DB,No ACE,102,18.240783534319227,-17.128970167765843,-18.66624616011444,17.554432793561062
multiple_runs_DB_LowThreat_2_20260407_163954.csv,multiple_runs_DB_LowThreat_2_20260407_163954.csv,DB,No ACE,103,37.83036190664028,-7.532939826533095,-20.316945618630122,-9.980476461477066
multiple_runs_DB_LowThreat_2_20260407_163954.csv,multiple_runs_DB_LowThreat_2_20260407_163954.csv,DB,No ACE,104,30.970540520558203,-16.689246472568648,-18.641124255621055,4.3598302076314965
multiple_runs_DB_LowThreat_2_20260407_163954.csv,multiple_runs_DB_LowThreat_2_20260407_163954.csv,DB,No ACE,105,9.690452905487255,-19.942501170413706,-20.380276999925837,30.632325264852277
multiple_runs_DB_LowThreat_2_20260407_163954.csv,multiple_runs_DB_LowThreat_2_20260407_163954.csv,DB,No ACE,106,60.4912237720476,-20.655457804422973,-20.186136345258866,-19.64962962236576
multiple_runs_DB_LowThreat_2_20260407_163954.csv,multiple_runs_DB_LowThreat_2_20260407_163954.csv,DB,No ACE,107,56.47499000581383,-18.565847414812584,-20.756915566038085,-17.152227024963164
multiple_runs_DB_LowThreat_2_20260407_163954.csv,multiple_runs_DB_LowThreat_2_20260407_163954.csv,DB,No ACE,108,18.613121896806135,-5.816606724153129,-17.30919349405972,4.51267832140671
multiple_runs_DB_LowThreat_2_20260407_163954.csv,multiple_runs_DB_LowThreat_2_20260407_163954.csv,DB,No ACE,109,22.676694551268376,-17.812012187539857,-18.529784884219904,13.66510252049138
multiple_runs_DB_LowThreat_2_20260407_163954.csv,multiple_runs_DB_LowThreat_2_20260407_163954.csv,DB,No ACE,110,17.081136153244387,-19.88684568259984,-19.964511639689206,22.770221169044667
multiple_runs_DB_LowThreat_2_20260407_163954.csv,multiple_runs_DB_LowThreat_2_20260407_163954.csv,DB,No ACE,111,21.32916938348314,-20.266016894847837,-19.978825944995442,18.915673456360132
multiple_runs_DB_LowThreat_2_20260407_163954.csv,multiple_runs_DB_LowThreat_2_20260407_163954.csv,DB,No ACE,112,22.63949217031599,-16.19503727257387,-17.26534681732648,10.820891919584355
multiple_runs_DB_LowThreat_2_20260407_163954.csv,multiple_runs_DB_LowThreat_2_20260407_163954.csv,DB,No ACE,113,39.46331183302849,-14.676615851485918,-19.723145645398045,-5.06355033614453
multiple_runs_DB_LowThreat_2_20260407_163954.csv,multiple_runs_DB_LowThreat_2_20260407_163954.csv,DB,No ACE,114,36.47719720680707,-18.437664217130145,-20.42274533566148,2.38321234598455
multiple_runs_DB_LowThreat_2_20260407_163954.csv,multiple_runs_DB_LowThreat_2_20260407_163954.csv,DB,No ACE,115,27.15908761911499,-11.17426790287909,-20.10784074705176,4.123021030815867
multiple_runs_DB_LowThreat_2_20260407_163954.csv,multiple_runs_DB_LowThreat_2_20260407_163954.csv,DB,No ACE,116,48.29034074503999,-16.99359198857792,-19.26575482366627,-12.030993932795818
multiple_runs_DB_LowThreat_2_20260407_163954.csv,multiple_runs_DB_LowThreat_2_20260407_163954.csv,DB,No ACE,117,31.741501272325095,-14.082863731828901,-19.61379202291454,1.9551544824183438
multiple_runs_DB_LowThreat_2_20260407_163954.csv,multiple_runs_DB_LowThreat_2_20260407_163954.csv,DB,No ACE,118,17.862209890342648,2.0873671854418454,-17.763041410054136,-2.1865356657303643
multiple_runs_DB_LowThreat_2_20260407_163954.csv,multiple_runs_DB_LowThreat_2_20260407_163954.csv,DB,No ACE,119,28.197449089846288,-10.288196472713835,-20.28523354155727,2.375980924424816
multiple_runs_DB_LowThreat_2_20260407_163954.csv,multiple_runs_DB_LowThreat_2_20260407_163954.csv,DB,No ACE,120,61.720660223446664,-20.581349669567174,-19.87085583138022,-21.268454722499275
multiple_runs_DB_LowThreat_2_20260407_163954.csv,multiple_runs_DB_LowThreat_2_20260407_163954.csv,DB,No ACE,121,18.66336610221518,2.824364897672048,-19.654989178629283,-1.8327418212579403
multiple_runs_DB_LowThreat_2_20260407_163954.csv,multiple_runs_DB_LowThreat_2_20260407_163954.csv,DB,No ACE,122,42.85365378432869,-19.454062401612827,-20.2841070640412,-3.115484318674664
multiple_runs_DB_LowThreat_2_20260407_163954.csv,multiple_runs_DB_LowThreat_2_20260407_163954.csv,DB,No ACE,123,17.03725127395745,-18.87610970154546,-19.559597851073313,21.398456278661314
multiple_runs_DB_LowThreat_2_20260407_163954.csv,multiple_runs_DB_LowThreat_2_20260407_163954.csv,DB,No ACE,124,51.296183136765244,-19.75656931600897,-19.424515468373887,-12.115098352382388
multiple_runs_DB_LowThreat_2_20260407_163954.csv,multiple_runs_DB_LowThreat_2_20260407_163954.csv,DB,No ACE,125,58.02131185395702,-19.227646673663013,-19.16416937034306,-19.629495809950946
multiple_runs_DB_LowThreat_2_20260407_163954.csv,multiple_runs_DB_LowThreat_2_20260407_163954.csv,DB,No ACE,126,29.293308119484266,-17.992097925920667,-20.177496184819603,8.876285991255997
multiple_runs_DB_LowThreat_2_20260407_163954.csv,multiple_runs_DB_LowThreat_2_20260407_163954.csv,DB,No ACE,127,15.344562759085342,-19.50949937772098,-19.06470653579283,23.229643154428466
multiple_runs_DB_LowThreat_2_20260407_163954.csv,multiple_runs_DB_LowThreat_2_20260407_163954.csv,DB,No ACE,128,33.7677447672511,-18.775075767453465,-19.575529349662666,4.582860349865033
multiple_runs_DB_LowThreat_2_20260407_163954.csv,multiple_runs_DB_LowThreat_2_20260407_163954.csv,DB,No ACE,129,21.52500382178509,-20.175352803041378,-20.035887657776136,18.686236639032415
multiple_runs_DB_LowThreat_2_20260407_163954.csv,multiple_runs_DB_LowThreat_2_20260407_163954.csv,DB,No ACE,130,39.76032894433197,-17.427784706807678,-18.520376767649577,-3.8121674698747086
multiple_runs_DB_LowThreat_2_20260407_163954.csv,multiple_runs_DB_LowThreat_2_20260407_163954.csv,DB,No ACE,131,21.057908528213623,-19.70716258379346,-20.075961937534025,18.725215993113864
multiple_runs_DB_LowThreat_2_20260407_163954.csv,multiple_runs_DB_LowThreat_2_20260407_163954.csv,DB,No ACE,132,25.09397396303308,-16.06798645224574,-21.445685619514023,12.419698108726678
multiple_runs_DB_LowThreat_2_20260407_163954.csv,multiple_runs_DB_LowThreat_2_20260407_163954.csv,DB,No ACE,133,50.54084421821259,-18.543986844076077,-19.313149007866866,-12.683708366269652
multiple_runs_DB_LowThreat_2_20260407_163954.csv,multiple_runs_DB_LowThreat_2_20260407_163954.csv,DB,No ACE,134,38.61787495812063,-3.6966760437140174,-19.6931559138416,-15.228043000565009
multiple_runs_DB_LowThreat_2_20260407_163954.csv,multiple_runs_DB_LowThreat_2_20260407_163954.csv,DB,No ACE,135,38.17324919343473,-15.754241998951848,-18.39869506313673,-4.020312131346145
multiple_runs_DB_LowThreat_2_20260407_163954.csv,multiple_runs_DB_LowThreat_2_20260407_163954.csv,DB,No ACE,136,8.97862768032389,-20.64059343303373,-19.423547276072824,31.085513028782657
multiple_runs_DB_LowThreat_2_20260407_163954.csv,multiple_runs_DB_LowThreat_2_20260407_163954.csv,DB,No ACE,137,57.93017285976969,-19.517102294901818,-19.19069773478958,-19.222372830078296
multiple_runs_DB_LowThreat_2_20260407_163954.csv,multiple_runs_DB_LowThreat_2_20260407_163954.csv,DB,No ACE,138,19.2931079384785,-15.12993097706902,-20.33700883889313,16.17383187748365
multiple_runs_DB_LowThreat_2_20260407_163954.csv,multiple_runs_DB_LowThreat_2_20260407_163954.csv,DB,No ACE,139,36.520798408310135,-21.07537581988239,-21.082669924913464,5.637247336485721
multiple_runs_DB_LowThreat_2_20260407_163954.csv,multiple_runs_DB_LowThreat_2_20260407_163954.csv,DB,No ACE,140,28.573926245453585,4.035366446702785,-20.380696809919833,-12.228595882236544
multiple_runs_DB_LowThreat_2_20260407_163954.csv,multiple_runs_DB_LowThreat_2_20260407_163954.csv,DB,No ACE,141,18.203884950982868,-1.4125932457125927,-20.26417661334196,3.4728849080716806
multiple_runs_DB_LowThreat_2_20260407_163954.csv,multiple_runs_DB_LowThreat_2_20260407_163954.csv,DB,No ACE,142,61.92691937141226,-21.00979770912259,-20.58660817558681,-20.330513486702863
multiple_runs_DB_LowThreat_2_20260407_163954.csv,multiple_runs_DB_LowThreat_2_20260407_163954.csv,DB,No ACE,143,23.87715186834155,-16.501989321686196,-19.71595104275649,12.340788496101133
multiple_runs_DB_LowThreat_2_20260407_163954.csv,multiple_runs_DB_LowThreat_2_20260407_163954.csv,DB,No ACE,144,26.392993570876214,-18.666025667932015,-18.112352286180688,10.385384383236477
multiple_runs_DB_LowThreat_2_20260407_163954.csv,multiple_runs_DB_LowThreat_2_20260407_163954.csv,DB,No ACE,145,57.69496095160479,-20.496943064327073,-19.087797131907035,-18.11022075537069
multiple_runs_DB_LowThreat_2_20260407_163954.csv,multiple_runs_DB_LowThreat_2_20260407_163954.csv,DB,No ACE,146,10.238698519522345,-18.788574687539857,-18.32827198739451,26.87814815541202
multiple_runs_DB_LowThreat_2_20260407_163954.csv,multiple_runs_DB_LowThreat_2_20260407_163954.csv,DB,No ACE,147,57.357401073007516,-17.792197875945654,-19.63089448566918,-19.934308711392678
multiple_runs_DB_LowThreat_2_20260407_163954.csv,multiple_runs_DB_LowThreat_2_20260407_163954.csv,DB,No ACE,148,12.884522221171288,-13.873526143850535,-16.601310976452915,17.590314899132153
multiple_runs_DB_LowThreat_2_20260407_163954.csv,multiple_runs_DB_LowThreat_2_20260407_163954.csv,DB,No ACE,149,33.58439369113374,-20.62571006525115,-19.51511234308303,6.556428717200433
multiple_runs_DB_LowThreat_2_20260407_163954.csv,multiple_runs_DB_LowThreat_2_20260407_163954.csv,DB,No ACE,150,53.19913870934398,-19.798024859361163,-19.39090494435736,-14.010208905625458
multiple_runs_DB_LowThreat_2_20260407_163954.csv,multiple_runs_DB_LowThreat_2_20260407_163954.csv,DB,No ACE,151,50.287728941859974,-9.642993789464304,-20.41344378479011,-20.231291367605554
multiple_runs_DB_LowThreat_2_20260407_163954.csv,multiple_runs_DB_LowThreat_2_20260407_163954.csv,DB,No ACE,152,55.63918886428021,-20.397992339951138,-19.15162149704975,-16.08957502727932
multiple_runs_DB_LowThreat_2_20260407_163954.csv,multiple_runs_DB_LowThreat_2_20260407_163954.csv,DB,No ACE,153,11.312498953559,-20.17100131602948,-20.179105974055265,29.037608336525736
multiple_runs_DB_LowThreat_2_20260407_163954.csv,multiple_runs_DB_LowThreat_2_20260407_163954.csv,DB,No ACE,154,38.15738722642761,-18.987619273527116,-19.242613307786783,0.07284535488628663
multiple_runs_DB_LowThreat_2_20260407_163954.csv,multiple_runs_DB_LowThreat_2_20260407_163954.csv,DB,No ACE,155,28.3093704463558,-11.050231640079407,-19.39641295457794,2.1372741483015396
multiple_runs_DB_LowThreat_2_20260407_163954.csv,multiple_runs_DB_LowThreat_2_20260407_163954.csv,DB,No ACE,156,-8.623042226400575,-18.08460798822546,-18.804676228490226,45.51232644311626
multiple_runs_DB_LowThreat_2_20260407_163954.csv,multiple_runs_DB_LowThreat_2_20260407_163954.csv,DB,No ACE,157,34.55123634012468,-1.5048503473639023,-20.79621175372137,-12.250174239039412
multiple_runs_DB_LowThreat_2_20260407_163954.csv,multiple_runs_DB_LowThreat_2_20260407_163954.csv,DB,No ACE,158,28.029040539807063,-16.872385575792006,-19.817504261010733,8.660849296995679
multiple_runs_DB_LowThreat_2_20260407_163954.csv,multiple_runs_DB_LowThreat_2_20260407_163954.csv,DB,No ACE,159,34.20234185327012,2.898762127081554,-19.753165269337398,-17.347938711014276
multiple_runs_DB_LowThreat_2_20260407_163954.csv,multiple_runs_DB_LowThreat_2_20260407_163954.csv,DB,No ACE,160,40.537685930578725,0.6798161170578467,-20.161878993415307,-21.055623054221265
multiple_runs_DB_LowThreat_2_20260407_163954.csv,multiple_runs_DB_LowThreat_2_20260407_163954.csv,DB,No ACE,161,53.41448428636772,-18.829965416016677,-20.33933579481593,-14.24518307553511
multiple_runs_DB_LowThreat_2_20260407_163954.csv,multiple_runs_DB_LowThreat_2_20260407_163954.csv,DB,No ACE,162,35.37985258509501,-18.69607997295212,-17.25839548147149,0.5746228693285929
multiple_runs_DB_LowThreat_2_20260407_163954.csv,multiple_runs_DB_LowThreat_2_20260407_163954.csv,DB,No ACE,163,59.74564083963383,-19.471122867411378,-20.406931788217047,-19.867586184005408
multiple_runs_DB_LowThreat_2_20260407_163954.csv,multiple_runs_DB_LowThreat_2_20260407_163954.csv,DB,No ACE,164,4.260727236780745,7.5585984573364655,-18.43799491072167,6.618669216604459
multiple_runs_DB_LowThreat_2_20260407_163954.csv,multiple_runs_DB_LowThreat_2_20260407_163954.csv,DB,No ACE,165,16.456123300379964,-12.174324509856842,-20.21319262231514,15.931393831792022
multiple_runs_DB_LowThreat_2_20260407_163954.csv,multiple_runs_DB_LowThreat_2_20260407_163954.csv,DB,No ACE,166,21.45432270877209,-19.912274538951447,-20.888916106359577,19.346867936538928
multiple_runs_DB_LowThreat_2_20260407_163954.csv,multiple_runs_DB_LowThreat_2_20260407_163954.csv,DB,No ACE,167,32.662365948648294,-14.012373814177412,-18.643219654962262,-0.006772479508619256
multiple_runs_DB_LowThreat_2_20260407_163954.csv,multiple_runs_DB_LowThreat_2_20260407_163954.csv,DB,No ACE,168,58.74527676603348,-19.166091466063346,-19.94154033724004,-19.637644962730096
multiple_runs_DB_LowThreat_2_20260407_163954.csv,multiple_runs_DB_LowThreat_2_20260407_163954.csv,DB,No ACE,169,57.91946735257131,-19.338248954640832,-18.86760552754238,-19.713612870388097
multiple_runs_DB_LowThreat_2_20260407_163954.csv,multiple_runs_DB_LowThreat_2_20260407_163954.csv,DB,No ACE,170,17.319793792049282,-21.7124720121964,-20.275169690799803,24.66784791094691
multiple_runs_DB_LowThreat_2_20260407_163954.csv,multiple_runs_DB_LowThreat_2_20260407_163954.csv,DB,No ACE,171,58.79726858560314,-18.858317176810242,-19.653208972202737,-20.285742436590162
multiple_runs_DB_LowThreat_2_20260407_163954.csv,multiple_runs_DB_LowThreat_2_20260407_163954.csv,DB,No ACE,172,48.797847586681534,-17.618675867978304,-19.74744139771063,-11.431730320992598
multiple_runs_DB_LowThreat_2_20260407_163954.csv,multiple_runs_DB_LowThreat_2_20260407_163954.csv,DB,No ACE,173,28.19648810843716,1.9124234975781107,-18.441522066615548,-11.667389539399727
multiple_runs_DB_LowThreat_2_20260407_163954.csv,multiple_runs_DB_LowThreat_2_20260407_163954.csv,DB,No ACE,174,34.953104483928314,-17.182233497865333,-17.11875619454538,-0.6521147915175973
multiple_runs_DB_LowThreat_2_20260407_163954.csv,multiple_runs_DB_LowThreat_2_20260407_163954.csv,DB,No ACE,175,33.96178932952302,-20.10295236994329,-20.111005824849375,6.252168865269638
multiple_runs_DB_LowThreat_2_20260407_163954.csv,multiple_runs_DB_LowThreat_2_20260407_163954.csv,DB,No ACE,176,10.841340073656433,-19.068425433808514,-19.61952231837267,27.84660767852474
multiple_runs_DB_LowThreat_2_20260407_163954.csv,multiple_runs_DB_LowThreat_2_20260407_163954.csv,DB,No ACE,177,39.721937088581804,0.25993277514670865,-19.975097384219904,-20.00677247950862
multiple_runs_DB_LowThreat_2_20260407_163954.csv,multiple_runs_DB_LowThreat_2_20260407_163954.csv,DB,No ACE,178,37.520444551268376,-19.060313817974638,-20.394352042604996,1.9342213093112584
multiple_runs_DB_LowThreat_2_20260407_163954.csv,multiple_runs_DB_LowThreat_2_20260407_163954.csv,DB,No ACE,179,37.5113403997753,-18.993418096134178,-20.31377181976251,1.795849516121386
multiple_runs_DB_LowThreat_2_20260407_163954.csv,multiple_runs_DB_LowThreat_2_20260407_163954.csv,DB,No ACE,180,16.226474702022145,-19.15199895171789,-20.165334282999517,23.090858532695258
multiple_runs_DB_LowThreat_2_20260407_163954.csv,multiple_runs_DB_LowThreat_2_20260407_163954.csv,DB,No ACE,181,3.569827267317759,-20.331784564083065,-18.3392949150841,35.1012522118494
multiple_runs_DB_LowThreat_2_20260407_163954.csv,multiple_runs_DB_LowThreat_2_20260407_163954.csv,DB,No ACE,182,20.313910774967155,8.626984559414737,-18.219837140587565,-10.721058193794335
multiple_runs_DB_LowThreat_2_20260407_163954.csv,multiple_runs_DB_LowThreat_2_20260407_163954.csv,DB,No ACE,183,9.12784658319871,2.755329521458691,-19.82270260918362,7.939526504526214
multiple_runs_DB_LowThreat_2_20260407_163954.csv,multiple_runs_DB_LowThreat_2_20260407_163954.csv,DB,No ACE,184,15.92953546035929,-14.113534815131564,-19.871429122656906,18.05542847742918
multiple_runs_DB_LowThreat_2_20260407_163954.csv,multiple_runs_DB_LowThreat_2_20260407_163954.csv,DB,No ACE,185,14.934144659143243,1.7143918712519444,-18.286855744521954,1.63831921412676
multiple_runs_DB_LowThreat_2_20260407_163954.csv,multiple_runs_DB_LowThreat_2_20260407_163954.csv,DB,No ACE,186,32.98747751830135,-19.818794467759638,-18.290115699238218,5.1214326486965085
multiple_runs_DB_LowThreat_2_20260407_163954.csv,multiple_runs_DB_LowThreat_2_20260407_163954.csv,DB,No ACE,187,50.27152059144054,-18.797541688974576,-20.240520626687623,-11.233458275778347
multiple_runs_DB_LowThreat_2_20260407_163954.csv,multiple_runs_DB_LowThreat_2_20260407_163954.csv,DB,No ACE,188,57.79391569683255,-19.353820165576032,-19.46260815080044,-18.97748738045608
multiple_runs_DB_LowThreat_2_20260407_163954.csv,multiple_runs_DB_LowThreat_2_20260407_163954.csv,DB,No ACE,189,24.008640166782712,-19.64228463694964,-19.74744139771063,15.381085867877552
multiple_runs_DB_LowThreat_2_20260407_163954.csv,multiple_runs_DB_LowThreat_2_20260407_163954.csv,DB,No ACE,190,22.696249080469805,-15.860982315668581,-17.58534768219368,10.750080917392452
multiple_runs_DB_LowThreat_2_20260407_163954.csv,multiple_runs_DB_LowThreat_2_20260407_163954.csv,DB,No ACE,191,13.92383880714305,-19.64257816882793,-20.536455086569774,26.25519444825465
multiple_runs_DB_LowThreat_2_20260407_163954.csv,multiple_runs_DB_LowThreat_2_20260407_163954.csv,DB,No ACE,192,41.97140403954129,-19.21057184461164,-20.56855864932296,-2.1922735456066995
multiple_runs_DB_LowThreat_2_20260407_163954.csv,multiple_runs_DB_LowThreat_2_20260407_163954.csv,DB,No ACE,193,46.897675100875794,-8.478974402029507,-19.97866626359178,-18.440034435254514
multiple_runs_DB_LowThreat_2_20260407_163954.csv,multiple_runs_DB_LowThreat_2_20260407_163954.csv,DB,No ACE,194,21.982560348266233,-16.032141520992322,-19.685604889580876,13.735186062306958
multiple_runs_DB_LowThreat_2_20260407_163954.csv,multiple_runs_DB_LowThreat_2_20260407_163954.csv,DB,No ACE,195,10.255035167643719,-18.046854356353105,-20.467277697007393,28.259096885716772
multiple_runs_DB_LowThreat_2_20260407_163954.csv,multiple_runs_DB_LowThreat_2_20260407_163954.csv,DB,No ACE,196,10.984703672638446,-21.390026660734197,-20.73086804691536,31.13619103501111
multiple_runs_DB_LowThreat_2_20260407_163954.csv,multiple_runs_DB_LowThreat_2_20260407_163954.csv,DB,No ACE,197,25.62976354768415,-9.769757483238783,-20.45896835196184,4.598962287516468
multiple_runs_DB_LowThreat_2_20260407_163954.csv,multiple_runs_DB_LowThreat_2_20260407_163954.csv,DB,No ACE,198,21.30143628680557,-17.128303140904674,-17.891272118576456,13.718138972675561
multiple_runs_DB_LowThreat_2_20260407_163954.csv,multiple_runs_DB_LowThreat_2_20260407_163954.csv,DB,No ACE,199,26.176298391685975,-17.805166782991012,-19.755112298463004,11.383980689768038
multiple_runs_DB_LowThreat_2_20260407_163954.csv,multiple_runs_DB_LowThreat_2_20260407_163954.csv,DB,No ACE,200,58.70904510733882,-20.033940767243287,-19.13635781054057,-19.53874652955496
multiple_runs_DB_ModerateThreat_20260407_174756.csv,multiple_runs_DB_ModerateThreat_20260407_174756.csv,DB,Moderate adversity,1,31.330407650899375,-19.724921551008492,-19.95664719971806,8.351161099827173
multiple_runs_DB_ModerateThreat_20260407_174756.csv,multiple_runs_DB_ModerateThreat_20260407_174756.csv,DB,Moderate adversity,2,16.18267215417395,-16.563998416353417,-16.863717238941454,17.245043501120925
multiple_runs_DB_ModerateThreat_20260407_174756.csv,multiple_runs_DB_ModerateThreat_20260407_174756.csv,DB,Moderate adversity,3,56.09482471655763,-18.3443598115068,-19.60319655777362,-18.147268347277215
multiple_runs_DB_ModerateThreat_20260407_174756.csv,multiple_runs_DB_ModerateThreat_20260407_174756.csv,DB,Moderate adversity,4,17.177307296366415,-15.56145050453332,-18.983811981169794,17.36795518933669
multiple_runs_DB_ModerateThreat_20260407_174756.csv,multiple_runs_DB_ModerateThreat_20260407_174756.csv,DB,Moderate adversity,5,25.93478526349167,-4.153107892544668,-18.045357249474957,-3.7363201214720476
multiple_runs_DB_ModerateThreat_20260407_174756.csv,multiple_runs_DB_ModerateThreat_20260407_174756.csv,DB,Moderate adversity,6,15.443607134787307,1.4647660696984524,-17.625431459943734,0.717058255457971
multiple_runs_DB_ModerateThreat_20260407_174756.csv,multiple_runs_DB_ModerateThreat_20260407_174756.csv,DB,Moderate adversity,7,37.988744263083944,2.6271313643333443,-20.580284704104628,-20.035590923312654
multiple_runs_DB_ModerateThreat_20260407_174756.csv,multiple_runs_DB_ModerateThreat_20260407_174756.csv,DB,Moderate adversity,8,57.89885646193836,-20.241221503089896,-18.93704941068806,-18.720585548160397
multiple_runs_DB_ModerateThreat_20260407_174756.csv,multiple_runs_DB_ModerateThreat_20260407_174756.csv,DB,Moderate adversity,9,14.584080914904739,-20.165847414812582,-19.884188293310814,25.46595479321865
multiple_runs_DB_ModerateThreat_20260407_174756.csv,multiple_runs_DB_ModerateThreat_20260407_174756.csv,DB,Moderate adversity,10,33.593931582968665,-19.274885926732942,-19.715731389983592,5.396685733747866
multiple_runs_DB_ModerateThreat_20260407_174756.csv,multiple_runs_DB_ModerateThreat_20260407_174756.csv,DB,Moderate adversity,11,24.54977112621407,2.5501291502588366,-20.051129245190214,-7.048771031282694
multiple_runs_DB_ModerateThreat_20260407_174756.csv,multiple_runs_DB_ModerateThreat_20260407_174756.csv,DB,Moderate adversity,12,19.363878894702722,3.3452636962985274,-18.51045091957344,-4.1986916714278095
multiple_runs_DB_ModerateThreat_20260407_174756.csv,multiple_runs_DB_ModerateThreat_20260407_174756.csv,DB,Moderate adversity,13,13.44347333725085,-9.769488329592424,-16.464459086347563,12.790474078689122
multiple_runs_DB_ModerateThreat_20260407_174756.csv,multiple_runs_DB_ModerateThreat_20260407_174756.csv,DB,Moderate adversity,14,58.72784272250694,-19.219788320125062,-19.987566212150078,-19.520488190231813
multiple_runs_DB_ModerateThreat_20260407_174756.csv,multiple_runs_DB_ModerateThreat_20260407_174756.csv,DB,Moderate adversity,15,23.894318425142252,-18.507043156008326,-16.529151438273956,11.141876169140033
multiple_runs_DB_ModerateThreat_20260407_174756.csv,multiple_runs_DB_ModerateThreat_20260407_174756.csv,DB,Moderate adversity,16,22.509684149546715,-19.156221746363386,-19.953576580776577,16.600114177593248
multiple_runs_DB_ModerateThreat_20260407_174756.csv,multiple_runs_DB_ModerateThreat_20260407_174756.csv,DB,Moderate adversity,17,20.231567105336346,8.226100904633157,-18.898887291531953,-9.558780718437557
multiple_runs_DB_ModerateThreat_20260407_174756.csv,multiple_runs_DB_ModerateThreat_20260407_174756.csv,DB,Moderate adversity,18,22.83719473022328,-16.878231094125397,-19.8927781286723,13.933814492574413
multiple_runs_DB_ModerateThreat_20260407_174756.csv,multiple_runs_DB_ModerateThreat_20260407_174756.csv,DB,Moderate adversity,19,24.87148725236073,3.660531568666695,-19.016805427914043,-9.515213393113385
multiple_runs_DB_ModerateThreat_20260407_174756.csv,multiple_runs_DB_ModerateThreat_20260407_174756.csv,DB,Moderate adversity,20,26.500588955600506,0.5209920994637542,-19.55993492934626,-7.461646125718005
multiple_runs_DB_ModerateThreat_20260407_174756.csv,multiple_runs_DB_ModerateThreat_20260407_174756.csv,DB,Moderate adversity,21,58.719948449213085,-18.093145913620653,-20.297563720151867,-20.329238815440583
multiple_runs_DB_ModerateThreat_20260407_174756.csv,multiple_runs_DB_ModerateThreat_20260407_174756.csv,DB,Moderate adversity,22,26.683415726434667,-18.977968626933794,-19.875319113709928,12.169872014209048
multiple_runs_DB_ModerateThreat_20260407_174756.csv,multiple_runs_DB_ModerateThreat_20260407_174756.csv,DB,Moderate adversity,23,22.561428157825752,-10.28447632688412,-20.199616272316838,7.922664441375204
multiple_runs_DB_ModerateThreat_20260407_174756.csv,multiple_runs_DB_ModerateThreat_20260407_174756.csv,DB,Moderate adversity,24,13.92138453680706,-21.061712793107464,-20.20286311090103,27.343191367201428
multiple_runs_DB_ModerateThreat_20260407_174756.csv,multiple_runs_DB_ModerateThreat_20260407_174756.csv,DB,Moderate adversity,25,51.559184594715155,-19.10084840223935,-19.978717949028013,-12.479618243447794
multiple_runs_DB_ModerateThreat_20260407_174756.csv,multiple_runs_DB_ModerateThreat_20260407_174756.csv,DB,Moderate adversity,26,26.717051337695523,-1.884882072769397,-18.18867023851132,-6.643499026414808
multiple_runs_DB_ModerateThreat_20260407_174756.csv,multiple_runs_DB_ModerateThreat_20260407_174756.csv,DB,Moderate adversity,27,37.78945459430998,-6.458947714799542,-20.16878461520986,-11.161722264300584
multiple_runs_DB_ModerateThreat_20260407_174756.csv,multiple_runs_DB_ModerateThreat_20260407_174756.csv,DB,Moderate adversity,28,28.41410970963942,1.4320135477542628,-20.223966162500446,-9.622157094893234
multiple_runs_DB_ModerateThreat_20260407_174756.csv,multiple_runs_DB_ModerateThreat_20260407_174756.csv,DB,Moderate adversity,29,9.274990005813834,-18.784029232994403,-19.884188293310814,29.393227520491386
multiple_runs_DB_ModerateThreat_20260407_174756.csv,multiple_runs_DB_ModerateThreat_20260407_174756.csv,DB,Moderate adversity,30,20.11708019908513,-0.12805213922203507,-20.179105974055265,0.19007791419216602
multiple_runs_DB_ModerateThreat_20260407_174756.csv,multiple_runs_DB_ModerateThreat_20260407_174756.csv,DB,Moderate adversity,31,17.29219149591252,1.0577588854292301,-20.230309461861886,1.8803590805201367
multiple_runs_DB_ModerateThreat_20260407_174756.csv,multiple_runs_DB_ModerateThreat_20260407_174756.csv,DB,Moderate adversity,32,16.057161613903368,-18.991058488835755,-19.64752359012343,22.581420465055814
multiple_runs_DB_ModerateThreat_20260407_174756.csv,multiple_runs_DB_ModerateThreat_20260407_174756.csv,DB,Moderate adversity,33,52.49113131843756,-17.5008862453288,-19.9499717560792,-15.040273317029557
multiple_runs_DB_ModerateThreat_20260407_174756.csv,multiple_runs_DB_ModerateThreat_20260407_174756.csv,DB,Moderate adversity,34,16.562200439919344,0.7287343774137476,-20.192799025904414,2.9018642085713218
multiple_runs_DB_ModerateThreat_20260407_174756.csv,multiple_runs_DB_ModerateThreat_20260407_174756.csv,DB,Moderate adversity,35,25.921823130271555,4.22971799538697,-18.082202368313222,-12.069338757345312
multiple_runs_DB_ModerateThreat_20260407_174756.csv,multiple_runs_DB_ModerateThreat_20260407_174756.csv,DB,Moderate adversity,36,40.01177904000321,-0.9484533703821434,-18.909239498604652,-20.154086171016417
multiple_runs_DB_ModerateThreat_20260407_174756.csv,multiple_runs_DB_ModerateThreat_20260407_174756.csv,DB,Moderate adversity,37,14.759471834779646,-15.667281686353617,-16.196924193235326,17.10473404480929
multiple_runs_DB_ModerateThreat_20260407_174756.csv,multiple_runs_DB_ModerateThreat_20260407_174756.csv,DB,Moderate adversity,38,58.101477498730524,-20.67526213188536,-19.63226568341848,-17.793949683426696
multiple_runs_DB_ModerateThreat_20260407_174756.csv,multiple_runs_DB_ModerateThreat_20260407_174756.csv,DB,Moderate adversity,39,25.711353642177464,-2.2022110511762207,-19.884188293310814,-3.6249542976904365
multiple_runs_DB_ModerateThreat_20260407_174756.csv,multiple_runs_DB_ModerateThreat_20260407_174756.csv,DB,Moderate adversity,40,14.321754594936493,-5.824600888413219,-17.879027515224273,9.381873808700988
multiple_runs_DB_ModerateThreat_20260407_174756.csv,multiple_runs_DB_ModerateThreat_20260407_174756.csv,DB,Moderate adversity,41,12.949015979839807,-0.46714611611128376,-19.26081166993419,6.778941806205665
multiple_runs_DB_ModerateThreat_20260407_174756.csv,multiple_runs_DB_ModerateThreat_20260407_174756.csv,DB,Moderate adversity,42,40.60486013568397,-21.575371224336394,-20.50179291091543,1.4723039995678597
multiple_runs_DB_ModerateThreat_20260407_174756.csv,multiple_runs_DB_ModerateThreat_20260407_174756.csv,DB,Moderate adversity,43,60.00520064882935,-19.245891760710588,-19.944609579341854,-20.814699308776913
multiple_runs_DB_ModerateThreat_20260407_174756.csv,multiple_runs_DB_ModerateThreat_20260407_174756.csv,DB,Moderate adversity,44,39.74502082245481,-16.140269602794092,-18.08950416388092,-5.515247055779806
multiple_runs_DB_ModerateThreat_20260407_174756.csv,multiple_runs_DB_ModerateThreat_20260407_174756.csv,DB,Moderate adversity,45,8.693913939023474,3.8972853707691826,-19.727283973141187,7.136084663348527
multiple_runs_DB_ModerateThreat_20260407_174756.csv,multiple_runs_DB_ModerateThreat_20260407_174756.csv,DB,Moderate adversity,46,15.789675320499143,-17.7858274347926,-17.502569911692433,19.498722025985884
multiple_runs_DB_ModerateThreat_20260407_174756.csv,multiple_runs_DB_ModerateThreat_20260407_174756.csv,DB,Moderate adversity,47,34.3338119727439,0.8197160356157305,-20.66538226369397,-14.488145744665669
multiple_runs_DB_ModerateThreat_20260407_174756.csv,multiple_runs_DB_ModerateThreat_20260407_174756.csv,DB,Moderate adversity,48,19.778984009454476,9.119258056865327,-17.083460163960773,-11.814781902359032
multiple_runs_DB_ModerateThreat_20260407_174756.csv,multiple_runs_DB_ModerateThreat_20260407_174756.csv,DB,Moderate adversity,49,60.68300791115252,-19.969783956185765,-20.48559702216342,-20.227626932803332
multiple_runs_DB_ModerateThreat_20260407_174756.csv,multiple_runs_DB_ModerateThreat_20260407_174756.csv,DB,Moderate adversity,50,37.044006574830405,3.8595542105890424,-20.678493087615607,-20.225067697803837
multiple_runs_DB_ModerateThreat_20260407_174756.csv,multiple_runs_DB_ModerateThreat_20260407_174756.csv,DB,Moderate adversity,51,6.876192109495275,-18.577267399786287,-19.71589377790886,31.416969068199876
multiple_runs_DB_ModerateThreat_20260407_174756.csv,multiple_runs_DB_ModerateThreat_20260407_174756.csv,DB,Moderate adversity,52,50.89282740271404,-18.85711905443916,-18.494539059194977,-13.541169289079905
multiple_runs_DB_ModerateThreat_20260407_174756.csv,multiple_runs_DB_ModerateThreat_20260407_174756.csv,DB,Moderate adversity,53,29.414383945207767,-18.750695899661068,-19.89933980846233,9.235651762915623
multiple_runs_DB_ModerateThreat_20260407_174756.csv,multiple_runs_DB_ModerateThreat_20260407_174756.csv,DB,Moderate adversity,54,15.731453725580302,-13.341326981117838,-18.094363439265777,15.704236694803306
multiple_runs_DB_ModerateThreat_20260407_174756.csv,multiple_runs_DB_ModerateThreat_20260407_174756.csv,DB,Moderate adversity,55,60.52413005495388,-20.124569773534944,-20.388692797815317,-20.010867483603626
multiple_runs_DB_ModerateThreat_20260407_174756.csv,multiple_runs_DB_ModerateThreat_20260407_174756.csv,DB,Moderate adversity,56,14.224424650770864,-6.332107025848316,-18.606938180239805,10.714620555317254
multiple_runs_DB_ModerateThreat_20260407_174756.csv,multiple_runs_DB_ModerateThreat_20260407_174756.csv,DB,Moderate adversity,57,16.677903114804288,-15.75680673173875,-17.792776942230955,16.87168055916542
multiple_runs_DB_ModerateThreat_20260407_174756.csv,multiple_runs_DB_ModerateThreat_20260407_174756.csv,DB,Moderate adversity,58,57.2048671116981,-19.39846725692213,-18.70831135020021,-19.098088504575763
multiple_runs_DB_ModerateThreat_20260407_174756.csv,multiple_runs_DB_ModerateThreat_20260407_174756.csv,DB,Moderate adversity,59,57.87138521697026,-17.947402473357513,-20.344127774957965,-19.579854968654786
multiple_runs_DB_ModerateThreat_20260407_174756.csv,multiple_runs_DB_ModerateThreat_20260407_174756.csv,DB,Moderate adversity,60,35.308214335441036,-3.5997257666765456,-19.723298823068824,-11.985189745695669
multiple_runs_DB_ModerateThreat_20260407_174756.csv,multiple_runs_DB_ModerateThreat_20260407_174756.csv,DB,Moderate adversity,61,55.43196718501323,-17.219644646387593,-19.460694092038835,-18.751628446586807
multiple_runs_DB_ModerateThreat_20260407_174756.csv,multiple_runs_DB_ModerateThreat_20260407_174756.csv,DB,Moderate adversity,62,40.68910722591908,-17.3539439490169,-18.787472633720903,-4.547690643181273
multiple_runs_DB_ModerateThreat_20260407_174756.csv,multiple_runs_DB_ModerateThreat_20260407_174756.csv,DB,Moderate adversity,63,45.583523667448,-19.193956013270434,-19.91451292235248,-6.475054731825086
multiple_runs_DB_ModerateThreat_20260407_174756.csv,multiple_runs_DB_ModerateThreat_20260407_174756.csv,DB,Moderate adversity,64,49.426777005094245,-10.966455074523145,-19.258298791431866,-19.202023139139225
multiple_runs_DB_ModerateThreat_20260407_174756.csv,multiple_runs_DB_ModerateThreat_20260407_174756.csv,DB,Moderate adversity,65,19.715704144947836,-6.979883942618862,-16.961553366161212,4.225733163832238
multiple_runs_DB_ModerateThreat_20260407_174756.csv,multiple_runs_DB_ModerateThreat_20260407_174756.csv,DB,Moderate adversity,66,17.203335406725607,2.837531507150409,-19.886601808998662,-0.15426510487735
multiple_runs_DB_ModerateThreat_20260407_174756.csv,multiple_runs_DB_ModerateThreat_20260407_174756.csv,DB,Moderate adversity,67,26.862884195486927,4.6945892260560775,-15.95349636770148,-15.603977053841529
multiple_runs_DB_ModerateThreat_20260407_174756.csv,multiple_runs_DB_ModerateThreat_20260407_174756.csv,DB,Moderate adversity,68,33.98596179264768,3.754528760736008,-19.802683591116455,-17.93780696226724
multiple_runs_DB_ModerateThreat_20260407_174756.csv,multiple_runs_DB_ModerateThreat_20260407_174756.csv,DB,Moderate adversity,69,8.739692018706869,-20.769399579001508,-19.83761547394494,31.86732303423957
multiple_runs_DB_ModerateThreat_20260407_174756.csv,multiple_runs_DB_ModerateThreat_20260407_174756.csv,DB,Moderate adversity,70,18.139038987578772,-19.10885287202009,-19.33820133736778,20.308015221809093
multiple_runs_DB_ModerateThreat_20260407_174756.csv,multiple_runs_DB_ModerateThreat_20260407_174756.csv,DB,Moderate adversity,71,16.084781326486805,-7.326104473083941,-18.620847979930787,9.862171126527912
multiple_runs_DB_ModerateThreat_20260407_174756.csv,multiple_runs_DB_ModerateThreat_20260407_174756.csv,DB,Moderate adversity,72,59.10135923904323,-19.76152983265859,-19.082397296269157,-20.25743211011548
multiple_runs_DB_ModerateThreat_20260407_174756.csv,multiple_runs_DB_ModerateThreat_20260407_174756.csv,DB,Moderate adversity,73,37.250660378606504,4.242000852028486,-20.442723283500477,-21.04993794713452
multiple_runs_DB_ModerateThreat_20260407_174756.csv,multiple_runs_DB_ModerateThreat_20260407_174756.csv,DB,Moderate adversity,74,53.79282306789242,-18.47420981115452,-19.860007870153407,-15.458605386584493
multiple_runs_DB_ModerateThreat_20260407_174756.csv,multiple_runs_DB_ModerateThreat_20260407_174756.csv,DB,Moderate adversity,75,57.57657581206285,-19.16638125057958,-18.843836589746672,-19.5663579717366
multiple_runs_DB_ModerateThreat_20260407_174756.csv,multiple_runs_DB_ModerateThreat_20260407_174756.csv,DB,Moderate adversity,76,49.84132479691832,-18.897325966966676,-18.629140372960947,-12.314858456990708
multiple_runs_DB_ModerateThreat_20260407_174756.csv,multiple_runs_DB_ModerateThreat_20260407_174756.csv,DB,Moderate adversity,77,46.3977759716414,-18.438861631585766,-20.240520626687623,-7.718393713368016
multiple_runs_DB_ModerateThreat_20260407_174756.csv,multiple_runs_DB_ModerateThreat_20260407_174756.csv,DB,Moderate adversity,78,35.76739577078057,-17.26418444363742,-19.106194945195515,0.602983618052356
multiple_runs_DB_ModerateThreat_20260407_174756.csv,multiple_runs_DB_ModerateThreat_20260407_174756.csv,DB,Moderate adversity,79,30.717723462833007,7.784554564160821,-19.44788649986616,-19.054391527127667
multiple_runs_DB_ModerateThreat_20260407_174756.csv,multiple_runs_DB_ModerateThreat_20260407_174756.csv,DB,Moderate adversity,80,42.11264313282866,-9.790347737185247,-20.223324334574514,-12.098971061068903
multiple_runs_DB_ModerateThreat_20260407_174756.csv,multiple_runs_DB_ModerateThreat_20260407_174756.csv,DB,Moderate adversity,81,20.708256383057396,-2.23030669039089,-19.91451292235248,1.4365632296859623
multiple_runs_DB_ModerateThreat_20260407_174756.csv,multiple_runs_DB_ModerateThreat_20260407_174756.csv,DB,Moderate adversity,82,26.85031596570952,-17.323441156382586,-17.952347631499826,8.425472822172885
multiple_runs_DB_ModerateThreat_20260407_174756.csv,multiple_runs_DB_ModerateThreat_20260407_174756.csv,DB,Moderate adversity,83,24.80336785083422,-19.901092777264893,-20.561204475392117,15.658929401822789
multiple_runs_DB_ModerateThreat_20260407_174756.csv,multiple_runs_DB_ModerateThreat_20260407_174756.csv,DB,Moderate adversity,84,54.08213004214587,-14.612857919512056,-20.196643865540494,-19.272628257093327
multiple_runs_DB_ModerateThreat_20260407_174756.csv,multiple_runs_DB_ModerateThreat_20260407_174756.csv,DB,Moderate adversity,85,38.64363295706548,2.3527296602862293,-20.482343761031498,-20.514018856320213
multiple_runs_DB_ModerateThreat_20260407_174756.csv,multiple_runs_DB_ModerateThreat_20260407_174756.csv,DB,Moderate adversity,86,29.344169606700746,-17.499772026785976,-20.097048603732098,8.252651023817322
multiple_runs_DB_ModerateThreat_20260407_174756.csv,multiple_runs_DB_ModerateThreat_20260407_174756.csv,DB,Moderate adversity,87,57.489138647869446,-19.135175760885115,-19.787261963826346,-18.566700923157992
multiple_runs_DB_ModerateThreat_20260407_174756.csv,multiple_runs_DB_ModerateThreat_20260407_174756.csv,DB,Moderate adversity,88,20.639561133455196,-20.983542102456582,-20.630419614487828,20.974400583489206
multiple_runs_DB_ModerateThreat_20260407_174756.csv,multiple_runs_DB_ModerateThreat_20260407_174756.csv,DB,Moderate adversity,89,17.36212349088546,-19.515746999763714,-19.894095911465854,22.0477194203441
multiple_runs_DB_ModerateThreat_20260407_174756.csv,multiple_runs_DB_ModerateThreat_20260407_174756.csv,DB,Moderate adversity,90,29.935698788556515,7.164815142968614,-17.743458966140807,-19.357054965384325
multiple_runs_DB_ModerateThreat_20260407_174756.csv,multiple_runs_DB_ModerateThreat_20260407_174756.csv,DB,Moderate adversity,91,33.38110028897329,-19.71070583508084,-19.155425253072362,5.485030799179903
multiple_runs_DB_ModerateThreat_20260407_174756.csv,multiple_runs_DB_ModerateThreat_20260407_174756.csv,DB,Moderate adversity,92,23.429535460359283,-21.326453475418646,-20.884188293310814,18.78110630837017
multiple_runs_DB_ModerateThreat_20260407_174756.csv,multiple_runs_DB_ModerateThreat_20260407_174756.csv,DB,Moderate adversity,93,22.31286332383155,-17.385145084651768,-19.55993492934626,14.632216690166473
multiple_runs_DB_ModerateThreat_20260407_174756.csv,multiple_runs_DB_ModerateThreat_20260407_174756.csv,DB,Moderate adversity,94,36.99443077927144,-3.2329128665758162,-19.46629860839741,-14.295219304298213
multiple_runs_DB_ModerateThreat_20260407_174756.csv,multiple_runs_DB_ModerateThreat_20260407_174756.csv,DB,Moderate adversity,95,19.679942759153683,2.63167620851749,-19.9571762372665,-2.3544427304046778
multiple_runs_DB_ModerateThreat_20260407_174756.csv,multiple_runs_DB_ModerateThreat_20260407_174756.csv,DB,Moderate adversity,96,3.183095153678014,-19.99339396464829,-19.32750702277412,36.1378058337444
multiple_runs_DB_ModerateThreat_20260407_174756.csv,multiple_runs_DB_ModerateThreat_20260407_174756.csv,DB,Moderate adversity,97,32.42917755055256,-2.705002747668704,-19.96436009001804,-9.759814712865815
multiple_runs_DB_ModerateThreat_20260407_174756.csv,multiple_runs_DB_ModerateThreat_20260407_174756.csv,DB,Moderate adversity,98,21.483991885327136,13.372741960991156,-17.14049455505777,-17.716239291260525
multiple_runs_DB_ModerateThreat_20260407_174756.csv,multiple_runs_DB_ModerateThreat_20260407_174756.csv,DB,Moderate adversity,99,30.262671593929262,-4.792732315884038,-19.696717051609635,-5.773222226435593
multiple_runs_DB_ModerateThreat_20260407_174756.csv,multiple_runs_DB_ModerateThreat_20260407_174756.csv,DB,Moderate adversity,100,59.86647372468814,-19.04181617862576,-20.19389803251812,-20.630759513544277
multiple_runs_DB_ModerateThreat_20260407_174756.csv,multiple_runs_DB_ModerateThreat_20260407_174756.csv,DB,Moderate adversity,101,20.87459040541423,4.631754982789815,-17.98209039121291,-7.524254996991136
multiple_runs_DB_ModerateThreat_20260407_174756.csv,multiple_runs_DB_ModerateThreat_20260407_174756.csv,DB,Moderate adversity,102,60.07027843831157,-20.05518598322092,-20.240878115116914,-19.774214339973735
multiple_runs_DB_ModerateThreat_20260407_174756.csv,multiple_runs_DB_ModerateThreat_20260407_174756.csv,DB,Moderate adversity,103,59.32576187545363,-19.29243403573883,-19.91506307890258,-20.11826476081222
multiple_runs_DB_ModerateThreat_20260407_174756.csv,multiple_runs_DB_ModerateThreat_20260407_174756.csv,DB,Moderate adversity,104,26.348513467276995,0.8049285428980468,-20.021759265052637,-7.131682745122401
multiple_runs_DB_ModerateThreat_20260407_174756.csv,multiple_runs_DB_ModerateThreat_20260407_174756.csv,DB,Moderate adversity,105,57.067278896454845,-19.227646673663013,-19.771281252389894,-18.06835097040194
multiple_runs_DB_ModerateThreat_20260407_174756.csv,multiple_runs_DB_ModerateThreat_20260407_174756.csv,DB,Moderate adversity,106,57.999167955523696,-19.222971850660425,-20.719778235283734,-18.05641786957954
multiple_runs_DB_ModerateThreat_20260407_174756.csv,multiple_runs_DB_ModerateThreat_20260407_174756.csv,DB,Moderate adversity,107,26.58995127772578,-17.6394715485264,-18.248639985116764,9.298160255917388
multiple_runs_DB_ModerateThreat_20260407_174756.csv,multiple_runs_DB_ModerateThreat_20260407_174756.csv,DB,Moderate adversity,108,27.79551757950596,-19.001573713830023,-18.25649952638154,9.462555660705597
multiple_runs_DB_ModerateThreat_20260407_174756.csv,multiple_runs_DB_ModerateThreat_20260407_174756.csv,DB,Moderate adversity,109,44.63815078869292,-17.895717544682714,-17.932843863093144,-8.809589380917068
multiple_runs_DB_ModerateThreat_20260407_174756.csv,multiple_runs_DB_ModerateThreat_20260407_174756.csv,DB,Moderate adversity,110,30.733285805060085,-18.264054970654115,-18.706138840236083,6.236908005830106
multiple_runs_DB_ModerateThreat_20260407_174756.csv,multiple_runs_DB_ModerateThreat_20260407_174756.csv,DB,Moderate adversity,111,52.76718570583076,-15.355148244336878,-19.295395335802773,-18.116642125691115
multiple_runs_DB_ModerateThreat_20260407_174756.csv,multiple_runs_DB_ModerateThreat_20260407_174756.csv,DB,Moderate adversity,112,22.3964330487522,-19.934333134700175,-20.374090914054555,17.911991000002523
multiple_runs_DB_ModerateThreat_20260407_174756.csv,multiple_runs_DB_ModerateThreat_20260407_174756.csv,DB,Moderate adversity,113,25.63327800476513,1.0609206260866735,-19.639841436130503,-7.054357194721309
multiple_runs_DB_ModerateThreat_20260407_174756.csv,multiple_runs_DB_ModerateThreat_20260407_174756.csv,DB,Moderate adversity,114,18.83823196992347,-12.095696885659887,-19.841330211407175,13.098795127143589
multiple_runs_DB_ModerateThreat_20260407_174756.csv,multiple_runs_DB_ModerateThreat_20260407_174756.csv,DB,Moderate adversity,115,37.464222662212904,-18.816685632067593,-20.552308778522754,1.9047717483774385
multiple_runs_DB_ModerateThreat_20260407_174756.csv,multiple_runs_DB_ModerateThreat_20260407_174756.csv,DB,Moderate adversity,116,13.949532829126554,-21.131194079725095,-19.909974374089657,27.091635624688195
multiple_runs_DB_ModerateThreat_20260407_174756.csv,multiple_runs_DB_ModerateThreat_20260407_174756.csv,DB,Moderate adversity,117,20.72844161656552,-2.367995083724743,-19.98610251994991,1.625655987109134
multiple_runs_DB_ModerateThreat_20260407_174756.csv,multiple_runs_DB_ModerateThreat_20260407_174756.csv,DB,Moderate adversity,118,31.848264737867183,7.870670435445724,-20.225309428325076,-19.49362574498784
multiple_runs_DB_ModerateThreat_20260407_174756.csv,multiple_runs_DB_ModerateThreat_20260407_174756.csv,DB,Moderate adversity,119,21.67271236984289,-18.271116084228122,-20.871425677956406,17.46982939234163
multiple_runs_DB_ModerateThreat_20260407_174756.csv,multiple_runs_DB_ModerateThreat_20260407_174756.csv,DB,Moderate adversity,120,33.40236874951911,-18.91612570794802,-20.23748805477384,5.751245013202752
multiple_runs_DB_ModerateThreat_20260407_174756.csv,multiple_runs_DB_ModerateThreat_20260407_174756.csv,DB,Moderate adversity,121,52.66242873530863,-11.163664550947477,-20.374090914054555,-21.124673270306605
multiple_runs_DB_ModerateThreat_20260407_174756.csv,multiple_runs_DB_ModerateThreat_20260407_174756.csv,DB,Moderate adversity,122,40.153975708538404,-8.718099910091784,-20.524058808552248,-10.911816989894374
multiple_runs_DB_ModerateThreat_20260407_174756.csv,multiple_runs_DB_ModerateThreat_20260407_174756.csv,DB,Moderate adversity,123,32.29527134110672,-18.803008867678425,-20.433142033950467,6.940879560522173
multiple_runs_DB_ModerateThreat_20260407_174756.csv,multiple_runs_DB_ModerateThreat_20260407_174756.csv,DB,Moderate adversity,124,29.605597389696328,-18.59752665260536,-17.44234629251685,6.434275555425881
multiple_runs_DB_ModerateThreat_20260407_174756.csv,multiple_runs_DB_ModerateThreat_20260407_174756.csv,DB,Moderate adversity,125,12.56505554341684,-17.115662481972404,-19.764533501279146,24.315140439834707
multiple_runs_DB_ModerateThreat_20260407_174756.csv,multiple_runs_DB_ModerateThreat_20260407_174756.csv,DB,Moderate adversity,126,57.8180118840225,-19.825716303525958,-19.24095316180461,-18.751342418691937
multiple_runs_DB_ModerateThreat_20260407_174756.csv,multiple_runs_DB_ModerateThreat_20260407_174756.csv,DB,Moderate adversity,127,38.18612502464115,-8.76638533842743,-19.945511585403334,-9.474228100810395
multiple_runs_DB_ModerateThreat_20260407_174756.csv,multiple_runs_DB_ModerateThreat_20260407_174756.csv,DB,Moderate adversity,128,36.001254785809955,-15.301545547525642,-20.4974854439214,-0.2022237943629186
multiple_runs_DB_ModerateThreat_20260407_174756.csv,multiple_runs_DB_ModerateThreat_20260407_174756.csv,DB,Moderate adversity,129,19.116830093437052,-16.363875892359133,-17.264254010725928,14.511299809648008
multiple_runs_DB_ModerateThreat_20260407_174756.csv,multiple_runs_DB_ModerateThreat_20260407_174756.csv,DB,Moderate adversity,130,22.577915815636196,-20.72822985995365,-20.808430717553236,18.95874476187069
multiple_runs_DB_ModerateThreat_20260407_174756.csv,multiple_runs_DB_ModerateThreat_20260407_174756.csv,DB,Moderate adversity,131,38.75435013066752,-12.735284272661458,-20.897844165335783,-5.121221692670279
multiple_runs_DB_ModerateThreat_20260407_174756.csv,multiple_runs_DB_ModerateThreat_20260407_174756.csv,DB,Moderate adversity,132,34.39305357957748,-18.84117606473955,-19.46629860839741,3.9144210935594757
multiple_runs_DB_ModerateThreat_20260407_174756.csv,multiple_runs_DB_ModerateThreat_20260407_174756.csv,DB,Moderate adversity,133,33.0439279172175,-17.797870186561383,-18.615019106333406,3.3689613756772907
multiple_runs_DB_ModerateThreat_20260407_174756.csv,multiple_runs_DB_ModerateThreat_20260407_174756.csv,DB,Moderate adversity,134,8.00880160172116,-15.594848943684747,-16.436934382926243,24.022981724889824
multiple_runs_DB_ModerateThreat_20260407_174756.csv,multiple_runs_DB_ModerateThreat_20260407_174756.csv,DB,Moderate adversity,135,12.401848725841432,-19.25109840670494,-18.71323780167721,25.562487482540718
multiple_runs_DB_ModerateThreat_20260407_174756.csv,multiple_runs_DB_ModerateThreat_20260407_174756.csv,DB,Moderate adversity,136,59.395444551268376,-20.842146116111287,-19.08224024136276,-19.471058193794335
multiple_runs_DB_ModerateThreat_20260407_174756.csv,multiple_runs_DB_ModerateThreat_20260407_174756.csv,DB,Moderate adversity,137,19.050295297537033,-18.81966921490304,-19.08786687012372,18.857240787489722
multiple_runs_DB_ModerateThreat_20260407_174756.csv,multiple_runs_DB_ModerateThreat_20260407_174756.csv,DB,Moderate adversity,138,18.49214266447592,4.621802670950707,-19.692078516295375,-3.4218668191312602
multiple_runs_DB_ModerateThreat_20260407_174756.csv,multiple_runs_DB_ModerateThreat_20260407_174756.csv,DB,Moderate adversity,139,48.71966051705598,-7.433442827240498,-20.05706459733466,-21.22915309248082
multiple_runs_DB_ModerateThreat_20260407_174756.csv,multiple_runs_DB_ModerateThreat_20260407_174756.csv,DB,Moderate adversity,140,26.532976962677196,-1.0109169520169523,-18.665676468057413,-6.856383542602831
multiple_runs_DB_ModerateThreat_20260407_174756.csv,multiple_runs_DB_ModerateThreat_20260407_174756.csv,DB,Moderate adversity,141,20.561467143420572,11.703399153126021,-16.057142568524306,-16.207723728022295
multiple_runs_DB_ModerateThreat_20260407_174756.csv,multiple_runs_DB_ModerateThreat_20260407_174756.csv,DB,Moderate adversity,142,34.27670970890783,-19.541404113570575,-19.397086066515783,4.661780471178524
multiple_runs_DB_ModerateThreat_20260407_174756.csv,multiple_runs_DB_ModerateThreat_20260407_174756.csv,DB,Moderate adversity,143,60.83012735594283,-20.698007074852043,-19.298970506089688,-20.833149775001107
multiple_runs_DB_ModerateThreat_20260407_174756.csv,multiple_runs_DB_ModerateThreat_20260407_174756.csv,DB,Moderate adversity,144,57.07172660255042,-16.49156614053131,-20.416692825815346,-20.163467636203777
multiple_runs_DB_ModerateThreat_20260407_174756.csv,multiple_runs_DB_ModerateThreat_20260407_174756.csv,DB,Moderate adversity,145,32.15056932845197,7.136113369501146,-19.984010040191382,-19.30267265776174
multiple_runs_DB_ModerateThreat_20260407_174756.csv,multiple_runs_DB_ModerateThreat_20260407_174756.csv,DB,Moderate adversity,146,20.859755885558187,-5.095963496722067,-20.240520626687623,4.476728237851496
multiple_runs_DB_ModerateThreat_20260407_174756.csv,multiple_runs_DB_ModerateThreat_20260407_174756.csv,DB,Moderate adversity,147,28.392453253226314,-3.936326681738553,-20.551602097780453,-3.9045244737073155
multiple_runs_DB_ModerateThreat_20260407_174756.csv,multiple_runs_DB_ModerateThreat_20260407_174756.csv,DB,Moderate adversity,148,30.808345970237752,-19.06396677118437,-19.224537264727743,7.4801580656743525
multiple_runs_DB_ModerateThreat_20260407_174756.csv,multiple_runs_DB_ModerateThreat_20260407_174756.csv,DB,Moderate adversity,149,22.724892183979996,-19.73010983818548,-20.16878461520986,17.17400226941534
multiple_runs_DB_ModerateThreat_20260407_174756.csv,multiple_runs_DB_ModerateThreat_20260407_174756.csv,DB,Moderate adversity,150,21.441268846279222,-18.09714301725786,-20.05824995110349,16.714124122082126
multiple_runs_DB_ModerateThreat_20260407_174756.csv,multiple_runs_DB_ModerateThreat_20260407_174756.csv,DB,Moderate adversity,151,56.083567474856416,-19.556847112789026,-18.662805025415917,-17.863915336651477
multiple_runs_DB_ModerateThreat_20260407_174756.csv,multiple_runs_DB_ModerateThreat_20260407_174756.csv,DB,Moderate adversity,152,44.60569800748957,-17.742107713653528,-20.136387706800548,-6.7272025870354994
multiple_runs_DB_ModerateThreat_20260407_174756.csv,multiple_runs_DB_ModerateThreat_20260407_174756.csv,DB,Moderate adversity,153,31.90710165313351,-18.15191758567472,-20.52746467259867,6.772280605139876
multiple_runs_DB_ModerateThreat_20260407_174756.csv,multiple_runs_DB_ModerateThreat_20260407_174756.csv,DB,Moderate adversity,154,22.260587920444003,-20.594130243095414,-20.74570670321632,19.079249025867725
multiple_runs_DB_ModerateThreat_20260407_174756.csv,multiple_runs_DB_ModerateThreat_20260407_174756.csv,DB,Moderate adversity,155,28.90540923340763,-5.058756322252268,-17.306076193503458,-6.540576717651909
multiple_runs_DB_ModerateThreat_20260407_174756.csv,multiple_runs_DB_ModerateThreat_20260407_174756.csv,DB,Moderate adversity,156,11.234730265554091,-18.110003258968426,-19.617954527077046,26.49322752049138
multiple_runs_DB_ModerateThreat_20260407_174756.csv,multiple_runs_DB_ModerateThreat_20260407_174756.csv,DB,Moderate adversity,157,21.598810997184493,-19.299060338753986,-20.928003933152944,18.628253274722432
multiple_runs_DB_ModerateThreat_20260407_174756.csv,multiple_runs_DB_ModerateThreat_20260407_174756.csv,DB,Moderate adversity,158,46.05319014320792,-6.39877619887487,-20.189203177670784,-19.46521076666227
multiple_runs_DB_ModerateThreat_20260407_174756.csv,multiple_runs_DB_ModerateThreat_20260407_174756.csv,DB,Moderate adversity,159,22.10467781260747,-5.960100965437626,-20.007494792427245,3.8629179452574007
multiple_runs_DB_ModerateThreat_20260407_174756.csv,multiple_runs_DB_ModerateThreat_20260407_174756.csv,DB,Moderate adversity,160,26.635716210592904,-18.063537976820328,-20.20270384530654,11.630525611533969
multiple_runs_DB_ModerateThreat_20260407_174756.csv,multiple_runs_DB_ModerateThreat_20260407_174756.csv,DB,Moderate adversity,161,25.778567294950683,-3.8833400305001433,-20.065350091801132,-1.8298771726494145
multiple_runs_DB_ModerateThreat_20260407_174756.csv,multiple_runs_DB_ModerateThreat_20260407_174756.csv,DB,Moderate adversity,162,23.140745303148073,-0.00098070257744709,-20.01269136918231,-3.127073231388316
multiple_runs_DB_ModerateThreat_20260407_174756.csv,multiple_runs_DB_ModerateThreat_20260407_174756.csv,DB,Moderate adversity,163,18.387791490043888,-13.15810821523665,-19.581511378389,14.35182810358176
multiple_runs_DB_ModerateThreat_20260407_174756.csv,multiple_runs_DB_ModerateThreat_20260407_174756.csv,DB,Moderate adversity,164,54.965246759180054,-17.77086539591152,-19.455318175388257,-17.739063187880284
multiple_runs_DB_ModerateThreat_20260407_174756.csv,multiple_runs_DB_ModerateThreat_20260407_174756.csv,DB,Moderate adversity,165,31.48111870857175,6.2348335521605165,-19.357119856130016,-18.358832404602254
multiple_runs_DB_ModerateThreat_20260407_174756.csv,multiple_runs_DB_ModerateThreat_20260407_174756.csv,DB,Moderate adversity,166,15.772324250516498,-19.399476943178954,-20.238255278956746,23.8654079716192
multiple_runs_DB_ModerateThreat_20260407_174756.csv,multiple_runs_DB_ModerateThreat_20260407_174756.csv,DB,Moderate adversity,167,9.287209473891807,2.6696051208610285,-19.74296768635697,7.7861530916041275
multiple_runs_DB_ModerateThreat_20260407_174756.csv,multiple_runs_DB_ModerateThreat_20260407_174756.csv,DB,Moderate adversity,168,59.19608663908942,-19.321921829213426,-19.92124485729364,-19.952919952582356
multiple_runs_DB_ModerateThreat_20260407_174756.csv,multiple_runs_DB_ModerateThreat_20260407_174756.csv,DB,Moderate adversity,169,20.755211576357986,-4.823520924098997,-19.81380706163926,3.8821164093802665
multiple_runs_DB_ModerateThreat_20260407_174756.csv,multiple_runs_DB_ModerateThreat_20260407_174756.csv,DB,Moderate adversity,170,36.214474402014645,-8.265298212770844,-19.644606979102633,-8.304569210141171
multiple_runs_DB_ModerateThreat_20260407_174756.csv,multiple_runs_DB_ModerateThreat_20260407_174756.csv,DB,Moderate adversity,171,26.81711413934901,-19.341817457040293,-19.278340153720343,11.803043471411627
multiple_runs_DB_ModerateThreat_20260407_174756.csv,multiple_runs_DB_ModerateThreat_20260407_174756.csv,DB,Moderate adversity,172,47.20766327314056,-18.557926622733376,-17.954395314012885,-10.695341336394307
multiple_runs_DB_ModerateThreat_20260407_174756.csv,multiple_runs_DB_ModerateThreat_20260407_174756.csv,DB,Moderate adversity,173,17.918995275906056,0.2512803849239127,-20.047561152335845,1.877285491505873
multiple_runs_DB_ModerateThreat_20260407_174756.csv,multiple_runs_DB_ModerateThreat_20260407_174756.csv,DB,Moderate adversity,174,53.76703855671797,-18.31741210806665,-19.616332624910186,-15.833293823741135
multiple_runs_DB_ModerateThreat_20260407_174756.csv,multiple_runs_DB_ModerateThreat_20260407_174756.csv,DB,Moderate adversity,175,20.505026049065734,15.379927515103311,-18.367167868801403,-17.51778569536765
multiple_runs_DB_ModerateThreat_20260407_174756.csv,multiple_runs_DB_ModerateThreat_20260407_174756.csv,DB,Moderate adversity,176,36.952262733086556,-18.14937014208531,-20.35862011149263,1.5557275204913807
multiple_runs_DB_ModerateThreat_20260407_174756.csv,multiple_runs_DB_ModerateThreat_20260407_174756.csv,DB,Moderate adversity,177,34.598011921989425,-18.119419552798416,-20.240938607817863,3.7623462386268542
multiple_runs_DB_ModerateThreat_20260407_174756.csv,multiple_runs_DB_ModerateThreat_20260407_174756.csv,DB,Moderate adversity,178,57.26850656677225,-20.309892516997223,-20.634012112902074,-16.32460193687296
multiple_runs_DB_ModerateThreat_20260407_174756.csv,multiple_runs_DB_ModerateThreat_20260407_174756.csv,DB,Moderate adversity,179,12.246721923531148,9.511303657958926,-15.121082785679757,-6.636942795810324
multiple_runs_DB_ModerateThreat_20260407_174756.csv,multiple_runs_DB_ModerateThreat_20260407_174756.csv,DB,Moderate adversity,180,59.477681393373636,-19.93989047701354,-19.547465805272534,-19.990325111087564
multiple_runs_DB_ModerateThreat_20260407_174756.csv,multiple_runs_DB_ModerateThreat_20260407_174756.csv,DB,Moderate adversity,181,3.4488729796968016,-16.730266379231548,-17.567689976812495,30.84908337634723
multiple_runs_DB_ModerateThreat_20260407_174756.csv,multiple_runs_DB_ModerateThreat_20260407_174756.csv,DB,Moderate adversity,182,48.96461062141869,-8.717887500710937,-19.96436009001804,-20.282363030689723
multiple_runs_DB_ModerateThreat_20260407_174756.csv,multiple_runs_DB_ModerateThreat_20260407_174756.csv,DB,Moderate adversity,183,59.12931197883642,-19.507406996582876,-19.092744443043433,-20.52916053921011
multiple_runs_DB_ModerateThreat_20260407_174756.csv,multiple_runs_DB_ModerateThreat_20260407_174756.csv,DB,Moderate adversity,184,10.728035928962846,-20.352539073669192,-19.070692510742866,28.695195655449204
multiple_runs_DB_ModerateThreat_20260407_174756.csv,multiple_runs_DB_ModerateThreat_20260407_174756.csv,DB,Moderate adversity,185,32.61206758791759,-0.5359568864927375,-18.378238745476448,-13.69787195594841
multiple_runs_DB_ModerateThreat_20260407_174756.csv,multiple_runs_DB_ModerateThreat_20260407_174756.csv,DB,Moderate adversity,186,35.414981728810105,-19.727497297555033,-20.271000267376202,4.583515836121123
multiple_runs_DB_ModerateThreat_20260407_174756.csv,multiple_runs_DB_ModerateThreat_20260407_174756.csv,DB,Moderate adversity,187,38.51250804333186,-17.382178795849846,-18.25240830858965,-2.877920938892373
multiple_runs_DB_ModerateThreat_20260407_174756.csv,multiple_runs_DB_ModerateThreat_20260407_174756.csv,DB,Moderate adversity,188,27.68999722082104,-8.227607876573046,-18.914491323613845,-0.547898020634161
multiple_runs_DB_ModerateThreat_20260407_174756.csv,multiple_runs_DB_ModerateThreat_20260407_174756.csv,DB,Moderate adversity,189,45.74802492351879,-20.216239662159147,-19.30673867017591,-6.2250465911837445
multiple_runs_DB_ModerateThreat_20260407_174756.csv,multiple_runs_DB_ModerateThreat_20260407_174756.csv,DB,Moderate adversity,190,34.23558120158372,-20.62371834556368,-19.929547279104277,6.317684423084231
multiple_runs_DB_ModerateThreat_20260407_174756.csv,multiple_runs_DB_ModerateThreat_20260407_174756.csv,DB,Moderate adversity,191,49.96426477598748,-16.162170193157834,-18.570603002197434,-15.231491580632216
multiple_runs_DB_ModerateThreat_20260407_174756.csv,multiple_runs_DB_ModerateThreat_20260407_174756.csv,DB,Moderate adversity,192,26.962630639795933,-2.3646812819391343,-18.832369290272297,-5.7655800675845015
multiple_runs_DB_ModerateThreat_20260407_174756.csv,multiple_runs_DB_ModerateThreat_20260407_174756.csv,DB,Moderate adversity,193,56.129467107659345,-19.023537093554893,-18.584119940610883,-18.521810073493583
multiple_runs_DB_ModerateThreat_20260407_174756.csv,multiple_runs_DB_ModerateThreat_20260407_174756.csv,DB,Moderate adversity,194,17.87758740841123,-10.635764383090208,-16.544184035273766,9.30236100995274
multiple_runs_DB_ModerateThreat_20260407_174756.csv,multiple_runs_DB_ModerateThreat_20260407_174756.csv,DB,Moderate adversity,195,30.435796812046505,-16.52122452981115,-17.929881821654185,4.01530953941883
multiple_runs_DB_ModerateThreat_20260407_174756.csv,multiple_runs_DB_ModerateThreat_20260407_174756.csv,DB,Moderate adversity,196,20.46809250270995,-10.622793200438187,-20.49861786980412,10.653318567532352
multiple_runs_DB_ModerateThreat_20260407_174756.csv,multiple_runs_DB_ModerateThreat_20260407_174756.csv,DB,Moderate adversity,197,26.44320877891066,6.668742385630875,-17.962902262268685,-15.149048902272847
multiple_runs_DB_ModerateThreat_20260407_174756.csv,multiple_runs_DB_ModerateThreat_20260407_174756.csv,DB,Moderate adversity,198,38.12585765668149,2.5967529477877775,-20.06056746968999,-20.662043134779275
multiple_runs_DB_ModerateThreat_20260407_174756.csv,multiple_runs_DB_ModerateThreat_20260407_174756.csv,DB,Moderate adversity,199,26.902363370456563,4.776923467441694,-20.25185015174758,-11.427436686150687
multiple_runs_DB_ModerateThreat_20260407_174756.csv,multiple_runs_DB_ModerateThreat_20260407_174756.csv,DB,Moderate adversity,200,46.19296135485313,-19.661427562819917,-19.971363254272184,-6.560170537761046
multiple_runs_NB_HighThreat_2_20260407_101013.csv,multiple_runs_NB_HighThreat_2_20260407_101013.csv,NB,ACE,1,-19.98723594028308,46.466801656546174,-19.5987532981984,-6.880812418064686
multiple_runs_NB_HighThreat_2_20260407_101013.csv,multiple_runs_NB_HighThreat_2_20260407_101013.csv,NB,ACE,2,-18.866852487891126,43.3472896868632,-17.143196715643015,-7.337240483329058
multiple_runs_NB_HighThreat_2_20260407_101013.csv,multiple_runs_NB_HighThreat_2_20260407_101013.csv,NB,ACE,3,-19.40334727029296,50.33317252435605,-15.774353889796112,-15.155471364266983
multiple_runs_NB_HighThreat_2_20260407_101013.csv,multiple_runs_NB_HighThreat_2_20260407_101013.csv,NB,ACE,4,-19.756383558893067,41.6280919791268,-17.94755702334621,-3.9241513968875346
multiple_runs_NB_HighThreat_2_20260407_101013.csv,multiple_runs_NB_HighThreat_2_20260407_101013.csv,NB,ACE,5,-20.458759788695456,51.63411970667352,-16.023921977348294,-15.151437940629776
multiple_runs_NB_HighThreat_2_20260407_101013.csv,multiple_runs_NB_HighThreat_2_20260407_101013.csv,NB,ACE,6,-19.434100903277077,44.143243494278316,-18.338733747856267,-6.370408843144983
multiple_runs_NB_HighThreat_2_20260407_101013.csv,multiple_runs_NB_HighThreat_2_20260407_101013.csv,NB,ACE,7,-20.395832343025354,3.9604898587651007,5.988419921673454,10.4469225625868
multiple_runs_NB_HighThreat_2_20260407_101013.csv,multiple_runs_NB_HighThreat_2_20260407_101013.csv,NB,ACE,8,-20.377656252237834,47.569168190473285,-19.42359994083057,-7.767911997404891
multiple_runs_NB_HighThreat_2_20260407_101013.csv,multiple_runs_NB_HighThreat_2_20260407_101013.csv,NB,ACE,9,-20.006198432745833,42.81222460198057,-16.094102712816706,-6.711923456418031
multiple_runs_NB_HighThreat_2_20260407_101013.csv,multiple_runs_NB_HighThreat_2_20260407_101013.csv,NB,ACE,10,-19.013646357822534,21.078849554884385,1.2559632218407053,-3.321166418902557
multiple_runs_NB_HighThreat_2_20260407_101013.csv,multiple_runs_NB_HighThreat_2_20260407_101013.csv,NB,ACE,11,-19.922303540334678,50.7247840910861,-11.425479063609217,-19.37700148714221
multiple_runs_NB_HighThreat_2_20260407_101013.csv,multiple_runs_NB_HighThreat_2_20260407_101013.csv,NB,ACE,12,-20.115196234512727,46.05590613565939,-19.64301132247996,-6.2976985786667115
multiple_runs_NB_HighThreat_2_20260407_101013.csv,multiple_runs_NB_HighThreat_2_20260407_101013.csv,NB,ACE,13,-19.79502117808136,48.42363972370794,-18.823955029211117,-9.804663516415472
multiple_runs_NB_HighThreat_2_20260407_101013.csv,multiple_runs_NB_HighThreat_2_20260407_101013.csv,NB,ACE,14,-17.8570483262245,45.6166959677308,-8.45088086000338,-19.30876678150292
multiple_runs_NB_HighThreat_2_20260407_101013.csv,multiple_runs_NB_HighThreat_2_20260407_101013.csv,NB,ACE,15,-19.251855918215192,-2.785053560779293,8.546029376343473,13.490880102651005
multiple_runs_NB_HighThreat_2_20260407_101013.csv,multiple_runs_NB_HighThreat_2_20260407_101013.csv,NB,ACE,16,-19.298761941067063,44.9343739148046,-19.654989178629283,-5.980622795108257
multiple_runs_NB_HighThreat_2_20260407_101013.csv,multiple_runs_NB_HighThreat_2_20260407_101013.csv,NB,ACE,17,-20.134948501748077,43.974222387414436,-18.302336872336905,-5.53693701332946
multiple_runs_NB_HighThreat_2_20260407_101013.csv,multiple_runs_NB_HighThreat_2_20260407_101013.csv,NB,ACE,18,-20.252282721458897,45.3250616760965,-18.156915566038087,-6.915863388599529
multiple_runs_NB_HighThreat_2_20260407_101013.csv,multiple_runs_NB_HighThreat_2_20260407_101013.csv,NB,ACE,19,-18.0377167995759,37.156547263679656,-16.438512018366247,-2.6803184457375124
multiple_runs_NB_HighThreat_2_20260407_101013.csv,multiple_runs_NB_HighThreat_2_20260407_101013.csv,NB,ACE,20,-19.194431481789476,36.94489638684031,-14.874087283209803,-2.8763776218410335
multiple_runs_NB_HighThreat_2_20260407_101013.csv,multiple_runs_NB_HighThreat_2_20260407_101013.csv,NB,ACE,21,-18.312888782064956,-5.947665596630763,17.146114736992214,7.114439641703505
multiple_runs_NB_HighThreat_2_20260407_101013.csv,multiple_runs_NB_HighThreat_2_20260407_101013.csv,NB,ACE,22,-17.076819886421593,-15.312130918542897,14.031994814361656,18.356955990602835
multiple_runs_NB_HighThreat_2_20260407_101013.csv,multiple_runs_NB_HighThreat_2_20260407_101013.csv,NB,ACE,23,-19.6854378016728,48.68691550853858,-11.445685619514022,-17.555792087351755
multiple_runs_NB_HighThreat_2_20260407_101013.csv,multiple_runs_NB_HighThreat_2_20260407_101013.csv,NB,ACE,24,-19.81021498527351,24.159286275026993,-16.50807421131438,12.159002921560898
multiple_runs_NB_HighThreat_2_20260407_101013.csv,multiple_runs_NB_HighThreat_2_20260407_101013.csv,NB,ACE,25,-21.040432798776386,27.244325939138754,-15.485392818418651,9.281499678056292
multiple_runs_NB_HighThreat_2_20260407_101013.csv,multiple_runs_NB_HighThreat_2_20260407_101013.csv,NB,ACE,26,-18.504735304846733,17.61301832376538,18.293145164598183,-17.401428183516842
multiple_runs_NB_HighThreat_2_20260407_101013.csv,multiple_runs_NB_HighThreat_2_20260407_101013.csv,NB,ACE,27,-19.23138026624987,35.72784867012438,-15.394805413416984,-1.1016629904575233
multiple_runs_NB_HighThreat_2_20260407_101013.csv,multiple_runs_NB_HighThreat_2_20260407_101013.csv,NB,ACE,28,-20.726161783573254,50.07454748440585,-18.09726932992126,-11.251116370911333
multiple_runs_NB_HighThreat_2_20260407_101013.csv,multiple_runs_NB_HighThreat_2_20260407_101013.csv,NB,ACE,29,-19.32262114216228,15.016169838007592,-7.9130535885994675,12.219504892754152
multiple_runs_NB_HighThreat_2_20260407_101013.csv,multiple_runs_NB_HighThreat_2_20260407_101013.csv,NB,ACE,30,-19.459193457781396,43.01572395499408,-18.278264805034382,-5.2782656921783015
multiple_runs_NB_HighThreat_2_20260407_101013.csv,multiple_runs_NB_HighThreat_2_20260407_101013.csv,NB,ACE,31,-19.397720065571736,35.2263259747118,-14.852107791031635,-0.9764981181084309
multiple_runs_NB_HighThreat_2_20260407_101013.csv,multiple_runs_NB_HighThreat_2_20260407_101013.csv,NB,ACE,32,-19.229068119296926,-16.851440184615882,15.960575130399977,20.119933173512827
multiple_runs_NB_HighThreat_2_20260407_101013.csv,multiple_runs_NB_HighThreat_2_20260407_101013.csv,NB,ACE,33,-21.312888782064956,47.294758645793486,-14.891764050886572,-11.090105812841953
multiple_runs_NB_HighThreat_2_20260407_101013.csv,multiple_runs_NB_HighThreat_2_20260407_101013.csv,NB,ACE,34,-20.776231890569356,17.581171158012438,11.779545822036209,-8.584485089479294
multiple_runs_NB_HighThreat_2_20260407_101013.csv,multiple_runs_NB_HighThreat_2_20260407_101013.csv,NB,ACE,35,-19.531106161221146,31.290008715645392,-19.94575958036408,8.18685702593983
multiple_runs_NB_HighThreat_2_20260407_101013.csv,multiple_runs_NB_HighThreat_2_20260407_101013.csv,NB,ACE,36,-17.96374517205178,55.89027906740085,-17.465215961295,-20.461317934054073
multiple_runs_NB_HighThreat_2_20260407_101013.csv,multiple_runs_NB_HighThreat_2_20260407_101013.csv,NB,ACE,37,-19.141514017469852,41.81641589626428,-17.15965482301463,-5.515247055779806
multiple_runs_NB_HighThreat_2_20260407_101013.csv,multiple_runs_NB_HighThreat_2_20260407_101013.csv,NB,ACE,38,-19.12138484235958,27.17108615521451,11.921099943632097,-19.970801256487036
multiple_runs_NB_HighThreat_2_20260407_101013.csv,multiple_runs_NB_HighThreat_2_20260407_101013.csv,NB,ACE,39,-19.029459479441797,11.909601895953422,10.917417011173573,-3.7975594276852007
multiple_runs_NB_HighThreat_2_20260407_101013.csv,multiple_runs_NB_HighThreat_2_20260407_101013.csv,NB,ACE,40,-19.638855632893687,42.73306435481742,-18.80566828661401,-4.288540435309724
multiple_runs_NB_HighThreat_2_20260407_101013.csv,multiple_runs_NB_HighThreat_2_20260407_101013.csv,NB,ACE,41,-18.07264854182472,-16.83036647933165,14.164041754919236,20.73897326623713
multiple_runs_NB_HighThreat_2_20260407_101013.csv,multiple_runs_NB_HighThreat_2_20260407_101013.csv,NB,ACE,42,-19.493511175391873,12.593764099755617,5.631254877570278,1.268492198065971
multiple_runs_NB_HighThreat_2_20260407_101013.csv,multiple_runs_NB_HighThreat_2_20260407_101013.csv,NB,ACE,43,-18.555944337620513,40.6732308680157,-17.85704182866435,-4.260244701730841
multiple_runs_NB_HighThreat_2_20260407_101013.csv,multiple_runs_NB_HighThreat_2_20260407_101013.csv,NB,ACE,44,-19.636043998349944,46.03860936674344,-17.850415450377664,-8.552149918015829
multiple_runs_NB_HighThreat_2_20260407_101013.csv,multiple_runs_NB_HighThreat_2_20260407_101013.csv,NB,ACE,45,-20.973620730630735,54.70919979317231,-20.227322903507737,-13.508256159033841
multiple_runs_NB_HighThreat_2_20260407_101013.csv,multiple_runs_NB_HighThreat_2_20260407_101013.csv,NB,ACE,46,-20.081219034683564,42.89118501671154,-18.875282227103455,-3.9346837549245137
multiple_runs_NB_HighThreat_2_20260407_101013.csv,multiple_runs_NB_HighThreat_2_20260407_101013.csv,NB,ACE,47,-18.442970082877963,-15.282477126564247,14.927341640170344,18.79810556927187
multiple_runs_NB_HighThreat_2_20260407_101013.csv,multiple_runs_NB_HighThreat_2_20260407_101013.csv,NB,ACE,48,-19.128970390225774,40.57798696862576,-18.584458320313512,-2.8645582580864755
multiple_runs_NB_HighThreat_2_20260407_101013.csv,multiple_runs_NB_HighThreat_2_20260407_101013.csv,NB,ACE,49,-19.922303540334678,37.46142531246014,-15.623952346051965,-1.9151694260735042
multiple_runs_NB_HighThreat_2_20260407_101013.csv,multiple_runs_NB_HighThreat_2_20260407_101013.csv,NB,ACE,50,-20.743828008584295,41.996416104357,-17.1482097230781,-4.104378372694622
multiple_runs_NB_HighThreat_2_20260407_101013.csv,multiple_runs_NB_HighThreat_2_20260407_101013.csv,NB,ACE,51,-18.868444337620513,50.33179568283051,-15.993615902738421,-15.469735442471583
multiple_runs_NB_HighThreat_2_20260407_101013.csv,multiple_runs_NB_HighThreat_2_20260407_101013.csv,NB,ACE,52,-18.293508937103717,38.042820661297355,-14.994477229181145,-4.754834495012496
multiple_runs_NB_HighThreat_2_20260407_101013.csv,multiple_runs_NB_HighThreat_2_20260407_101013.csv,NB,ACE,53,-19.71639755399478,42.579623349926685,-14.805605858796174,-8.05761993713574
multiple_runs_NB_HighThreat_2_20260407_101013.csv,multiple_runs_NB_HighThreat_2_20260407_101013.csv,NB,ACE,54,-18.66590982755036,-17.29926715189831,12.499444367307593,23.465732612141075
multiple_runs_NB_HighThreat_2_20260407_101013.csv,multiple_runs_NB_HighThreat_2_20260407_101013.csv,NB,ACE,55,-20.387718714037746,44.60428245531728,-17.83224024136276,-6.384323499916782
multiple_runs_NB_HighThreat_2_20260407_101013.csv,multiple_runs_NB_HighThreat_2_20260407_101013.csv,NB,ACE,56,-20.51282801026307,45.15285648839451,-20.417212242925466,-4.2228162352059755
multiple_runs_NB_HighThreat_2_20260407_101013.csv,multiple_runs_NB_HighThreat_2_20260407_101013.csv,NB,ACE,57,-20.42614038743565,43.35021690615542,-13.679125405235665,-9.244951113484102
multiple_runs_NB_HighThreat_2_20260407_101013.csv,multiple_runs_NB_HighThreat_2_20260407_101013.csv,NB,ACE,58,-19.55950124818962,-4.442368725480236,11.610268469438633,12.391601504231218
multiple_runs_NB_HighThreat_2_20260407_101013.csv,multiple_runs_NB_HighThreat_2_20260407_101013.csv,NB,ACE,59,-20.434100903277077,-14.564266387144599,12.37668127190658,22.6216860185151
multiple_runs_NB_HighThreat_2_20260407_101013.csv,multiple_runs_NB_HighThreat_2_20260407_101013.csv,NB,ACE,60,-19.53401089427618,26.364065576486546,-19.19951982646413,12.369465144253759
multiple_runs_NB_HighThreat_2_20260407_101013.csv,multiple_runs_NB_HighThreat_2_20260407_101013.csv,NB,ACE,61,-19.18116115791985,36.33519872905247,-11.951011746396533,-5.203025824736095
multiple_runs_NB_HighThreat_2_20260407_101013.csv,multiple_runs_NB_HighThreat_2_20260407_101013.csv,NB,ACE,62,-18.024668230686512,36.23962080118195,-18.960059790234943,0.7451072197395021
multiple_runs_NB_HighThreat_2_20260407_101013.csv,multiple_runs_NB_HighThreat_2_20260407_101013.csv,NB,ACE,63,-20.88904195874033,46.58892748826519,-19.230972057849147,-6.4689134716757195
multiple_runs_NB_HighThreat_2_20260407_101013.csv,multiple_runs_NB_HighThreat_2_20260407_101013.csv,NB,ACE,64,-18.38515617140552,38.466393695477315,-16.303010663352694,-3.778226860719098
multiple_runs_NB_HighThreat_2_20260407_101013.csv,multiple_runs_NB_HighThreat_2_20260407_101013.csv,NB,ACE,65,-20.576507184548728,53.87759804743052,-16.846392896497633,-16.45469796638415
multiple_runs_NB_HighThreat_2_20260407_101013.csv,multiple_runs_NB_HighThreat_2_20260407_101013.csv,NB,ACE,66,-20.44476264185125,48.065412802686886,-18.954769002671817,-8.66588115816382
multiple_runs_NB_HighThreat_2_20260407_101013.csv,multiple_runs_NB_HighThreat_2_20260407_101013.csv,NB,ACE,67,-18.53124429212978,19.178416100587064,18.42306024116392,-19.07023204962121
multiple_runs_NB_HighThreat_2_20260407_101013.csv,multiple_runs_NB_HighThreat_2_20260407_101013.csv,NB,ACE,68,-18.921863141039317,36.115271466306304,-17.763558922681444,0.5701505974144538
multiple_runs_NB_HighThreat_2_20260407_101013.csv,multiple_runs_NB_HighThreat_2_20260407_101013.csv,NB,ACE,69,-18.91894938812556,-9.98481124667964,9.335753055662789,19.568007579142403
multiple_runs_NB_HighThreat_2_20260407_101013.csv,multiple_runs_NB_HighThreat_2_20260407_101013.csv,NB,ACE,70,-18.804256643950747,4.64270021285855,1.2201217392860713,12.941434691806123
multiple_runs_NB_HighThreat_2_20260407_101013.csv,multiple_runs_NB_HighThreat_2_20260407_101013.csv,NB,ACE,71,-18.299981392584478,46.79104777131784,-16.068998642690378,-12.422067736042987
multiple_runs_NB_HighThreat_2_20260407_101013.csv,multiple_runs_NB_HighThreat_2_20260407_101013.csv,NB,ACE,72,-20.097096135892563,56.78782675911474,-17.1993288489577,-19.491401774264496
multiple_runs_NB_HighThreat_2_20260407_101013.csv,multiple_runs_NB_HighThreat_2_20260407_101013.csv,NB,ACE,73,-19.711065073858272,-0.6211481424537375,21.4281447637031,-1.0959315473910927
multiple_runs_NB_HighThreat_2_20260407_101013.csv,multiple_runs_NB_HighThreat_2_20260407_101013.csv,NB,ACE,74,-18.381617304401725,24.239775827924063,9.251706739491436,-15.109865263013774
multiple_runs_NB_HighThreat_2_20260407_101013.csv,multiple_runs_NB_HighThreat_2_20260407_101013.csv,NB,ACE,75,-20.318165826919838,46.20153085335725,-17.58723458738613,-8.296130439051275
multiple_runs_NB_HighThreat_2_20260407_101013.csv,multiple_runs_NB_HighThreat_2_20260407_101013.csv,NB,ACE,76,-19.949969649915055,33.14682965171063,-16.19797706863805,3.0011170668424647
multiple_runs_NB_HighThreat_2_20260407_101013.csv,multiple_runs_NB_HighThreat_2_20260407_101013.csv,NB,ACE,77,-20.445989624843218,58.57084117994052,-18.261932606539,-19.862918948558313
multiple_runs_NB_HighThreat_2_20260407_101013.csv,multiple_runs_NB_HighThreat_2_20260407_101013.csv,NB,ACE,78,-18.37294884212502,-8.92245857142374,16.065943656821137,11.229463756727618
multiple_runs_NB_HighThreat_2_20260407_101013.csv,multiple_runs_NB_HighThreat_2_20260407_101013.csv,NB,ACE,79,-17.474682154384645,14.532575409926025,-6.943908300399244,9.88601504485785
multiple_runs_NB_HighThreat_2_20260407_101013.csv,multiple_runs_NB_HighThreat_2_20260407_101013.csv,NB,ACE,80,-18.220112108771385,26.35307541186372,5.442397645601169,-13.57536094869351
multiple_runs_NB_HighThreat_2_20260407_101013.csv,multiple_runs_NB_HighThreat_2_20260407_101013.csv,NB,ACE,81,-19.560836236908962,51.80871595285422,-16.600713147766704,-15.64716656817857
multiple_runs_NB_HighThreat_2_20260407_101013.csv,multiple_runs_NB_HighThreat_2_20260407_101013.csv,NB,ACE,82,-19.137971290315782,-12.66233706377748,10.470447170235541,21.329861183857723
multiple_runs_NB_HighThreat_2_20260407_101013.csv,multiple_runs_NB_HighThreat_2_20260407_101013.csv,NB,ACE,83,-18.41437942589623,54.69501237240305,-17.077856661099066,-19.202776285407765
multiple_runs_NB_HighThreat_2_20260407_101013.csv,multiple_runs_NB_HighThreat_2_20260407_101013.csv,NB,ACE,84,-17.956805696011543,49.14540157358774,-15.875196296188252,-15.313399581387946
multiple_runs_NB_HighThreat_2_20260407_101013.csv,multiple_runs_NB_HighThreat_2_20260407_101013.csv,NB,ACE,85,-19.725464148128694,44.64273452865307,-18.42901641953429,-6.4882539609901
multiple_runs_NB_HighThreat_2_20260407_101013.csv,multiple_runs_NB_HighThreat_2_20260407_101013.csv,NB,ACE,86,-20.13815311150291,43.659255028653796,-15.208820255672325,-8.312281661478568
multiple_runs_NB_HighThreat_2_20260407_101013.csv,multiple_runs_NB_HighThreat_2_20260407_101013.csv,NB,ACE,87,-17.091976119629177,53.293247615270666,-18.538107357021353,-17.663164138620132
multiple_runs_NB_HighThreat_2_20260407_101013.csv,multiple_runs_NB_HighThreat_2_20260407_101013.csv,NB,ACE,88,-19.826883693006433,44.904173404063194,-12.475097384219904,-12.602192326836864
multiple_runs_NB_HighThreat_2_20260407_101013.csv,multiple_runs_NB_HighThreat_2_20260407_101013.csv,NB,ACE,89,-19.162380933496166,39.13501718688304,-15.833823145992756,-4.138813107394121
multiple_runs_NB_HighThreat_2_20260407_101013.csv,multiple_runs_NB_HighThreat_2_20260407_101013.csv,NB,ACE,90,-18.851150779470924,41.49839029300488,-17.873930069044807,-4.773309444489165
multiple_runs_NB_HighThreat_2_20260407_101013.csv,multiple_runs_NB_HighThreat_2_20260407_101013.csv,NB,ACE,91,-18.03239302211714,47.857707112851536,-15.0925142139655,-14.732799876768894
multiple_runs_NB_HighThreat_2_20260407_101013.csv,multiple_runs_NB_HighThreat_2_20260407_101013.csv,NB,ACE,92,-20.68805747302312,55.52822693189335,-17.201818031993184,-17.63835142687704
multiple_runs_NB_HighThreat_2_20260407_101013.csv,multiple_runs_NB_HighThreat_2_20260407_101013.csv,NB,ACE,93,-20.543326243556024,41.22759906477068,-18.78286078532896,-1.9014120358856985
multiple_runs_NB_HighThreat_2_20260407_101013.csv,multiple_runs_NB_HighThreat_2_20260407_101013.csv,NB,ACE,94,-20.539595812001046,0.693009570785069,18.41541724746526,1.4311689937507168
multiple_runs_NB_HighThreat_2_20260407_101013.csv,multiple_runs_NB_HighThreat_2_20260407_101013.csv,NB,ACE,95,-17.41907157776388,-18.28454242947534,14.339418744812352,21.36419526242686
multiple_runs_NB_HighThreat_2_20260407_101013.csv,multiple_runs_NB_HighThreat_2_20260407_101013.csv,NB,ACE,96,-18.927682249884363,54.02002281486168,-16.041379804969182,-19.050960760008138
multiple_runs_NB_HighThreat_2_20260407_101013.csv,multiple_runs_NB_HighThreat_2_20260407_101013.csv,NB,ACE,97,-18.84747997703351,41.75387814264882,-17.42792757289915,-5.478470592716164
multiple_runs_NB_HighThreat_2_20260407_101013.csv,multiple_runs_NB_HighThreat_2_20260407_101013.csv,NB,ACE,98,-19.607265156554433,38.67490316354403,-17.340790126915472,-1.726847880074125
multiple_runs_NB_HighThreat_2_20260407_101013.csv,multiple_runs_NB_HighThreat_2_20260407_101013.csv,NB,ACE,99,-19.020523791375943,31.944665535923825,-9.51885902295361,-3.4052827215942827
multiple_runs_NB_HighThreat_2_20260407_101013.csv,multiple_runs_NB_HighThreat_2_20260407_101013.csv,NB,ACE,100,-20.467065521253783,44.824439011090284,-17.481140897515633,-6.876232592320868
multiple_runs_NB_HighThreat_2_20260407_101013.csv,multiple_runs_NB_HighThreat_2_20260407_101013.csv,NB,ACE,101,-19.247071372298503,42.659332500813186,-18.332695200416445,-5.079565928098248
multiple_runs_NB_HighThreat_2_20260407_101013.csv,multiple_runs_NB_HighThreat_2_20260407_101013.csv,NB,ACE,102,-18.956610898062408,39.01496259735497,-17.13570923890442,-2.922642460388161
multiple_runs_NB_HighThreat_2_20260407_101013.csv,multiple_runs_NB_HighThreat_2_20260407_101013.csv,NB,ACE,103,-19.94937436221251,2.7280249100456544,7.620476056423964,9.600873395742887
multiple_runs_NB_HighThreat_2_20260407_101013.csv,multiple_runs_NB_HighThreat_2_20260407_101013.csv,NB,ACE,104,-20.88119479299392,52.19275500280623,-14.501509041779103,-16.810051168033212
multiple_runs_NB_HighThreat_2_20260407_101013.csv,multiple_runs_NB_HighThreat_2_20260407_101013.csv,NB,ACE,105,-20.213111216129146,46.839404340105524,-17.34878661205594,-9.27750651192044
multiple_runs_NB_HighThreat_2_20260407_101013.csv,multiple_runs_NB_HighThreat_2_20260407_101013.csv,NB,ACE,106,-19.692817097477143,43.95784108306946,-19.41954182866435,-4.845482156927975
multiple_runs_NB_HighThreat_2_20260407_101013.csv,multiple_runs_NB_HighThreat_2_20260407_101013.csv,NB,ACE,107,-18.504735304846733,12.474272177824993,3.801881033046282,2.2285820939754544
multiple_runs_NB_HighThreat_2_20260407_101013.csv,multiple_runs_NB_HighThreat_2_20260407_101013.csv,NB,ACE,108,-20.538906430798235,48.061339915363654,-18.655712243314696,-8.866721241250719
multiple_runs_NB_HighThreat_2_20260407_101013.csv,multiple_runs_NB_HighThreat_2_20260407_101013.csv,NB,ACE,109,-18.66590982755036,-17.70659912745839,14.841603226778059,21.530905728230685
multiple_runs_NB_HighThreat_2_20260407_101013.csv,multiple_runs_NB_HighThreat_2_20260407_101013.csv,NB,ACE,110,-19.773268611796457,-14.1348418781096,14.121169806349844,19.786940683556217
multiple_runs_NB_HighThreat_2_20260407_101013.csv,multiple_runs_NB_HighThreat_2_20260407_101013.csv,NB,ACE,111,-18.598698021014776,15.041186030306605,-2.94119907913516,6.498711069843324
multiple_runs_NB_HighThreat_2_20260407_101013.csv,multiple_runs_NB_HighThreat_2_20260407_101013.csv,NB,ACE,112,-19.44800834415081,52.48951520010059,-16.504915880330536,-16.536590975619248
multiple_runs_NB_HighThreat_2_20260407_101013.csv,multiple_runs_NB_HighThreat_2_20260407_101013.csv,NB,ACE,113,-18.657716368271853,41.149164776061674,-16.64176405088657,-5.8496843569032535
multiple_runs_NB_HighThreat_2_20260407_101013.csv,multiple_runs_NB_HighThreat_2_20260407_101013.csv,NB,ACE,114,-19.28770068916342,4.107647098524911,13.984667090755561,1.1953864998829395
multiple_runs_NB_HighThreat_2_20260407_101013.csv,multiple_runs_NB_HighThreat_2_20260407_101013.csv,NB,ACE,115,-18.89259892699249,1.3382369066630417,14.73504754331633,2.819314477013119
multiple_runs_NB_HighThreat_2_20260407_101013.csv,multiple_runs_NB_HighThreat_2_20260407_101013.csv,NB,ACE,116,-20.247412591588766,35.49713959817443,-8.546525955648477,-6.703201050937192
multiple_runs_NB_HighThreat_2_20260407_101013.csv,multiple_runs_NB_HighThreat_2_20260407_101013.csv,NB,ACE,117,-19.47148327399278,49.60529995633478,-14.908620651076504,-15.225196031265504
multiple_runs_NB_HighThreat_2_20260407_101013.csv,multiple_runs_NB_HighThreat_2_20260407_101013.csv,NB,ACE,118,-18.859121095325897,-12.205405882011723,15.794892744111788,15.269634233225837
multiple_runs_NB_HighThreat_2_20260407_101013.csv,multiple_runs_NB_HighThreat_2_20260407_101013.csv,NB,ACE,119,-19.68485015402633,46.58979694083177,-7.892180301302822,-19.012766485502624
multiple_runs_NB_HighThreat_2_20260407_101013.csv,multiple_runs_NB_HighThreat_2_20260407_101013.csv,NB,ACE,120,-21.248817411424245,34.8154399110003,-2.347360157942532,-11.219262341633518
multiple_runs_NB_HighThreat_2_20260407_101013.csv,multiple_runs_NB_HighThreat_2_20260407_101013.csv,NB,ACE,121,-19.310822056348982,38.114658261972984,-15.320535825318222,-3.483300380305785
multiple_runs_NB_HighThreat_2_20260407_101013.csv,multiple_runs_NB_HighThreat_2_20260407_101013.csv,NB,ACE,122,-20.021650865008517,54.381444021534044,-18.426921518925234,-15.932871637600295
multiple_runs_NB_HighThreat_2_20260407_101013.csv,multiple_runs_NB_HighThreat_2_20260407_101013.csv,NB,ACE,123,-19.498948366100933,44.270025649728275,-19.32585623750827,-5.445221046119073
multiple_runs_NB_HighThreat_2_20260407_101013.csv,multiple_runs_NB_HighThreat_2_20260407_101013.csv,NB,ACE,124,-19.78475025392643,40.24281059384543,-18.827911237033756,-1.6301491028852446
multiple_runs_NB_HighThreat_2_20260407_101013.csv,multiple_runs_NB_HighThreat_2_20260407_101013.csv,NB,ACE,125,-18.350767569943745,54.885667736702565,-18.725097384219904,-17.809802782538924
multiple_runs_NB_HighThreat_2_20260407_101013.csv,multiple_runs_NB_HighThreat_2_20260407_101013.csv,NB,ACE,126,-18.735130827857404,38.92217464341464,-13.913545198671287,-6.273498616885959
multiple_runs_NB_HighThreat_2_20260407_101013.csv,multiple_runs_NB_HighThreat_2_20260407_101013.csv,NB,ACE,127,-20.066260651043763,49.527899300899456,-14.955829561483874,-14.505809088371818
multiple_runs_NB_HighThreat_2_20260407_101013.csv,multiple_runs_NB_HighThreat_2_20260407_101013.csv,NB,ACE,128,-18.84928724949791,38.75452876073601,-16.545978610273544,-3.359262900964559
multiple_runs_NB_HighThreat_2_20260407_101013.csv,multiple_runs_NB_HighThreat_2_20260407_101013.csv,NB,ACE,129,-18.822839030821175,48.18903725275866,-19.098231712578112,-10.267966509359365
multiple_runs_NB_HighThreat_2_20260407_101013.csv,multiple_runs_NB_HighThreat_2_20260407_101013.csv,NB,ACE,130,-19.04654109466464,41.37290856604867,-17.128207432066795,-5.198160039317234
multiple_runs_NB_HighThreat_2_20260407_101013.csv,multiple_runs_NB_HighThreat_2_20260407_101013.csv,NB,ACE,131,-19.89788575726157,39.38973747216976,-17.261848745381428,-2.230002969526769
multiple_runs_NB_HighThreat_2_20260407_101013.csv,multiple_runs_NB_HighThreat_2_20260407_101013.csv,NB,ACE,132,-20.861908389908095,28.270248841871904,-6.44568561951402,-0.9626548324497968
multiple_runs_NB_HighThreat_2_20260407_101013.csv,multiple_runs_NB_HighThreat_2_20260407_101013.csv,NB,ACE,133,-19.89480968601976,41.15232629372688,-15.340842254871108,-5.916674352836004
multiple_runs_NB_HighThreat_2_20260407_101013.csv,multiple_runs_NB_HighThreat_2_20260407_101013.csv,NB,ACE,134,-20.319361273974344,32.04880395323684,5.121989994420872,-16.851432673683377
multiple_runs_NB_HighThreat_2_20260407_101013.csv,multiple_runs_NB_HighThreat_2_20260407_101013.csv,NB,ACE,135,-19.45746709531797,32.19034097511075,6.751810246302185,-19.484684126094965
multiple_runs_NB_HighThreat_2_20260407_101013.csv,multiple_runs_NB_HighThreat_2_20260407_101013.csv,NB,ACE,136,-18.572870211962822,25.379252610510285,-17.454206019317397,10.647823620769934
multiple_runs_NB_HighThreat_2_20260407_101013.csv,multiple_runs_NB_HighThreat_2_20260407_101013.csv,NB,ACE,137,-18.52473916273361,-17.590709742157532,13.952410063645043,22.1630388412461
multiple_runs_NB_HighThreat_2_20260407_101013.csv,multiple_runs_NB_HighThreat_2_20260407_101013.csv,NB,ACE,138,-19.556149168998036,57.54943673015757,-19.646838583078136,-18.346448978081405
multiple_runs_NB_HighThreat_2_20260407_101013.csv,multiple_runs_NB_HighThreat_2_20260407_101013.csv,NB,ACE,139,-21.247579197671403,42.39145075775276,-14.966615620012949,-6.177255940068417
multiple_runs_NB_HighThreat_2_20260407_101013.csv,multiple_runs_NB_HighThreat_2_20260407_101013.csv,NB,ACE,140,-19.798634396100045,44.698267417723294,-20.781018436851483,-4.118614584771777
multiple_runs_NB_HighThreat_2_20260407_101013.csv,multiple_runs_NB_HighThreat_2_20260407_101013.csv,NB,ACE,141,-19.32983793460733,42.098901771970496,-18.101274408702015,-4.667789428661159
multiple_runs_NB_HighThreat_2_20260407_101013.csv,multiple_runs_NB_HighThreat_2_20260407_101013.csv,NB,ACE,142,-18.903858237576245,-6.711881460448222,11.180281101835877,14.435458596188589
multiple_runs_NB_HighThreat_2_20260407_101013.csv,multiple_runs_NB_HighThreat_2_20260407_101013.csv,NB,ACE,143,-20.356684402502914,35.78867592073265,-9.160012226069052,-6.271979292160687
multiple_runs_NB_HighThreat_2_20260407_101013.csv,multiple_runs_NB_HighThreat_2_20260407_101013.csv,NB,ACE,144,-19.886509415430936,51.25917261902233,-17.041698755424605,-14.330964448166798
multiple_runs_NB_HighThreat_2_20260407_101013.csv,multiple_runs_NB_HighThreat_2_20260407_101013.csv,NB,ACE,145,-19.73420857901927,26.907279796385687,-1.0326269950490072,-6.14044422231742
multiple_runs_NB_HighThreat_2_20260407_101013.csv,multiple_runs_NB_HighThreat_2_20260407_101013.csv,NB,ACE,146,-19.391320154613975,41.726131194813085,-18.79862679598461,-3.5361842442145033
multiple_runs_NB_HighThreat_2_20260407_101013.csv,multiple_runs_NB_HighThreat_2_20260407_101013.csv,NB,ACE,147,-18.891731097434217,51.308730701681704,-14.296454669649044,-18.12054493459844
multiple_runs_NB_HighThreat_2_20260407_101013.csv,multiple_runs_NB_HighThreat_2_20260407_101013.csv,NB,ACE,148,-17.699861962141586,52.93077397146397,-18.365901981921052,-16.86501002740134
multiple_runs_NB_HighThreat_2_20260407_101013.csv,multiple_runs_NB_HighThreat_2_20260407_101013.csv,NB,ACE,149,-19.37883277483822,43.79611365934361,-19.103372000299398,-5.3139088842060005
multiple_runs_NB_HighThreat_2_20260407_101013.csv,multiple_runs_NB_HighThreat_2_20260407_101013.csv,NB,ACE,150,-18.96910248705915,29.839474092947952,-19.31307647829656,8.44270487240776
multiple_runs_NB_HighThreat_2_20260407_101013.csv,multiple_runs_NB_HighThreat_2_20260407_101013.csv,NB,ACE,151,-19.423999893176067,52.93077397146397,-17.50383301640381,-16.002941061884098
multiple_runs_NB_HighThreat_2_20260407_101013.csv,multiple_runs_NB_HighThreat_2_20260407_101013.csv,NB,ACE,152,-19.162380933496166,40.24305042788027,-17.034192490406422,-4.046477003977685
multiple_runs_NB_HighThreat_2_20260407_101013.csv,multiple_runs_NB_HighThreat_2_20260407_101013.csv,NB,ACE,153,-19.407490069831177,31.499315357036664,-14.499614471887066,2.407789184681576
multiple_runs_NB_HighThreat_2_20260407_101013.csv,multiple_runs_NB_HighThreat_2_20260407_101013.csv,NB,ACE,154,-19.0133933828367,37.82874499189025,-16.24847227291091,-2.5668793361426374
multiple_runs_NB_HighThreat_2_20260407_101013.csv,multiple_runs_NB_HighThreat_2_20260407_101013.csv,NB,ACE,155,-19.94542575589886,51.24128879368882,-14.224244141899085,-17.07161889589087
multiple_runs_NB_HighThreat_2_20260407_101013.csv,multiple_runs_NB_HighThreat_2_20260407_101013.csv,NB,ACE,156,-18.86898318878982,55.75676963835733,-17.60361338809963,-19.284173061467882
multiple_runs_NB_HighThreat_2_20260407_101013.csv,multiple_runs_NB_HighThreat_2_20260407_101013.csv,NB,ACE,157,-19.612323810313544,52.927527007375396,-14.617281941658698,-18.69792125540316
multiple_runs_NB_HighThreat_2_20260407_101013.csv,multiple_runs_NB_HighThreat_2_20260407_101013.csv,NB,ACE,158,-19.92610549732249,53.77580820847569,-18.366739755454113,-15.482962955699096
multiple_runs_NB_HighThreat_2_20260407_101013.csv,multiple_runs_NB_HighThreat_2_20260407_101013.csv,NB,ACE,159,-19.370440637162822,36.13583372613236,-16.649067585797468,-0.11632550317207091
multiple_runs_NB_HighThreat_2_20260407_101013.csv,multiple_runs_NB_HighThreat_2_20260407_101013.csv,NB,ACE,160,-19.04394176663907,4.740097344653304,7.117457947772049,7.1863864742137125
multiple_runs_NB_HighThreat_2_20260407_101013.csv,multiple_runs_NB_HighThreat_2_20260407_101013.csv,NB,ACE,161,-19.605106109524577,46.943804167085695,-15.19536170140052,-12.143336356160601
multiple_runs_NB_HighThreat_2_20260407_101013.csv,multiple_runs_NB_HighThreat_2_20260407_101013.csv,NB,ACE,162,-19.217473664345007,56.93168553550847,-17.261342737379756,-20.45286913378371
multiple_runs_NB_HighThreat_2_20260407_101013.csv,multiple_runs_NB_HighThreat_2_20260407_101013.csv,NB,ACE,163,-20.282715141302077,47.63435443287005,-18.057932567823663,-9.293706723744315
multiple_runs_NB_HighThreat_2_20260407_101013.csv,multiple_runs_NB_HighThreat_2_20260407_101013.csv,NB,ACE,164,-18.808956537660844,43.01950153750551,-7.642973972241684,-16.567571027602995
multiple_runs_NB_HighThreat_2_20260407_101013.csv,multiple_runs_NB_HighThreat_2_20260407_101013.csv,NB,ACE,165,-19.47230907192003,9.937270723088162,-4.202150524316522,13.737188873148384
multiple_runs_NB_HighThreat_2_20260407_101013.csv,multiple_runs_NB_HighThreat_2_20260407_101013.csv,NB,ACE,166,-20.1090891274881,16.101321685517135,19.377234221997714,-15.369466780026753
multiple_runs_NB_HighThreat_2_20260407_101013.csv,multiple_runs_NB_HighThreat_2_20260407_101013.csv,NB,ACE,167,-20.529293668626913,44.15863299134322,-15.900053754202453,-7.7292855685138555
multiple_runs_NB_HighThreat_2_20260407_101013.csv,multiple_runs_NB_HighThreat_2_20260407_101013.csv,NB,ACE,168,-19.49282978501481,39.82868194962828,-19.48837172050309,-0.8474804441103885
multiple_runs_NB_HighThreat_2_20260407_101013.csv,multiple_runs_NB_HighThreat_2_20260407_101013.csv,NB,ACE,169,-18.963776356029456,5.927894740468034,13.190583089152877,-0.1547014735914587
multiple_runs_NB_HighThreat_2_20260407_101013.csv,multiple_runs_NB_HighThreat_2_20260407_101013.csv,NB,ACE,170,-17.73749195666813,24.2669808680157,4.4891883300658115,-11.01867724141338
multiple_runs_NB_HighThreat_2_20260407_101013.csv,multiple_runs_NB_HighThreat_2_20260407_101013.csv,NB,ACE,171,-19.528259648910357,40.46634041523048,-14.787429823898188,-6.150650942421937
multiple_runs_NB_HighThreat_2_20260407_101013.csv,multiple_runs_NB_HighThreat_2_20260407_101013.csv,NB,ACE,172,-18.60948467016742,-11.48953525376837,14.660898571290712,15.43812135264507
multiple_runs_NB_HighThreat_2_20260407_101013.csv,multiple_runs_NB_HighThreat_2_20260407_101013.csv,NB,ACE,173,-19.664240133416307,38.1145784656133,-12.54266495178747,-5.90767338040952
multiple_runs_NB_HighThreat_2_20260407_101013.csv,multiple_runs_NB_HighThreat_2_20260407_101013.csv,NB,ACE,174,-17.980514221502478,38.81569185129044,-17.11316066322278,-3.7220169665651888
multiple_runs_NB_HighThreat_2_20260407_101013.csv,multiple_runs_NB_HighThreat_2_20260407_101013.csv,NB,ACE,175,-19.93682040599658,33.166553517588355,-16.51355892268144,3.2838258110896703
multiple_runs_NB_HighThreat_2_20260407_101013.csv,multiple_runs_NB_HighThreat_2_20260407_101013.csv,NB,ACE,176,-19.539140940959605,56.22221978568985,-16.771297729643045,-19.9117811150872
multiple_runs_NB_HighThreat_2_20260407_101013.csv,multiple_runs_NB_HighThreat_2_20260407_101013.csv,NB,ACE,177,-20.024154061219235,22.33506257707858,-0.19809044665796094,-2.112818069201385
multiple_runs_NB_HighThreat_2_20260407_101013.csv,multiple_runs_NB_HighThreat_2_20260407_101013.csv,NB,ACE,178,-17.720720682733536,35.70641098581258,-14.277867202749034,-3.707823100330014
multiple_runs_NB_HighThreat_2_20260407_101013.csv,multiple_runs_NB_HighThreat_2_20260407_101013.csv,NB,ACE,179,-19.593376586943005,-17.51824948428782,16.183439201145948,20.92818687008488
multiple_runs_NB_HighThreat_2_20260407_101013.csv,multiple_runs_NB_HighThreat_2_20260407_101013.csv,NB,ACE,180,-20.785476501363203,56.04695162824961,-18.313913173693585,-16.94756195319283
multiple_runs_NB_HighThreat_2_20260407_101013.csv,multiple_runs_NB_HighThreat_2_20260407_101013.csv,NB,ACE,181,-20.406647769697976,34.49550641686049,-9.875873915712571,-4.21298473144995
multiple_runs_NB_HighThreat_2_20260407_101013.csv,multiple_runs_NB_HighThreat_2_20260407_101013.csv,NB,ACE,182,-19.750797278796984,55.91380626484109,-17.225330810923918,-18.937678175120197
multiple_runs_NB_HighThreat_2_20260407_101013.csv,multiple_runs_NB_HighThreat_2_20260407_101013.csv,NB,ACE,183,-19.809927015775244,44.34753193604657,-19.24004084140892,-5.297564078862418
multiple_runs_NB_HighThreat_2_20260407_101013.csv,multiple_runs_NB_HighThreat_2_20260407_101013.csv,NB,ACE,184,-19.423999893176067,40.170897079308965,-17.598048203892034,-3.1488489822408603
multiple_runs_NB_HighThreat_2_20260407_101013.csv,multiple_runs_NB_HighThreat_2_20260407_101013.csv,NB,ACE,185,-17.998423373259925,35.71614229359221,-15.258116252144431,-2.4596026681878627
multiple_runs_NB_HighThreat_2_20260407_101013.csv,multiple_runs_NB_HighThreat_2_20260407_101013.csv,NB,ACE,186,-18.42849571848114,12.051984079319489,0.8437850820614088,5.5327265571002435
multiple_runs_NB_HighThreat_2_20260407_101013.csv,multiple_runs_NB_HighThreat_2_20260407_101013.csv,NB,ACE,187,-19.504051125965052,-1.1192663301911523,19.981674950074048,0.6416425060821602
multiple_runs_NB_HighThreat_2_20260407_101013.csv,multiple_runs_NB_HighThreat_2_20260407_101013.csv,NB,ACE,188,-20.594426754737345,44.456182223804284,-14.393591187842402,-9.46816428122454
multiple_runs_NB_HighThreat_2_20260407_101013.csv,multiple_runs_NB_HighThreat_2_20260407_101013.csv,NB,ACE,189,-20.208183679347925,-0.0882764768042712,16.376791283772146,3.919668872380047
multiple_runs_NB_HighThreat_2_20260407_101013.csv,multiple_runs_NB_HighThreat_2_20260407_101013.csv,NB,ACE,190,-19.622412591588766,34.17195162824961,-10.689383098505619,-3.8601559381552377
multiple_runs_NB_HighThreat_2_20260407_101013.csv,multiple_runs_NB_HighThreat_2_20260407_101013.csv,NB,ACE,191,-20.02573512967201,33.48367552236779,-15.571235083632162,2.1132946909363852
multiple_runs_NB_HighThreat_2_20260407_101013.csv,multiple_runs_NB_HighThreat_2_20260407_101013.csv,NB,ACE,192,-19.697223936891916,32.33847449278801,-15.047957129210795,2.4067065733146933
multiple_runs_NB_HighThreat_2_20260407_101013.csv,multiple_runs_NB_HighThreat_2_20260407_101013.csv,NB,ACE,193,-18.53104726778841,42.52639162622338,-8.516964564200652,-15.478379794234318
multiple_runs_NB_HighThreat_2_20260407_101013.csv,multiple_runs_NB_HighThreat_2_20260407_101013.csv,NB,ACE,194,-18.824156861446053,7.554765373005047,11.553661445245279,-0.28426995680428035
multiple_runs_NB_HighThreat_2_20260407_101013.csv,multiple_runs_NB_HighThreat_2_20260407_101013.csv,NB,ACE,195,-18.916032830829796,18.84977949917814,0.2414569949908767,-0.1752036633392251
multiple_runs_NB_HighThreat_2_20260407_101013.csv,multiple_runs_NB_HighThreat_2_20260407_101013.csv,NB,ACE,196,-17.829796994625344,34.86480695497222,-18.40504907504116,1.3700391146942792
multiple_runs_NB_HighThreat_2_20260407_101013.csv,multiple_runs_NB_HighThreat_2_20260407_101013.csv,NB,ACE,197,-20.409662975613344,43.420206674467316,-16.910581255187644,-6.099962443666325
multiple_runs_NB_HighThreat_2_20260407_101013.csv,multiple_runs_NB_HighThreat_2_20260407_101013.csv,NB,ACE,198,-19.051469928809368,10.04402978281972,12.828595521513815,-3.821155375524171
multiple_runs_NB_HighThreat_2_20260407_101013.csv,multiple_runs_NB_HighThreat_2_20260407_101013.csv,NB,ACE,199,-18.84928724949791,24.386712668781982,-5.530652939775457,-0.006772479508619256
multiple_runs_NB_HighThreat_2_20260407_101013.csv,multiple_runs_NB_HighThreat_2_20260407_101013.csv,NB,ACE,200,-20.238176138386798,57.54763220901187,-16.78544221180611,-20.524013858818964
multiple_runs_NB_LowThreat_2_20260407_130133.csv,multiple_runs_NB_LowThreat_2_20260407_130133.csv,NB,No ACE,1,-18.209729529969536,-10.531804861621096,5.875966445567329,22.865567946023297
multiple_runs_NB_LowThreat_2_20260407_130133.csv,multiple_runs_NB_LowThreat_2_20260407_130133.csv,NB,No ACE,2,-15.642206051141264,9.097971497199104,21.5108463908805,-14.966611836938338
multiple_runs_NB_LowThreat_2_20260407_130133.csv,multiple_runs_NB_LowThreat_2_20260407_130133.csv,NB,No ACE,3,-18.606126364351013,-14.62564829615745,14.701742831219956,18.53003182928851
multiple_runs_NB_LowThreat_2_20260407_130133.csv,multiple_runs_NB_LowThreat_2_20260407_130133.csv,NB,No ACE,4,-11.547942017118192,14.109664460699292,-18.34119075031327,15.779468306732163
multiple_runs_NB_LowThreat_2_20260407_130133.csv,multiple_runs_NB_LowThreat_2_20260407_130133.csv,NB,No ACE,5,-18.111423580599755,-0.13014977911494796,-3.8212512303737505,22.062824590088447
multiple_runs_NB_LowThreat_2_20260407_130133.csv,multiple_runs_NB_LowThreat_2_20260407_130133.csv,NB,No ACE,6,-19.437785390832534,19.79186369128562,-12.981714423095008,12.627636122641917
multiple_runs_NB_LowThreat_2_20260407_130133.csv,multiple_runs_NB_LowThreat_2_20260407_130133.csv,NB,No ACE,7,-17.487698771207192,-12.877879790688608,4.449441160839815,25.916137401055984
multiple_runs_NB_LowThreat_2_20260407_130133.csv,multiple_runs_NB_LowThreat_2_20260407_130133.csv,NB,No ACE,8,-19.908898757127304,-5.836579675071029,-17.826302704253155,43.571781136451484
multiple_runs_NB_LowThreat_2_20260407_130133.csv,multiple_runs_NB_LowThreat_2_20260407_130133.csv,NB,No ACE,9,-17.0806612939133,0.07990872478241684,11.43880466949258,5.561947899638298
multiple_runs_NB_LowThreat_2_20260407_130133.csv,multiple_runs_NB_LowThreat_2_20260407_130133.csv,NB,No ACE,10,-18.84747997703351,-8.607757077476965,16.0626384648367,11.392598589673774
multiple_runs_NB_LowThreat_2_20260407_130133.csv,multiple_runs_NB_LowThreat_2_20260407_130133.csv,NB,No ACE,11,-17.685003278833193,-1.2158600060994118,3.279750261209461,15.621113023723147
multiple_runs_NB_LowThreat_2_20260407_130133.csv,multiple_runs_NB_LowThreat_2_20260407_130133.csv,NB,No ACE,12,-18.39110779530202,8.084168994770614,-10.985927709129651,21.292866509661053
multiple_runs_NB_LowThreat_2_20260407_130133.csv,multiple_runs_NB_LowThreat_2_20260407_130133.csv,NB,No ACE,13,-19.15431273028502,2.388609778479559,0.6721518067186061,16.09355114508685
multiple_runs_NB_LowThreat_2_20260407_130133.csv,multiple_runs_NB_LowThreat_2_20260407_130133.csv,NB,No ACE,14,-20.62079601872324,25.003336460825615,1.1774591958303908,-5.5599996379327585
multiple_runs_NB_LowThreat_2_20260407_130133.csv,multiple_runs_NB_LowThreat_2_20260407_130133.csv,NB,No ACE,15,-17.805830297478384,-2.912386269216608,11.930693454155207,8.78752311253978
multiple_runs_NB_LowThreat_2_20260407_130133.csv,multiple_runs_NB_LowThreat_2_20260407_130133.csv,NB,No ACE,16,-19.1665815649911,-6.5044550582222485,8.554809945181947,17.116226678031396
multiple_runs_NB_LowThreat_2_20260407_130133.csv,multiple_runs_NB_LowThreat_2_20260407_130133.csv,NB,No ACE,17,-18.08866127317789,-11.420855245374147,12.760751672383872,16.748764846168164
multiple_runs_NB_LowThreat_2_20260407_130133.csv,multiple_runs_NB_LowThreat_2_20260407_130133.csv,NB,No ACE,18,-18.832014465125066,-17.989394359671003,18.795394419058784,18.02601440573728
multiple_runs_NB_LowThreat_2_20260407_130133.csv,multiple_runs_NB_LowThreat_2_20260407_130133.csv,NB,No ACE,19,-18.809889638962986,8.723207660360742,-6.89454896948126,16.9812309480835
multiple_runs_NB_LowThreat_2_20260407_130133.csv,multiple_runs_NB_LowThreat_2_20260407_130133.csv,NB,No ACE,20,-19.726099227533467,9.339305496791944,-11.703207983298244,22.090001714039765
multiple_runs_NB_LowThreat_2_20260407_130133.csv,multiple_runs_NB_LowThreat_2_20260407_130133.csv,NB,No ACE,21,-16.903330403359572,14.616597726253246,-17.806313355181793,20.093046032288115
multiple_runs_NB_LowThreat_2_20260407_130133.csv,multiple_runs_NB_LowThreat_2_20260407_130133.csv,NB,No ACE,22,-16.989647963449876,-17.805605806126906,13.376458545132497,21.41879522444428
multiple_runs_NB_LowThreat_2_20260407_130133.csv,multiple_runs_NB_LowThreat_2_20260407_130133.csv,NB,No ACE,23,-19.387983325554963,11.671311860272134,-5.850299977412771,13.566971442695596
multiple_runs_NB_LowThreat_2_20260407_130133.csv,multiple_runs_NB_LowThreat_2_20260407_130133.csv,NB,No ACE,24,-17.61291700673332,-4.378117447912423,3.8140643431298002,18.176970111515935
multiple_runs_NB_LowThreat_2_20260407_130133.csv,multiple_runs_NB_LowThreat_2_20260407_130133.csv,NB,No ACE,25,-19.428405567684834,4.858332528954989,1.5911199036468702,12.978953135082975
multiple_runs_NB_LowThreat_2_20260407_130133.csv,multiple_runs_NB_LowThreat_2_20260407_130133.csv,NB,No ACE,26,-20.83245059740142,23.23998556285138,-15.820167806755114,13.412632841305154
multiple_runs_NB_LowThreat_2_20260407_130133.csv,multiple_runs_NB_LowThreat_2_20260407_130133.csv,NB,No ACE,27,-18.602230382301155,11.985340281459258,-6.728861777488284,13.345751878330177
multiple_runs_NB_LowThreat_2_20260407_130133.csv,multiple_runs_NB_LowThreat_2_20260407_130133.csv,NB,No ACE,28,-18.6225872335727,14.24422889844221,-12.179661361400017,16.5580196965305
multiple_runs_NB_LowThreat_2_20260407_130133.csv,multiple_runs_NB_LowThreat_2_20260407_130133.csv,NB,No ACE,29,-18.866347901561813,-16.132914310181366,-20.069437006861413,55.068699218604586
multiple_runs_NB_LowThreat_2_20260407_130133.csv,multiple_runs_NB_LowThreat_2_20260407_130133.csv,NB,No ACE,30,-12.983691953385192,24.49606853893377,2.7394837946839203,-14.251860380232507
multiple_runs_NB_LowThreat_2_20260407_130133.csv,multiple_runs_NB_LowThreat_2_20260407_130133.csv,NB,No ACE,31,-17.21424052207071,7.83459183532468,-18.590282888965373,27.969931575711392
multiple_runs_NB_LowThreat_2_20260407_130133.csv,multiple_runs_NB_LowThreat_2_20260407_130133.csv,NB,No ACE,32,-0.6672218196278088,-16.69784709215388,-17.610412379783348,34.975481291565025
multiple_runs_NB_LowThreat_2_20260407_130133.csv,multiple_runs_NB_LowThreat_2_20260407_130133.csv,NB,No ACE,33,-18.318439711845695,-1.641405661728033,4.000756071233884,15.95908930233984
multiple_runs_NB_LowThreat_2_20260407_130133.csv,multiple_runs_NB_LowThreat_2_20260407_130133.csv,NB,No ACE,34,-19.443527329223713,5.27776977643202,-6.961037630265597,21.126795183057283
multiple_runs_NB_LowThreat_2_20260407_130133.csv,multiple_runs_NB_LowThreat_2_20260407_130133.csv,NB,No ACE,35,-16.54582050897259,-8.727175243610294,-8.66369794029034,33.93669369287321
multiple_runs_NB_LowThreat_2_20260407_130133.csv,multiple_runs_NB_LowThreat_2_20260407_130133.csv,NB,No ACE,36,-17.98111065868497,27.138719247141324,-18.676497073177913,9.51888848472155
multiple_runs_NB_LowThreat_2_20260407_130133.csv,multiple_runs_NB_LowThreat_2_20260407_130133.csv,NB,No ACE,37,-16.975602879561663,-14.07019524089954,10.795653603922386,20.25014451653881
multiple_runs_NB_LowThreat_2_20260407_130133.csv,multiple_runs_NB_LowThreat_2_20260407_130133.csv,NB,No ACE,38,-17.49097097384578,7.290192435747812,-9.906604233534972,20.107382771632935
multiple_runs_NB_LowThreat_2_20260407_130133.csv,multiple_runs_NB_LowThreat_2_20260407_130133.csv,NB,No ACE,39,-19.887369320549006,-3.265089173931429,-3.1138155580566043,26.266274052537035
multiple_runs_NB_LowThreat_2_20260407_130133.csv,multiple_runs_NB_LowThreat_2_20260407_130133.csv,NB,No ACE,40,-18.901124076182604,-9.254260962049662,4.534706537348725,23.620678500883535
multiple_runs_NB_LowThreat_2_20260407_130133.csv,multiple_runs_NB_LowThreat_2_20260407_130133.csv,NB,No ACE,41,-19.907704223034244,16.381543655655413,-14.915925786586767,18.4420863539656
multiple_runs_NB_LowThreat_2_20260407_130133.csv,multiple_runs_NB_LowThreat_2_20260407_130133.csv,NB,No ACE,42,-18.719895479643526,4.1731718348712725,-13.151295220386828,27.698018865159078
multiple_runs_NB_LowThreat_2_20260407_130133.csv,multiple_runs_NB_LowThreat_2_20260407_130133.csv,NB,No ACE,43,-18.636564062670544,-18.304040623326856,21.618481315858407,15.32212337013899
multiple_runs_NB_LowThreat_2_20260407_130133.csv,multiple_runs_NB_LowThreat_2_20260407_130133.csv,NB,No ACE,44,-18.301618001563405,11.478754137481275,-12.71812358878457,19.540987452866702
multiple_runs_NB_LowThreat_2_20260407_130133.csv,multiple_runs_NB_LowThreat_2_20260407_130133.csv,NB,No ACE,45,-19.97185128848509,6.548482323245967,-17.5791035475481,31.002472512787214
multiple_runs_NB_LowThreat_2_20260407_130133.csv,multiple_runs_NB_LowThreat_2_20260407_130133.csv,NB,No ACE,46,-18.691345841744724,-1.8071336395049222,1.6624572009329341,18.836022280316705
multiple_runs_NB_LowThreat_2_20260407_130133.csv,multiple_runs_NB_LowThreat_2_20260407_130133.csv,NB,No ACE,47,-7.1738000530481685,-2.46663224149669,-17.331212492133574,26.971644786678432
multiple_runs_NB_LowThreat_2_20260407_130133.csv,multiple_runs_NB_LowThreat_2_20260407_130133.csv,NB,No ACE,48,-18.850523190667108,-19.55470371979792,20.83135422868332,17.5738726817817
multiple_runs_NB_LowThreat_2_20260407_130133.csv,multiple_runs_NB_LowThreat_2_20260407_130133.csv,NB,No ACE,49,-19.423999893176067,8.961425312460143,3.395272986150463,7.06730159456545
multiple_runs_NB_LowThreat_2_20260407_130133.csv,multiple_runs_NB_LowThreat_2_20260407_130133.csv,NB,No ACE,50,-17.7630606033708,-0.7258599109075554,5.007720485195904,13.481200029082451
multiple_runs_NB_LowThreat_2_20260407_130133.csv,multiple_runs_NB_LowThreat_2_20260407_130133.csv,NB,No ACE,51,-18.901124076182604,-13.273868805186916,9.73078496872127,22.44420791264824
multiple_runs_NB_LowThreat_2_20260407_130133.csv,multiple_runs_NB_LowThreat_2_20260407_130133.csv,NB,No ACE,52,-18.671577712182458,4.460497668675355,-11.895320018728253,26.106400062235345
multiple_runs_NB_LowThreat_2_20260407_130133.csv,multiple_runs_NB_LowThreat_2_20260407_130133.csv,NB,No ACE,53,-18.771501757456456,13.132566252057458,10.763157649337142,-5.124222143938148
multiple_runs_NB_LowThreat_2_20260407_130133.csv,multiple_runs_NB_LowThreat_2_20260407_130133.csv,NB,No ACE,54,-18.422178399551296,5.198219483680543,-3.9368460180996827,17.160804933970432
multiple_runs_NB_LowThreat_2_20260407_130133.csv,multiple_runs_NB_LowThreat_2_20260407_130133.csv,NB,No ACE,55,-17.14976821468907,13.940148716715463,-15.61339525656033,18.823014754533936
multiple_runs_NB_LowThreat_2_20260407_130133.csv,multiple_runs_NB_LowThreat_2_20260407_130133.csv,NB,No ACE,56,-18.94858560358085,-5.315673302046786,9.662229429146027,14.602029476481597
multiple_runs_NB_LowThreat_2_20260407_130133.csv,multiple_runs_NB_LowThreat_2_20260407_130133.csv,NB,No ACE,57,-20.073586519868172,-5.578231269714834,7.322531397464477,18.329286392118526
multiple_runs_NB_LowThreat_2_20260407_130133.csv,multiple_runs_NB_LowThreat_2_20260407_130133.csv,NB,No ACE,58,-19.193717797608997,9.071960718332335,-6.926738144150821,17.048495223427473
multiple_runs_NB_LowThreat_2_20260407_130133.csv,multiple_runs_NB_LowThreat_2_20260407_130133.csv,NB,No ACE,59,-17.23701813529879,-12.258723941271201,-6.1318138021303525,35.627555878700335
multiple_runs_NB_LowThreat_2_20260407_130133.csv,multiple_runs_NB_LowThreat_2_20260407_130133.csv,NB,No ACE,60,-20.411449136439266,-8.593391963287367,-16.088054194851132,45.092895294577765
multiple_runs_NB_LowThreat_2_20260407_130133.csv,multiple_runs_NB_LowThreat_2_20260407_130133.csv,NB,No ACE,61,-19.465152156550552,-11.787545880955495,26.05370920014224,5.198988837363807
multiple_runs_NB_LowThreat_2_20260407_130133.csv,multiple_runs_NB_LowThreat_2_20260407_130133.csv,NB,No ACE,62,-19.330700486899563,5.953791724673884,1.8187957455510855,11.55811301667459
multiple_runs_NB_LowThreat_2_20260407_130133.csv,multiple_runs_NB_LowThreat_2_20260407_130133.csv,NB,No ACE,63,-18.19541447956863,16.0186940349271,-18.71959077629039,20.896311220931906
multiple_runs_NB_LowThreat_2_20260407_130133.csv,multiple_runs_NB_LowThreat_2_20260407_130133.csv,NB,No ACE,64,-19.235035418497308,2.550238615559163,2.538130129007609,14.146666673930532
multiple_runs_NB_LowThreat_2_20260407_130133.csv,multiple_runs_NB_LowThreat_2_20260407_130133.csv,NB,No ACE,65,-19.728590197766373,1.1390314900663192,-16.48088889001141,35.07044759771146
multiple_runs_NB_LowThreat_2_20260407_130133.csv,multiple_runs_NB_LowThreat_2_20260407_130133.csv,NB,No ACE,66,-17.942518411694586,13.942906793941624,-10.90102331014583,14.900634927898786
multiple_runs_NB_LowThreat_2_20260407_130133.csv,multiple_runs_NB_LowThreat_2_20260407_130133.csv,NB,No ACE,67,-19.423999893176067,8.294758645793472,-10.958003367125887,22.08724461450847
multiple_runs_NB_LowThreat_2_20260407_130133.csv,multiple_runs_NB_LowThreat_2_20260407_130133.csv,NB,No ACE,68,-18.272238375560892,8.410902664376522,-9.469870903383667,19.33120661456804
multiple_runs_NB_LowThreat_2_20260407_130133.csv,multiple_runs_NB_LowThreat_2_20260407_130133.csv,NB,No ACE,69,-18.811475263689218,-18.716292497871393,20.514493980467837,17.01327378109277
multiple_runs_NB_LowThreat_2_20260407_130133.csv,multiple_runs_NB_LowThreat_2_20260407_130133.csv,NB,No ACE,70,-19.39056146764822,6.173807083741309,-18.26830460691982,31.485058990826722
multiple_runs_NB_LowThreat_2_20260407_130133.csv,multiple_runs_NB_LowThreat_2_20260407_130133.csv,NB,No ACE,71,-19.88062089774228,-19.939640136550512,27.07969713632804,12.74056389796474
multiple_runs_NB_LowThreat_2_20260407_130133.csv,multiple_runs_NB_LowThreat_2_20260407_130133.csv,NB,No ACE,72,-19.906026036966917,4.005542959518969,-1.8868620901022553,17.7873451675502
multiple_runs_NB_LowThreat_2_20260407_130133.csv,multiple_runs_NB_LowThreat_2_20260407_130133.csv,NB,No ACE,73,-19.284289176542273,-19.047450427184828,24.43318663944874,13.898552964278359
multiple_runs_NB_LowThreat_2_20260407_130133.csv,multiple_runs_NB_LowThreat_2_20260407_130133.csv,NB,No ACE,74,-18.660170307826412,20.136489360282518,-14.642048707874899,13.165729655418794
multiple_runs_NB_LowThreat_2_20260407_130133.csv,multiple_runs_NB_LowThreat_2_20260407_130133.csv,NB,No ACE,75,-19.180052548980175,12.658194160844573,-8.405089099215761,14.926947487351363
multiple_runs_NB_LowThreat_2_20260407_130133.csv,multiple_runs_NB_LowThreat_2_20260407_130133.csv,NB,No ACE,76,-20.092337403618842,-20.3017325822767,14.573774796231223,25.820295189664314
multiple_runs_NB_LowThreat_2_20260407_130133.csv,multiple_runs_NB_LowThreat_2_20260407_130133.csv,NB,No ACE,77,-20.150895012594553,-1.0510357467298874,5.632379251294115,15.569551508030322
multiple_runs_NB_LowThreat_2_20260407_130133.csv,multiple_runs_NB_LowThreat_2_20260407_130133.csv,NB,No ACE,78,-19.147651503620132,17.071202327897538,-12.79670973413414,14.873158909856734
multiple_runs_NB_LowThreat_2_20260407_130133.csv,multiple_runs_NB_LowThreat_2_20260407_130133.csv,NB,No ACE,79,-19.433628239026252,15.94929359668891,-3.224664108656647,6.7089987509939775
multiple_runs_NB_LowThreat_2_20260407_130133.csv,multiple_runs_NB_LowThreat_2_20260407_130133.csv,NB,No ACE,80,-17.548362788181166,10.374269349157395,-8.002620319999718,15.176713759023492
multiple_runs_NB_LowThreat_2_20260407_130133.csv,multiple_runs_NB_LowThreat_2_20260407_130133.csv,NB,No ACE,81,-19.48073376766328,-2.8076241769349863,7.389395938639485,14.89896200595878
multiple_runs_NB_LowThreat_2_20260407_130133.csv,multiple_runs_NB_LowThreat_2_20260407_130133.csv,NB,No ACE,82,-20.092337403618842,4.735861402685707,4.498586826306408,10.85788917462672
multiple_runs_NB_LowThreat_2_20260407_130133.csv,multiple_runs_NB_LowThreat_2_20260407_130133.csv,NB,No ACE,83,-15.568909060898925,36.17815535048296,-2.0663521370716147,-18.54289415251242
multiple_runs_NB_LowThreat_2_20260407_130133.csv,multiple_runs_NB_LowThreat_2_20260407_130133.csv,NB,No ACE,84,-21.12468016528491,-19.218468867434037,26.272068148659923,14.071080884059029
multiple_runs_NB_LowThreat_2_20260407_130133.csv,multiple_runs_NB_LowThreat_2_20260407_130133.csv,NB,No ACE,85,-18.866416762600238,-5.3305454904595635,7.962858820159656,16.23410343290014
multiple_runs_NB_LowThreat_2_20260407_130133.csv,multiple_runs_NB_LowThreat_2_20260407_130133.csv,NB,No ACE,86,-20.635163663581544,14.850840794292687,-19.761827242039807,25.546150111328657
multiple_runs_NB_LowThreat_2_20260407_130133.csv,multiple_runs_NB_LowThreat_2_20260407_130133.csv,NB,No ACE,87,-18.941507475199778,-12.879765754537376,14.065431978890107,17.75584125084705
multiple_runs_NB_LowThreat_2_20260407_130133.csv,multiple_runs_NB_LowThreat_2_20260407_130133.csv,NB,No ACE,88,-18.84709428765231,15.353902826769222,17.952130743335292,-14.4589392824522
multiple_runs_NB_LowThreat_2_20260407_130133.csv,multiple_runs_NB_LowThreat_2_20260407_130133.csv,NB,No ACE,89,-18.36579883497501,12.3511960355642,-9.366631775754296,15.381234575165102
multiple_runs_NB_LowThreat_2_20260407_130133.csv,multiple_runs_NB_LowThreat_2_20260407_130133.csv,NB,No ACE,90,-19.156770638605042,12.682944299801918,24.982708522953093,-18.508882184149968
multiple_runs_NB_LowThreat_2_20260407_130133.csv,multiple_runs_NB_LowThreat_2_20260407_130133.csv,NB,No ACE,91,-16.02433156813461,-17.327131901470207,9.353260824735319,23.998202644869487
multiple_runs_NB_LowThreat_2_20260407_130133.csv,multiple_runs_NB_LowThreat_2_20260407_130133.csv,NB,No ACE,92,-18.874654330932827,-13.258695065871756,9.074773638995918,23.05857575780867
multiple_runs_NB_LowThreat_2_20260407_130133.csv,multiple_runs_NB_LowThreat_2_20260407_130133.csv,NB,No ACE,93,-21.270005330341725,27.052980166445934,-7.216612774906565,1.4336379388023524
multiple_runs_NB_LowThreat_2_20260407_130133.csv,multiple_runs_NB_LowThreat_2_20260407_130133.csv,NB,No ACE,94,-17.653548122724295,-6.723556372521543,2.680580271457753,21.69652422378808
multiple_runs_NB_LowThreat_2_20260407_130133.csv,multiple_runs_NB_LowThreat_2_20260407_130133.csv,NB,No ACE,95,-18.423782454602467,9.208000654925897,-15.581751004572155,24.797532804248718
multiple_runs_NB_LowThreat_2_20260407_130133.csv,multiple_runs_NB_LowThreat_2_20260407_130133.csv,NB,No ACE,96,-17.41653023864759,-17.849032203879727,11.065985715686725,24.199576726840583
multiple_runs_NB_LowThreat_2_20260407_130133.csv,multiple_runs_NB_LowThreat_2_20260407_130133.csv,NB,No ACE,97,-18.7492715370597,-18.887155129180236,-0.5271478574060247,38.16357452364595
multiple_runs_NB_LowThreat_2_20260407_130133.csv,multiple_runs_NB_LowThreat_2_20260407_130133.csv,NB,No ACE,98,-17.940720497275315,-18.970613522491313,18.795129152996925,18.1162048667697
multiple_runs_NB_LowThreat_2_20260407_130133.csv,multiple_runs_NB_LowThreat_2_20260407_130133.csv,NB,No ACE,99,-19.27862086929237,1.5034813872265005,0.25854747559317914,17.516592006472685
multiple_runs_NB_LowThreat_2_20260407_130133.csv,multiple_runs_NB_LowThreat_2_20260407_130133.csv,NB,No ACE,100,-9.020145854635683,-13.968463986432846,-12.613473767983741,35.602083609052265
multiple_runs_NB_LowThreat_2_20260407_130133.csv,multiple_runs_NB_LowThreat_2_20260407_130133.csv,NB,No ACE,101,-18.840020565010693,-10.899039803818926,2.466763080896378,27.27229728793325
multiple_runs_NB_LowThreat_2_20260407_130133.csv,multiple_runs_NB_LowThreat_2_20260407_130133.csv,NB,No ACE,102,-19.063368102799004,-4.742765320243226,8.303456436651093,15.502676986391137
multiple_runs_NB_LowThreat_2_20260407_130133.csv,multiple_runs_NB_LowThreat_2_20260407_130133.csv,NB,No ACE,103,-15.184076439043787,6.823642750565632,23.248799278858673,-14.888365590380523
multiple_runs_NB_LowThreat_2_20260407_130133.csv,multiple_runs_NB_LowThreat_2_20260407_130133.csv,NB,No ACE,104,-17.642374904626102,-11.683257292651152,12.535207644634173,16.790424552643067
multiple_runs_NB_LowThreat_2_20260407_130133.csv,multiple_runs_NB_LowThreat_2_20260407_130133.csv,NB,No ACE,105,-20.03410090327708,3.7614253124601404,0.04308443396191208,16.229591156855015
multiple_runs_NB_LowThreat_2_20260407_130133.csv,multiple_runs_NB_LowThreat_2_20260407_130133.csv,NB,No ACE,106,-19.25200126916506,3.289598687073145,4.436667321662451,11.525735260429464
multiple_runs_NB_LowThreat_2_20260407_130133.csv,multiple_runs_NB_LowThreat_2_20260407_130133.csv,NB,No ACE,107,-20.81288878206496,-16.548008649804007,22.50917934533985,14.851718086529118
multiple_runs_NB_LowThreat_2_20260407_130133.csv,multiple_runs_NB_LowThreat_2_20260407_130133.csv,NB,No ACE,108,-19.0746474732715,47.9675602817853,-19.1468765253242,-9.7460362831896
multiple_runs_NB_LowThreat_2_20260407_130133.csv,multiple_runs_NB_LowThreat_2_20260407_130133.csv,NB,No ACE,109,-19.38459878994518,23.34598007999363,-14.257997305417698,10.296616015369239
multiple_runs_NB_LowThreat_2_20260407_130133.csv,multiple_runs_NB_LowThreat_2_20260407_130133.csv,NB,No ACE,110,-19.534770172658003,-16.833053215147217,0.7150866648598537,35.65273672294537
multiple_runs_NB_LowThreat_2_20260407_130133.csv,multiple_runs_NB_LowThreat_2_20260407_130133.csv,NB,No ACE,111,-18.562971045967558,38.23881919202579,-5.2317607603304666,-14.44408738572777
multiple_runs_NB_LowThreat_2_20260407_130133.csv,multiple_runs_NB_LowThreat_2_20260407_130133.csv,NB,No ACE,112,-16.37565934483552,10.75687985791469,-2.897175306297825,8.515954793218654
multiple_runs_NB_LowThreat_2_20260407_130133.csv,multiple_runs_NB_LowThreat_2_20260407_130133.csv,NB,No ACE,113,-17.403797872974046,17.764455615490448,-13.70615799028051,13.345500247764107
multiple_runs_NB_LowThreat_2_20260407_130133.csv,multiple_runs_NB_LowThreat_2_20260407_130133.csv,NB,No ACE,114,-17.849591549814654,7.362147334120792,-8.458851896855283,18.946296112549142
multiple_runs_NB_LowThreat_2_20260407_130133.csv,multiple_runs_NB_LowThreat_2_20260407_130133.csv,NB,No ACE,115,-18.154629632707884,-12.872402580714931,0.5441904496079886,30.482841763814818
multiple_runs_NB_LowThreat_2_20260407_130133.csv,multiple_runs_NB_LowThreat_2_20260407_130133.csv,NB,No ACE,116,-19.2514001089258,8.262396186246548,-11.188689617229613,22.17769353990886
multiple_runs_NB_LowThreat_2_20260407_130133.csv,multiple_runs_NB_LowThreat_2_20260407_130133.csv,NB,No ACE,117,-11.632740484120907,-10.478412907964529,-7.583793036393818,29.69494642847924
multiple_runs_NB_LowThreat_2_20260407_130133.csv,multiple_runs_NB_LowThreat_2_20260407_130133.csv,NB,No ACE,118,-16.15894097895957,37.20126673961574,-12.883917998689675,-8.158407761966497
multiple_runs_NB_LowThreat_2_20260407_130133.csv,multiple_runs_NB_LowThreat_2_20260407_130133.csv,NB,No ACE,119,-18.000756862159186,39.44905782129407,-19.233047914255238,-2.215253044879642
multiple_runs_NB_LowThreat_2_20260407_130133.csv,multiple_runs_NB_LowThreat_2_20260407_130133.csv,NB,No ACE,120,-4.22665969583587,37.509687860722686,-14.743437152559672,-18.53959101232715
multiple_runs_NB_LowThreat_2_20260407_130133.csv,multiple_runs_NB_LowThreat_2_20260407_130133.csv,NB,No ACE,121,-16.90502128724094,-3.1219819634937167,-1.4613440568019804,21.488347307536635
multiple_runs_NB_LowThreat_2_20260407_130133.csv,multiple_runs_NB_LowThreat_2_20260407_130133.csv,NB,No ACE,122,-19.89354198575481,1.5882016774564072,2.1752391902004398,16.13010111809796
multiple_runs_NB_LowThreat_2_20260407_130133.csv,multiple_runs_NB_LowThreat_2_20260407_130133.csv,NB,No ACE,123,-19.627649290373853,40.94383000454226,-17.863660434073275,-3.452520280095129
multiple_runs_NB_LowThreat_2_20260407_130133.csv,multiple_runs_NB_LowThreat_2_20260407_130133.csv,NB,No ACE,124,-17.26605682614209,7.83562182302029,-11.56830215924286,20.998737162364655
multiple_runs_NB_LowThreat_2_20260407_130133.csv,multiple_runs_NB_LowThreat_2_20260407_130133.csv,NB,No ACE,125,-18.819217895989006,20.784210122586728,-2.527840000253658,0.5628477736559354
multiple_runs_NB_LowThreat_2_20260407_130133.csv,multiple_runs_NB_LowThreat_2_20260407_130133.csv,NB,No ACE,126,-18.51490898408516,5.668496019530849,2.802680393557875,10.043732570996433
multiple_runs_NB_LowThreat_2_20260407_130133.csv,multiple_runs_NB_LowThreat_2_20260407_130133.csv,NB,No ACE,127,-16.145936237753922,14.841356701825497,-18.80014026586656,20.104719801794978
multiple_runs_NB_LowThreat_2_20260407_130133.csv,multiple_runs_NB_LowThreat_2_20260407_130133.csv,NB,No ACE,128,-9.653884950647333,-8.084551699034112,-10.128354089200746,27.866790738882187
multiple_runs_NB_LowThreat_2_20260407_130133.csv,multiple_runs_NB_LowThreat_2_20260407_130133.csv,NB,No ACE,129,-19.983718646067178,5.685821648846488,10.745135754830887,3.552761242389799
multiple_runs_NB_LowThreat_2_20260407_130133.csv,multiple_runs_NB_LowThreat_2_20260407_130133.csv,NB,No ACE,130,-18.436673043780253,-0.5469743338705371,-2.1634262966867475,21.147073674337534
multiple_runs_NB_LowThreat_2_20260407_130133.csv,multiple_runs_NB_LowThreat_2_20260407_130133.csv,NB,No ACE,131,-19.802040655832215,2.3282892177855885,2.983482497436899,14.490268940609724
multiple_runs_NB_LowThreat_2_20260407_130133.csv,multiple_runs_NB_LowThreat_2_20260407_130133.csv,NB,No ACE,132,-15.473567424779528,-12.613424986941055,11.926100220570515,16.16089219115006
multiple_runs_NB_LowThreat_2_20260407_130133.csv,multiple_runs_NB_LowThreat_2_20260407_130133.csv,NB,No ACE,133,-19.851350320526496,-16.064215713180882,17.81336415424163,18.102201879465746
multiple_runs_NB_LowThreat_2_20260407_130133.csv,multiple_runs_NB_LowThreat_2_20260407_130133.csv,NB,No ACE,134,-18.475490408081217,7.969555393760956,-2.6986746199922607,13.204609634312519
multiple_runs_NB_LowThreat_2_20260407_130133.csv,multiple_runs_NB_LowThreat_2_20260407_130133.csv,NB,No ACE,135,-19.634343867439863,1.1678098707377984,2.7160681688610175,15.750465827841047
multiple_runs_NB_LowThreat_2_20260407_130133.csv,multiple_runs_NB_LowThreat_2_20260407_130133.csv,NB,No ACE,136,-17.709902025232047,13.253902066475355,-15.676703470441375,20.13270342919806
multiple_runs_NB_LowThreat_2_20260407_130133.csv,multiple_runs_NB_LowThreat_2_20260407_130133.csv,NB,No ACE,137,-15.193371238205307,-1.107653634908278,-4.991544752640959,21.29256962575454
multiple_runs_NB_LowThreat_2_20260407_130133.csv,multiple_runs_NB_LowThreat_2_20260407_130133.csv,NB,No ACE,138,-19.298850257742398,28.928124626857795,5.387292429688028,-15.016566798803428
multiple_runs_NB_LowThreat_2_20260407_130133.csv,multiple_runs_NB_LowThreat_2_20260407_130133.csv,NB,No ACE,139,-20.22136512111852,-8.267903860706785,14.026462678182593,14.462806303642708
multiple_runs_NB_LowThreat_2_20260407_130133.csv,multiple_runs_NB_LowThreat_2_20260407_130133.csv,NB,No ACE,140,-18.659209128385303,3.5328538838887127,-3.5032359123584307,18.629591156855014
multiple_runs_NB_LowThreat_2_20260407_130133.csv,multiple_runs_NB_LowThreat_2_20260407_130133.csv,NB,No ACE,141,-20.19958579774528,11.75960437164072,-4.337768097421726,12.777749523526282
multiple_runs_NB_LowThreat_2_20260407_130133.csv,multiple_runs_NB_LowThreat_2_20260407_130133.csv,NB,No ACE,142,-17.398635516874723,-9.02494606743764,-3.084126345037621,29.507707929349984
multiple_runs_NB_LowThreat_2_20260407_130133.csv,multiple_runs_NB_LowThreat_2_20260407_130133.csv,NB,No ACE,143,-18.69288319391184,25.003336460825615,-18.3531359424764,12.04268267556263
multiple_runs_NB_LowThreat_2_20260407_130133.csv,multiple_runs_NB_LowThreat_2_20260407_130133.csv,NB,No ACE,144,-19.478734430669228,13.302968826417448,-1.2476753809358314,7.423440985187604
multiple_runs_NB_LowThreat_2_20260407_130133.csv,multiple_runs_NB_LowThreat_2_20260407_130133.csv,NB,No ACE,145,-18.6933685173834,15.32536245059083,-6.860953463624373,10.228959530416937
multiple_runs_NB_LowThreat_2_20260407_130133.csv,multiple_runs_NB_LowThreat_2_20260407_130133.csv,NB,No ACE,146,-19.074043637708,-13.325976262343007,5.14301285200057,27.257007048050433
multiple_runs_NB_LowThreat_2_20260407_130133.csv,multiple_runs_NB_LowThreat_2_20260407_130133.csv,NB,No ACE,147,-19.839368532843775,10.008154284422758,-16.563882430948876,26.39509667936988
multiple_runs_NB_LowThreat_2_20260407_130133.csv,multiple_runs_NB_LowThreat_2_20260407_130133.csv,NB,No ACE,148,-18.497273685550986,-17.173406148214013,16.684366747154346,18.98631308661065
multiple_runs_NB_LowThreat_2_20260407_130133.csv,multiple_runs_NB_LowThreat_2_20260407_130133.csv,NB,No ACE,149,-12.27685274602892,-1.525061174026341,-4.074196483319003,17.876110403374263
multiple_runs_NB_LowThreat_2_20260407_130133.csv,multiple_runs_NB_LowThreat_2_20260407_130133.csv,NB,No ACE,150,-17.354665001755286,-9.262939280002609,9.29308841770823,17.324515864049665
multiple_runs_NB_LowThreat_2_20260407_130133.csv,multiple_runs_NB_LowThreat_2_20260407_130133.csv,NB,No ACE,151,-16.167674260612813,-13.55342617268837,15.618962021720694,14.10213841158049
multiple_runs_NB_LowThreat_2_20260407_130133.csv,multiple_runs_NB_LowThreat_2_20260407_130133.csv,NB,No ACE,152,-16.310200610021944,38.46948982858918,-12.878323190671516,-9.280966027895715
multiple_runs_NB_LowThreat_2_20260407_130133.csv,multiple_runs_NB_LowThreat_2_20260407_130133.csv,NB,No ACE,153,-19.770253123150226,-13.13159794335381,9.536530522756838,23.365320543747195
multiple_runs_NB_LowThreat_2_20260407_130133.csv,multiple_runs_NB_LowThreat_2_20260407_130133.csv,NB,No ACE,154,-18.13866382690226,20.54174814105353,-20.286396384988542,17.88331207083727
multiple_runs_NB_LowThreat_2_20260407_130133.csv,multiple_runs_NB_LowThreat_2_20260407_130133.csv,NB,No ACE,155,-17.774694337620513,-11.670519131984301,7.837402615780096,21.60781085382471
multiple_runs_NB_LowThreat_2_20260407_130133.csv,multiple_runs_NB_LowThreat_2_20260407_130133.csv,NB,No ACE,156,-16.91932515643756,5.076571459492918,-7.791749288560027,19.634502985504668
multiple_runs_NB_LowThreat_2_20260407_130133.csv,multiple_runs_NB_LowThreat_2_20260407_130133.csv,NB,No ACE,157,-19.060827533537278,-13.112779634536324,16.897694135214724,15.275913032858867
multiple_runs_NB_LowThreat_2_20260407_130133.csv,multiple_runs_NB_LowThreat_2_20260407_130133.csv,NB,No ACE,158,-18.75418113825093,18.933056518133903,-7.0081943109338525,6.829318931050878
multiple_runs_NB_LowThreat_2_20260407_130133.csv,multiple_runs_NB_LowThreat_2_20260407_130133.csv,NB,No ACE,159,-17.93502103577616,14.637538672784032,-11.695745157499257,14.99322752049138
multiple_runs_NB_LowThreat_2_20260407_130133.csv,multiple_runs_NB_LowThreat_2_20260407_130133.csv,NB,No ACE,160,-18.479177519782265,5.044569681318798,-0.5608872557240616,13.995495094187525
multiple_runs_NB_LowThreat_2_20260407_130133.csv,multiple_runs_NB_LowThreat_2_20260407_130133.csv,NB,No ACE,161,-19.205883393304372,-11.874602401165722,17.596111237797036,13.48437455667306
multiple_runs_NB_LowThreat_2_20260407_130133.csv,multiple_runs_NB_LowThreat_2_20260407_130133.csv,NB,No ACE,162,-17.747412591588766,8.622139598174435,-6.760811669934192,15.88608466334852
multiple_runs_NB_LowThreat_2_20260407_130133.csv,multiple_runs_NB_LowThreat_2_20260407_130133.csv,NB,No ACE,163,-19.07273348533728,2.082889538749658,-1.0982255040202347,18.088069450607854
multiple_runs_NB_LowThreat_2_20260407_130133.csv,multiple_runs_NB_LowThreat_2_20260407_130133.csv,NB,No ACE,164,-17.988933112840748,-3.8962046960650056,-13.721900453273612,35.60703826217936
multiple_runs_NB_LowThreat_2_20260407_130133.csv,multiple_runs_NB_LowThreat_2_20260407_130133.csv,NB,No ACE,165,-17.575904333112963,43.31842328406257,-11.28341381424019,-14.45910513670943
multiple_runs_NB_LowThreat_2_20260407_130133.csv,multiple_runs_NB_LowThreat_2_20260407_130133.csv,NB,No ACE,166,-17.260561519850445,-8.473093334547663,-3.899642050308369,29.633296904706476
multiple_runs_NB_LowThreat_2_20260407_130133.csv,multiple_runs_NB_LowThreat_2_20260407_130133.csv,NB,No ACE,167,-19.397720065571736,10.533799957682469,-10.973205236632394,19.83712534452166
multiple_runs_NB_LowThreat_2_20260407_130133.csv,multiple_runs_NB_LowThreat_2_20260407_130133.csv,NB,No ACE,168,-14.720857857295405,-13.709404303953773,6.960674248251106,21.469587912998072
multiple_runs_NB_LowThreat_2_20260407_130133.csv,multiple_runs_NB_LowThreat_2_20260407_130133.csv,NB,No ACE,169,-18.415190572346287,-4.748719615076087,2.475883007936961,20.688027179485417
multiple_runs_NB_LowThreat_2_20260407_130133.csv,multiple_runs_NB_LowThreat_2_20260407_130133.csv,NB,No ACE,170,-17.493345834862435,-11.405792969651756,-15.991645847576878,44.890784652091064
multiple_runs_NB_LowThreat_2_20260407_130133.csv,multiple_runs_NB_LowThreat_2_20260407_130133.csv,NB,No ACE,171,-10.574892667715805,0.35692905933774455,-11.819393803870195,22.037357412248248
multiple_runs_NB_LowThreat_2_20260407_130133.csv,multiple_runs_NB_LowThreat_2_20260407_130133.csv,NB,No ACE,172,-20.051240036545245,21.914830330381292,-17.448215663789796,15.584625369953741
multiple_runs_NB_LowThreat_2_20260407_130133.csv,multiple_runs_NB_LowThreat_2_20260407_130133.csv,NB,No ACE,173,-18.28390327481858,5.396207921155799,3.4596852244757486,9.42801012918703
multiple_runs_NB_LowThreat_2_20260407_130133.csv,multiple_runs_NB_LowThreat_2_20260407_130133.csv,NB,No ACE,174,-16.21178293688328,5.846101457799794,-4.674939406336808,15.040620885420296
multiple_runs_NB_LowThreat_2_20260407_130133.csv,multiple_runs_NB_LowThreat_2_20260407_130133.csv,NB,No ACE,175,-17.105539700700128,8.557225837394526,-12.63913937897056,21.187453242276156
multiple_runs_NB_LowThreat_2_20260407_130133.csv,multiple_runs_NB_LowThreat_2_20260407_130133.csv,NB,No ACE,176,-18.549775414890675,8.802372858991447,-10.508092308077773,20.255494863977
multiple_runs_NB_LowThreat_2_20260407_130133.csv,multiple_runs_NB_LowThreat_2_20260407_130133.csv,NB,No ACE,177,-7.011461410108616,-10.093150674105768,-15.151419802355925,32.256031886570305
multiple_runs_NB_LowThreat_2_20260407_130133.csv,multiple_runs_NB_LowThreat_2_20260407_130133.csv,NB,No ACE,178,-17.364170833347007,37.96142531246014,-18.282789691912214,-2.314464787200926
multiple_runs_NB_LowThreat_2_20260407_130133.csv,multiple_runs_NB_LowThreat_2_20260407_130133.csv,NB,No ACE,179,-18.368754703852666,6.153231643931278,-10.263737980123068,22.479261040044456
multiple_runs_NB_LowThreat_2_20260407_130133.csv,multiple_runs_NB_LowThreat_2_20260407_130133.csv,NB,No ACE,180,-19.46596028256848,-17.41017589599907,23.13668509312149,13.739451085446063
multiple_runs_NB_LowThreat_2_20260407_130133.csv,multiple_runs_NB_LowThreat_2_20260407_130133.csv,NB,No ACE,181,-11.207715777611376,0.7579309650809023,-16.65032862779647,27.100113440326936
multiple_runs_NB_LowThreat_2_20260407_130133.csv,multiple_runs_NB_LowThreat_2_20260407_130133.csv,NB,No ACE,182,-20.565293988629755,6.964820898198688,15.687041834795377,-2.086568744364307
multiple_runs_NB_LowThreat_2_20260407_130133.csv,multiple_runs_NB_LowThreat_2_20260407_130133.csv,NB,No ACE,183,-15.861014415296973,32.30691670050472,0.35418326420968427,-16.80008554941743
multiple_runs_NB_LowThreat_2_20260407_130133.csv,multiple_runs_NB_LowThreat_2_20260407_130133.csv,NB,No ACE,184,-18.897406949521514,-16.58675794188425,1.5651869759696702,33.91897791543609
multiple_runs_NB_LowThreat_2_20260407_130133.csv,multiple_runs_NB_LowThreat_2_20260407_130133.csv,NB,No ACE,185,-13.676093126939362,10.195641198407188,16.878263104578462,-13.397811176046298
multiple_runs_NB_LowThreat_2_20260407_130133.csv,multiple_runs_NB_LowThreat_2_20260407_130133.csv,NB,No ACE,186,-19.0208083135139,1.6229990328573969,5.27700345611623,12.12080582454027
multiple_runs_NB_LowThreat_2_20260407_130133.csv,multiple_runs_NB_LowThreat_2_20260407_130133.csv,NB,No ACE,187,-16.23064906202996,-1.853972762780451,3.4588483725604995,14.62577345224991
multiple_runs_NB_LowThreat_2_20260407_130133.csv,multiple_runs_NB_LowThreat_2_20260407_130133.csv,NB,No ACE,188,-17.49533543069736,-15.841099484654373,14.339600541839605,18.996834373512122
multiple_runs_NB_LowThreat_2_20260407_130133.csv,multiple_runs_NB_LowThreat_2_20260407_130133.csv,NB,No ACE,189,-20.028256747432923,37.8672694683043,-16.939383098505616,-0.8996296223657616
multiple_runs_NB_LowThreat_2_20260407_130133.csv,multiple_runs_NB_LowThreat_2_20260407_130133.csv,NB,No ACE,190,-19.62639559743051,17.56365579573152,-9.361714484591651,11.42445428629064
multiple_runs_NB_LowThreat_2_20260407_130133.csv,multiple_runs_NB_LowThreat_2_20260407_130133.csv,NB,No ACE,191,-20.73093231733902,-2.221894907838834,10.587451789658932,12.36537543551892
multiple_runs_NB_LowThreat_2_20260407_130133.csv,multiple_runs_NB_LowThreat_2_20260407_130133.csv,NB,No ACE,192,-19.134373774166065,32.544363701085736,-8.229441776005054,-5.180548150914621
multiple_runs_NB_LowThreat_2_20260407_130133.csv,multiple_runs_NB_LowThreat_2_20260407_130133.csv,NB,No ACE,193,-18.734624386282313,-6.628193503436044,17.522875040759818,7.839942848958536
multiple_runs_NB_LowThreat_2_20260407_130133.csv,multiple_runs_NB_LowThreat_2_20260407_130133.csv,NB,No ACE,194,-17.134727862524727,0.9959080710808337,-3.768200832495765,19.90702062393965
multiple_runs_NB_LowThreat_2_20260407_130133.csv,multiple_runs_NB_LowThreat_2_20260407_130133.csv,NB,No ACE,195,-18.522461141170027,7.756667453496675,-4.414349720668504,15.180143408341848
multiple_runs_NB_LowThreat_2_20260407_130133.csv,multiple_runs_NB_LowThreat_2_20260407_130133.csv,NB,No ACE,196,-18.482628319671043,11.221302397622566,-13.385984126976709,20.64731004902518
multiple_runs_NB_LowThreat_2_20260407_130133.csv,multiple_runs_NB_LowThreat_2_20260407_130133.csv,NB,No ACE,197,-19.613286283484605,0.004014750279562662,-18.33114508439026,37.9404166175953
multiple_runs_NB_LowThreat_2_20260407_130133.csv,multiple_runs_NB_LowThreat_2_20260407_130133.csv,NB,No ACE,198,-19.790099106062762,10.216779513448614,-6.3589524089316,15.932272001545748
multiple_runs_NB_LowThreat_2_20260407_130133.csv,multiple_runs_NB_LowThreat_2_20260407_130133.csv,NB,No ACE,199,-16.039682031010102,7.872817717523432,-16.90547713105535,25.072341444542012
multiple_runs_NB_LowThreat_2_20260407_130133.csv,multiple_runs_NB_LowThreat_2_20260407_130133.csv,NB,No ACE,200,-16.13869100865304,12.093055960790203,-16.134232944141317,20.179867992004148
multiple_runs_NB_ModerateThreat_20260407_220003.csv,multiple_runs_NB_ModerateThreat_20260407_220003.csv,NB,Moderate adversity,1,-19.49901533753226,-18.446040930589895,22.125776325073186,15.819279943048969
multiple_runs_NB_ModerateThreat_20260407_220003.csv,multiple_runs_NB_ModerateThreat_20260407_220003.csv,NB,Moderate adversity,2,-7.924569428228359,-7.890392022115812,-12.859533544518133,28.6744949948623
multiple_runs_NB_ModerateThreat_20260407_220003.csv,multiple_runs_NB_ModerateThreat_20260407_220003.csv,NB,Moderate adversity,3,-18.471132784106814,5.436157318585721,-6.138956496011634,19.17393196153273
multiple_runs_NB_ModerateThreat_20260407_220003.csv,multiple_runs_NB_ModerateThreat_20260407_220003.csv,NB,Moderate adversity,4,-18.107308752696383,-8.474698035557477,13.615210985824145,12.966795802429708
multiple_runs_NB_ModerateThreat_20260407_220003.csv,multiple_runs_NB_ModerateThreat_20260407_220003.csv,NB,Moderate adversity,5,-18.64731860662636,5.3068200493022495,-2.771150015798849,16.111648573122956
multiple_runs_NB_ModerateThreat_20260407_220003.csv,multiple_runs_NB_ModerateThreat_20260407_220003.csv,NB,Moderate adversity,6,-20.4706987659619,29.95337378266948,-2.2697833745580667,-7.212891642149518
multiple_runs_NB_ModerateThreat_20260407_220003.csv,multiple_runs_NB_ModerateThreat_20260407_220003.csv,NB,Moderate adversity,7,-18.083003724593695,20.78719663732403,0.5239951747637619,-3.2281880874941002
multiple_runs_NB_ModerateThreat_20260407_220003.csv,multiple_runs_NB_ModerateThreat_20260407_220003.csv,NB,Moderate adversity,8,-19.023999893176068,11.494758645793475,-12.086208495331014,19.615449742713608
multiple_runs_NB_ModerateThreat_20260407_220003.csv,multiple_runs_NB_ModerateThreat_20260407_220003.csv,NB,Moderate adversity,9,-18.388646357822534,-15.644635293600464,22.146114736992214,11.887166914430779
multiple_runs_NB_ModerateThreat_20260407_220003.csv,multiple_runs_NB_ModerateThreat_20260407_220003.csv,NB,Moderate adversity,10,-18.650441524680993,2.8939147639369374,-4.131215527679821,19.887742288423873
multiple_runs_NB_ModerateThreat_20260407_220003.csv,multiple_runs_NB_ModerateThreat_20260407_220003.csv,NB,Moderate adversity,11,-19.712493134191565,-20.36498418308882,27.547157808658437,12.53031950862195
multiple_runs_NB_ModerateThreat_20260407_220003.csv,multiple_runs_NB_ModerateThreat_20260407_220003.csv,NB,Moderate adversity,12,-19.07004483007973,8.017750335544171,8.265899845696996,2.7863946488385665
multiple_runs_NB_ModerateThreat_20260407_220003.csv,multiple_runs_NB_ModerateThreat_20260407_220003.csv,NB,Moderate adversity,13,-18.7492715370597,-16.52122452981115,21.87032848328798,13.400167583582864
multiple_runs_NB_ModerateThreat_20260407_220003.csv,multiple_runs_NB_ModerateThreat_20260407_220003.csv,NB,Moderate adversity,14,-21.01545672023499,-9.705739982977404,17.95683978855497,12.76435691465742
multiple_runs_NB_ModerateThreat_20260407_220003.csv,multiple_runs_NB_ModerateThreat_20260407_220003.csv,NB,Moderate adversity,15,-17.544914925855807,19.405869756904586,-17.622156207749313,15.761201376700534
multiple_runs_NB_ModerateThreat_20260407_220003.csv,multiple_runs_NB_ModerateThreat_20260407_220003.csv,NB,Moderate adversity,16,-18.646713033414983,-7.660076896670933,11.033739140080538,15.273050790005371
multiple_runs_NB_ModerateThreat_20260407_220003.csv,multiple_runs_NB_ModerateThreat_20260407_220003.csv,NB,Moderate adversity,17,-19.402179172219448,7.247364039875698,-2.5084830872835333,14.66329821962728
multiple_runs_NB_ModerateThreat_20260407_220003.csv,multiple_runs_NB_ModerateThreat_20260407_220003.csv,NB,Moderate adversity,18,-20.024972459466554,22.855727542022493,-16.6348826856237,13.804127603067762
multiple_runs_NB_ModerateThreat_20260407_220003.csv,multiple_runs_NB_ModerateThreat_20260407_220003.csv,NB,Moderate adversity,19,-17.42747211539829,10.551703090237922,-7.787597384219904,14.663366409380274
multiple_runs_NB_ModerateThreat_20260407_220003.csv,multiple_runs_NB_ModerateThreat_20260407_220003.csv,NB,Moderate adversity,20,-17.734560215175854,-4.924180025957398,9.247972205865896,13.41076803526736
multiple_runs_NB_ModerateThreat_20260407_220003.csv,multiple_runs_NB_ModerateThreat_20260407_220003.csv,NB,Moderate adversity,21,-15.96523362901806,-5.577749076756369,1.6466380833453833,19.896344622429034
multiple_runs_NB_ModerateThreat_20260407_220003.csv,multiple_runs_NB_ModerateThreat_20260407_220003.csv,NB,Moderate adversity,22,-18.95014368402574,9.152601783048382,1.9366673216624477,7.86087457931491
multiple_runs_NB_ModerateThreat_20260407_220003.csv,multiple_runs_NB_ModerateThreat_20260407_220003.csv,NB,Moderate adversity,23,-16.602592097946285,5.3279174590570015,8.270975914209412,3.003698724679861
multiple_runs_NB_ModerateThreat_20260407_220003.csv,multiple_runs_NB_ModerateThreat_20260407_220003.csv,NB,Moderate adversity,24,-18.40163845577939,12.941065093196244,-13.620359717814265,19.080933080397415
multiple_runs_NB_ModerateThreat_20260407_220003.csv,multiple_runs_NB_ModerateThreat_20260407_220003.csv,NB,Moderate adversity,25,-18.679644179876256,5.573670210419326,-3.147235804805529,16.25320977426245
multiple_runs_NB_ModerateThreat_20260407_220003.csv,multiple_runs_NB_ModerateThreat_20260407_220003.csv,NB,Moderate adversity,26,-18.023819224702716,12.540467769551384,-14.225323219811592,19.70867467496292
multiple_runs_NB_ModerateThreat_20260407_220003.csv,multiple_runs_NB_ModerateThreat_20260407_220003.csv,NB,Moderate adversity,27,-18.947809416985592,3.2947586457934754,3.120140711018191,12.532910060173919
multiple_runs_NB_ModerateThreat_20260407_220003.csv,multiple_runs_NB_ModerateThreat_20260407_220003.csv,NB,Moderate adversity,28,-19.90341331675193,-2.3651398313638836,6.3277790963215494,15.940774051794257
multiple_runs_NB_ModerateThreat_20260407_220003.csv,multiple_runs_NB_ModerateThreat_20260407_220003.csv,NB,Moderate adversity,29,-20.547422484742704,-13.588897863901813,11.035982948190071,23.10033740045445
multiple_runs_NB_ModerateThreat_20260407_220003.csv,multiple_runs_NB_ModerateThreat_20260407_220003.csv,NB,Moderate adversity,30,-18.631657674617855,6.371153259698396,-14.587628299306466,26.848132714225926
multiple_runs_NB_ModerateThreat_20260407_220003.csv,multiple_runs_NB_ModerateThreat_20260407_220003.csv,NB,Moderate adversity,31,-20.187223180361016,-0.6775523233226046,5.456212519933448,15.408562983750166
multiple_runs_NB_ModerateThreat_20260407_220003.csv,multiple_runs_NB_ModerateThreat_20260407_220003.csv,NB,Moderate adversity,32,-16.836829007743518,-1.159343214529791,4.302121280006997,13.694050942266315
multiple_runs_NB_ModerateThreat_20260407_220003.csv,multiple_runs_NB_ModerateThreat_20260407_220003.csv,NB,Moderate adversity,33,-19.97545372600808,-9.534062792543958,14.155337398388792,15.354179120163245
multiple_runs_NB_ModerateThreat_20260407_220003.csv,multiple_runs_NB_ModerateThreat_20260407_220003.csv,NB,Moderate adversity,34,-18.104011497469656,8.468823049622898,-10.440719664463593,20.07590811231036
multiple_runs_NB_ModerateThreat_20260407_220003.csv,multiple_runs_NB_ModerateThreat_20260407_220003.csv,NB,Moderate adversity,35,-20.467660452833346,37.63574852821076,-16.689617482661248,-0.47847059271616743
multiple_runs_NB_ModerateThreat_20260407_220003.csv,multiple_runs_NB_ModerateThreat_20260407_220003.csv,NB,Moderate adversity,36,-18.946648684563435,35.83893902361188,-0.11220890158736196,-16.780081437461085
multiple_runs_NB_ModerateThreat_20260407_220003.csv,multiple_runs_NB_ModerateThreat_20260407_220003.csv,NB,Moderate adversity,37,-19.073406581417707,22.776959293042665,-7.337556931145471,3.634004219520506
multiple_runs_NB_ModerateThreat_20260407_220003.csv,multiple_runs_NB_ModerateThreat_20260407_220003.csv,NB,Moderate adversity,38,-20.232004582115195,-14.488461650614461,20.088956873504284,14.631509359225369
multiple_runs_NB_ModerateThreat_20260407_220003.csv,multiple_runs_NB_ModerateThreat_20260407_220003.csv,NB,Moderate adversity,39,-18.370113388645787,17.279021878983748,-18.022307684649086,19.11339919431112
multiple_runs_NB_ModerateThreat_20260407_220003.csv,multiple_runs_NB_ModerateThreat_20260407_220003.csv,NB,Moderate adversity,40,-18.34021118643654,-12.661525507211987,-4.401326892416627,35.40306358606515
multiple_runs_NB_ModerateThreat_20260407_220003.csv,multiple_runs_NB_ModerateThreat_20260407_220003.csv,NB,Moderate adversity,41,-19.687296365003345,7.188913464118912,-2.226282218343126,14.724665119227552
multiple_runs_NB_ModerateThreat_20260407_220003.csv,multiple_runs_NB_ModerateThreat_20260407_220003.csv,NB,Moderate adversity,42,-19.78475025392643,-11.898773312444366,18.875169995459235,12.80835357091155
multiple_runs_NB_ModerateThreat_20260407_220003.csv,multiple_runs_NB_ModerateThreat_20260407_220003.csv,NB,Moderate adversity,43,-9.663437906434208,-3.8453422743608705,-14.73466995768384,28.243450138478913
multiple_runs_NB_ModerateThreat_20260407_220003.csv,multiple_runs_NB_ModerateThreat_20260407_220003.csv,NB,Moderate adversity,44,-19.9831243281035,2.9414395879776336,4.789356577236202,12.252328162889668
multiple_runs_NB_ModerateThreat_20260407_220003.csv,multiple_runs_NB_ModerateThreat_20260407_220003.csv,NB,Moderate adversity,45,-19.814441138824765,4.08928306013161,-0.7583319312139771,16.48349000990713
multiple_runs_NB_ModerateThreat_20260407_220003.csv,multiple_runs_NB_ModerateThreat_20260407_220003.csv,NB,Moderate adversity,46,-20.455015571431012,5.176149238840509,3.629197094307706,11.64966923828279
multiple_runs_NB_ModerateThreat_20260407_220003.csv,multiple_runs_NB_ModerateThreat_20260407_220003.csv,NB,Moderate adversity,47,-18.062888782064956,3.0447586457934754,-1.391764050886568,16.409894187158052
multiple_runs_NB_ModerateThreat_20260407_220003.csv,multiple_runs_NB_ModerateThreat_20260407_220003.csv,NB,Moderate adversity,48,-19.991067344357106,2.052753017755613,-14.307407437942082,32.24572176454357
multiple_runs_NB_ModerateThreat_20260407_220003.csv,multiple_runs_NB_ModerateThreat_20260407_220003.csv,NB,Moderate adversity,49,-17.726170535772244,20.802817962363434,14.966875536476419,-18.043522963067613
multiple_runs_NB_ModerateThreat_20260407_220003.csv,multiple_runs_NB_ModerateThreat_20260407_220003.csv,NB,Moderate adversity,50,-17.787181098644968,12.136468640016474,-10.330383346091653,15.981095804720148
multiple_runs_NB_ModerateThreat_20260407_220003.csv,multiple_runs_NB_ModerateThreat_20260407_220003.csv,NB,Moderate adversity,51,-18.79311477076552,-0.6317950265229051,-7.347978740152108,26.77288853744053
multiple_runs_NB_ModerateThreat_20260407_220003.csv,multiple_runs_NB_ModerateThreat_20260407_220003.csv,NB,Moderate adversity,52,-12.975862004594966,-16.54365317322776,7.06553050128333,22.4539846765394
multiple_runs_NB_ModerateThreat_20260407_220003.csv,multiple_runs_NB_ModerateThreat_20260407_220003.csv,NB,Moderate adversity,53,-18.623623245341793,24.36820497347709,-17.093741452016513,11.349159723881208
multiple_runs_NB_ModerateThreat_20260407_220003.csv,multiple_runs_NB_ModerateThreat_20260407_220003.csv,NB,Moderate adversity,54,-17.994586394797054,16.605987646677647,-17.724876340895413,19.113475089014813
multiple_runs_NB_ModerateThreat_20260407_220003.csv,multiple_runs_NB_ModerateThreat_20260407_220003.csv,NB,Moderate adversity,55,-18.908729141817627,22.347597319205505,-19.494490301589213,16.055622124201328
multiple_runs_NB_ModerateThreat_20260407_220003.csv,multiple_runs_NB_ModerateThreat_20260407_220003.csv,NB,Moderate adversity,56,-19.608904919230866,-18.00377892354591,22.074826972814893,15.537856869961885
multiple_runs_NB_ModerateThreat_20260407_220003.csv,multiple_runs_NB_ModerateThreat_20260407_220003.csv,NB,Moderate adversity,57,-16.28390327481858,-6.937421182659644,-10.955576532400915,34.17690098987914
multiple_runs_NB_ModerateThreat_20260407_220003.csv,multiple_runs_NB_ModerateThreat_20260407_220003.csv,NB,Moderate adversity,58,-16.618628296413743,5.7561272992151125,-5.521455000113946,16.383955997312576
multiple_runs_NB_ModerateThreat_20260407_220003.csv,multiple_runs_NB_ModerateThreat_20260407_220003.csv,NB,Moderate adversity,59,-18.60654701386752,11.887385949760983,-14.290936184594788,21.010097248701314
multiple_runs_NB_ModerateThreat_20260407_220003.csv,multiple_runs_NB_ModerateThreat_20260407_220003.csv,NB,Moderate adversity,60,-20.58818410820774,28.659422230796046,1.7583386712500513,-9.829576793838358
multiple_runs_NB_ModerateThreat_20260407_220003.csv,multiple_runs_NB_ModerateThreat_20260407_220003.csv,NB,Moderate adversity,61,-19.612090543694464,7.991978574227282,6.486504597613294,5.133607371853891
multiple_runs_NB_ModerateThreat_20260407_220003.csv,multiple_runs_NB_ModerateThreat_20260407_220003.csv,NB,Moderate adversity,62,-19.703380675442258,3.155984257225189,2.7248201755492616,13.8225762426678
multiple_runs_NB_ModerateThreat_20260407_220003.csv,multiple_runs_NB_ModerateThreat_20260407_220003.csv,NB,Moderate adversity,63,-17.487698771207192,3.9516533254894597,-4.779657644806221,18.315703090523954
multiple_runs_NB_ModerateThreat_20260407_220003.csv,multiple_runs_NB_ModerateThreat_20260407_220003.csv,NB,Moderate adversity,64,-20.53697372199231,16.20199530407791,-8.210638038033817,12.545616455948213
multiple_runs_NB_ModerateThreat_20260407_220003.csv,multiple_runs_NB_ModerateThreat_20260407_220003.csv,NB,Moderate adversity,65,-19.397794442442315,4.91425550113939,0.024902615780096227,14.458636325522832
multiple_runs_NB_ModerateThreat_20260407_220003.csv,multiple_runs_NB_ModerateThreat_20260407_220003.csv,NB,Moderate adversity,66,-19.17990694258048,-15.723987692812265,15.358821772194855,19.54507286319788
multiple_runs_NB_ModerateThreat_20260407_220003.csv,multiple_runs_NB_ModerateThreat_20260407_220003.csv,NB,Moderate adversity,67,-19.75334640036969,6.396682722756555,-4.538279911520998,17.89494358913413
multiple_runs_NB_ModerateThreat_20260407_220003.csv,multiple_runs_NB_ModerateThreat_20260407_220003.csv,NB,Moderate adversity,68,-18.318655794752384,8.179418392044916,-5.943955515707792,16.083192918415257
multiple_runs_NB_ModerateThreat_20260407_220003.csv,multiple_runs_NB_ModerateThreat_20260407_220003.csv,NB,Moderate adversity,69,-14.634727862524727,-3.429379285241005,5.369730201986993,12.694376945778735
multiple_runs_NB_ModerateThreat_20260407_220003.csv,multiple_runs_NB_ModerateThreat_20260407_220003.csv,NB,Moderate adversity,70,-16.73733509549361,-9.058759716976358,9.423556947150995,16.372537865318968
multiple_runs_NB_ModerateThreat_20260407_220003.csv,multiple_runs_NB_ModerateThreat_20260407_220003.csv,NB,Moderate adversity,71,-20.017723387662922,-0.00040674860855816064,5.940933150131244,14.077196986140237
multiple_runs_NB_ModerateThreat_20260407_220003.csv,multiple_runs_NB_ModerateThreat_20260407_220003.csv,NB,Moderate adversity,72,-19.747994556793373,-6.342176745858897,-3.5342740566041257,29.62444535925639
multiple_runs_NB_ModerateThreat_20260407_220003.csv,multiple_runs_NB_ModerateThreat_20260407_220003.csv,NB,Moderate adversity,73,-19.052503776999103,-0.6464774231021657,1.9245986644123185,17.77438253568895
multiple_runs_NB_ModerateThreat_20260407_220003.csv,multiple_runs_NB_ModerateThreat_20260407_220003.csv,NB,Moderate adversity,74,-18.45190359016408,-12.708565621356719,9.657722198735673,21.50274701278512
multiple_runs_NB_ModerateThreat_20260407_220003.csv,multiple_runs_NB_ModerateThreat_20260407_220003.csv,NB,Moderate adversity,75,-14.816564077686563,6.505049473533969,0.33650376630741974,7.9750108378451685
multiple_runs_NB_ModerateThreat_20260407_220003.csv,multiple_runs_NB_ModerateThreat_20260407_220003.csv,NB,Moderate adversity,76,-19.556907920820937,3.430324833991243,8.836704848634962,7.289878238194731
multiple_runs_NB_ModerateThreat_20260407_220003.csv,multiple_runs_NB_ModerateThreat_20260407_220003.csv,NB,Moderate adversity,77,-17.36621070963838,26.800604097746707,-17.875011841020587,8.440618452912254
multiple_runs_NB_ModerateThreat_20260407_220003.csv,multiple_runs_NB_ModerateThreat_20260407_220003.csv,NB,Moderate adversity,78,-20.298051227703226,4.9690999095438,-14.614391321288208,29.943342639447636
multiple_runs_NB_ModerateThreat_20260407_220003.csv,multiple_runs_NB_ModerateThreat_20260407_220003.csv,NB,Moderate adversity,79,-19.31288878206496,-17.705241354206525,17.94156928244676,19.076560853824716
multiple_runs_NB_ModerateThreat_20260407_220003.csv,multiple_runs_NB_ModerateThreat_20260407_220003.csv,NB,Moderate adversity,80,-18.55980236231187,19.158956176657675,-19.21378051179192,18.614626697446113
multiple_runs_NB_ModerateThreat_20260407_220003.csv,multiple_runs_NB_ModerateThreat_20260407_220003.csv,NB,Moderate adversity,81,-19.38025536124256,6.632466432320161,-3.5402767368008305,16.288065665723224
multiple_runs_NB_ModerateThreat_20260407_220003.csv,multiple_runs_NB_ModerateThreat_20260407_220003.csv,NB,Moderate adversity,82,-18.890562474492747,-6.147083664901295,9.997580211408515,15.040065927985523
multiple_runs_NB_ModerateThreat_20260407_220003.csv,multiple_runs_NB_ModerateThreat_20260407_220003.csv,NB,Moderate adversity,83,-18.89259892699249,-17.212487731018115,17.63359826795401,18.4714883900566
multiple_runs_NB_ModerateThreat_20260407_220003.csv,multiple_runs_NB_ModerateThreat_20260407_220003.csv,NB,Moderate adversity,84,-18.322974510758854,5.067325463746073,4.6769449758406125,8.578704071172169
multiple_runs_NB_ModerateThreat_20260407_220003.csv,multiple_runs_NB_ModerateThreat_20260407_220003.csv,NB,Moderate adversity,85,-15.451730828158269,4.978288718868239,-9.629397552853968,20.102839662144
multiple_runs_NB_ModerateThreat_20260407_220003.csv,multiple_runs_NB_ModerateThreat_20260407_220003.csv,NB,Moderate adversity,86,-18.707778445247303,5.536338204446203,-4.504714108958577,17.67615434975967
multiple_runs_NB_ModerateThreat_20260407_220003.csv,multiple_runs_NB_ModerateThreat_20260407_220003.csv,NB,Moderate adversity,87,-19.752806793850763,27.152047910461675,-18.825981319654186,11.426740203043266
multiple_runs_NB_ModerateThreat_20260407_220003.csv,multiple_runs_NB_ModerateThreat_20260407_220003.csv,NB,Moderate adversity,88,-17.05535217569114,18.716808602727156,-18.34288377526211,16.681427348226094
multiple_runs_NB_ModerateThreat_20260407_220003.csv,multiple_runs_NB_ModerateThreat_20260407_220003.csv,NB,Moderate adversity,89,-15.008045477221652,8.67462569232719,-17.94755702334621,24.280976808240666
multiple_runs_NB_ModerateThreat_20260407_220003.csv,multiple_runs_NB_ModerateThreat_20260407_220003.csv,NB,Moderate adversity,90,-20.359093402527,-18.107881618232923,20.321932318750395,18.145042702009533
multiple_runs_NB_ModerateThreat_20260407_220003.csv,multiple_runs_NB_ModerateThreat_20260407_220003.csv,NB,Moderate adversity,91,-19.535669351579195,17.674993151656125,-14.087325189915045,15.948001389838112
multiple_runs_NB_ModerateThreat_20260407_220003.csv,multiple_runs_NB_ModerateThreat_20260407_220003.csv,NB,Moderate adversity,92,-19.08743926615901,20.936529046899977,-17.25725506056845,15.408165279827479
multiple_runs_NB_ModerateThreat_20260407_220003.csv,multiple_runs_NB_ModerateThreat_20260407_220003.csv,NB,Moderate adversity,93,-18.869941791948158,-1.049356358698887,-3.681296845136348,23.600594995783382
multiple_runs_NB_ModerateThreat_20260407_220003.csv,multiple_runs_NB_ModerateThreat_20260407_220003.csv,NB,Moderate adversity,94,-19.63011627703188,-15.202509113769365,16.09479045012004,18.737834940681196
multiple_runs_NB_ModerateThreat_20260407_220003.csv,multiple_runs_NB_ModerateThreat_20260407_220003.csv,NB,Moderate adversity,95,-17.129726097195785,14.8078416947127,-9.360762913230143,11.682647315713226
multiple_runs_NB_ModerateThreat_20260407_220003.csv,multiple_runs_NB_ModerateThreat_20260407_220003.csv,NB,Moderate adversity,96,-16.80834922305069,15.720180176273374,-1.726070146865819,2.8142391936431324
multiple_runs_NB_ModerateThreat_20260407_220003.csv,multiple_runs_NB_ModerateThreat_20260407_220003.csv,NB,Moderate adversity,97,-17.006133521821326,7.436508368938547,-11.02160901212688,20.591234165009652
multiple_runs_NB_ModerateThreat_20260407_220003.csv,multiple_runs_NB_ModerateThreat_20260407_220003.csv,NB,Moderate adversity,98,-18.926699523752937,-12.250850902373616,12.450307560366628,18.72724286575992
multiple_runs_NB_ModerateThreat_20260407_220003.csv,multiple_runs_NB_ModerateThreat_20260407_220003.csv,NB,Moderate adversity,99,-16.340411717844773,22.43848953264363,-17.176932246605226,11.078854431806363
multiple_runs_NB_ModerateThreat_20260407_220003.csv,multiple_runs_NB_ModerateThreat_20260407_220003.csv,NB,Moderate adversity,100,-19.366083115130984,-4.429111977034644,7.663234612572399,16.131960479593225
multiple_runs_NB_ModerateThreat_20260407_220003.csv,multiple_runs_NB_ModerateThreat_20260407_220003.csv,NB,Moderate adversity,101,-18.746741516559304,15.016420729508724,-19.475555679361975,23.205876466412555
multiple_runs_NB_ModerateThreat_20260407_220003.csv,multiple_runs_NB_ModerateThreat_20260407_220003.csv,NB,Moderate adversity,102,-17.307367131382016,-19.72035324028615,5.452104010723428,31.575616360944736
multiple_runs_NB_ModerateThreat_20260407_220003.csv,multiple_runs_NB_ModerateThreat_20260407_220003.csv,NB,Moderate adversity,103,-18.50706353934651,-19.13242582022594,20.817782874679775,16.821706484892673
multiple_runs_NB_ModerateThreat_20260407_220003.csv,multiple_runs_NB_ModerateThreat_20260407_220003.csv,NB,Moderate adversity,104,-17.747635249230377,-7.665341104829963,10.852001535148343,14.560974818911994
multiple_runs_NB_ModerateThreat_20260407_220003.csv,multiple_runs_NB_ModerateThreat_20260407_220003.csv,NB,Moderate adversity,105,-18.86253417213588,30.191921766360856,-15.755239228191536,4.4258516339665555
multiple_runs_NB_ModerateThreat_20260407_220003.csv,multiple_runs_NB_ModerateThreat_20260407_220003.csv,NB,Moderate adversity,106,-16.625336568196953,-19.942501170413706,17.631418906506912,18.93641883210374
multiple_runs_NB_ModerateThreat_20260407_220003.csv,multiple_runs_NB_ModerateThreat_20260407_220003.csv,NB,Moderate adversity,107,-19.178901853960383,7.477765181741191,-2.589476469187222,14.29061314140641
multiple_runs_NB_ModerateThreat_20260407_220003.csv,multiple_runs_NB_ModerateThreat_20260407_220003.csv,NB,Moderate adversity,108,-19.65356830456266,29.69053458702397,-15.241396741428353,5.20443045896705
multiple_runs_NB_ModerateThreat_20260407_220003.csv,multiple_runs_NB_ModerateThreat_20260407_220003.csv,NB,Moderate adversity,109,-19.658741677213627,-2.19037437455081,5.463087279316873,16.38602877244756
multiple_runs_NB_ModerateThreat_20260407_220003.csv,multiple_runs_NB_ModerateThreat_20260407_220003.csv,NB,Moderate adversity,110,-19.16560196035953,7.597084227188823,-0.7115314927470351,12.280049225917736
multiple_runs_NB_ModerateThreat_20260407_220003.csv,multiple_runs_NB_ModerateThreat_20260407_220003.csv,NB,Moderate adversity,111,-18.95335457536918,-0.6717624604656223,0.7890947555180858,18.836022280316705
multiple_runs_NB_ModerateThreat_20260407_220003.csv,multiple_runs_NB_ModerateThreat_20260407_220003.csv,NB,Moderate adversity,112,-19.797807575568438,10.07356761717785,15.628150875640888,-5.903910917250304
multiple_runs_NB_ModerateThreat_20260407_220003.csv,multiple_runs_NB_ModerateThreat_20260407_220003.csv,NB,Moderate adversity,113,-20.540491687633963,45.50218398881204,-17.791885116261874,-7.1698071849162055
multiple_runs_NB_ModerateThreat_20260407_220003.csv,multiple_runs_NB_ModerateThreat_20260407_220003.csv,NB,Moderate adversity,114,-13.245301781777354,-12.010101866142099,2.5486299669448904,22.706773680974557
multiple_runs_NB_ModerateThreat_20260407_220003.csv,multiple_runs_NB_ModerateThreat_20260407_220003.csv,NB,Moderate adversity,115,-16.906638782064956,10.2044808680157,-13.082736273108793,19.784894187158052
multiple_runs_NB_ModerateThreat_20260407_220003.csv,multiple_runs_NB_ModerateThreat_20260407_220003.csv,NB,Moderate adversity,116,-15.684683653859828,12.381297107331939,-9.189840973963495,12.49322752049138
multiple_runs_NB_ModerateThreat_20260407_220003.csv,multiple_runs_NB_ModerateThreat_20260407_220003.csv,NB,Moderate adversity,117,-18.68529895777962,-11.899314262677544,46.54339199422226,-15.95877877376511
multiple_runs_NB_ModerateThreat_20260407_220003.csv,multiple_runs_NB_ModerateThreat_20260407_220003.csv,NB,Moderate adversity,118,-18.885134847873253,21.485030462674736,-19.138187512975268,16.53829189817379
multiple_runs_NB_ModerateThreat_20260407_220003.csv,multiple_runs_NB_ModerateThreat_20260407_220003.csv,NB,Moderate adversity,119,-7.729341955990375,-14.193143432202538,-9.34742872495432,31.269914113147223
multiple_runs_NB_ModerateThreat_20260407_220003.csv,multiple_runs_NB_ModerateThreat_20260407_220003.csv,NB,Moderate adversity,120,-17.5408403177088,10.041729623533683,-8.914235169511535,16.41334586368665
multiple_runs_NB_ModerateThreat_20260407_220003.csv,multiple_runs_NB_ModerateThreat_20260407_220003.csv,NB,Moderate adversity,121,-19.779555448731625,18.161425312460146,-12.655097384219903,14.273227520491382
multiple_runs_NB_ModerateThreat_20260407_220003.csv,multiple_runs_NB_ModerateThreat_20260407_220003.csv,NB,Moderate adversity,122,-19.02717449635067,17.988636196813886,-17.151968132519222,18.190506432056004
multiple_runs_NB_ModerateThreat_20260407_220003.csv,multiple_runs_NB_ModerateThreat_20260407_220003.csv,NB,Moderate adversity,123,-19.9502176448758,7.484476444061151,-0.7504536289810098,13.216194829795654
multiple_runs_NB_ModerateThreat_20260407_220003.csv,multiple_runs_NB_ModerateThreat_20260407_220003.csv,NB,Moderate adversity,124,-19.540958957503555,-0.8280483717503841,0.20034121227132573,20.168666116982614
multiple_runs_NB_ModerateThreat_20260407_220003.csv,multiple_runs_NB_ModerateThreat_20260407_220003.csv,NB,Moderate adversity,125,-19.25341436989345,7.24358298880869,30.79253747055188,-18.782706089467126
multiple_runs_NB_ModerateThreat_20260407_220003.csv,multiple_runs_NB_ModerateThreat_20260407_220003.csv,NB,Moderate adversity,126,-20.31822988427423,29.295001423166624,-3.7806327083276976,-5.196138830564703
multiple_runs_NB_ModerateThreat_20260407_220003.csv,multiple_runs_NB_ModerateThreat_20260407_220003.csv,NB,Moderate adversity,127,-19.08369021136562,-14.625098424140162,18.36334059434059,15.345448041165199
multiple_runs_NB_ModerateThreat_20260407_220003.csv,multiple_runs_NB_ModerateThreat_20260407_220003.csv,NB,Moderate adversity,128,-19.60802456242903,-4.716282834361699,4.210220431357534,20.114086965433188
multiple_runs_NB_ModerateThreat_20260407_220003.csv,multiple_runs_NB_ModerateThreat_20260407_220003.csv,NB,Moderate adversity,129,-18.772658897007485,14.961425312460143,-11.52682152215094,15.338055106698278
multiple_runs_NB_ModerateThreat_20260407_220003.csv,multiple_runs_NB_ModerateThreat_20260407_220003.csv,NB,Moderate adversity,130,-17.389087664089082,-5.621098959384518,5.033728741111073,17.976457882362517
multiple_runs_NB_ModerateThreat_20260407_220003.csv,multiple_runs_NB_ModerateThreat_20260407_220003.csv,NB,Moderate adversity,131,-17.444094455823823,25.759297652885678,-0.772969724645435,-7.54223347241642
multiple_runs_NB_ModerateThreat_20260407_220003.csv,multiple_runs_NB_ModerateThreat_20260407_220003.csv,NB,Moderate adversity,132,-18.830688134815766,0.28504990792940177,-5.719433953799193,24.265072180685557
multiple_runs_NB_ModerateThreat_20260407_220003.csv,multiple_runs_NB_ModerateThreat_20260407_220003.csv,NB,Moderate adversity,133,-18.623243899940217,-16.444125269455704,16.92284352894035,18.14452564045557
multiple_runs_NB_ModerateThreat_20260407_220003.csv,multiple_runs_NB_ModerateThreat_20260407_220003.csv,NB,Moderate adversity,134,-19.319178090241056,-15.112405696563647,16.698405486986008,17.733178299818697
multiple_runs_NB_ModerateThreat_20260407_220003.csv,multiple_runs_NB_ModerateThreat_20260407_220003.csv,NB,Moderate adversity,135,-18.210061018568815,-14.4987289291851,7.672717525805805,25.036072421948113
multiple_runs_NB_ModerateThreat_20260407_220003.csv,multiple_runs_NB_ModerateThreat_20260407_220003.csv,NB,Moderate adversity,136,-18.734624386282313,23.13660779421197,4.546394910995019,-8.948378318924679
multiple_runs_NB_ModerateThreat_20260407_220003.csv,multiple_runs_NB_ModerateThreat_20260407_220003.csv,NB,Moderate adversity,137,-20.533314543315292,-15.499366926828458,22.235896956928034,13.796784513215712
multiple_runs_NB_ModerateThreat_20260407_220003.csv,multiple_runs_NB_ModerateThreat_20260407_220003.csv,NB,Moderate adversity,138,-19.44264269705377,18.66947900373531,-12.810667854018561,13.58383154733702
multiple_runs_NB_ModerateThreat_20260407_220003.csv,multiple_runs_NB_ModerateThreat_20260407_220003.csv,NB,Moderate adversity,139,-18.201386434647116,-17.556180321342673,17.630536418596993,18.12703033739279
multiple_runs_NB_ModerateThreat_20260407_220003.csv,multiple_runs_NB_ModerateThreat_20260407_220003.csv,NB,Moderate adversity,140,-20.321170355563922,-16.42056226517961,21.53111379590432,15.210618824839209
multiple_runs_NB_ModerateThreat_20260407_220003.csv,multiple_runs_NB_ModerateThreat_20260407_220003.csv,NB,Moderate adversity,141,-18.337153264928165,-4.656409082444313,-3.046070996594789,26.03963334396726
multiple_runs_NB_ModerateThreat_20260407_220003.csv,multiple_runs_NB_ModerateThreat_20260407_220003.csv,NB,Moderate adversity,142,-18.808956537660844,-18.777231674835683,18.219094993275558,19.367093219220962
multiple_runs_NB_ModerateThreat_20260407_220003.csv,multiple_runs_NB_ModerateThreat_20260407_220003.csv,NB,Moderate adversity,143,-19.732883561495917,-15.250007733741892,20.678778888293802,14.304112406944007
multiple_runs_NB_ModerateThreat_20260407_220003.csv,multiple_runs_NB_ModerateThreat_20260407_220003.csv,NB,Moderate adversity,144,-19.158183837886327,-3.5872190256578804,10.351856363786478,12.393546499757733
multiple_runs_NB_ModerateThreat_20260407_220003.csv,multiple_runs_NB_ModerateThreat_20260407_220003.csv,NB,Moderate adversity,145,-17.64622211539829,6.044758645793479,-6.225097384219904,17.826560853824716
multiple_runs_NB_ModerateThreat_20260407_220003.csv,multiple_runs_NB_ModerateThreat_20260407_220003.csv,NB,Moderate adversity,146,-20.262574316656153,2.662969051739733,0.4966007289876444,17.103004535928775
multiple_runs_NB_ModerateThreat_20260407_220003.csv,multiple_runs_NB_ModerateThreat_20260407_220003.csv,NB,Moderate adversity,147,-19.022876748370614,-5.634242557575956,12.389523554408253,12.267595751538316
multiple_runs_NB_ModerateThreat_20260407_220003.csv,multiple_runs_NB_ModerateThreat_20260407_220003.csv,NB,Moderate adversity,148,-17.55906074908498,-3.7488220373631798,0.9966340645433469,20.31124872190481
multiple_runs_NB_ModerateThreat_20260407_220003.csv,multiple_runs_NB_ModerateThreat_20260407_220003.csv,NB,Moderate adversity,149,-11.87317247000822,-7.16623426200794,-11.272969724645437,30.312376456661596
multiple_runs_NB_ModerateThreat_20260407_220003.csv,multiple_runs_NB_ModerateThreat_20260407_220003.csv,NB,Moderate adversity,150,-17.8713163534166,16.641554553170963,-16.655226624930727,17.88498842517636
multiple_runs_NB_ModerateThreat_20260407_220003.csv,multiple_runs_NB_ModerateThreat_20260407_220003.csv,NB,Moderate adversity,151,-18.023745301432115,2.375500598875856,1.1296489332923692,14.518595769263882
multiple_runs_NB_ModerateThreat_20260407_220003.csv,multiple_runs_NB_ModerateThreat_20260407_220003.csv,NB,Moderate adversity,152,-19.02441237061871,25.850829798152333,-17.859861498682392,11.033444071148764
multiple_runs_NB_ModerateThreat_20260407_220003.csv,multiple_runs_NB_ModerateThreat_20260407_220003.csv,NB,Moderate adversity,153,-16.925256806197687,-17.165271520119042,16.291870941571947,17.79865738474477
multiple_runs_NB_ModerateThreat_20260407_220003.csv,multiple_runs_NB_ModerateThreat_20260407_220003.csv,NB,Moderate adversity,154,-19.092183435079747,20.695213708364577,-7.910250967837651,6.307220694552814
multiple_runs_NB_ModerateThreat_20260407_220003.csv,multiple_runs_NB_ModerateThreat_20260407_220003.csv,NB,Moderate adversity,155,-18.673977437413917,-20.430652294653843,14.070981839708953,25.0336478923588
multiple_runs_NB_ModerateThreat_20260407_220003.csv,multiple_runs_NB_ModerateThreat_20260407_220003.csv,NB,Moderate adversity,156,3.148217399538119,-15.633073356572687,-14.238628883776247,26.723484840810812
multiple_runs_NB_ModerateThreat_20260407_220003.csv,multiple_runs_NB_ModerateThreat_20260407_220003.csv,NB,Moderate adversity,157,-18.939286992355783,-16.14595723787543,17.977922750008286,17.10732148022292
multiple_runs_NB_ModerateThreat_20260407_220003.csv,multiple_runs_NB_ModerateThreat_20260407_220003.csv,NB,Moderate adversity,158,-19.460074929251103,16.195191546226376,-9.796525955648477,13.0614093386732
multiple_runs_NB_ModerateThreat_20260407_220003.csv,multiple_runs_NB_ModerateThreat_20260407_220003.csv,NB,Moderate adversity,159,-16.66742652591568,-5.021611159125946,4.7958949821923085,16.89314270284931
multiple_runs_NB_ModerateThreat_20260407_220003.csv,multiple_runs_NB_ModerateThreat_20260407_220003.csv,NB,Moderate adversity,160,-18.947809416985592,4.643964994999827,0.024902615780096227,14.278941806205665
multiple_runs_NB_ModerateThreat_20260407_220003.csv,multiple_runs_NB_ModerateThreat_20260407_220003.csv,NB,Moderate adversity,161,-19.232429011950014,4.581230794334587,1.3732668951788582,13.277931322436558
multiple_runs_NB_ModerateThreat_20260407_220003.csv,multiple_runs_NB_ModerateThreat_20260407_220003.csv,NB,Moderate adversity,162,-12.691042536888347,-2.2424927641204455,-10.104215816989273,25.037751117998056
multiple_runs_NB_ModerateThreat_20260407_220003.csv,multiple_runs_NB_ModerateThreat_20260407_220003.csv,NB,Moderate adversity,163,-19.65040184371595,-13.753308229859606,-17.294846600520845,50.6985566740964
multiple_runs_NB_ModerateThreat_20260407_220003.csv,multiple_runs_NB_ModerateThreat_20260407_220003.csv,NB,Moderate adversity,164,-19.594940064116237,20.17510052613536,-13.52210593122845,12.94194546920933
multiple_runs_NB_ModerateThreat_20260407_220003.csv,multiple_runs_NB_ModerateThreat_20260407_220003.csv,NB,Moderate adversity,165,-18.984551285534288,-18.87704263092037,14.492013356829222,23.36958055962544
multiple_runs_NB_ModerateThreat_20260407_220003.csv,multiple_runs_NB_ModerateThreat_20260407_220003.csv,NB,Moderate adversity,166,-14.710195179371354,-1.806251455216625,0.8666534575309406,15.649793177057042
multiple_runs_NB_ModerateThreat_20260407_220003.csv,multiple_runs_NB_ModerateThreat_20260407_220003.csv,NB,Moderate adversity,167,-16.55258915659679,12.040076997853404,-7.091202253133762,11.60371441187715
multiple_runs_NB_ModerateThreat_20260407_220003.csv,multiple_runs_NB_ModerateThreat_20260407_220003.csv,NB,Moderate adversity,168,-18.62067043131002,-11.623940541198392,10.390756274316683,19.853854698191725
multiple_runs_NB_ModerateThreat_20260407_220003.csv,multiple_runs_NB_ModerateThreat_20260407_220003.csv,NB,Moderate adversity,169,-18.606126364351013,19.306129082657627,7.610180892261244,-8.310183610567865
multiple_runs_NB_ModerateThreat_20260407_220003.csv,multiple_runs_NB_ModerateThreat_20260407_220003.csv,NB,Moderate adversity,170,-18.30085508772079,11.333266467694799,11.396743771014751,-4.429155150988763
multiple_runs_NB_ModerateThreat_20260407_220003.csv,multiple_runs_NB_ModerateThreat_20260407_220003.csv,NB,Moderate adversity,171,-20.24021895584063,-18.79844830523338,21.786356012304584,17.252311248769423
multiple_runs_NB_ModerateThreat_20260407_220003.csv,multiple_runs_NB_ModerateThreat_20260407_220003.csv,NB,Moderate adversity,172,-20.042251373496512,-14.066787853684056,10.448100107943109,23.66093911923746
multiple_runs_NB_ModerateThreat_20260407_220003.csv,multiple_runs_NB_ModerateThreat_20260407_220003.csv,NB,Moderate adversity,173,-19.316250561221928,-13.168908279471585,-0.22723082099259528,32.7123896616861
multiple_runs_NB_ModerateThreat_20260407_220003.csv,multiple_runs_NB_ModerateThreat_20260407_220003.csv,NB,Moderate adversity,174,-19.556907920820937,23.286784164134787,-19.951173939243827,16.221297695929977
multiple_runs_NB_ModerateThreat_20260407_220003.csv,multiple_runs_NB_ModerateThreat_20260407_220003.csv,NB,Moderate adversity,175,-18.083003724593695,-4.172084855532784,2.257440193145257,19.99764838698121
multiple_runs_NB_ModerateThreat_20260407_220003.csv,multiple_runs_NB_ModerateThreat_20260407_220003.csv,NB,Moderate adversity,176,-19.915177766328192,17.879880248082465,-17.421449315550376,19.456746833796103
multiple_runs_NB_ModerateThreat_20260407_220003.csv,multiple_runs_NB_ModerateThreat_20260407_220003.csv,NB,Moderate adversity,177,-16.339555448731623,40.001425312460135,-4.335097384219903,-19.32677247950862
multiple_runs_NB_ModerateThreat_20260407_220003.csv,multiple_runs_NB_ModerateThreat_20260407_220003.csv,NB,Moderate adversity,178,-19.260463775056266,-5.9469010121824155,5.975281085082035,19.232083702156643
multiple_runs_NB_ModerateThreat_20260407_220003.csv,multiple_runs_NB_ModerateThreat_20260407_220003.csv,NB,Moderate adversity,179,-19.732883561495917,19.832216228670013,-10.488018292598918,10.38868562542482
multiple_runs_NB_ModerateThreat_20260407_220003.csv,multiple_runs_NB_ModerateThreat_20260407_220003.csv,NB,Moderate adversity,180,-19.200660976369814,7.038477238758297,-4.958346965459437,17.12053070307094
multiple_runs_NB_ModerateThreat_20260407_220003.csv,multiple_runs_NB_ModerateThreat_20260407_220003.csv,NB,Moderate adversity,181,-20.442350367061934,-7.071242564127878,11.141055065870841,16.372537865318968
multiple_runs_NB_ModerateThreat_20260407_220003.csv,multiple_runs_NB_ModerateThreat_20260407_220003.csv,NB,Moderate adversity,182,-19.687584645811917,30.892082246766712,5.316873418699807,-16.521371019654605
multiple_runs_NB_ModerateThreat_20260407_220003.csv,multiple_runs_NB_ModerateThreat_20260407_220003.csv,NB,Moderate adversity,183,-19.295865168665728,2.885642775392597,0.8074396833253985,15.602782709947725
multiple_runs_NB_ModerateThreat_20260407_220003.csv,multiple_runs_NB_ModerateThreat_20260407_220003.csv,NB,Moderate adversity,184,-18.56823155197892,1.3560964198706316,10.994927594964107,6.217207537144173
multiple_runs_NB_ModerateThreat_20260407_220003.csv,multiple_runs_NB_ModerateThreat_20260407_220003.csv,NB,Moderate adversity,185,-17.53106099548281,16.562059226881694,-14.59474873128805,15.56375049988916
multiple_runs_NB_ModerateThreat_20260407_220003.csv,multiple_runs_NB_ModerateThreat_20260407_220003.csv,NB,Moderate adversity,186,-18.145645414129547,4.546200398965333,-2.051221951693954,15.65066696685816
multiple_runs_NB_ModerateThreat_20260407_220003.csv,multiple_runs_NB_ModerateThreat_20260407_220003.csv,NB,Moderate adversity,187,-19.474214446266547,4.378023504736234,0.9903915229288209,14.105799418601485
multiple_runs_NB_ModerateThreat_20260407_220003.csv,multiple_runs_NB_ModerateThreat_20260407_220003.csv,NB,Moderate adversity,188,-18.591139775818505,13.547455976855375,-1.4657277078996316,6.509411506862762
multiple_runs_NB_ModerateThreat_20260407_220003.csv,multiple_runs_NB_ModerateThreat_20260407_220003.csv,NB,Moderate adversity,189,-18.111883756939328,-15.742092275479555,17.65471836117373,16.19925767124515
multiple_runs_NB_ModerateThreat_20260407_220003.csv,multiple_runs_NB_ModerateThreat_20260407_220003.csv,NB,Moderate adversity,190,-19.699295497472484,12.735592656083213,-7.5908569293052,14.554559770694468
multiple_runs_NB_ModerateThreat_20260407_220003.csv,multiple_runs_NB_ModerateThreat_20260407_220003.csv,NB,Moderate adversity,191,-16.00519647437265,-8.884728533693703,6.392423983301462,18.497501024764887
multiple_runs_NB_ModerateThreat_20260407_220003.csv,multiple_runs_NB_ModerateThreat_20260407_220003.csv,NB,Moderate adversity,192,-19.811384817066326,-18.229714966457003,9.807511311432268,28.233588472091057
multiple_runs_NB_ModerateThreat_20260407_220003.csv,multiple_runs_NB_ModerateThreat_20260407_220003.csv,NB,Moderate adversity,193,-18.14344677213215,-9.175296861071846,7.277312782300694,20.041430850903296
multiple_runs_NB_ModerateThreat_20260407_220003.csv,multiple_runs_NB_ModerateThreat_20260407_220003.csv,NB,Moderate adversity,194,-19.56984980036249,-4.115742547523947,3.982738733520751,19.702853614365686
multiple_runs_NB_ModerateThreat_20260407_220003.csv,multiple_runs_NB_ModerateThreat_20260407_220003.csv,NB,Moderate adversity,195,-17.18011255179569,-0.5260398685983532,3.344308372511758,14.361844047882279
multiple_runs_NB_ModerateThreat_20260407_220003.csv,multiple_runs_NB_ModerateThreat_20260407_220003.csv,NB,Moderate adversity,196,-18.248786217962394,-11.139973288938458,7.629797720675203,21.758961786225647
multiple_runs_NB_ModerateThreat_20260407_220003.csv,multiple_runs_NB_ModerateThreat_20260407_220003.csv,NB,Moderate adversity,197,-18.14118955175116,0.8051198062434466,-1.8845112385715908,19.220580984079298
multiple_runs_NB_ModerateThreat_20260407_220003.csv,multiple_runs_NB_ModerateThreat_20260407_220003.csv,NB,Moderate adversity,198,-19.080679044237243,17.938953402347785,-13.645509369238631,14.787235011128082
multiple_runs_NB_ModerateThreat_20260407_220003.csv,multiple_runs_NB_ModerateThreat_20260407_220003.csv,NB,Moderate adversity,199,-17.188538033516224,-12.022992652709426,11.688513981499622,17.523016704726025
multiple_runs_NB_ModerateThreat_20260407_220003.csv,multiple_runs_NB_ModerateThreat_20260407_220003.csv,NB,Moderate adversity,200,-19.134373774166065,13.587017729521754,-8.150452834456871,13.697808879101174
