source_file,source_path,run,total_complex_behaviors,total_environment_count,learned_helplessness_pct,healthy_friendliness_pct,help_seeking_vulnerability_pct,ally_environment_pct,protective_behavior,community_trusting_vulnerability,healthy_friendliness,bully_behavior,aggressive_withdrawn_relationship,learned_helplessness,dangerous_trust,threat_count,ally_count,prey_count,threshold_from_figure7A_pct,latent_group
multiple_runs_largerun_db_highthreat_20260410_030216.csv,multiple_runs_largerun_db_highthreat_20260410_030216.csv,1,1010.0,1500.0,0.0,36.83168316831683,0.0,32.86666666666667,318.0,0.0,372.0,254.0,25.0,0.0,41.0,517.0,493.0,490.0,2.037872954566788,resilient
multiple_runs_largerun_db_highthreat_20260410_030216.csv,multiple_runs_largerun_db_highthreat_20260410_030216.csv,2,1022.0,1500.0,26.125244618395303,0.8806262230919765,0.0,32.4,66.0,0.0,9.0,269.0,376.0,267.0,35.0,546.0,486.0,468.0,2.037872954566788,vulnerable
multiple_runs_largerun_db_highthreat_20260410_030216.csv,multiple_runs_largerun_db_highthreat_20260410_030216.csv,3,804.0,1500.0,1.4925373134328357,44.27860696517413,0.0,32.46666666666667,261.0,0.0,356.0,120.0,27.0,12.0,28.0,497.0,487.0,516.0,2.037872954566788,resilient
multiple_runs_largerun_db_highthreat_20260410_030216.csv,multiple_runs_largerun_db_highthreat_20260410_030216.csv,4,1178.0,1500.0,22.920203735144312,1.7826825127334467,0.0,29.86666666666667,48.0,0.0,21.0,464.0,342.0,270.0,33.0,489.0,448.0,563.0,2.037872954566788,vulnerable
multiple_runs_largerun_db_highthreat_20260410_030216.csv,multiple_runs_largerun_db_highthreat_20260410_030216.csv,5,1054.0,1500.0,0.0,28.937381404174573,0.0,35.333333333333336,293.0,0.0,305.0,304.0,125.0,0.0,27.0,479.0,530.0,491.0,2.037872954566788,resilient
multiple_runs_largerun_db_highthreat_20260410_030216.csv,multiple_runs_largerun_db_highthreat_20260410_030216.csv,6,1157.0,1500.0,18.84183232497839,9.420916162489196,0.0,30.599999999999998,98.0,0.0,109.0,451.0,254.0,218.0,27.0,504.0,459.0,537.0,2.037872954566788,vulnerable
multiple_runs_largerun_db_highthreat_20260410_030216.csv,multiple_runs_largerun_db_highthreat_20260410_030216.csv,7,1150.0,1500.0,5.478260869565217,18.347826086956523,0.0,33.53333333333333,211.0,0.0,211.0,432.0,190.0,63.0,43.0,515.0,503.0,482.0,2.037872954566788,vulnerable
multiple_runs_largerun_db_highthreat_20260410_030216.csv,multiple_runs_largerun_db_highthreat_20260410_030216.csv,8,964.0,1500.0,0.5186721991701244,40.871369294605806,0.0,34.93333333333333,324.0,0.0,394.0,168.0,30.0,5.0,43.0,498.0,524.0,478.0,2.037872954566788,resilient
multiple_runs_largerun_db_highthreat_20260410_030216.csv,multiple_runs_largerun_db_highthreat_20260410_030216.csv,9,987.0,1500.0,0.60790273556231,37.68996960486322,0.0,33.4,291.0,0.0,372.0,257.0,23.0,6.0,38.0,499.0,501.0,500.0,2.037872954566788,resilient
multiple_runs_largerun_db_highthreat_20260410_030216.csv,multiple_runs_largerun_db_highthreat_20260410_030216.csv,10,990.0,1500.0,22.424242424242426,0.0,0.0,30.4,66.0,0.0,0.0,303.0,361.0,222.0,38.0,497.0,456.0,547.0,2.037872954566788,vulnerable
multiple_runs_largerun_db_highthreat_20260410_030216.csv,multiple_runs_largerun_db_highthreat_20260410_030216.csv,11,920.0,1500.0,27.391304347826086,0.8695652173913043,0.0,34.53333333333333,36.0,0.0,8.0,197.0,399.0,252.0,28.0,456.0,518.0,526.0,2.037872954566788,vulnerable
multiple_runs_largerun_db_highthreat_20260410_030216.csv,multiple_runs_largerun_db_highthreat_20260410_030216.csv,12,1077.0,1500.0,0.0,31.47632311977716,0.0,33.6,317.0,0.0,339.0,319.0,69.0,0.0,33.0,510.0,504.0,486.0,2.037872954566788,resilient
multiple_runs_largerun_db_highthreat_20260410_030216.csv,multiple_runs_largerun_db_highthreat_20260410_030216.csv,13,1368.0,1500.0,18.128654970760234,4.385964912280701,0.0,33.06666666666666,56.0,0.0,60.0,630.0,340.0,248.0,34.0,488.0,496.0,516.0,2.037872954566788,vulnerable
multiple_runs_largerun_db_highthreat_20260410_030216.csv,multiple_runs_largerun_db_highthreat_20260410_030216.csv,14,1023.0,1500.0,23.46041055718475,0.8797653958944283,0.0,33.6,74.0,0.0,9.0,272.0,399.0,240.0,29.0,504.0,504.0,492.0,2.037872954566788,vulnerable
multiple_runs_largerun_db_highthreat_20260410_030216.csv,multiple_runs_largerun_db_highthreat_20260410_030216.csv,15,1301.0,1500.0,19.984627209838585,0.3074558032282859,0.0,33.53333333333333,49.0,0.0,4.0,561.0,402.0,260.0,25.0,485.0,503.0,512.0,2.037872954566788,vulnerable
multiple_runs_largerun_db_highthreat_20260410_030216.csv,multiple_runs_largerun_db_highthreat_20260410_030216.csv,16,1118.0,1500.0,18.425760286225405,2.5044722719141324,0.0,33.6,73.0,0.0,28.0,408.0,376.0,206.0,27.0,475.0,504.0,521.0,2.037872954566788,vulnerable
multiple_runs_largerun_db_highthreat_20260410_030216.csv,multiple_runs_largerun_db_highthreat_20260410_030216.csv,17,977.0,1500.0,0.0,39.099283520982596,0.0,33.2,314.0,0.0,382.0,219.0,19.0,0.0,43.0,499.0,498.0,503.0,2.037872954566788,resilient
multiple_runs_largerun_db_highthreat_20260410_030216.csv,multiple_runs_largerun_db_highthreat_20260410_030216.csv,18,1057.0,1500.0,0.0,31.693472090823082,0.0,34.4,283.0,0.0,335.0,315.0,85.0,0.0,39.0,472.0,516.0,512.0,2.037872954566788,resilient
multiple_runs_largerun_db_highthreat_20260410_030216.csv,multiple_runs_largerun_db_highthreat_20260410_030216.csv,19,1184.0,1500.0,22.888513513513516,0.7601351351351352,0.0,32.800000000000004,40.0,0.0,9.0,447.0,393.0,271.0,24.0,487.0,492.0,521.0,2.037872954566788,vulnerable
multiple_runs_largerun_db_highthreat_20260410_030216.csv,multiple_runs_largerun_db_highthreat_20260410_030216.csv,20,929.0,1500.0,27.556512378902042,2.1528525296017222,0.0,32.0,28.0,0.0,20.0,229.0,368.0,256.0,28.0,489.0,480.0,531.0,2.037872954566788,vulnerable
multiple_runs_largerun_db_highthreat_20260410_030216.csv,multiple_runs_largerun_db_highthreat_20260410_030216.csv,21,1010.0,1500.0,25.940594059405942,4.0594059405940595,0.09900990099009901,33.93333333333333,54.0,1.0,41.0,271.0,358.0,262.0,23.0,492.0,509.0,499.0,2.037872954566788,vulnerable
multiple_runs_largerun_db_highthreat_20260410_030216.csv,multiple_runs_largerun_db_highthreat_20260410_030216.csv,22,1237.0,1500.0,15.359741309620048,4.688763136620857,0.0,33.666666666666664,99.0,0.0,58.0,503.0,354.0,190.0,33.0,490.0,505.0,505.0,2.037872954566788,vulnerable
multiple_runs_largerun_db_highthreat_20260410_030216.csv,multiple_runs_largerun_db_highthreat_20260410_030216.csv,23,1048.0,1500.0,0.38167938931297707,36.354961832061065,0.0,34.66666666666667,307.0,0.0,381.0,295.0,30.0,4.0,31.0,480.0,520.0,500.0,2.037872954566788,resilient
multiple_runs_largerun_db_highthreat_20260410_030216.csv,multiple_runs_largerun_db_highthreat_20260410_030216.csv,24,961.0,1500.0,0.6243496357960457,29.76066597294485,0.0,31.066666666666663,317.0,0.0,286.0,253.0,74.0,6.0,25.0,501.0,466.0,533.0,2.037872954566788,resilient
multiple_runs_largerun_db_highthreat_20260410_030216.csv,multiple_runs_largerun_db_highthreat_20260410_030216.csv,25,897.0,1500.0,0.6688963210702341,40.91415830546266,0.0,32.6,343.0,0.0,367.0,137.0,14.0,6.0,30.0,528.0,489.0,483.0,2.037872954566788,resilient
multiple_runs_largerun_db_highthreat_20260410_030216.csv,multiple_runs_largerun_db_highthreat_20260410_030216.csv,26,901.0,1500.0,30.632630410654826,0.6659267480577136,0.0,30.866666666666664,50.0,0.0,6.0,186.0,357.0,276.0,26.0,494.0,463.0,543.0,2.037872954566788,vulnerable
multiple_runs_largerun_db_highthreat_20260410_030216.csv,multiple_runs_largerun_db_highthreat_20260410_030216.csv,27,904.0,1500.0,0.4424778761061947,37.5,0.0,35.733333333333334,273.0,0.0,339.0,157.0,89.0,4.0,42.0,476.0,536.0,488.0,2.037872954566788,resilient
multiple_runs_largerun_db_highthreat_20260410_030216.csv,multiple_runs_largerun_db_highthreat_20260410_030216.csv,28,1016.0,1500.0,23.4251968503937,0.7874015748031495,0.0,33.53333333333333,65.0,0.0,8.0,284.0,391.0,238.0,30.0,494.0,503.0,503.0,2.037872954566788,vulnerable
multiple_runs_largerun_db_highthreat_20260410_030216.csv,multiple_runs_largerun_db_highthreat_20260410_030216.csv,29,1050.0,1500.0,22.952380952380953,2.0,0.0,35.13333333333333,41.0,0.0,21.0,329.0,392.0,241.0,26.0,458.0,527.0,515.0,2.037872954566788,vulnerable
multiple_runs_largerun_db_highthreat_20260410_030216.csv,multiple_runs_largerun_db_highthreat_20260410_030216.csv,30,1007.0,1500.0,22.244289970208538,1.0923535253227408,0.0,32.93333333333333,48.0,0.0,11.0,314.0,383.0,224.0,27.0,469.0,494.0,537.0,2.037872954566788,vulnerable
multiple_runs_largerun_db_highthreat_20260410_030216.csv,multiple_runs_largerun_db_highthreat_20260410_030216.csv,31,920.0,1500.0,29.02173913043478,0.5434782608695652,0.0,33.46666666666667,36.0,0.0,5.0,183.0,398.0,267.0,31.0,516.0,502.0,482.0,2.037872954566788,vulnerable
multiple_runs_largerun_db_highthreat_20260410_030216.csv,multiple_runs_largerun_db_highthreat_20260410_030216.csv,32,970.0,1500.0,25.15463917525773,2.1649484536082473,0.0,34.4,57.0,0.0,21.0,228.0,388.0,244.0,32.0,484.0,516.0,500.0,2.037872954566788,vulnerable
multiple_runs_largerun_db_highthreat_20260410_030216.csv,multiple_runs_largerun_db_highthreat_20260410_030216.csv,33,1068.0,1500.0,2.9962546816479403,31.647940074906366,0.0,33.46666666666667,299.0,0.0,338.0,294.0,64.0,32.0,41.0,519.0,502.0,479.0,2.037872954566788,vulnerable
multiple_runs_largerun_db_highthreat_20260410_030216.csv,multiple_runs_largerun_db_highthreat_20260410_030216.csv,34,1124.0,1500.0,24.822064056939503,1.601423487544484,0.0,32.13333333333333,36.0,0.0,18.0,419.0,354.0,279.0,18.0,514.0,482.0,504.0,2.037872954566788,vulnerable
multiple_runs_largerun_db_highthreat_20260410_030216.csv,multiple_runs_largerun_db_highthreat_20260410_030216.csv,35,1099.0,1500.0,9.918107370336669,15.832575068243859,0.0,33.733333333333334,184.0,0.0,174.0,375.0,227.0,109.0,30.0,496.0,506.0,498.0,2.037872954566788,vulnerable
multiple_runs_largerun_db_highthreat_20260410_030216.csv,multiple_runs_largerun_db_highthreat_20260410_030216.csv,36,1120.0,1500.0,21.964285714285715,0.8928571428571428,0.0,33.86666666666667,43.0,0.0,10.0,405.0,391.0,246.0,25.0,470.0,508.0,522.0,2.037872954566788,vulnerable
multiple_runs_largerun_db_highthreat_20260410_030216.csv,multiple_runs_largerun_db_highthreat_20260410_030216.csv,37,936.0,1500.0,1.3888888888888888,40.38461538461539,0.0,32.4,295.0,0.0,378.0,211.0,4.0,13.0,35.0,496.0,486.0,518.0,2.037872954566788,resilient
multiple_runs_largerun_db_highthreat_20260410_030216.csv,multiple_runs_largerun_db_highthreat_20260410_030216.csv,38,1262.0,1500.0,22.503961965134707,3.565768621236133,0.0,31.4,34.0,0.0,45.0,538.0,331.0,284.0,30.0,511.0,471.0,518.0,2.037872954566788,vulnerable
multiple_runs_largerun_db_highthreat_20260410_030216.csv,multiple_runs_largerun_db_highthreat_20260410_030216.csv,39,1051.0,1500.0,5.613701236917222,22.26450999048525,0.0,33.4,233.0,0.0,234.0,330.0,155.0,59.0,40.0,503.0,501.0,496.0,2.037872954566788,vulnerable
multiple_runs_largerun_db_highthreat_20260410_030216.csv,multiple_runs_largerun_db_highthreat_20260410_030216.csv,40,1265.0,1500.0,17.628458498023715,0.5533596837944664,0.0,35.8,54.0,0.0,7.0,533.0,421.0,223.0,27.0,458.0,537.0,505.0,2.037872954566788,vulnerable
multiple_runs_largerun_db_highthreat_20260410_030216.csv,multiple_runs_largerun_db_highthreat_20260410_030216.csv,41,948.0,1500.0,28.059071729957807,2.109704641350211,0.0,32.666666666666664,35.0,0.0,20.0,214.0,364.0,266.0,49.0,498.0,490.0,512.0,2.037872954566788,vulnerable
multiple_runs_largerun_db_highthreat_20260410_030216.csv,multiple_runs_largerun_db_highthreat_20260410_030216.csv,42,854.0,1500.0,0.0,41.451990632318505,0.0,31.133333333333336,336.0,0.0,354.0,112.0,15.0,0.0,37.0,521.0,467.0,512.0,2.037872954566788,resilient
multiple_runs_largerun_db_highthreat_20260410_030216.csv,multiple_runs_largerun_db_highthreat_20260410_030216.csv,43,1000.0,1500.0,1.4000000000000001,27.1,0.0,34.53333333333333,318.0,0.0,271.0,225.0,140.0,14.0,32.0,510.0,518.0,472.0,2.037872954566788,resilient
multiple_runs_largerun_db_highthreat_20260410_030216.csv,multiple_runs_largerun_db_highthreat_20260410_030216.csv,44,1148.0,1500.0,21.602787456445995,0.8710801393728222,0.0,34.13333333333333,60.0,0.0,10.0,387.0,411.0,248.0,32.0,490.0,512.0,498.0,2.037872954566788,vulnerable
multiple_runs_largerun_db_highthreat_20260410_030216.csv,multiple_runs_largerun_db_highthreat_20260410_030216.csv,45,1354.0,1500.0,15.36189069423929,4.13589364844904,0.0,34.8,81.0,0.0,56.0,614.0,361.0,208.0,34.0,487.0,522.0,491.0,2.037872954566788,vulnerable
multiple_runs_largerun_db_highthreat_20260410_030216.csv,multiple_runs_largerun_db_highthreat_20260410_030216.csv,46,1015.0,1500.0,21.87192118226601,1.3793103448275863,0.0,36.0,51.0,0.0,14.0,277.0,425.0,222.0,26.0,462.0,540.0,498.0,2.037872954566788,vulnerable
multiple_runs_largerun_db_highthreat_20260410_030216.csv,multiple_runs_largerun_db_highthreat_20260410_030216.csv,47,1242.0,1500.0,13.123993558776167,12.962962962962962,0.0,32.86666666666667,132.0,0.0,161.0,531.0,226.0,163.0,29.0,493.0,493.0,514.0,2.037872954566788,vulnerable
multiple_runs_largerun_db_highthreat_20260410_030216.csv,multiple_runs_largerun_db_highthreat_20260410_030216.csv,48,1039.0,1500.0,0.0,36.66987487969201,0.0,33.266666666666666,316.0,0.0,381.0,288.0,19.0,0.0,35.0,487.0,499.0,514.0,2.037872954566788,resilient
multiple_runs_largerun_db_highthreat_20260410_030216.csv,multiple_runs_largerun_db_highthreat_20260410_030216.csv,49,963.0,1500.0,27.31048805815161,0.4153686396677051,0.0,31.6,63.0,0.0,4.0,220.0,383.0,263.0,30.0,523.0,474.0,503.0,2.037872954566788,vulnerable
multiple_runs_largerun_db_highthreat_20260410_030216.csv,multiple_runs_largerun_db_highthreat_20260410_030216.csv,50,992.0,1500.0,25.0,0.5040322580645161,0.0,33.733333333333334,59.0,0.0,5.0,250.0,401.0,248.0,29.0,485.0,506.0,509.0,2.037872954566788,vulnerable
multiple_runs_largerun_db_highthreat_20260410_030216.csv,multiple_runs_largerun_db_highthreat_20260410_030216.csv,51,972.0,1500.0,0.0,40.4320987654321,0.0,33.46666666666667,308.0,0.0,393.0,220.0,13.0,0.0,38.0,488.0,502.0,510.0,2.037872954566788,resilient
multiple_runs_largerun_db_highthreat_20260410_030216.csv,multiple_runs_largerun_db_highthreat_20260410_030216.csv,52,1010.0,1500.0,25.14851485148515,1.3861386138613863,0.0,33.13333333333333,68.0,0.0,14.0,261.0,381.0,254.0,32.0,525.0,497.0,478.0,2.037872954566788,vulnerable
multiple_runs_largerun_db_highthreat_20260410_030216.csv,multiple_runs_largerun_db_highthreat_20260410_030216.csv,53,1079.0,1500.0,21.872103799814642,0.09267840593141798,0.0,34.0,58.0,0.0,1.0,344.0,407.0,236.0,33.0,476.0,510.0,514.0,2.037872954566788,vulnerable
multiple_runs_largerun_db_highthreat_20260410_030216.csv,multiple_runs_largerun_db_highthreat_20260410_030216.csv,54,868.0,1500.0,31.797235023041477,0.0,0.0,33.266666666666666,26.0,0.0,0.0,127.0,404.0,276.0,35.0,495.0,499.0,506.0,2.037872954566788,vulnerable
multiple_runs_largerun_db_highthreat_20260410_030216.csv,multiple_runs_largerun_db_highthreat_20260410_030216.csv,55,976.0,1500.0,0.0,28.07377049180328,0.0,32.733333333333334,297.0,0.0,274.0,261.0,106.0,0.0,38.0,487.0,491.0,522.0,2.037872954566788,resilient
multiple_runs_largerun_db_highthreat_20260410_030216.csv,multiple_runs_largerun_db_highthreat_20260410_030216.csv,56,962.0,1500.0,0.0,40.644490644490645,0.0,31.933333333333337,330.0,0.0,391.0,216.0,2.0,0.0,23.0,515.0,479.0,506.0,2.037872954566788,resilient
multiple_runs_largerun_db_highthreat_20260410_030216.csv,multiple_runs_largerun_db_highthreat_20260410_030216.csv,57,930.0,1500.0,33.11827956989247,1.7204301075268817,0.0,32.13333333333333,25.0,0.0,16.0,182.0,374.0,308.0,25.0,538.0,482.0,480.0,2.037872954566788,vulnerable
multiple_runs_largerun_db_highthreat_20260410_030216.csv,multiple_runs_largerun_db_highthreat_20260410_030216.csv,58,1221.0,1500.0,16.78951678951679,4.176904176904177,0.0,32.666666666666664,101.0,0.0,51.0,486.0,346.0,205.0,32.0,500.0,490.0,510.0,2.037872954566788,vulnerable
multiple_runs_largerun_db_highthreat_20260410_030216.csv,multiple_runs_largerun_db_highthreat_20260410_030216.csv,59,1002.0,1500.0,27.644710578842314,0.6986027944111777,0.0,32.33333333333333,68.0,0.0,7.0,232.0,382.0,277.0,36.0,534.0,485.0,481.0,2.037872954566788,vulnerable
multiple_runs_largerun_db_highthreat_20260410_030216.csv,multiple_runs_largerun_db_highthreat_20260410_030216.csv,60,1316.0,1500.0,19.6048632218845,0.303951367781155,0.0,32.800000000000004,58.0,0.0,4.0,564.0,397.0,258.0,35.0,510.0,492.0,498.0,2.037872954566788,vulnerable
multiple_runs_largerun_db_highthreat_20260410_030216.csv,multiple_runs_largerun_db_highthreat_20260410_030216.csv,61,1268.0,1500.0,16.798107255520506,6.940063091482649,0.0,31.533333333333335,85.0,0.0,88.0,564.0,287.0,213.0,31.0,503.0,473.0,524.0,2.037872954566788,vulnerable
multiple_runs_largerun_db_highthreat_20260410_030216.csv,multiple_runs_largerun_db_highthreat_20260410_030216.csv,62,1020.0,1500.0,25.882352941176475,3.431372549019608,0.0,32.46666666666667,39.0,0.0,35.0,295.0,345.0,264.0,42.0,512.0,487.0,501.0,2.037872954566788,vulnerable
multiple_runs_largerun_db_highthreat_20260410_030216.csv,multiple_runs_largerun_db_highthreat_20260410_030216.csv,63,1019.0,1500.0,0.0,34.24926398429833,0.0,33.0,321.0,0.0,349.0,257.0,51.0,0.0,41.0,491.0,495.0,514.0,2.037872954566788,resilient
multiple_runs_largerun_db_highthreat_20260410_030216.csv,multiple_runs_largerun_db_highthreat_20260410_030216.csv,64,1030.0,1500.0,22.330097087378643,1.3592233009708738,0.0,32.266666666666666,57.0,0.0,14.0,322.0,372.0,230.0,35.0,484.0,484.0,532.0,2.037872954566788,vulnerable
multiple_runs_largerun_db_highthreat_20260410_030216.csv,multiple_runs_largerun_db_highthreat_20260410_030216.csv,65,935.0,1500.0,26.737967914438503,0.10695187165775401,0.0,33.86666666666667,49.0,0.0,1.0,193.0,414.0,250.0,28.0,473.0,508.0,519.0,2.037872954566788,vulnerable
multiple_runs_largerun_db_highthreat_20260410_030216.csv,multiple_runs_largerun_db_highthreat_20260410_030216.csv,66,963.0,1500.0,0.4153686396677051,34.890965732087224,0.0,33.53333333333333,296.0,0.0,336.0,222.0,71.0,4.0,34.0,495.0,503.0,502.0,2.037872954566788,resilient
multiple_runs_largerun_db_highthreat_20260410_030216.csv,multiple_runs_largerun_db_highthreat_20260410_030216.csv,67,1136.0,1500.0,7.482394366197183,9.419014084507042,0.0,33.4,197.0,0.0,107.0,433.0,287.0,85.0,27.0,491.0,501.0,508.0,2.037872954566788,vulnerable
multiple_runs_largerun_db_highthreat_20260410_030216.csv,multiple_runs_largerun_db_highthreat_20260410_030216.csv,68,984.0,1500.0,0.10162601626016261,35.670731707317074,0.0,32.86666666666667,331.0,0.0,351.0,240.0,35.0,1.0,26.0,522.0,493.0,485.0,2.037872954566788,resilient
multiple_runs_largerun_db_highthreat_20260410_030216.csv,multiple_runs_largerun_db_highthreat_20260410_030216.csv,69,928.0,1500.0,0.3232758620689655,35.021551724137936,0.0,32.266666666666666,329.0,0.0,325.0,183.0,53.0,3.0,35.0,521.0,484.0,495.0,2.037872954566788,resilient
multiple_runs_largerun_db_highthreat_20260410_030216.csv,multiple_runs_largerun_db_highthreat_20260410_030216.csv,70,1039.0,1500.0,21.751684311838307,1.9249278152069296,0.0962463907603465,32.0,47.0,1.0,20.0,350.0,361.0,226.0,34.0,491.0,480.0,529.0,2.037872954566788,vulnerable
multiple_runs_largerun_db_highthreat_20260410_030216.csv,multiple_runs_largerun_db_highthreat_20260410_030216.csv,71,890.0,1500.0,0.6741573033707865,41.91011235955056,0.0,31.666666666666664,304.0,0.0,373.0,155.0,10.0,6.0,42.0,513.0,475.0,512.0,2.037872954566788,resilient
multiple_runs_largerun_db_highthreat_20260410_030216.csv,multiple_runs_largerun_db_highthreat_20260410_030216.csv,72,1023.0,1500.0,20.332355816226784,0.19550342130987292,0.0,35.86666666666667,84.0,0.0,2.0,274.0,430.0,208.0,25.0,458.0,538.0,504.0,2.037872954566788,vulnerable
multiple_runs_largerun_db_highthreat_20260410_030216.csv,multiple_runs_largerun_db_highthreat_20260410_030216.csv,73,1380.0,1500.0,19.855072463768117,1.1594202898550725,0.0,35.199999999999996,42.0,0.0,16.0,612.0,397.0,274.0,39.0,521.0,528.0,451.0,2.037872954566788,vulnerable
multiple_runs_largerun_db_highthreat_20260410_030216.csv,multiple_runs_largerun_db_highthreat_20260410_030216.csv,74,1385.0,1500.0,16.24548736462094,1.227436823104693,0.0,32.666666666666664,64.0,0.0,17.0,673.0,381.0,225.0,25.0,463.0,490.0,547.0,2.037872954566788,vulnerable
multiple_runs_largerun_db_highthreat_20260410_030216.csv,multiple_runs_largerun_db_highthreat_20260410_030216.csv,75,796.0,1500.0,16.331658291457288,12.311557788944723,0.0,34.8,50.0,0.0,98.0,283.0,195.0,130.0,40.0,512.0,522.0,466.0,2.037872954566788,vulnerable
multiple_runs_largerun_db_highthreat_20260410_030216.csv,multiple_runs_largerun_db_highthreat_20260410_030216.csv,76,1352.0,1500.0,16.789940828402365,4.733727810650888,0.0,32.53333333333333,62.0,0.0,64.0,645.0,321.0,227.0,33.0,493.0,488.0,519.0,2.037872954566788,vulnerable
multiple_runs_largerun_db_highthreat_20260410_030216.csv,multiple_runs_largerun_db_highthreat_20260410_030216.csv,77,953.0,1500.0,25.39349422875131,0.3147953830010493,0.0,33.266666666666666,52.0,0.0,3.0,243.0,384.0,242.0,29.0,487.0,499.0,514.0,2.037872954566788,vulnerable
multiple_runs_largerun_db_highthreat_20260410_030216.csv,multiple_runs_largerun_db_highthreat_20260410_030216.csv,78,1029.0,1500.0,25.364431486880466,0.2915451895043732,0.0,34.333333333333336,56.0,0.0,3.0,277.0,400.0,261.0,32.0,485.0,515.0,500.0,2.037872954566788,vulnerable
multiple_runs_largerun_db_highthreat_20260410_030216.csv,multiple_runs_largerun_db_highthreat_20260410_030216.csv,79,952.0,1500.0,0.7352941176470588,38.340336134453786,0.0,34.2,318.0,0.0,365.0,174.0,50.0,7.0,38.0,518.0,513.0,469.0,2.037872954566788,resilient
multiple_runs_largerun_db_highthreat_20260410_030216.csv,multiple_runs_largerun_db_highthreat_20260410_030216.csv,80,940.0,1500.0,0.0,36.91489361702128,0.0,31.133333333333336,286.0,0.0,347.0,242.0,39.0,0.0,26.0,511.0,467.0,522.0,2.037872954566788,resilient
multiple_runs_largerun_db_highthreat_20260410_030216.csv,multiple_runs_largerun_db_highthreat_20260410_030216.csv,81,1007.0,1500.0,28.897715988083416,0.7944389275074478,0.0,31.8,40.0,0.0,8.0,260.0,382.0,291.0,26.0,518.0,477.0,505.0,2.037872954566788,vulnerable
multiple_runs_largerun_db_highthreat_20260410_030216.csv,multiple_runs_largerun_db_highthreat_20260410_030216.csv,82,923.0,1500.0,30.985915492957744,0.10834236186348861,0.0,31.266666666666666,40.0,0.0,1.0,189.0,382.0,286.0,25.0,516.0,469.0,515.0,2.037872954566788,vulnerable
multiple_runs_largerun_db_highthreat_20260410_030216.csv,multiple_runs_largerun_db_highthreat_20260410_030216.csv,83,1004.0,1500.0,24.900398406374503,0.0,0.0,34.13333333333333,66.0,0.0,0.0,251.0,400.0,250.0,37.0,505.0,512.0,483.0,2.037872954566788,vulnerable
multiple_runs_largerun_db_highthreat_20260410_030216.csv,multiple_runs_largerun_db_highthreat_20260410_030216.csv,84,1423.0,1500.0,19.04427266338721,0.0,0.0,32.800000000000004,50.0,0.0,0.0,675.0,408.0,271.0,19.0,509.0,492.0,499.0,2.037872954566788,vulnerable
multiple_runs_largerun_db_highthreat_20260410_030216.csv,multiple_runs_largerun_db_highthreat_20260410_030216.csv,85,848.0,1500.0,0.8254716981132075,42.09905660377358,0.0,34.266666666666666,281.0,0.0,357.0,121.0,39.0,7.0,43.0,476.0,514.0,510.0,2.037872954566788,resilient
multiple_runs_largerun_db_highthreat_20260410_030216.csv,multiple_runs_largerun_db_highthreat_20260410_030216.csv,86,1107.0,1500.0,17.88617886178862,3.2520325203252036,0.0,33.2,82.0,0.0,36.0,407.0,353.0,198.0,31.0,455.0,498.0,547.0,2.037872954566788,vulnerable
multiple_runs_largerun_db_highthreat_20260410_030216.csv,multiple_runs_largerun_db_highthreat_20260410_030216.csv,87,1170.0,1500.0,14.017094017094017,6.837606837606838,0.0,34.333333333333336,140.0,0.0,80.0,423.0,326.0,164.0,37.0,498.0,515.0,487.0,2.037872954566788,vulnerable
multiple_runs_largerun_db_highthreat_20260410_030216.csv,multiple_runs_largerun_db_highthreat_20260410_030216.csv,88,1035.0,1500.0,26.08695652173913,0.1932367149758454,0.0,32.33333333333333,45.0,0.0,2.0,293.0,399.0,270.0,26.0,505.0,485.0,510.0,2.037872954566788,vulnerable
multiple_runs_largerun_db_highthreat_20260410_030216.csv,multiple_runs_largerun_db_highthreat_20260410_030216.csv,89,1050.0,1500.0,0.19047619047619047,33.23809523809524,0.0,31.866666666666667,342.0,0.0,349.0,292.0,42.0,2.0,23.0,519.0,478.0,503.0,2.037872954566788,resilient
multiple_runs_largerun_db_highthreat_20260410_030216.csv,multiple_runs_largerun_db_highthreat_20260410_030216.csv,90,1300.0,1500.0,13.615384615384615,8.692307692307692,0.0,33.46666666666667,150.0,0.0,113.0,539.0,293.0,177.0,28.0,520.0,502.0,478.0,2.037872954566788,vulnerable
multiple_runs_largerun_db_highthreat_20260410_030216.csv,multiple_runs_largerun_db_highthreat_20260410_030216.csv,91,1475.0,1500.0,18.508474576271187,0.06779661016949153,0.0,34.2,28.0,0.0,1.0,735.0,414.0,273.0,24.0,475.0,513.0,512.0,2.037872954566788,vulnerable
multiple_runs_largerun_db_highthreat_20260410_030216.csv,multiple_runs_largerun_db_highthreat_20260410_030216.csv,92,939.0,1500.0,25.66560170394036,1.4909478168264112,0.0,35.333333333333336,52.0,0.0,14.0,194.0,409.0,241.0,29.0,463.0,530.0,507.0,2.037872954566788,vulnerable
multiple_runs_largerun_db_highthreat_20260410_030216.csv,multiple_runs_largerun_db_highthreat_20260410_030216.csv,93,1034.0,1500.0,0.2901353965183753,38.58800773694391,0.0,34.333333333333336,305.0,0.0,399.0,267.0,21.0,3.0,39.0,491.0,515.0,494.0,2.037872954566788,resilient
multiple_runs_largerun_db_highthreat_20260410_030216.csv,multiple_runs_largerun_db_highthreat_20260410_030216.csv,94,883.0,1500.0,28.765571913929783,0.4530011325028313,0.0,32.93333333333333,42.0,0.0,4.0,189.0,381.0,254.0,13.0,484.0,494.0,522.0,2.037872954566788,vulnerable
multiple_runs_largerun_db_highthreat_20260410_030216.csv,multiple_runs_largerun_db_highthreat_20260410_030216.csv,95,1096.0,1500.0,24.635036496350367,1.4598540145985401,0.0,31.333333333333336,75.0,0.0,16.0,350.0,356.0,270.0,29.0,524.0,470.0,506.0,2.037872954566788,vulnerable
multiple_runs_largerun_db_highthreat_20260410_030216.csv,multiple_runs_largerun_db_highthreat_20260410_030216.csv,96,996.0,1500.0,25.301204819277107,0.9036144578313252,0.0,34.53333333333333,49.0,0.0,9.0,251.0,401.0,252.0,34.0,471.0,518.0,511.0,2.037872954566788,vulnerable
multiple_runs_largerun_db_highthreat_20260410_030216.csv,multiple_runs_largerun_db_highthreat_20260410_030216.csv,97,772.0,1500.0,28.10880829015544,41.839378238341965,0.0,33.666666666666664,35.0,0.0,323.0,78.0,86.0,217.0,33.0,477.0,505.0,518.0,2.037872954566788,vulnerable
multiple_runs_largerun_db_highthreat_20260410_030216.csv,multiple_runs_largerun_db_highthreat_20260410_030216.csv,98,935.0,1500.0,27.593582887700535,0.0,0.0,33.13333333333333,50.0,0.0,0.0,200.0,399.0,258.0,28.0,487.0,497.0,516.0,2.037872954566788,vulnerable
multiple_runs_largerun_db_highthreat_20260410_030216.csv,multiple_runs_largerun_db_highthreat_20260410_030216.csv,99,944.0,1500.0,26.906779661016948,0.5296610169491525,0.0,33.6,37.0,0.0,5.0,232.0,394.0,254.0,22.0,499.0,504.0,497.0,2.037872954566788,vulnerable
multiple_runs_largerun_db_highthreat_20260410_030216.csv,multiple_runs_largerun_db_highthreat_20260410_030216.csv,100,1076.0,1500.0,22.676579925650557,2.973977695167286,0.0,33.0,52.0,0.0,32.0,366.0,354.0,244.0,28.0,492.0,495.0,513.0,2.037872954566788,vulnerable
multiple_runs_largerun_db_highthreat_20260410_030216.csv,multiple_runs_largerun_db_highthreat_20260410_030216.csv,101,917.0,1500.0,1.7448200654307526,32.279171210468924,0.0,31.0,302.0,0.0,296.0,195.0,70.0,16.0,38.0,525.0,465.0,510.0,2.037872954566788,resilient
multiple_runs_largerun_db_highthreat_20260410_030216.csv,multiple_runs_largerun_db_highthreat_20260410_030216.csv,102,973.0,1500.0,0.0,39.97944501541624,0.0,32.733333333333334,281.0,0.0,389.0,259.0,19.0,0.0,25.0,482.0,491.0,527.0,2.037872954566788,resilient
multiple_runs_largerun_db_highthreat_20260410_030216.csv,multiple_runs_largerun_db_highthreat_20260410_030216.csv,103,1144.0,1500.0,19.318181818181817,8.653846153846153,0.0,30.533333333333335,90.0,0.0,99.0,438.0,264.0,221.0,32.0,545.0,458.0,497.0,2.037872954566788,vulnerable
multiple_runs_largerun_db_highthreat_20260410_030216.csv,multiple_runs_largerun_db_highthreat_20260410_030216.csv,104,1153.0,1500.0,20.294882914137034,0.08673026886383348,0.0,33.86666666666667,82.0,0.0,1.0,404.0,410.0,234.0,22.0,489.0,508.0,503.0,2.037872954566788,vulnerable
multiple_runs_largerun_db_highthreat_20260410_030216.csv,multiple_runs_largerun_db_highthreat_20260410_030216.csv,105,955.0,1500.0,21.047120418848166,0.7329842931937173,0.0,33.86666666666667,53.0,0.0,7.0,262.0,399.0,201.0,33.0,446.0,508.0,546.0,2.037872954566788,vulnerable
multiple_runs_largerun_db_highthreat_20260410_030216.csv,multiple_runs_largerun_db_highthreat_20260410_030216.csv,106,1011.0,1500.0,19.188921859545005,0.6923837784371909,0.0,33.46666666666667,86.0,0.0,7.0,281.0,406.0,194.0,37.0,470.0,502.0,528.0,2.037872954566788,vulnerable
multiple_runs_largerun_db_highthreat_20260410_030216.csv,multiple_runs_largerun_db_highthreat_20260410_030216.csv,107,923.0,1500.0,1.0834236186348862,39.978331527627304,0.0,33.46666666666667,290.0,0.0,369.0,180.0,35.0,10.0,39.0,497.0,502.0,501.0,2.037872954566788,resilient
multiple_runs_largerun_db_highthreat_20260410_030216.csv,multiple_runs_largerun_db_highthreat_20260410_030216.csv,108,955.0,1500.0,0.0,41.98952879581152,0.0,34.06666666666667,304.0,0.0,401.0,194.0,14.0,0.0,42.0,488.0,511.0,501.0,2.037872954566788,resilient
multiple_runs_largerun_db_highthreat_20260410_030216.csv,multiple_runs_largerun_db_highthreat_20260410_030216.csv,109,1097.0,1500.0,24.06563354603464,1.4585232452142205,0.0,32.33333333333333,31.0,0.0,16.0,378.0,376.0,264.0,32.0,501.0,485.0,514.0,2.037872954566788,vulnerable
multiple_runs_largerun_db_highthreat_20260410_030216.csv,multiple_runs_largerun_db_highthreat_20260410_030216.csv,110,1019.0,1500.0,23.061825318940137,0.0,0.0,32.6,75.0,0.0,0.0,280.0,397.0,235.0,32.0,491.0,489.0,520.0,2.037872954566788,vulnerable
multiple_runs_largerun_db_highthreat_20260410_030216.csv,multiple_runs_largerun_db_highthreat_20260410_030216.csv,111,1036.0,1500.0,22.779922779922778,0.4826254826254826,0.0,33.733333333333334,49.0,0.0,5.0,315.0,405.0,236.0,26.0,477.0,506.0,517.0,2.037872954566788,vulnerable
multiple_runs_largerun_db_highthreat_20260410_030216.csv,multiple_runs_largerun_db_highthreat_20260410_030216.csv,112,1037.0,1500.0,23.722275795564126,0.8678881388621021,0.0,32.6,62.0,0.0,9.0,302.0,394.0,246.0,24.0,490.0,489.0,521.0,2.037872954566788,vulnerable
multiple_runs_largerun_db_highthreat_20260410_030216.csv,multiple_runs_largerun_db_highthreat_20260410_030216.csv,113,915.0,1500.0,31.038251366120218,0.1092896174863388,0.0,30.733333333333334,49.0,0.0,1.0,180.0,379.0,284.0,22.0,520.0,461.0,519.0,2.037872954566788,vulnerable
multiple_runs_largerun_db_highthreat_20260410_030216.csv,multiple_runs_largerun_db_highthreat_20260410_030216.csv,114,1156.0,1500.0,11.505190311418685,10.899653979238755,0.0,32.6,164.0,0.0,126.0,432.0,267.0,133.0,34.0,498.0,489.0,513.0,2.037872954566788,vulnerable
multiple_runs_largerun_db_highthreat_20260410_030216.csv,multiple_runs_largerun_db_highthreat_20260410_030216.csv,115,1085.0,1500.0,21.566820276497694,2.0276497695852536,0.0,31.933333333333337,51.0,0.0,22.0,366.0,378.0,234.0,34.0,508.0,479.0,513.0,2.037872954566788,vulnerable
multiple_runs_largerun_db_highthreat_20260410_030216.csv,multiple_runs_largerun_db_highthreat_20260410_030216.csv,116,985.0,1500.0,0.10152284263959391,36.04060913705584,0.0,33.666666666666664,284.0,0.0,355.0,255.0,50.0,1.0,40.0,494.0,505.0,501.0,2.037872954566788,resilient
multiple_runs_largerun_db_highthreat_20260410_030216.csv,multiple_runs_largerun_db_highthreat_20260410_030216.csv,117,1047.0,1500.0,26.36103151862464,0.28653295128939826,0.0,33.13333333333333,25.0,0.0,3.0,333.0,384.0,276.0,26.0,488.0,497.0,515.0,2.037872954566788,vulnerable
multiple_runs_largerun_db_highthreat_20260410_030216.csv,multiple_runs_largerun_db_highthreat_20260410_030216.csv,118,892.0,1500.0,0.0,35.313901345291484,0.0,32.53333333333333,305.0,0.0,315.0,171.0,71.0,0.0,30.0,492.0,488.0,520.0,2.037872954566788,resilient
multiple_runs_largerun_db_highthreat_20260410_030216.csv,multiple_runs_largerun_db_highthreat_20260410_030216.csv,119,970.0,1500.0,0.9278350515463918,28.144329896907216,0.0,32.4,240.0,0.0,273.0,302.0,110.0,9.0,36.0,459.0,486.0,555.0,2.037872954566788,resilient
multiple_runs_largerun_db_highthreat_20260410_030216.csv,multiple_runs_largerun_db_highthreat_20260410_030216.csv,120,972.0,1500.0,0.0,38.78600823045267,0.0,33.733333333333334,335.0,0.0,377.0,211.0,21.0,0.0,28.0,504.0,506.0,490.0,2.037872954566788,resilient
multiple_runs_largerun_db_highthreat_20260410_030216.csv,multiple_runs_largerun_db_highthreat_20260410_030216.csv,121,1110.0,1500.0,27.207207207207208,0.18018018018018017,0.0,32.666666666666664,42.0,0.0,2.0,350.0,396.0,302.0,18.0,513.0,490.0,497.0,2.037872954566788,vulnerable
multiple_runs_largerun_db_highthreat_20260410_030216.csv,multiple_runs_largerun_db_highthreat_20260410_030216.csv,122,902.0,1500.0,28.38137472283814,1.662971175166297,0.0,32.800000000000004,36.0,0.0,15.0,202.0,371.0,256.0,22.0,465.0,492.0,543.0,2.037872954566788,vulnerable
multiple_runs_largerun_db_highthreat_20260410_030216.csv,multiple_runs_largerun_db_highthreat_20260410_030216.csv,123,938.0,1500.0,30.383795309168445,0.0,0.0,31.333333333333336,38.0,0.0,0.0,227.0,366.0,285.0,22.0,505.0,470.0,525.0,2.037872954566788,vulnerable
multiple_runs_largerun_db_highthreat_20260410_030216.csv,multiple_runs_largerun_db_highthreat_20260410_030216.csv,124,1360.0,1500.0,20.588235294117645,0.9558823529411765,0.0,32.0,53.0,0.0,13.0,611.0,366.0,280.0,37.0,506.0,480.0,514.0,2.037872954566788,vulnerable
multiple_runs_largerun_db_highthreat_20260410_030216.csv,multiple_runs_largerun_db_highthreat_20260410_030216.csv,125,891.0,1500.0,29.180695847362514,0.0,0.0,31.6,40.0,0.0,0.0,189.0,380.0,260.0,22.0,489.0,474.0,537.0,2.037872954566788,vulnerable
multiple_runs_largerun_db_highthreat_20260410_030216.csv,multiple_runs_largerun_db_highthreat_20260410_030216.csv,126,1002.0,1500.0,0.499001996007984,29.740518962075846,0.0,31.333333333333336,292.0,0.0,298.0,283.0,84.0,5.0,40.0,496.0,470.0,534.0,2.037872954566788,resilient
multiple_runs_largerun_db_highthreat_20260410_030216.csv,multiple_runs_largerun_db_highthreat_20260410_030216.csv,127,1078.0,1500.0,0.0,27.82931354359926,0.0,34.53333333333333,261.0,0.0,300.0,372.0,125.0,0.0,20.0,463.0,518.0,519.0,2.037872954566788,resilient
multiple_runs_largerun_db_highthreat_20260410_030216.csv,multiple_runs_largerun_db_highthreat_20260410_030216.csv,128,1110.0,1500.0,6.846846846846846,12.162162162162163,0.0,32.666666666666664,223.0,0.0,135.0,396.0,248.0,76.0,32.0,508.0,490.0,502.0,2.037872954566788,vulnerable
multiple_runs_largerun_db_highthreat_20260410_030216.csv,multiple_runs_largerun_db_highthreat_20260410_030216.csv,129,1222.0,1500.0,18.330605564648117,3.927986906710311,0.0,31.8,101.0,0.0,48.0,487.0,337.0,224.0,25.0,506.0,477.0,517.0,2.037872954566788,vulnerable
multiple_runs_largerun_db_highthreat_20260410_030216.csv,multiple_runs_largerun_db_highthreat_20260410_030216.csv,130,1159.0,1500.0,3.278688524590164,18.3779119930975,0.0,32.800000000000004,262.0,0.0,213.0,432.0,176.0,38.0,38.0,493.0,492.0,515.0,2.037872954566788,vulnerable
multiple_runs_largerun_db_highthreat_20260410_030216.csv,multiple_runs_largerun_db_highthreat_20260410_030216.csv,131,925.0,1500.0,28.10810810810811,0.6486486486486486,0.0,32.0,43.0,0.0,6.0,210.0,375.0,260.0,31.0,501.0,480.0,519.0,2.037872954566788,vulnerable
multiple_runs_largerun_db_highthreat_20260410_030216.csv,multiple_runs_largerun_db_highthreat_20260410_030216.csv,132,943.0,1500.0,26.617179215270415,1.378579003181336,0.0,34.266666666666666,61.0,0.0,13.0,211.0,381.0,251.0,26.0,510.0,514.0,476.0,2.037872954566788,vulnerable
multiple_runs_largerun_db_highthreat_20260410_030216.csv,multiple_runs_largerun_db_highthreat_20260410_030216.csv,133,1194.0,1500.0,12.060301507537687,11.557788944723619,0.0,32.06666666666666,147.0,0.0,138.0,501.0,241.0,144.0,23.0,505.0,481.0,514.0,2.037872954566788,vulnerable
multiple_runs_largerun_db_highthreat_20260410_030216.csv,multiple_runs_largerun_db_highthreat_20260410_030216.csv,134,1165.0,1500.0,8.755364806866952,12.532188841201716,0.0,33.800000000000004,175.0,0.0,146.0,448.0,262.0,102.0,32.0,479.0,507.0,514.0,2.037872954566788,vulnerable
multiple_runs_largerun_db_highthreat_20260410_030216.csv,multiple_runs_largerun_db_highthreat_20260410_030216.csv,135,936.0,1500.0,0.2136752136752137,38.24786324786324,0.0,32.06666666666666,323.0,0.0,358.0,194.0,26.0,2.0,33.0,483.0,481.0,536.0,2.037872954566788,resilient
multiple_runs_largerun_db_highthreat_20260410_030216.csv,multiple_runs_largerun_db_highthreat_20260410_030216.csv,136,1003.0,1500.0,0.0,37.88634097706879,0.0,33.06666666666666,336.0,0.0,380.0,250.0,8.0,0.0,29.0,504.0,496.0,500.0,2.037872954566788,resilient
multiple_runs_largerun_db_highthreat_20260410_030216.csv,multiple_runs_largerun_db_highthreat_20260410_030216.csv,137,1052.0,1500.0,23.288973384030417,3.041825095057034,0.0,32.733333333333334,70.0,0.0,32.0,331.0,350.0,245.0,24.0,507.0,491.0,502.0,2.037872954566788,vulnerable
multiple_runs_largerun_db_highthreat_20260410_030216.csv,multiple_runs_largerun_db_highthreat_20260410_030216.csv,138,1314.0,1500.0,17.427701674277017,0.76103500761035,0.0,32.800000000000004,60.0,0.0,10.0,604.0,387.0,229.0,24.0,481.0,492.0,527.0,2.037872954566788,vulnerable
multiple_runs_largerun_db_highthreat_20260410_030216.csv,multiple_runs_largerun_db_highthreat_20260410_030216.csv,139,992.0,1500.0,23.991935483870968,1.5120967741935485,0.0,32.4,71.0,0.0,15.0,267.0,376.0,238.0,25.0,492.0,486.0,522.0,2.037872954566788,vulnerable
multiple_runs_largerun_db_highthreat_20260410_030216.csv,multiple_runs_largerun_db_highthreat_20260410_030216.csv,140,969.0,1500.0,26.109391124871,4.231166150670795,0.0,32.33333333333333,47.0,0.0,41.0,250.0,345.0,253.0,33.0,514.0,485.0,501.0,2.037872954566788,vulnerable
multiple_runs_largerun_db_highthreat_20260410_030216.csv,multiple_runs_largerun_db_highthreat_20260410_030216.csv,141,1134.0,1500.0,10.052910052910052,14.285714285714285,0.0,32.53333333333333,177.0,0.0,162.0,437.0,222.0,114.0,22.0,497.0,488.0,515.0,2.037872954566788,vulnerable
multiple_runs_largerun_db_highthreat_20260410_030216.csv,multiple_runs_largerun_db_highthreat_20260410_030216.csv,142,981.0,1500.0,23.547400611620795,0.0,0.0,31.8,67.0,0.0,0.0,278.0,380.0,231.0,25.0,485.0,477.0,538.0,2.037872954566788,vulnerable
multiple_runs_largerun_db_highthreat_20260410_030216.csv,multiple_runs_largerun_db_highthreat_20260410_030216.csv,143,1166.0,1500.0,13.979416809605489,4.1166380789022305,0.0,31.933333333333337,134.0,0.0,48.0,474.0,325.0,163.0,22.0,515.0,479.0,506.0,2.037872954566788,vulnerable
multiple_runs_largerun_db_highthreat_20260410_030216.csv,multiple_runs_largerun_db_highthreat_20260410_030216.csv,144,1009.0,1500.0,31.020812685827554,0.0,0.0,31.066666666666663,37.0,0.0,0.0,250.0,378.0,313.0,31.0,528.0,466.0,506.0,2.037872954566788,vulnerable
multiple_runs_largerun_db_highthreat_20260410_030216.csv,multiple_runs_largerun_db_highthreat_20260410_030216.csv,145,1189.0,1500.0,19.51219512195122,3.1118587047939443,0.0,34.13333333333333,52.0,0.0,37.0,463.0,377.0,232.0,28.0,462.0,512.0,526.0,2.037872954566788,vulnerable
multiple_runs_largerun_db_highthreat_20260410_030216.csv,multiple_runs_largerun_db_highthreat_20260410_030216.csv,146,1098.0,1500.0,22.950819672131146,0.18214936247723132,0.0,33.6,45.0,0.0,2.0,364.0,407.0,252.0,28.0,470.0,504.0,526.0,2.037872954566788,vulnerable
multiple_runs_largerun_db_highthreat_20260410_030216.csv,multiple_runs_largerun_db_highthreat_20260410_030216.csv,147,931.0,1500.0,2.0408163265306123,39.63480128893663,0.0,33.4,301.0,0.0,369.0,192.0,19.0,19.0,31.0,492.0,501.0,507.0,2.037872954566788,vulnerable
multiple_runs_largerun_db_highthreat_20260410_030216.csv,multiple_runs_largerun_db_highthreat_20260410_030216.csv,148,919.0,1500.0,0.0,42.87268770402611,0.0,33.4,317.0,0.0,394.0,183.0,0.0,0.0,25.0,478.0,501.0,521.0,2.037872954566788,resilient
multiple_runs_largerun_db_highthreat_20260410_030216.csv,multiple_runs_largerun_db_highthreat_20260410_030216.csv,149,938.0,1500.0,29.53091684434968,0.8528784648187633,0.0,33.06666666666666,35.0,0.0,8.0,208.0,389.0,277.0,21.0,486.0,496.0,518.0,2.037872954566788,vulnerable
multiple_runs_largerun_db_highthreat_20260410_030216.csv,multiple_runs_largerun_db_highthreat_20260410_030216.csv,150,1018.0,1500.0,0.0,36.73870333988212,0.0,30.666666666666664,347.0,0.0,374.0,268.0,3.0,0.0,26.0,525.0,460.0,515.0,2.037872954566788,resilient
multiple_runs_largerun_db_highthreat_20260410_030216.csv,multiple_runs_largerun_db_highthreat_20260410_030216.csv,151,960.0,1500.0,0.10416666666666667,31.979166666666664,0.0,32.93333333333333,328.0,0.0,307.0,209.0,79.0,1.0,36.0,536.0,494.0,470.0,2.037872954566788,resilient
multiple_runs_largerun_db_highthreat_20260410_030216.csv,multiple_runs_largerun_db_highthreat_20260410_030216.csv,152,1058.0,1500.0,23.629489603024574,1.1342155009451798,0.0,32.6,57.0,0.0,12.0,319.0,389.0,250.0,31.0,497.0,489.0,514.0,2.037872954566788,vulnerable
multiple_runs_largerun_db_highthreat_20260410_030216.csv,multiple_runs_largerun_db_highthreat_20260410_030216.csv,153,868.0,1500.0,0.4608294930875576,41.12903225806452,0.0,32.6,303.0,0.0,357.0,131.0,36.0,4.0,37.0,483.0,489.0,528.0,2.037872954566788,resilient
multiple_runs_largerun_db_highthreat_20260410_030216.csv,multiple_runs_largerun_db_highthreat_20260410_030216.csv,154,947.0,1500.0,26.927138331573392,1.0559662090813093,0.0,30.2,52.0,0.0,10.0,251.0,351.0,255.0,28.0,507.0,453.0,540.0,2.037872954566788,vulnerable
multiple_runs_largerun_db_highthreat_20260410_030216.csv,multiple_runs_largerun_db_highthreat_20260410_030216.csv,155,1134.0,1500.0,10.052910052910052,11.904761904761903,0.0,33.13333333333333,158.0,0.0,135.0,426.0,254.0,114.0,47.0,506.0,497.0,497.0,2.037872954566788,vulnerable
multiple_runs_largerun_db_highthreat_20260410_030216.csv,multiple_runs_largerun_db_highthreat_20260410_030216.csv,156,1148.0,1500.0,16.289198606271775,3.1358885017421603,0.0,32.800000000000004,95.0,0.0,36.0,455.0,347.0,187.0,28.0,485.0,492.0,523.0,2.037872954566788,vulnerable
multiple_runs_largerun_db_highthreat_20260410_030216.csv,multiple_runs_largerun_db_highthreat_20260410_030216.csv,157,974.0,1500.0,0.0,33.059548254620125,0.0,33.33333333333333,305.0,0.0,322.0,225.0,81.0,0.0,41.0,497.0,500.0,503.0,2.037872954566788,resilient
multiple_runs_largerun_db_highthreat_20260410_030216.csv,multiple_runs_largerun_db_highthreat_20260410_030216.csv,158,1084.0,1500.0,24.169741697416974,1.014760147601476,0.0,32.06666666666666,37.0,0.0,11.0,351.0,385.0,262.0,38.0,511.0,481.0,508.0,2.037872954566788,vulnerable
multiple_runs_largerun_db_highthreat_20260410_030216.csv,multiple_runs_largerun_db_highthreat_20260410_030216.csv,159,916.0,1500.0,0.32751091703056767,42.13973799126637,0.0,32.93333333333333,353.0,0.0,386.0,137.0,4.0,3.0,33.0,513.0,494.0,493.0,2.037872954566788,resilient
multiple_runs_largerun_db_highthreat_20260410_030216.csv,multiple_runs_largerun_db_highthreat_20260410_030216.csv,160,1220.0,1500.0,16.639344262295083,6.393442622950819,0.0,33.86666666666667,104.0,0.0,78.0,490.0,313.0,203.0,32.0,510.0,508.0,482.0,2.037872954566788,vulnerable
multiple_runs_largerun_db_highthreat_20260410_030216.csv,multiple_runs_largerun_db_highthreat_20260410_030216.csv,161,1004.0,1500.0,0.796812749003984,29.382470119521916,0.0,32.6,299.0,0.0,295.0,281.0,89.0,8.0,32.0,506.0,489.0,505.0,2.037872954566788,resilient
multiple_runs_largerun_db_highthreat_20260410_030216.csv,multiple_runs_largerun_db_highthreat_20260410_030216.csv,162,1057.0,1500.0,27.057710501419113,0.0,0.0,33.266666666666666,44.0,0.0,0.0,298.0,400.0,286.0,29.0,506.0,499.0,495.0,2.037872954566788,vulnerable
multiple_runs_largerun_db_highthreat_20260410_030216.csv,multiple_runs_largerun_db_highthreat_20260410_030216.csv,163,1142.0,1500.0,9.369527145359019,12.171628721541156,0.0,33.6,122.0,0.0,139.0,460.0,269.0,107.0,45.0,465.0,504.0,531.0,2.037872954566788,vulnerable
multiple_runs_largerun_db_highthreat_20260410_030216.csv,multiple_runs_largerun_db_highthreat_20260410_030216.csv,164,1059.0,1500.0,20.585457979225687,0.18885741265344666,0.0,36.06666666666667,54.0,0.0,2.0,326.0,429.0,218.0,30.0,476.0,541.0,483.0,2.037872954566788,vulnerable
multiple_runs_largerun_db_highthreat_20260410_030216.csv,multiple_runs_largerun_db_highthreat_20260410_030216.csv,165,1020.0,1500.0,22.54901960784314,0.0,0.0,33.13333333333333,62.0,0.0,0.0,306.0,395.0,230.0,27.0,457.0,497.0,546.0,2.037872954566788,vulnerable
multiple_runs_largerun_db_highthreat_20260410_030216.csv,multiple_runs_largerun_db_highthreat_20260410_030216.csv,166,959.0,1500.0,25.86027111574557,0.0,0.0,32.266666666666666,56.0,0.0,0.0,247.0,377.0,248.0,31.0,509.0,484.0,507.0,2.037872954566788,vulnerable
multiple_runs_largerun_db_highthreat_20260410_030216.csv,multiple_runs_largerun_db_highthreat_20260410_030216.csv,167,954.0,1500.0,0.0,38.88888888888889,0.0,33.13333333333333,297.0,0.0,371.0,229.0,16.0,0.0,41.0,507.0,497.0,496.0,2.037872954566788,resilient
multiple_runs_largerun_db_highthreat_20260410_030216.csv,multiple_runs_largerun_db_highthreat_20260410_030216.csv,168,938.0,1500.0,0.10660980810234541,41.36460554371002,0.0,33.0,308.0,0.0,388.0,189.0,12.0,1.0,40.0,513.0,495.0,492.0,2.037872954566788,resilient
multiple_runs_largerun_db_highthreat_20260410_030216.csv,multiple_runs_largerun_db_highthreat_20260410_030216.csv,169,1191.0,1500.0,17.38035264483627,1.6792611251049538,0.0,33.06666666666666,51.0,0.0,20.0,509.0,380.0,207.0,24.0,471.0,496.0,533.0,2.037872954566788,vulnerable
multiple_runs_largerun_db_highthreat_20260410_030216.csv,multiple_runs_largerun_db_highthreat_20260410_030216.csv,170,932.0,1500.0,3.648068669527897,39.8068669527897,0.0,32.666666666666664,297.0,0.0,371.0,180.0,18.0,34.0,32.0,510.0,490.0,500.0,2.037872954566788,vulnerable
multiple_runs_largerun_db_highthreat_20260410_030216.csv,multiple_runs_largerun_db_highthreat_20260410_030216.csv,171,908.0,1500.0,0.0,42.180616740088105,0.0,32.33333333333333,315.0,0.0,383.0,177.0,0.0,0.0,33.0,463.0,485.0,552.0,2.037872954566788,resilient
multiple_runs_largerun_db_highthreat_20260410_030216.csv,multiple_runs_largerun_db_highthreat_20260410_030216.csv,172,1189.0,1500.0,26.324642556770396,8.66274179983179,0.0,31.133333333333336,20.0,0.0,103.0,468.0,261.0,313.0,24.0,528.0,467.0,505.0,2.037872954566788,vulnerable
multiple_runs_largerun_db_highthreat_20260410_030216.csv,multiple_runs_largerun_db_highthreat_20260410_030216.csv,173,1173.0,1500.0,16.453537936913897,5.7118499573742545,0.0,31.466666666666665,107.0,0.0,67.0,473.0,296.0,193.0,37.0,499.0,472.0,529.0,2.037872954566788,vulnerable
multiple_runs_largerun_db_highthreat_20260410_030216.csv,multiple_runs_largerun_db_highthreat_20260410_030216.csv,174,1055.0,1500.0,3.2227488151658767,23.412322274881518,0.0,31.333333333333336,284.0,0.0,247.0,317.0,135.0,34.0,38.0,518.0,470.0,512.0,2.037872954566788,vulnerable
multiple_runs_largerun_db_highthreat_20260410_030216.csv,multiple_runs_largerun_db_highthreat_20260410_030216.csv,175,1275.0,1500.0,19.215686274509807,0.1568627450980392,0.0,32.33333333333333,75.0,0.0,2.0,541.0,378.0,245.0,34.0,505.0,485.0,510.0,2.037872954566788,vulnerable
multiple_runs_largerun_db_highthreat_20260410_030216.csv,multiple_runs_largerun_db_highthreat_20260410_030216.csv,176,968.0,1500.0,22.727272727272727,0.2066115702479339,0.0,33.33333333333333,47.0,0.0,2.0,278.0,388.0,220.0,33.0,470.0,500.0,530.0,2.037872954566788,vulnerable
multiple_runs_largerun_db_highthreat_20260410_030216.csv,multiple_runs_largerun_db_highthreat_20260410_030216.csv,177,1171.0,1500.0,22.886421861656704,0.1707941929974381,0.0,32.800000000000004,54.0,0.0,2.0,441.0,386.0,268.0,20.0,509.0,492.0,499.0,2.037872954566788,vulnerable
multiple_runs_largerun_db_highthreat_20260410_030216.csv,multiple_runs_largerun_db_highthreat_20260410_030216.csv,178,1194.0,1500.0,12.060301507537687,8.040201005025125,0.0,33.53333333333333,111.0,0.0,96.0,519.0,297.0,144.0,27.0,472.0,503.0,525.0,2.037872954566788,vulnerable
multiple_runs_largerun_db_highthreat_20260410_030216.csv,multiple_runs_largerun_db_highthreat_20260410_030216.csv,179,1050.0,1500.0,0.0,30.857142857142854,0.0,32.06666666666666,328.0,0.0,324.0,318.0,49.0,0.0,31.0,499.0,481.0,520.0,2.037872954566788,resilient
multiple_runs_largerun_db_highthreat_20260410_030216.csv,multiple_runs_largerun_db_highthreat_20260410_030216.csv,180,924.0,1500.0,0.0,36.904761904761905,0.0,33.666666666666664,293.0,0.0,341.0,202.0,65.0,0.0,23.0,501.0,505.0,494.0,2.037872954566788,resilient
multiple_runs_largerun_db_highthreat_20260410_030216.csv,multiple_runs_largerun_db_highthreat_20260410_030216.csv,181,1089.0,1500.0,20.56932966023875,4.591368227731864,0.0,31.0,66.0,0.0,50.0,407.0,314.0,224.0,28.0,495.0,465.0,540.0,2.037872954566788,vulnerable
multiple_runs_largerun_db_highthreat_20260410_030216.csv,multiple_runs_largerun_db_highthreat_20260410_030216.csv,182,1186.0,1500.0,13.99662731871838,5.564924114671164,0.0,31.733333333333334,96.0,0.0,66.0,493.0,325.0,166.0,40.0,492.0,476.0,532.0,2.037872954566788,vulnerable
multiple_runs_largerun_db_highthreat_20260410_030216.csv,multiple_runs_largerun_db_highthreat_20260410_030216.csv,183,1051.0,1500.0,23.50142721217888,0.9514747859181731,0.0,33.86666666666667,43.0,0.0,10.0,325.0,398.0,247.0,28.0,474.0,508.0,518.0,2.037872954566788,vulnerable
multiple_runs_largerun_db_highthreat_20260410_030216.csv,multiple_runs_largerun_db_highthreat_20260410_030216.csv,184,1029.0,1500.0,8.16326530612245,27.016520894071917,0.0,32.800000000000004,212.0,0.0,278.0,297.0,125.0,84.0,33.0,485.0,492.0,523.0,2.037872954566788,vulnerable
multiple_runs_largerun_db_highthreat_20260410_030216.csv,multiple_runs_largerun_db_highthreat_20260410_030216.csv,185,1098.0,1500.0,8.925318761384334,20.309653916211293,0.09107468123861566,34.2,191.0,1.0,223.0,372.0,179.0,98.0,34.0,499.0,513.0,488.0,2.037872954566788,vulnerable
multiple_runs_largerun_db_highthreat_20260410_030216.csv,multiple_runs_largerun_db_highthreat_20260410_030216.csv,186,1415.0,1500.0,19.929328621908127,1.2720848056537104,0.0,32.800000000000004,32.0,0.0,18.0,662.0,379.0,282.0,42.0,519.0,492.0,489.0,2.037872954566788,vulnerable
multiple_runs_largerun_db_highthreat_20260410_030216.csv,multiple_runs_largerun_db_highthreat_20260410_030216.csv,187,1027.0,1500.0,25.511197663096397,1.7526777020447908,0.0,33.6,65.0,0.0,18.0,282.0,366.0,262.0,34.0,501.0,504.0,495.0,2.037872954566788,vulnerable
multiple_runs_largerun_db_highthreat_20260410_030216.csv,multiple_runs_largerun_db_highthreat_20260410_030216.csv,188,989.0,1500.0,28.412537917087967,0.7077856420626896,0.0,33.13333333333333,34.0,0.0,7.0,254.0,379.0,281.0,34.0,506.0,497.0,497.0,2.037872954566788,vulnerable
multiple_runs_largerun_db_highthreat_20260410_030216.csv,multiple_runs_largerun_db_highthreat_20260410_030216.csv,189,975.0,1500.0,0.0,34.87179487179487,0.0,33.666666666666664,325.0,0.0,340.0,222.0,57.0,0.0,31.0,486.0,505.0,509.0,2.037872954566788,resilient
multiple_runs_largerun_db_highthreat_20260410_030216.csv,multiple_runs_largerun_db_highthreat_20260410_030216.csv,190,1158.0,1500.0,21.934369602763386,0.0,0.0,33.86666666666667,47.0,0.0,0.0,426.0,399.0,254.0,32.0,476.0,508.0,516.0,2.037872954566788,vulnerable
multiple_runs_largerun_db_highthreat_20260410_030216.csv,multiple_runs_largerun_db_highthreat_20260410_030216.csv,191,1071.0,1500.0,24.743230625583568,0.0,0.0,32.4,44.0,0.0,0.0,332.0,403.0,265.0,27.0,497.0,486.0,517.0,2.037872954566788,vulnerable
multiple_runs_largerun_db_highthreat_20260410_030216.csv,multiple_runs_largerun_db_highthreat_20260410_030216.csv,192,1023.0,1500.0,0.0,33.33333333333333,0.0,32.4,319.0,0.0,341.0,273.0,52.0,0.0,38.0,510.0,486.0,504.0,2.037872954566788,resilient
multiple_runs_largerun_db_highthreat_20260410_030216.csv,multiple_runs_largerun_db_highthreat_20260410_030216.csv,193,995.0,1500.0,0.0,36.381909547738694,0.0,32.4,308.0,0.0,362.0,253.0,39.0,0.0,33.0,488.0,486.0,526.0,2.037872954566788,resilient
multiple_runs_largerun_db_highthreat_20260410_030216.csv,multiple_runs_largerun_db_highthreat_20260410_030216.csv,194,966.0,1500.0,24.43064182194617,0.7246376811594203,0.0,31.866666666666667,83.0,0.0,7.0,226.0,386.0,236.0,28.0,505.0,478.0,517.0,2.037872954566788,vulnerable
multiple_runs_largerun_db_highthreat_20260410_030216.csv,multiple_runs_largerun_db_highthreat_20260410_030216.csv,195,1098.0,1500.0,10.564663023679417,9.562841530054644,0.0,32.666666666666664,147.0,0.0,105.0,417.0,279.0,116.0,34.0,475.0,490.0,535.0,2.037872954566788,vulnerable
multiple_runs_largerun_db_highthreat_20260410_030216.csv,multiple_runs_largerun_db_highthreat_20260410_030216.csv,196,1272.0,1500.0,16.82389937106918,4.8742138364779874,0.0,33.93333333333333,62.0,0.0,62.0,563.0,338.0,214.0,33.0,497.0,509.0,494.0,2.037872954566788,vulnerable
multiple_runs_largerun_db_highthreat_20260410_030216.csv,multiple_runs_largerun_db_highthreat_20260410_030216.csv,197,1186.0,1500.0,12.225969645868465,4.806070826306914,0.0,31.133333333333336,159.0,0.0,57.0,477.0,315.0,145.0,33.0,507.0,467.0,526.0,2.037872954566788,vulnerable
multiple_runs_largerun_db_highthreat_20260410_030216.csv,multiple_runs_largerun_db_highthreat_20260410_030216.csv,198,1286.0,1500.0,18.118195956454123,3.9657853810264383,0.0,30.4,61.0,0.0,51.0,588.0,320.0,233.0,33.0,516.0,456.0,528.0,2.037872954566788,vulnerable
multiple_runs_largerun_db_highthreat_20260410_030216.csv,multiple_runs_largerun_db_highthreat_20260410_030216.csv,199,1033.0,1500.0,22.45885769603098,1.3552758954501452,0.0,32.800000000000004,54.0,0.0,14.0,325.0,378.0,232.0,30.0,488.0,492.0,520.0,2.037872954566788,vulnerable
multiple_runs_largerun_db_highthreat_20260410_030216.csv,multiple_runs_largerun_db_highthreat_20260410_030216.csv,200,964.0,1500.0,0.6224066390041494,37.96680497925311,0.0,33.4,296.0,0.0,366.0,234.0,32.0,6.0,30.0,487.0,501.0,512.0,2.037872954566788,resilient
multiple_runs_largerun_db_highthreat_20260410_030216.csv,multiple_runs_largerun_db_highthreat_20260410_030216.csv,201,1285.0,1500.0,20.233463035019454,1.556420233463035,0.0,34.333333333333336,48.0,0.0,20.0,530.0,396.0,260.0,31.0,497.0,515.0,488.0,2.037872954566788,vulnerable
multiple_runs_largerun_db_highthreat_20260410_030216.csv,multiple_runs_largerun_db_highthreat_20260410_030216.csv,202,1208.0,1500.0,14.735099337748345,3.47682119205298,0.0,33.733333333333334,129.0,0.0,42.0,464.0,366.0,178.0,29.0,507.0,506.0,487.0,2.037872954566788,vulnerable
multiple_runs_largerun_db_highthreat_20260410_030216.csv,multiple_runs_largerun_db_highthreat_20260410_030216.csv,203,994.0,1500.0,20.72434607645875,1.4084507042253522,0.0,35.06666666666667,59.0,0.0,14.0,270.0,411.0,206.0,34.0,461.0,526.0,513.0,2.037872954566788,vulnerable
multiple_runs_largerun_db_highthreat_20260410_030216.csv,multiple_runs_largerun_db_highthreat_20260410_030216.csv,204,949.0,1500.0,29.1886195995785,0.21074815595363539,0.0,32.666666666666664,49.0,0.0,2.0,198.0,395.0,277.0,28.0,497.0,490.0,513.0,2.037872954566788,vulnerable
multiple_runs_largerun_db_highthreat_20260410_030216.csv,multiple_runs_largerun_db_highthreat_20260410_030216.csv,205,823.0,1500.0,0.6075334143377886,44.106925880923455,0.0,31.266666666666666,281.0,0.0,363.0,117.0,17.0,5.0,40.0,459.0,469.0,572.0,2.037872954566788,resilient
multiple_runs_largerun_db_highthreat_20260410_030216.csv,multiple_runs_largerun_db_highthreat_20260410_030216.csv,206,1318.0,1500.0,19.575113808801213,0.0,0.0,34.8,47.0,0.0,0.0,559.0,423.0,258.0,31.0,496.0,522.0,482.0,2.037872954566788,vulnerable
multiple_runs_largerun_db_highthreat_20260410_030216.csv,multiple_runs_largerun_db_highthreat_20260410_030216.csv,207,958.0,1500.0,27.45302713987474,0.9394572025052191,0.0,32.06666666666666,32.0,0.0,9.0,238.0,380.0,263.0,36.0,503.0,481.0,516.0,2.037872954566788,vulnerable
multiple_runs_largerun_db_highthreat_20260410_030216.csv,multiple_runs_largerun_db_highthreat_20260410_030216.csv,208,1003.0,1500.0,22.532402791625124,2.0937188434695915,0.0,31.933333333333337,87.0,0.0,21.0,283.0,354.0,226.0,32.0,482.0,479.0,539.0,2.037872954566788,vulnerable
multiple_runs_largerun_db_highthreat_20260410_030216.csv,multiple_runs_largerun_db_highthreat_20260410_030216.csv,209,973.0,1500.0,0.0,32.990750256937304,0.0,32.46666666666667,325.0,0.0,321.0,219.0,77.0,0.0,31.0,500.0,487.0,513.0,2.037872954566788,resilient
multiple_runs_largerun_db_highthreat_20260410_030216.csv,multiple_runs_largerun_db_highthreat_20260410_030216.csv,210,970.0,1500.0,26.701030927835053,0.2061855670103093,0.0,30.533333333333335,53.0,0.0,2.0,281.0,360.0,259.0,15.0,534.0,458.0,508.0,2.037872954566788,vulnerable
multiple_runs_largerun_db_highthreat_20260410_030216.csv,multiple_runs_largerun_db_highthreat_20260410_030216.csv,211,952.0,1500.0,0.0,38.340336134453786,0.0,32.0,306.0,0.0,365.0,223.0,20.0,0.0,38.0,488.0,480.0,532.0,2.037872954566788,resilient
multiple_runs_largerun_db_highthreat_20260410_030216.csv,multiple_runs_largerun_db_highthreat_20260410_030216.csv,212,1114.0,1500.0,3.5906642728904847,14.90125673249551,0.0,34.93333333333333,190.0,0.0,166.0,420.0,261.0,40.0,37.0,450.0,524.0,526.0,2.037872954566788,vulnerable
multiple_runs_largerun_db_highthreat_20260410_030216.csv,multiple_runs_largerun_db_highthreat_20260410_030216.csv,213,964.0,1500.0,0.6224066390041494,35.477178423236516,0.0,32.2,320.0,0.0,342.0,211.0,45.0,6.0,40.0,535.0,483.0,482.0,2.037872954566788,resilient
multiple_runs_largerun_db_highthreat_20260410_030216.csv,multiple_runs_largerun_db_highthreat_20260410_030216.csv,214,806.0,1500.0,33.49875930521092,0.12406947890818859,0.0,32.733333333333334,29.0,0.0,1.0,94.0,384.0,270.0,28.0,520.0,491.0,489.0,2.037872954566788,vulnerable
multiple_runs_largerun_db_highthreat_20260410_030216.csv,multiple_runs_largerun_db_highthreat_20260410_030216.csv,215,1386.0,1500.0,21.284271284271284,0.8658008658008658,0.0,33.53333333333333,63.0,0.0,12.0,606.0,391.0,295.0,19.0,527.0,503.0,470.0,2.037872954566788,vulnerable
multiple_runs_largerun_db_highthreat_20260410_030216.csv,multiple_runs_largerun_db_highthreat_20260410_030216.csv,216,994.0,1500.0,25.553319919517104,0.1006036217303823,0.0,30.666666666666664,66.0,0.0,1.0,266.0,372.0,254.0,35.0,504.0,460.0,536.0,2.037872954566788,vulnerable
multiple_runs_largerun_db_highthreat_20260410_030216.csv,multiple_runs_largerun_db_highthreat_20260410_030216.csv,217,1275.0,1500.0,20.784313725490197,1.9607843137254901,0.0,32.266666666666666,52.0,0.0,25.0,544.0,369.0,265.0,20.0,506.0,484.0,510.0,2.037872954566788,vulnerable
multiple_runs_largerun_db_highthreat_20260410_030216.csv,multiple_runs_largerun_db_highthreat_20260410_030216.csv,218,976.0,1500.0,29.610655737704917,0.20491803278688525,0.0,32.46666666666667,56.0,0.0,2.0,218.0,387.0,289.0,24.0,516.0,487.0,497.0,2.037872954566788,vulnerable
multiple_runs_largerun_db_highthreat_20260410_030216.csv,multiple_runs_largerun_db_highthreat_20260410_030216.csv,219,1082.0,1500.0,22.181146025878004,0.0,0.0,31.133333333333336,42.0,0.0,0.0,402.0,365.0,240.0,33.0,483.0,467.0,550.0,2.037872954566788,vulnerable
multiple_runs_largerun_db_highthreat_20260410_030216.csv,multiple_runs_largerun_db_highthreat_20260410_030216.csv,220,991.0,1500.0,0.5045408678102926,32.795156407669026,0.0,33.266666666666666,291.0,0.0,325.0,259.0,82.0,5.0,29.0,481.0,499.0,520.0,2.037872954566788,resilient
multiple_runs_largerun_db_highthreat_20260410_030216.csv,multiple_runs_largerun_db_highthreat_20260410_030216.csv,221,943.0,1500.0,0.10604453870625664,30.010604453870627,0.0,33.0,266.0,0.0,283.0,239.0,112.0,1.0,42.0,463.0,495.0,542.0,2.037872954566788,resilient
multiple_runs_largerun_db_highthreat_20260410_030216.csv,multiple_runs_largerun_db_highthreat_20260410_030216.csv,222,912.0,1500.0,29.49561403508772,2.083333333333333,0.0,32.4,40.0,0.0,19.0,191.0,363.0,269.0,30.0,502.0,486.0,512.0,2.037872954566788,vulnerable
multiple_runs_largerun_db_highthreat_20260410_030216.csv,multiple_runs_largerun_db_highthreat_20260410_030216.csv,223,982.0,1500.0,0.0,36.15071283095723,0.0,32.6,297.0,0.0,355.0,274.0,26.0,0.0,30.0,491.0,489.0,520.0,2.037872954566788,resilient
multiple_runs_largerun_db_highthreat_20260410_030216.csv,multiple_runs_largerun_db_highthreat_20260410_030216.csv,224,1326.0,1500.0,18.929110105580694,0.07541478129713425,0.0,33.6,40.0,0.0,1.0,620.0,390.0,251.0,24.0,461.0,504.0,535.0,2.037872954566788,vulnerable
multiple_runs_largerun_db_highthreat_20260410_030216.csv,multiple_runs_largerun_db_highthreat_20260410_030216.csv,225,1069.0,1500.0,23.10570626753976,0.0,0.0,31.4,75.0,0.0,0.0,346.0,376.0,247.0,25.0,505.0,471.0,524.0,2.037872954566788,vulnerable
multiple_runs_largerun_db_highthreat_20260410_030216.csv,multiple_runs_largerun_db_highthreat_20260410_030216.csv,226,1023.0,1500.0,21.994134897360702,0.4887585532746823,0.0,34.599999999999994,61.0,0.0,5.0,301.0,400.0,225.0,31.0,495.0,519.0,486.0,2.037872954566788,vulnerable
multiple_runs_largerun_db_highthreat_20260410_030216.csv,multiple_runs_largerun_db_highthreat_20260410_030216.csv,227,1201.0,1500.0,17.485428809325562,3.5803497085761866,0.0,31.666666666666664,79.0,0.0,43.0,503.0,343.0,210.0,23.0,482.0,475.0,543.0,2.037872954566788,vulnerable
multiple_runs_largerun_db_highthreat_20260410_030216.csv,multiple_runs_largerun_db_highthreat_20260410_030216.csv,228,1128.0,1500.0,21.01063829787234,0.8865248226950355,0.0,32.86666666666667,84.0,0.0,10.0,379.0,386.0,237.0,32.0,516.0,493.0,491.0,2.037872954566788,vulnerable
multiple_runs_largerun_db_highthreat_20260410_030216.csv,multiple_runs_largerun_db_highthreat_20260410_030216.csv,229,950.0,1500.0,25.894736842105264,0.0,0.0,32.86666666666667,39.0,0.0,0.0,228.0,397.0,246.0,40.0,476.0,493.0,531.0,2.037872954566788,vulnerable
multiple_runs_largerun_db_highthreat_20260410_030216.csv,multiple_runs_largerun_db_highthreat_20260410_030216.csv,230,1000.0,1500.0,23.5,1.9,0.0,32.2,62.0,0.0,19.0,280.0,367.0,235.0,37.0,484.0,483.0,533.0,2.037872954566788,vulnerable
multiple_runs_largerun_db_highthreat_20260410_030216.csv,multiple_runs_largerun_db_highthreat_20260410_030216.csv,231,1398.0,1500.0,19.38483547925608,0.14306151645207438,0.0,31.866666666666667,44.0,0.0,2.0,664.0,392.0,271.0,25.0,500.0,478.0,522.0,2.037872954566788,vulnerable
multiple_runs_largerun_db_highthreat_20260410_030216.csv,multiple_runs_largerun_db_highthreat_20260410_030216.csv,232,987.0,1500.0,1.1144883485309016,30.901722391084093,0.0,33.93333333333333,314.0,0.0,305.0,206.0,104.0,11.0,47.0,516.0,509.0,475.0,2.037872954566788,resilient
multiple_runs_largerun_db_highthreat_20260410_030216.csv,multiple_runs_largerun_db_highthreat_20260410_030216.csv,233,965.0,1500.0,26.01036269430052,0.0,0.0,34.266666666666666,48.0,0.0,0.0,217.0,412.0,251.0,37.0,491.0,514.0,495.0,2.037872954566788,vulnerable
multiple_runs_largerun_db_highthreat_20260410_030216.csv,multiple_runs_largerun_db_highthreat_20260410_030216.csv,234,1207.0,1500.0,8.947804473902236,10.853355426677712,0.0,34.733333333333334,173.0,0.0,131.0,466.0,286.0,108.0,43.0,488.0,521.0,491.0,2.037872954566788,vulnerable
multiple_runs_largerun_db_highthreat_20260410_030216.csv,multiple_runs_largerun_db_highthreat_20260410_030216.csv,235,1086.0,1500.0,8.83977900552486,16.022099447513813,0.0,32.4,187.0,0.0,174.0,379.0,213.0,96.0,37.0,500.0,486.0,514.0,2.037872954566788,vulnerable
multiple_runs_largerun_db_highthreat_20260410_030216.csv,multiple_runs_largerun_db_highthreat_20260410_030216.csv,236,1162.0,1500.0,13.511187607573149,10.240963855421686,0.0,33.06666666666666,140.0,0.0,119.0,450.0,266.0,157.0,30.0,475.0,496.0,529.0,2.037872954566788,vulnerable
multiple_runs_largerun_db_highthreat_20260410_030216.csv,multiple_runs_largerun_db_highthreat_20260410_030216.csv,237,1169.0,1500.0,4.362703165098375,15.397775876817793,0.0,35.266666666666666,204.0,0.0,180.0,448.0,246.0,51.0,40.0,475.0,529.0,496.0,2.037872954566788,vulnerable
multiple_runs_largerun_db_highthreat_20260410_030216.csv,multiple_runs_largerun_db_highthreat_20260410_030216.csv,238,938.0,1500.0,0.0,34.64818763326226,0.0,33.666666666666664,316.0,0.0,325.0,199.0,67.0,0.0,31.0,507.0,505.0,488.0,2.037872954566788,resilient
multiple_runs_largerun_db_highthreat_20260410_030216.csv,multiple_runs_largerun_db_highthreat_20260410_030216.csv,239,991.0,1500.0,25.630676084762865,0.30272452068617556,0.0,33.266666666666666,50.0,0.0,3.0,274.0,386.0,254.0,24.0,507.0,499.0,494.0,2.037872954566788,vulnerable
multiple_runs_largerun_db_highthreat_20260410_030216.csv,multiple_runs_largerun_db_highthreat_20260410_030216.csv,240,928.0,1500.0,29.094827586206897,0.7543103448275862,0.0,32.800000000000004,42.0,0.0,7.0,207.0,376.0,270.0,26.0,489.0,492.0,519.0,2.037872954566788,vulnerable
multiple_runs_largerun_db_highthreat_20260410_030216.csv,multiple_runs_largerun_db_highthreat_20260410_030216.csv,241,956.0,1500.0,0.0,31.276150627615063,0.0,30.533333333333335,366.0,0.0,299.0,222.0,52.0,0.0,17.0,529.0,458.0,513.0,2.037872954566788,resilient
multiple_runs_largerun_db_highthreat_20260410_030216.csv,multiple_runs_largerun_db_highthreat_20260410_030216.csv,242,1105.0,1500.0,20.18099547511312,1.9909502262443437,0.0,34.66666666666667,59.0,0.0,22.0,378.0,395.0,223.0,28.0,466.0,520.0,514.0,2.037872954566788,vulnerable
multiple_runs_largerun_db_highthreat_20260410_030216.csv,multiple_runs_largerun_db_highthreat_20260410_030216.csv,243,1272.0,1500.0,13.364779874213836,7.154088050314465,0.0,34.06666666666667,75.0,0.0,91.0,565.0,335.0,170.0,36.0,469.0,511.0,520.0,2.037872954566788,vulnerable
multiple_runs_largerun_db_highthreat_20260410_030216.csv,multiple_runs_largerun_db_highthreat_20260410_030216.csv,244,1191.0,1500.0,9.151973131821999,12.34256926952141,0.0,33.666666666666664,184.0,0.0,147.0,462.0,261.0,109.0,28.0,493.0,505.0,502.0,2.037872954566788,vulnerable
multiple_runs_largerun_db_highthreat_20260410_030216.csv,multiple_runs_largerun_db_highthreat_20260410_030216.csv,245,944.0,1500.0,0.6355932203389831,40.25423728813559,0.0,33.2,300.0,0.0,380.0,213.0,17.0,6.0,28.0,500.0,498.0,502.0,2.037872954566788,resilient
multiple_runs_largerun_db_highthreat_20260410_030216.csv,multiple_runs_largerun_db_highthreat_20260410_030216.csv,246,1000.0,1500.0,25.5,0.0,0.0,33.13333333333333,59.0,0.0,0.0,267.0,398.0,255.0,21.0,510.0,497.0,493.0,2.037872954566788,vulnerable
multiple_runs_largerun_db_highthreat_20260410_030216.csv,multiple_runs_largerun_db_highthreat_20260410_030216.csv,247,941.0,1500.0,27.630180658873538,0.21253985122210414,0.0,33.666666666666664,46.0,0.0,2.0,211.0,394.0,260.0,28.0,491.0,505.0,504.0,2.037872954566788,vulnerable
multiple_runs_largerun_db_highthreat_20260410_030216.csv,multiple_runs_largerun_db_highthreat_20260410_030216.csv,248,942.0,1500.0,22.823779193205944,2.547770700636943,0.0,33.800000000000004,38.0,0.0,24.0,240.0,369.0,215.0,56.0,462.0,507.0,531.0,2.037872954566788,vulnerable
multiple_runs_largerun_db_highthreat_20260410_030216.csv,multiple_runs_largerun_db_highthreat_20260410_030216.csv,249,908.0,1500.0,0.0,39.20704845814978,0.0,32.93333333333333,297.0,0.0,356.0,195.0,19.0,0.0,41.0,467.0,494.0,539.0,2.037872954566788,resilient
multiple_runs_largerun_db_highthreat_20260410_030216.csv,multiple_runs_largerun_db_highthreat_20260410_030216.csv,250,997.0,1500.0,28.184553660982946,0.0,0.0,32.13333333333333,54.0,0.0,0.0,246.0,389.0,281.0,27.0,525.0,482.0,493.0,2.037872954566788,vulnerable
multiple_runs_largerun_db_highthreat_20260410_030216.csv,multiple_runs_largerun_db_highthreat_20260410_030216.csv,251,1023.0,1500.0,0.39100684261974583,32.55131964809384,0.0,33.53333333333333,298.0,0.0,333.0,290.0,63.0,4.0,35.0,489.0,503.0,508.0,2.037872954566788,resilient
multiple_runs_largerun_db_highthreat_20260410_030216.csv,multiple_runs_largerun_db_highthreat_20260410_030216.csv,252,948.0,1500.0,25.0,0.10548523206751054,0.0,33.33333333333333,35.0,0.0,1.0,230.0,407.0,237.0,38.0,479.0,500.0,521.0,2.037872954566788,vulnerable
multiple_runs_largerun_db_highthreat_20260410_030216.csv,multiple_runs_largerun_db_highthreat_20260410_030216.csv,253,1227.0,1500.0,15.810920945395274,3.7489812550937245,0.0,32.13333333333333,103.0,0.0,46.0,493.0,355.0,194.0,36.0,511.0,482.0,507.0,2.037872954566788,vulnerable
multiple_runs_largerun_db_highthreat_20260410_030216.csv,multiple_runs_largerun_db_highthreat_20260410_030216.csv,254,1305.0,1500.0,16.628352490421456,3.3716475095785436,0.0,33.6,63.0,0.0,44.0,591.0,363.0,217.0,27.0,475.0,504.0,521.0,2.037872954566788,vulnerable
multiple_runs_largerun_db_highthreat_20260410_030216.csv,multiple_runs_largerun_db_highthreat_20260410_030216.csv,255,1208.0,1500.0,12.168874172185431,13.16225165562914,0.0,35.06666666666667,157.0,0.0,159.0,468.0,242.0,147.0,35.0,493.0,526.0,481.0,2.037872954566788,vulnerable
multiple_runs_largerun_db_highthreat_20260410_030216.csv,multiple_runs_largerun_db_highthreat_20260410_030216.csv,256,1242.0,1500.0,17.55233494363929,1.2077294685990339,0.0,35.13333333333333,50.0,0.0,15.0,515.0,414.0,218.0,30.0,466.0,527.0,507.0,2.037872954566788,vulnerable
multiple_runs_largerun_db_highthreat_20260410_030216.csv,multiple_runs_largerun_db_highthreat_20260410_030216.csv,257,1022.0,1500.0,0.0,30.136986301369863,0.0,33.06666666666666,267.0,0.0,308.0,325.0,90.0,0.0,32.0,454.0,496.0,550.0,2.037872954566788,resilient
multiple_runs_largerun_db_highthreat_20260410_030216.csv,multiple_runs_largerun_db_highthreat_20260410_030216.csv,258,1004.0,1500.0,24.701195219123505,6.872509960159362,0.0,33.2,54.0,0.0,69.0,253.0,345.0,248.0,35.0,497.0,498.0,505.0,2.037872954566788,vulnerable
multiple_runs_largerun_db_highthreat_20260410_030216.csv,multiple_runs_largerun_db_highthreat_20260410_030216.csv,259,1043.0,1500.0,24.544582933844676,0.19175455417066153,0.0,32.53333333333333,47.0,0.0,2.0,313.0,395.0,256.0,30.0,465.0,488.0,547.0,2.037872954566788,vulnerable
multiple_runs_largerun_db_highthreat_20260410_030216.csv,multiple_runs_largerun_db_highthreat_20260410_030216.csv,260,1054.0,1500.0,9.582542694497153,30.834914611005694,0.0,33.46666666666667,152.0,0.0,325.0,362.0,75.0,101.0,39.0,475.0,502.0,523.0,2.037872954566788,vulnerable
multiple_runs_largerun_db_highthreat_20260410_030216.csv,multiple_runs_largerun_db_highthreat_20260410_030216.csv,261,963.0,1500.0,26.687435098650052,1.6614745586708204,0.0,35.13333333333333,43.0,0.0,16.0,205.0,418.0,257.0,24.0,496.0,527.0,477.0,2.037872954566788,vulnerable
multiple_runs_largerun_db_highthreat_20260410_030216.csv,multiple_runs_largerun_db_highthreat_20260410_030216.csv,262,938.0,1500.0,0.21321961620469082,36.034115138592746,0.0,33.2,290.0,0.0,338.0,231.0,48.0,2.0,29.0,489.0,498.0,513.0,2.037872954566788,resilient
multiple_runs_largerun_db_highthreat_20260410_030216.csv,multiple_runs_largerun_db_highthreat_20260410_030216.csv,263,1119.0,1500.0,7.864164432529044,13.315460232350313,0.0,34.0,178.0,0.0,149.0,409.0,258.0,88.0,37.0,489.0,510.0,501.0,2.037872954566788,vulnerable
multiple_runs_largerun_db_highthreat_20260410_030216.csv,multiple_runs_largerun_db_highthreat_20260410_030216.csv,264,1119.0,1500.0,12.600536193029491,9.383378016085791,0.0,34.46666666666667,120.0,0.0,105.0,416.0,311.0,141.0,26.0,463.0,517.0,520.0,2.037872954566788,vulnerable
multiple_runs_largerun_db_highthreat_20260410_030216.csv,multiple_runs_largerun_db_highthreat_20260410_030216.csv,265,947.0,1500.0,28.299894403379096,0.0,0.0,33.13333333333333,36.0,0.0,0.0,199.0,407.0,268.0,37.0,516.0,497.0,487.0,2.037872954566788,vulnerable
multiple_runs_largerun_db_highthreat_20260410_030216.csv,multiple_runs_largerun_db_highthreat_20260410_030216.csv,266,1317.0,1500.0,12.37661351556568,8.656036446469248,0.0,33.53333333333333,134.0,0.0,114.0,583.0,297.0,163.0,26.0,477.0,503.0,520.0,2.037872954566788,vulnerable
multiple_runs_largerun_db_highthreat_20260410_030216.csv,multiple_runs_largerun_db_highthreat_20260410_030216.csv,267,1237.0,1500.0,17.54244139046079,4.607922392886015,0.0,31.6,80.0,0.0,57.0,530.0,321.0,217.0,32.0,519.0,474.0,507.0,2.037872954566788,vulnerable
multiple_runs_largerun_db_highthreat_20260410_030216.csv,multiple_runs_largerun_db_highthreat_20260410_030216.csv,268,926.0,1500.0,0.4319654427645789,35.42116630669546,0.0,33.06666666666666,310.0,0.0,328.0,183.0,70.0,4.0,31.0,494.0,496.0,510.0,2.037872954566788,resilient
multiple_runs_largerun_db_highthreat_20260410_030216.csv,multiple_runs_largerun_db_highthreat_20260410_030216.csv,269,944.0,1500.0,0.0,41.63135593220339,0.0,33.86666666666667,307.0,0.0,393.0,215.0,2.0,0.0,27.0,488.0,508.0,504.0,2.037872954566788,resilient
multiple_runs_largerun_db_highthreat_20260410_030216.csv,multiple_runs_largerun_db_highthreat_20260410_030216.csv,270,1305.0,1500.0,19.923371647509576,0.45977011494252873,0.0,32.53333333333333,34.0,0.0,6.0,592.0,384.0,260.0,29.0,481.0,488.0,531.0,2.037872954566788,vulnerable
multiple_runs_largerun_db_highthreat_20260410_030216.csv,multiple_runs_largerun_db_highthreat_20260410_030216.csv,271,1023.0,1500.0,1.0752688172043012,37.43890518084066,0.0,35.266666666666666,317.0,0.0,383.0,250.0,37.0,11.0,25.0,486.0,529.0,485.0,2.037872954566788,resilient
multiple_runs_largerun_db_highthreat_20260410_030216.csv,multiple_runs_largerun_db_highthreat_20260410_030216.csv,272,751.0,1500.0,25.166444740346204,39.680426098535285,0.0,32.46666666666667,41.0,0.0,298.0,91.0,102.0,189.0,30.0,510.0,487.0,503.0,2.037872954566788,vulnerable
multiple_runs_largerun_db_highthreat_20260410_030216.csv,multiple_runs_largerun_db_highthreat_20260410_030216.csv,273,1168.0,1500.0,10.95890410958904,10.188356164383562,0.0,32.93333333333333,163.0,0.0,119.0,444.0,280.0,128.0,34.0,494.0,494.0,512.0,2.037872954566788,vulnerable
multiple_runs_largerun_db_highthreat_20260410_030216.csv,multiple_runs_largerun_db_highthreat_20260410_030216.csv,274,1248.0,1500.0,12.740384615384615,14.663461538461538,0.0,31.533333333333335,157.0,0.0,183.0,500.0,212.0,159.0,37.0,522.0,473.0,505.0,2.037872954566788,vulnerable
multiple_runs_largerun_db_highthreat_20260410_030216.csv,multiple_runs_largerun_db_highthreat_20260410_030216.csv,275,942.0,1500.0,24.309978768577494,0.743099787685775,0.0,34.4,46.0,0.0,7.0,238.0,393.0,229.0,29.0,461.0,516.0,523.0,2.037872954566788,vulnerable
multiple_runs_largerun_db_highthreat_20260410_030216.csv,multiple_runs_largerun_db_highthreat_20260410_030216.csv,276,989.0,1500.0,0.0,31.850353892821033,0.0,31.8,304.0,0.0,315.0,268.0,63.0,0.0,39.0,509.0,477.0,514.0,2.037872954566788,resilient
multiple_runs_largerun_db_highthreat_20260410_030216.csv,multiple_runs_largerun_db_highthreat_20260410_030216.csv,277,1384.0,1500.0,18.28034682080925,0.2167630057803468,0.0,33.93333333333333,40.0,0.0,3.0,650.0,402.0,253.0,36.0,489.0,509.0,502.0,2.037872954566788,vulnerable
multiple_runs_largerun_db_highthreat_20260410_030216.csv,multiple_runs_largerun_db_highthreat_20260410_030216.csv,278,946.0,1500.0,0.21141649048625794,37.2093023255814,0.0,31.133333333333336,320.0,0.0,352.0,228.0,2.0,2.0,42.0,520.0,467.0,513.0,2.037872954566788,resilient
multiple_runs_largerun_db_highthreat_20260410_030216.csv,multiple_runs_largerun_db_highthreat_20260410_030216.csv,279,1167.0,1500.0,18.42330762639246,5.3984575835475574,0.0,31.8,65.0,0.0,63.0,462.0,322.0,215.0,40.0,498.0,477.0,525.0,2.037872954566788,vulnerable
multiple_runs_largerun_db_highthreat_20260410_030216.csv,multiple_runs_largerun_db_highthreat_20260410_030216.csv,280,1300.0,1500.0,20.76923076923077,0.46153846153846156,0.0,33.666666666666664,31.0,0.0,6.0,572.0,391.0,270.0,30.0,482.0,505.0,513.0,2.037872954566788,vulnerable
multiple_runs_largerun_db_highthreat_20260410_030216.csv,multiple_runs_largerun_db_highthreat_20260410_030216.csv,281,1136.0,1500.0,8.714788732394366,16.725352112676056,0.0,32.666666666666664,204.0,0.0,190.0,399.0,206.0,99.0,38.0,497.0,490.0,513.0,2.037872954566788,vulnerable
multiple_runs_largerun_db_highthreat_20260410_030216.csv,multiple_runs_largerun_db_highthreat_20260410_030216.csv,282,1145.0,1500.0,10.393013100436681,9.606986899563319,0.0,31.6,174.0,0.0,110.0,444.0,267.0,119.0,31.0,475.0,474.0,551.0,2.037872954566788,vulnerable
multiple_runs_largerun_db_highthreat_20260410_030216.csv,multiple_runs_largerun_db_highthreat_20260410_030216.csv,283,1256.0,1500.0,21.656050955414013,3.901273885350318,0.0,32.6,36.0,0.0,49.0,539.0,334.0,272.0,26.0,481.0,489.0,530.0,2.037872954566788,vulnerable
multiple_runs_largerun_db_highthreat_20260410_030216.csv,multiple_runs_largerun_db_highthreat_20260410_030216.csv,284,1030.0,1500.0,21.650485436893206,0.0,0.0,32.4,68.0,0.0,0.0,304.0,401.0,223.0,34.0,502.0,486.0,512.0,2.037872954566788,vulnerable
multiple_runs_largerun_db_highthreat_20260410_030216.csv,multiple_runs_largerun_db_highthreat_20260410_030216.csv,285,998.0,1500.0,0.1002004008016032,39.77955911823648,0.0,34.06666666666667,315.0,0.0,397.0,239.0,12.0,1.0,34.0,484.0,511.0,505.0,2.037872954566788,resilient
multiple_runs_largerun_db_highthreat_20260410_030216.csv,multiple_runs_largerun_db_highthreat_20260410_030216.csv,286,1425.0,1500.0,21.12280701754386,0.0,0.0,32.06666666666666,27.0,0.0,0.0,692.0,378.0,301.0,27.0,512.0,481.0,507.0,2.037872954566788,vulnerable
multiple_runs_largerun_db_highthreat_20260410_030216.csv,multiple_runs_largerun_db_highthreat_20260410_030216.csv,287,1169.0,1500.0,12.403763900769889,10.26518391787853,0.0,32.06666666666666,145.0,0.0,120.0,463.0,252.0,145.0,44.0,506.0,481.0,513.0,2.037872954566788,vulnerable
multiple_runs_largerun_db_highthreat_20260410_030216.csv,multiple_runs_largerun_db_highthreat_20260410_030216.csv,288,1148.0,1500.0,19.51219512195122,1.8292682926829267,0.0,32.800000000000004,76.0,0.0,21.0,436.0,373.0,224.0,18.0,496.0,492.0,512.0,2.037872954566788,vulnerable
multiple_runs_largerun_db_highthreat_20260410_030216.csv,multiple_runs_largerun_db_highthreat_20260410_030216.csv,289,942.0,1500.0,25.159235668789808,0.0,0.0,34.0,46.0,0.0,0.0,220.0,409.0,237.0,30.0,487.0,510.0,503.0,2.037872954566788,vulnerable
multiple_runs_largerun_db_highthreat_20260410_030216.csv,multiple_runs_largerun_db_highthreat_20260410_030216.csv,290,1233.0,1500.0,21.49229521492295,0.8110300081103,0.0,31.0,56.0,0.0,10.0,530.0,350.0,265.0,22.0,507.0,465.0,528.0,2.037872954566788,vulnerable
multiple_runs_largerun_db_highthreat_20260410_030216.csv,multiple_runs_largerun_db_highthreat_20260410_030216.csv,291,1383.0,1500.0,20.17353579175705,0.7230657989877078,0.0,33.2,60.0,0.0,10.0,636.0,373.0,279.0,25.0,530.0,498.0,472.0,2.037872954566788,vulnerable
multiple_runs_largerun_db_highthreat_20260410_030216.csv,multiple_runs_largerun_db_highthreat_20260410_030216.csv,292,897.0,1500.0,34.33667781493868,0.0,0.0,31.0,32.0,0.0,0.0,184.0,352.0,308.0,21.0,532.0,465.0,503.0,2.037872954566788,vulnerable
multiple_runs_largerun_db_highthreat_20260410_030216.csv,multiple_runs_largerun_db_highthreat_20260410_030216.csv,293,958.0,1500.0,23.173277661795407,1.4613778705636742,0.0,34.4,67.0,0.0,14.0,249.0,386.0,222.0,20.0,474.0,516.0,510.0,2.037872954566788,vulnerable
multiple_runs_largerun_db_highthreat_20260410_030216.csv,multiple_runs_largerun_db_highthreat_20260410_030216.csv,294,1398.0,1500.0,19.027181688125893,0.9298998569384835,0.0,34.4,62.0,0.0,13.0,624.0,397.0,266.0,36.0,497.0,516.0,487.0,2.037872954566788,vulnerable
multiple_runs_largerun_db_highthreat_20260410_030216.csv,multiple_runs_largerun_db_highthreat_20260410_030216.csv,295,1274.0,1500.0,15.463108320251179,4.395604395604396,0.0,33.6,68.0,0.0,56.0,566.0,353.0,197.0,34.0,463.0,504.0,533.0,2.037872954566788,vulnerable
multiple_runs_largerun_db_highthreat_20260410_030216.csv,multiple_runs_largerun_db_highthreat_20260410_030216.csv,296,1234.0,1500.0,18.47649918962723,6.40194489465154,0.0,32.93333333333333,72.0,0.0,79.0,502.0,322.0,228.0,31.0,483.0,494.0,523.0,2.037872954566788,vulnerable
multiple_runs_largerun_db_highthreat_20260410_030216.csv,multiple_runs_largerun_db_highthreat_20260410_030216.csv,297,1033.0,1500.0,20.232333010648595,0.0968054211035818,0.0,34.599999999999994,59.0,0.0,1.0,320.0,418.0,209.0,26.0,446.0,519.0,535.0,2.037872954566788,vulnerable
multiple_runs_largerun_db_highthreat_20260410_030216.csv,multiple_runs_largerun_db_highthreat_20260410_030216.csv,298,1264.0,1500.0,17.64240506329114,4.984177215189874,0.0,34.0,76.0,0.0,63.0,517.0,352.0,223.0,33.0,492.0,510.0,498.0,2.037872954566788,vulnerable
multiple_runs_largerun_db_highthreat_20260410_030216.csv,multiple_runs_largerun_db_highthreat_20260410_030216.csv,299,1061.0,1500.0,0.0,27.521206409048066,0.0,32.06666666666666,315.0,0.0,292.0,327.0,90.0,0.0,37.0,489.0,481.0,530.0,2.037872954566788,resilient
multiple_runs_largerun_db_highthreat_20260410_030216.csv,multiple_runs_largerun_db_highthreat_20260410_030216.csv,300,916.0,1500.0,27.510917030567683,1.9650655021834063,0.0,33.06666666666666,44.0,0.0,18.0,179.0,387.0,252.0,36.0,481.0,496.0,523.0,2.037872954566788,vulnerable
multiple_runs_largerun_db_highthreat_20260410_030216.csv,multiple_runs_largerun_db_highthreat_20260410_030216.csv,301,1251.0,1500.0,15.587529976019185,3.5171862509992007,0.0,34.0,93.0,0.0,44.0,535.0,358.0,195.0,26.0,474.0,510.0,516.0,2.037872954566788,vulnerable
multiple_runs_largerun_db_highthreat_20260410_030216.csv,multiple_runs_largerun_db_highthreat_20260410_030216.csv,302,1058.0,1500.0,11.436672967863894,17.76937618147448,0.0,32.06666666666666,169.0,0.0,188.0,340.0,200.0,121.0,40.0,513.0,481.0,506.0,2.037872954566788,vulnerable
multiple_runs_largerun_db_highthreat_20260410_030216.csv,multiple_runs_largerun_db_highthreat_20260410_030216.csv,303,875.0,1500.0,1.3714285714285714,44.114285714285714,0.0,32.86666666666667,297.0,0.0,386.0,139.0,6.0,12.0,35.0,480.0,493.0,527.0,2.037872954566788,resilient
multiple_runs_largerun_db_highthreat_20260410_030216.csv,multiple_runs_largerun_db_highthreat_20260410_030216.csv,304,957.0,1500.0,0.0,37.82654127481714,0.0,33.46666666666667,287.0,0.0,362.0,235.0,35.0,0.0,38.0,479.0,502.0,519.0,2.037872954566788,resilient
multiple_runs_largerun_db_highthreat_20260410_030216.csv,multiple_runs_largerun_db_highthreat_20260410_030216.csv,305,1163.0,1500.0,9.716251074806536,13.671539122957869,0.0,33.800000000000004,172.0,0.0,159.0,428.0,253.0,113.0,38.0,502.0,507.0,491.0,2.037872954566788,vulnerable
multiple_runs_largerun_db_highthreat_20260410_030216.csv,multiple_runs_largerun_db_highthreat_20260410_030216.csv,306,1365.0,1500.0,21.39194139194139,1.391941391941392,0.0,34.13333333333333,41.0,0.0,19.0,601.0,383.0,292.0,29.0,500.0,512.0,488.0,2.037872954566788,vulnerable
multiple_runs_largerun_db_highthreat_20260410_030216.csv,multiple_runs_largerun_db_highthreat_20260410_030216.csv,307,1178.0,1500.0,11.37521222410866,3.395585738539898,0.0,32.666666666666664,154.0,0.0,40.0,473.0,353.0,134.0,24.0,479.0,490.0,531.0,2.037872954566788,vulnerable
multiple_runs_largerun_db_highthreat_20260410_030216.csv,multiple_runs_largerun_db_highthreat_20260410_030216.csv,308,934.0,1500.0,1.7130620985010707,37.25910064239829,0.0,31.066666666666663,280.0,0.0,348.0,224.0,27.0,16.0,39.0,509.0,466.0,525.0,2.037872954566788,resilient
multiple_runs_largerun_db_highthreat_20260410_030216.csv,multiple_runs_largerun_db_highthreat_20260410_030216.csv,309,1103.0,1500.0,21.12420670897552,0.271985494106981,0.0,32.6,43.0,0.0,3.0,412.0,385.0,233.0,27.0,472.0,489.0,539.0,2.037872954566788,vulnerable
multiple_runs_largerun_db_highthreat_20260410_030216.csv,multiple_runs_largerun_db_highthreat_20260410_030216.csv,310,1024.0,1500.0,0.48828125,30.859375,0.0,34.86666666666667,307.0,0.0,316.0,265.0,103.0,5.0,28.0,484.0,523.0,493.0,2.037872954566788,resilient
multiple_runs_largerun_db_highthreat_20260410_030216.csv,multiple_runs_largerun_db_highthreat_20260410_030216.csv,311,993.0,1500.0,0.2014098690835851,38.26787512588117,0.0,31.333333333333336,345.0,0.0,380.0,229.0,0.0,2.0,37.0,540.0,470.0,490.0,2.037872954566788,resilient
multiple_runs_largerun_db_highthreat_20260410_030216.csv,multiple_runs_largerun_db_highthreat_20260410_030216.csv,312,967.0,1500.0,0.0,32.16132368148914,0.0,31.8,293.0,0.0,311.0,262.0,63.0,0.0,38.0,508.0,477.0,515.0,2.037872954566788,resilient
multiple_runs_largerun_db_highthreat_20260410_030216.csv,multiple_runs_largerun_db_highthreat_20260410_030216.csv,313,1014.0,1500.0,0.0,32.24852071005917,0.0,32.800000000000004,299.0,0.0,327.0,298.0,59.0,0.0,31.0,485.0,492.0,523.0,2.037872954566788,resilient
multiple_runs_largerun_db_highthreat_20260410_030216.csv,multiple_runs_largerun_db_highthreat_20260410_030216.csv,314,952.0,1500.0,24.89495798319328,0.31512605042016806,0.0,35.0,42.0,0.0,3.0,233.0,411.0,237.0,26.0,480.0,525.0,495.0,2.037872954566788,vulnerable
multiple_runs_largerun_db_highthreat_20260410_030216.csv,multiple_runs_largerun_db_highthreat_20260410_030216.csv,315,965.0,1500.0,26.01036269430052,1.6580310880829014,0.0,33.6,46.0,0.0,16.0,231.0,393.0,251.0,28.0,481.0,504.0,515.0,2.037872954566788,vulnerable
multiple_runs_largerun_db_highthreat_20260410_030216.csv,multiple_runs_largerun_db_highthreat_20260410_030216.csv,316,914.0,1500.0,1.8599562363238513,34.68271334792122,0.0,32.53333333333333,275.0,0.0,317.0,195.0,73.0,17.0,37.0,485.0,488.0,527.0,2.037872954566788,resilient
multiple_runs_largerun_db_highthreat_20260410_030216.csv,multiple_runs_largerun_db_highthreat_20260410_030216.csv,317,1259.0,1500.0,13.18506751389992,5.003971405877681,0.0,32.733333333333334,128.0,0.0,63.0,552.0,321.0,166.0,29.0,504.0,491.0,505.0,2.037872954566788,vulnerable
multiple_runs_largerun_db_highthreat_20260410_030216.csv,multiple_runs_largerun_db_highthreat_20260410_030216.csv,318,1009.0,1500.0,0.39643211100099107,37.56194251734391,0.0,33.93333333333333,309.0,0.0,379.0,253.0,32.0,4.0,32.0,474.0,509.0,517.0,2.037872954566788,resilient
multiple_runs_largerun_db_highthreat_20260410_030216.csv,multiple_runs_largerun_db_highthreat_20260410_030216.csv,319,904.0,1500.0,1.3274336283185841,33.4070796460177,0.0,32.800000000000004,297.0,0.0,302.0,173.0,93.0,12.0,27.0,500.0,492.0,508.0,2.037872954566788,resilient
multiple_runs_largerun_db_highthreat_20260410_030216.csv,multiple_runs_largerun_db_highthreat_20260410_030216.csv,320,1029.0,1500.0,23.9067055393586,0.6802721088435374,0.0,32.666666666666664,63.0,0.0,7.0,303.0,388.0,246.0,22.0,495.0,490.0,515.0,2.037872954566788,vulnerable
multiple_runs_largerun_db_highthreat_20260410_030216.csv,multiple_runs_largerun_db_highthreat_20260410_030216.csv,321,905.0,1500.0,0.0,41.32596685082873,0.0,32.800000000000004,312.0,0.0,374.0,177.0,11.0,0.0,31.0,482.0,492.0,526.0,2.037872954566788,resilient
multiple_runs_largerun_db_highthreat_20260410_030216.csv,multiple_runs_largerun_db_highthreat_20260410_030216.csv,322,900.0,1500.0,0.7777777777777778,37.55555555555555,0.0,31.133333333333336,311.0,0.0,338.0,174.0,32.0,7.0,38.0,479.0,467.0,554.0,2.037872954566788,resilient
multiple_runs_largerun_db_highthreat_20260410_030216.csv,multiple_runs_largerun_db_highthreat_20260410_030216.csv,323,998.0,1500.0,0.0,39.67935871743487,0.0,35.93333333333334,299.0,0.0,396.0,227.0,45.0,0.0,31.0,470.0,539.0,491.0,2.037872954566788,resilient
multiple_runs_largerun_db_highthreat_20260410_030216.csv,multiple_runs_largerun_db_highthreat_20260410_030216.csv,324,933.0,1500.0,19.614147909967848,0.0,0.0,31.266666666666666,88.0,0.0,0.0,253.0,373.0,183.0,36.0,495.0,469.0,536.0,2.037872954566788,vulnerable
multiple_runs_largerun_db_highthreat_20260410_030216.csv,multiple_runs_largerun_db_highthreat_20260410_030216.csv,325,1193.0,1500.0,21.374685666387258,3.8558256496227994,0.0,32.733333333333334,32.0,0.0,46.0,467.0,355.0,255.0,38.0,504.0,491.0,505.0,2.037872954566788,vulnerable
multiple_runs_largerun_db_highthreat_20260410_030216.csv,multiple_runs_largerun_db_highthreat_20260410_030216.csv,326,914.0,1500.0,0.437636761487965,39.27789934354486,0.0,32.13333333333333,330.0,0.0,359.0,157.0,30.0,4.0,34.0,509.0,482.0,509.0,2.037872954566788,resilient
multiple_runs_largerun_db_highthreat_20260410_030216.csv,multiple_runs_largerun_db_highthreat_20260410_030216.csv,327,1191.0,1500.0,9.991603694374476,12.594458438287154,0.0,33.2,182.0,0.0,150.0,472.0,236.0,119.0,32.0,487.0,498.0,515.0,2.037872954566788,vulnerable
multiple_runs_largerun_db_highthreat_20260410_030216.csv,multiple_runs_largerun_db_highthreat_20260410_030216.csv,328,951.0,1500.0,30.38906414300736,0.10515247108307045,0.0,31.733333333333334,44.0,0.0,1.0,220.0,376.0,289.0,21.0,531.0,476.0,493.0,2.037872954566788,vulnerable
multiple_runs_largerun_db_highthreat_20260410_030216.csv,multiple_runs_largerun_db_highthreat_20260410_030216.csv,329,913.0,1500.0,2.4096385542168677,40.854326396495075,0.0,32.800000000000004,281.0,0.0,373.0,160.0,31.0,22.0,46.0,502.0,492.0,506.0,2.037872954566788,vulnerable
multiple_runs_largerun_db_highthreat_20260410_030216.csv,multiple_runs_largerun_db_highthreat_20260410_030216.csv,330,922.0,1500.0,2.711496746203905,39.69631236442516,0.0,33.06666666666666,240.0,0.0,366.0,213.0,36.0,25.0,42.0,479.0,496.0,525.0,2.037872954566788,vulnerable
multiple_runs_largerun_db_highthreat_20260410_030216.csv,multiple_runs_largerun_db_highthreat_20260410_030216.csv,331,945.0,1500.0,0.4232804232804233,36.402116402116405,0.0,33.53333333333333,326.0,0.0,344.0,190.0,53.0,4.0,28.0,502.0,503.0,495.0,2.037872954566788,resilient
multiple_runs_largerun_db_highthreat_20260410_030216.csv,multiple_runs_largerun_db_highthreat_20260410_030216.csv,332,977.0,1500.0,0.0,30.296827021494373,0.0,30.733333333333334,332.0,0.0,296.0,243.0,74.0,0.0,32.0,556.0,461.0,483.0,2.037872954566788,resilient
multiple_runs_largerun_db_highthreat_20260410_030216.csv,multiple_runs_largerun_db_highthreat_20260410_030216.csv,333,957.0,1500.0,1.2539184952978055,37.61755485893417,0.0,31.866666666666667,336.0,0.0,360.0,184.0,23.0,12.0,42.0,524.0,478.0,498.0,2.037872954566788,resilient
multiple_runs_largerun_db_highthreat_20260410_030216.csv,multiple_runs_largerun_db_highthreat_20260410_030216.csv,334,1024.0,1500.0,24.51171875,0.09765625,0.0,31.333333333333336,46.0,0.0,1.0,311.0,375.0,251.0,40.0,526.0,470.0,504.0,2.037872954566788,vulnerable
multiple_runs_largerun_db_highthreat_20260410_030216.csv,multiple_runs_largerun_db_highthreat_20260410_030216.csv,335,793.0,1500.0,1.8915510718789406,43.37957124842371,0.0,32.266666666666666,287.0,0.0,344.0,79.0,33.0,15.0,35.0,471.0,484.0,545.0,2.037872954566788,resilient
multiple_runs_largerun_db_highthreat_20260410_030216.csv,multiple_runs_largerun_db_highthreat_20260410_030216.csv,336,1276.0,1500.0,19.122257053291534,1.6457680250783697,0.0,32.733333333333334,43.0,0.0,21.0,580.0,374.0,244.0,14.0,492.0,491.0,517.0,2.037872954566788,vulnerable
multiple_runs_largerun_db_highthreat_20260410_030216.csv,multiple_runs_largerun_db_highthreat_20260410_030216.csv,337,1156.0,1500.0,10.640138408304498,10.640138408304498,0.0,32.266666666666666,154.0,0.0,123.0,447.0,268.0,123.0,41.0,478.0,484.0,538.0,2.037872954566788,vulnerable
multiple_runs_largerun_db_highthreat_20260410_030216.csv,multiple_runs_largerun_db_highthreat_20260410_030216.csv,338,1145.0,1500.0,8.034934497816595,16.85589519650655,0.0,33.800000000000004,175.0,0.0,193.0,431.0,212.0,92.0,42.0,494.0,507.0,499.0,2.037872954566788,vulnerable
multiple_runs_largerun_db_highthreat_20260410_030216.csv,multiple_runs_largerun_db_highthreat_20260410_030216.csv,339,958.0,1500.0,28.39248434237996,0.10438413361169101,0.0,33.13333333333333,42.0,0.0,1.0,208.0,409.0,272.0,26.0,504.0,497.0,499.0,2.037872954566788,vulnerable
multiple_runs_largerun_db_highthreat_20260410_030216.csv,multiple_runs_largerun_db_highthreat_20260410_030216.csv,340,1146.0,1500.0,15.706806282722512,1.9197207678883073,0.0,33.93333333333333,115.0,0.0,22.0,410.0,383.0,180.0,36.0,502.0,509.0,489.0,2.037872954566788,vulnerable
multiple_runs_largerun_db_highthreat_20260410_030216.csv,multiple_runs_largerun_db_highthreat_20260410_030216.csv,341,992.0,1500.0,22.883064516129032,1.411290322580645,0.0,35.4,55.0,0.0,14.0,245.0,413.0,227.0,38.0,458.0,531.0,511.0,2.037872954566788,vulnerable
multiple_runs_largerun_db_highthreat_20260410_030216.csv,multiple_runs_largerun_db_highthreat_20260410_030216.csv,342,1164.0,1500.0,23.281786941580755,0.7731958762886598,0.0,30.599999999999998,73.0,0.0,9.0,422.0,365.0,271.0,24.0,540.0,459.0,501.0,2.037872954566788,vulnerable
multiple_runs_largerun_db_highthreat_20260410_030216.csv,multiple_runs_largerun_db_highthreat_20260410_030216.csv,343,1017.0,1500.0,0.2949852507374631,36.67649950835792,0.0,34.266666666666666,319.0,0.0,373.0,256.0,35.0,3.0,31.0,491.0,514.0,495.0,2.037872954566788,resilient
multiple_runs_largerun_db_highthreat_20260410_030216.csv,multiple_runs_largerun_db_highthreat_20260410_030216.csv,344,1182.0,1500.0,17.174280879864636,5.922165820642978,0.0,32.2,63.0,0.0,70.0,506.0,308.0,203.0,32.0,491.0,483.0,526.0,2.037872954566788,vulnerable
multiple_runs_largerun_db_highthreat_20260410_030216.csv,multiple_runs_largerun_db_highthreat_20260410_030216.csv,345,915.0,1500.0,0.1092896174863388,36.6120218579235,0.0,32.33333333333333,309.0,0.0,335.0,179.0,57.0,1.0,34.0,497.0,485.0,518.0,2.037872954566788,resilient
multiple_runs_largerun_db_highthreat_20260410_030216.csv,multiple_runs_largerun_db_highthreat_20260410_030216.csv,346,966.0,1500.0,0.8281573498964804,34.05797101449276,0.0,32.266666666666666,293.0,0.0,329.0,246.0,53.0,8.0,37.0,489.0,484.0,527.0,2.037872954566788,resilient
multiple_runs_largerun_db_highthreat_20260410_030216.csv,multiple_runs_largerun_db_highthreat_20260410_030216.csv,347,1400.0,1500.0,17.214285714285715,0.5714285714285714,0.0,34.0,64.0,0.0,8.0,646.0,412.0,241.0,29.0,494.0,510.0,496.0,2.037872954566788,vulnerable
multiple_runs_largerun_db_highthreat_20260410_030216.csv,multiple_runs_largerun_db_highthreat_20260410_030216.csv,348,920.0,1500.0,1.8478260869565217,39.34782608695652,0.0,33.06666666666666,319.0,0.0,362.0,162.0,26.0,17.0,34.0,505.0,496.0,499.0,2.037872954566788,resilient
multiple_runs_largerun_db_highthreat_20260410_030216.csv,multiple_runs_largerun_db_highthreat_20260410_030216.csv,349,1132.0,1500.0,11.749116607773852,15.19434628975265,0.0,33.46666666666667,153.0,0.0,172.0,404.0,240.0,133.0,30.0,500.0,502.0,498.0,2.037872954566788,vulnerable
multiple_runs_largerun_db_highthreat_20260410_030216.csv,multiple_runs_largerun_db_highthreat_20260410_030216.csv,350,986.0,1500.0,27.99188640973631,0.7099391480730223,0.0,31.466666666666665,57.0,0.0,7.0,251.0,370.0,276.0,25.0,521.0,472.0,507.0,2.037872954566788,vulnerable
multiple_runs_largerun_db_highthreat_20260410_030216.csv,multiple_runs_largerun_db_highthreat_20260410_030216.csv,351,1003.0,1500.0,0.0,39.28215353938185,0.0,34.66666666666667,306.0,0.0,394.0,254.0,20.0,0.0,29.0,483.0,520.0,497.0,2.037872954566788,resilient
multiple_runs_largerun_db_highthreat_20260410_030216.csv,multiple_runs_largerun_db_highthreat_20260410_030216.csv,352,950.0,1500.0,0.0,40.526315789473685,0.0,32.2,294.0,0.0,385.0,232.0,9.0,0.0,30.0,478.0,483.0,539.0,2.037872954566788,resilient
multiple_runs_largerun_db_highthreat_20260410_030216.csv,multiple_runs_largerun_db_highthreat_20260410_030216.csv,353,1309.0,1500.0,18.181818181818183,2.3682200152788386,0.0,32.86666666666667,83.0,0.0,31.0,569.0,363.0,238.0,25.0,503.0,493.0,504.0,2.037872954566788,vulnerable
multiple_runs_largerun_db_highthreat_20260410_030216.csv,multiple_runs_largerun_db_highthreat_20260410_030216.csv,354,780.0,1500.0,1.282051282051282,45.76923076923077,0.0,33.33333333333333,296.0,0.0,357.0,44.0,32.0,10.0,41.0,473.0,500.0,527.0,2.037872954566788,resilient
multiple_runs_largerun_db_highthreat_20260410_030216.csv,multiple_runs_largerun_db_highthreat_20260410_030216.csv,355,1056.0,1500.0,3.2196969696969697,32.57575757575758,0.0,33.6,295.0,0.0,344.0,314.0,41.0,34.0,28.0,509.0,504.0,487.0,2.037872954566788,vulnerable
multiple_runs_largerun_db_highthreat_20260410_030216.csv,multiple_runs_largerun_db_highthreat_20260410_030216.csv,356,1199.0,1500.0,15.846538782318598,9.591326105087573,0.0,33.13333333333333,115.0,0.0,115.0,456.0,284.0,190.0,39.0,518.0,497.0,485.0,2.037872954566788,vulnerable
multiple_runs_largerun_db_highthreat_20260410_030216.csv,multiple_runs_largerun_db_highthreat_20260410_030216.csv,357,1150.0,1500.0,10.956521739130434,16.0,0.0,33.06666666666666,135.0,0.0,184.0,466.0,205.0,126.0,34.0,477.0,496.0,527.0,2.037872954566788,vulnerable
multiple_runs_largerun_db_highthreat_20260410_030216.csv,multiple_runs_largerun_db_highthreat_20260410_030216.csv,358,987.0,1500.0,25.329280648429588,0.0,0.0,35.4,51.0,0.0,0.0,237.0,421.0,250.0,28.0,490.0,531.0,479.0,2.037872954566788,vulnerable
multiple_runs_largerun_db_highthreat_20260410_030216.csv,multiple_runs_largerun_db_highthreat_20260410_030216.csv,359,998.0,1500.0,1.2024048096192386,30.26052104208417,0.0,32.06666666666666,286.0,0.0,302.0,262.0,102.0,12.0,34.0,505.0,481.0,514.0,2.037872954566788,resilient
multiple_runs_largerun_db_highthreat_20260410_030216.csv,multiple_runs_largerun_db_highthreat_20260410_030216.csv,360,1428.0,1500.0,20.098039215686274,0.350140056022409,0.0,32.800000000000004,29.0,0.0,5.0,694.0,388.0,287.0,25.0,484.0,492.0,524.0,2.037872954566788,vulnerable
multiple_runs_largerun_db_highthreat_20260410_030216.csv,multiple_runs_largerun_db_highthreat_20260410_030216.csv,361,999.0,1500.0,29.129129129129126,1.4014014014014013,0.0,32.6,52.0,0.0,14.0,225.0,383.0,291.0,34.0,532.0,489.0,479.0,2.037872954566788,vulnerable
multiple_runs_largerun_db_highthreat_20260410_030216.csv,multiple_runs_largerun_db_highthreat_20260410_030216.csv,362,1433.0,1500.0,19.469644103279833,0.41870202372644805,0.0,32.733333333333334,51.0,0.0,6.0,688.0,383.0,279.0,26.0,500.0,491.0,509.0,2.037872954566788,vulnerable
multiple_runs_largerun_db_highthreat_20260410_030216.csv,multiple_runs_largerun_db_highthreat_20260410_030216.csv,363,905.0,1500.0,30.386740331491712,0.44198895027624313,0.0,31.4,43.0,0.0,4.0,188.0,376.0,275.0,19.0,489.0,471.0,540.0,2.037872954566788,vulnerable
multiple_runs_largerun_db_highthreat_20260410_030216.csv,multiple_runs_largerun_db_highthreat_20260410_030216.csv,364,1169.0,1500.0,20.35928143712575,4.191616766467066,0.0,33.0,48.0,0.0,49.0,460.0,333.0,238.0,41.0,475.0,495.0,530.0,2.037872954566788,vulnerable
multiple_runs_largerun_db_highthreat_20260410_030216.csv,multiple_runs_largerun_db_highthreat_20260410_030216.csv,365,1206.0,1500.0,23.88059701492537,0.9950248756218906,0.0,34.0,32.0,0.0,12.0,449.0,388.0,288.0,37.0,508.0,510.0,482.0,2.037872954566788,vulnerable
multiple_runs_largerun_db_highthreat_20260410_030216.csv,multiple_runs_largerun_db_highthreat_20260410_030216.csv,366,937.0,1500.0,0.96051227321238,43.64994663820704,0.0,33.86666666666667,301.0,0.0,409.0,196.0,1.0,9.0,21.0,490.0,508.0,502.0,2.037872954566788,resilient
multiple_runs_largerun_db_highthreat_20260410_030216.csv,multiple_runs_largerun_db_highthreat_20260410_030216.csv,367,1041.0,1500.0,0.09606147934678194,36.40730067243035,0.0,33.13333333333333,316.0,0.0,379.0,287.0,19.0,1.0,39.0,513.0,497.0,490.0,2.037872954566788,resilient
multiple_runs_largerun_db_highthreat_20260410_030216.csv,multiple_runs_largerun_db_highthreat_20260410_030216.csv,368,910.0,1500.0,0.32967032967032966,46.7032967032967,0.0,34.8,312.0,0.0,425.0,126.0,10.0,3.0,34.0,499.0,522.0,479.0,2.037872954566788,resilient
multiple_runs_largerun_db_highthreat_20260410_030216.csv,multiple_runs_largerun_db_highthreat_20260410_030216.csv,369,1231.0,1500.0,18.44029244516653,3.249390739236393,0.0,31.4,121.0,0.0,40.0,476.0,336.0,227.0,31.0,540.0,471.0,489.0,2.037872954566788,vulnerable
multiple_runs_largerun_db_highthreat_20260410_030216.csv,multiple_runs_largerun_db_highthreat_20260410_030216.csv,370,962.0,1500.0,27.85862785862786,0.0,0.0,33.06666666666666,46.0,0.0,0.0,222.0,398.0,268.0,28.0,520.0,496.0,484.0,2.037872954566788,vulnerable
multiple_runs_largerun_db_highthreat_20260410_030216.csv,multiple_runs_largerun_db_highthreat_20260410_030216.csv,371,1146.0,1500.0,10.55846422338569,9.511343804537521,0.0,32.800000000000004,200.0,0.0,109.0,406.0,285.0,121.0,25.0,534.0,492.0,474.0,2.037872954566788,vulnerable
multiple_runs_largerun_db_highthreat_20260410_030216.csv,multiple_runs_largerun_db_highthreat_20260410_030216.csv,372,1085.0,1500.0,24.976958525345623,0.3686635944700461,0.0,32.4,45.0,0.0,4.0,365.0,368.0,271.0,32.0,520.0,486.0,494.0,2.037872954566788,vulnerable
multiple_runs_largerun_db_highthreat_20260410_030216.csv,multiple_runs_largerun_db_highthreat_20260410_030216.csv,373,863.0,1500.0,2.20162224797219,43.45307068366164,0.0,32.53333333333333,304.0,0.0,375.0,102.0,21.0,19.0,42.0,512.0,488.0,500.0,2.037872954566788,vulnerable
multiple_runs_largerun_db_highthreat_20260410_030216.csv,multiple_runs_largerun_db_highthreat_20260410_030216.csv,374,1120.0,1500.0,19.28571428571429,2.232142857142857,0.08928571428571429,32.733333333333334,82.0,1.0,25.0,406.0,365.0,216.0,25.0,510.0,491.0,499.0,2.037872954566788,vulnerable
multiple_runs_largerun_db_highthreat_20260410_030216.csv,multiple_runs_largerun_db_highthreat_20260410_030216.csv,375,1166.0,1500.0,14.665523156089193,6.946826758147513,0.0,33.733333333333334,123.0,0.0,81.0,445.0,319.0,171.0,27.0,484.0,506.0,510.0,2.037872954566788,vulnerable
multiple_runs_largerun_db_highthreat_20260410_030216.csv,multiple_runs_largerun_db_highthreat_20260410_030216.csv,376,1092.0,1500.0,23.809523809523807,0.09157509157509157,0.0,32.6,65.0,0.0,1.0,355.0,398.0,260.0,13.0,497.0,489.0,514.0,2.037872954566788,vulnerable
multiple_runs_largerun_db_highthreat_20260410_030216.csv,multiple_runs_largerun_db_highthreat_20260410_030216.csv,377,1035.0,1500.0,26.08695652173913,1.3526570048309179,0.0,31.066666666666663,44.0,0.0,14.0,320.0,355.0,270.0,32.0,500.0,466.0,534.0,2.037872954566788,vulnerable
multiple_runs_largerun_db_highthreat_20260410_030216.csv,multiple_runs_largerun_db_highthreat_20260410_030216.csv,378,911.0,1500.0,31.394072447859493,1.3172338090010975,0.0,31.466666666666665,26.0,0.0,12.0,195.0,364.0,286.0,28.0,497.0,472.0,531.0,2.037872954566788,vulnerable
multiple_runs_largerun_db_highthreat_20260410_030216.csv,multiple_runs_largerun_db_highthreat_20260410_030216.csv,379,961.0,1500.0,26.95109261186264,0.31217481789802287,0.0,31.666666666666664,50.0,0.0,3.0,251.0,374.0,259.0,24.0,487.0,475.0,538.0,2.037872954566788,vulnerable
multiple_runs_largerun_db_highthreat_20260410_030216.csv,multiple_runs_largerun_db_highthreat_20260410_030216.csv,380,972.0,1500.0,24.279835390946502,0.720164609053498,0.0,31.333333333333336,52.0,0.0,7.0,281.0,374.0,236.0,22.0,489.0,470.0,541.0,2.037872954566788,vulnerable
multiple_runs_largerun_db_highthreat_20260410_030216.csv,multiple_runs_largerun_db_highthreat_20260410_030216.csv,381,751.0,1500.0,0.2663115845539281,39.94673768308921,0.0,31.666666666666664,156.0,0.0,300.0,196.0,61.0,2.0,36.0,503.0,475.0,522.0,2.037872954566788,resilient
multiple_runs_largerun_db_highthreat_20260410_030216.csv,multiple_runs_largerun_db_highthreat_20260410_030216.csv,382,968.0,1500.0,26.859504132231404,1.0330578512396695,0.0,31.6,53.0,0.0,10.0,256.0,365.0,260.0,24.0,507.0,474.0,519.0,2.037872954566788,vulnerable
multiple_runs_largerun_db_highthreat_20260410_030216.csv,multiple_runs_largerun_db_highthreat_20260410_030216.csv,383,947.0,1500.0,2.1119324181626187,39.809926082365365,0.0,34.66666666666667,258.0,0.0,377.0,208.0,46.0,20.0,38.0,481.0,520.0,499.0,2.037872954566788,vulnerable
multiple_runs_largerun_db_highthreat_20260410_030216.csv,multiple_runs_largerun_db_highthreat_20260410_030216.csv,384,977.0,1500.0,23.3367451381781,1.6376663254861823,0.0,34.333333333333336,59.0,0.0,16.0,260.0,388.0,228.0,26.0,472.0,515.0,513.0,2.037872954566788,vulnerable
multiple_runs_largerun_db_highthreat_20260410_030216.csv,multiple_runs_largerun_db_highthreat_20260410_030216.csv,385,945.0,1500.0,25.185185185185183,1.164021164021164,0.0,33.6,41.0,0.0,11.0,238.0,387.0,238.0,30.0,469.0,504.0,527.0,2.037872954566788,vulnerable
multiple_runs_largerun_db_highthreat_20260410_030216.csv,multiple_runs_largerun_db_highthreat_20260410_030216.csv,386,914.0,1500.0,28.88402625820569,1.0940919037199124,0.10940919037199125,31.8,37.0,1.0,10.0,196.0,376.0,264.0,30.0,492.0,477.0,531.0,2.037872954566788,vulnerable
multiple_runs_largerun_db_highthreat_20260410_030216.csv,multiple_runs_largerun_db_highthreat_20260410_030216.csv,387,1004.0,1500.0,22.211155378486055,1.1952191235059761,0.0,35.0,60.0,0.0,12.0,267.0,412.0,223.0,30.0,482.0,525.0,493.0,2.037872954566788,vulnerable
multiple_runs_largerun_db_highthreat_20260410_030216.csv,multiple_runs_largerun_db_highthreat_20260410_030216.csv,388,945.0,1500.0,0.0,32.27513227513227,0.0,34.2,301.0,0.0,305.0,186.0,114.0,0.0,39.0,498.0,513.0,489.0,2.037872954566788,resilient
multiple_runs_largerun_db_highthreat_20260410_030216.csv,multiple_runs_largerun_db_highthreat_20260410_030216.csv,389,972.0,1500.0,25.720164609053498,0.720164609053498,0.0,34.266666666666666,56.0,0.0,7.0,222.0,402.0,250.0,35.0,497.0,514.0,489.0,2.037872954566788,vulnerable
multiple_runs_largerun_db_highthreat_20260410_030216.csv,multiple_runs_largerun_db_highthreat_20260410_030216.csv,390,956.0,1500.0,25.523012552301257,0.6276150627615062,0.0,32.13333333333333,54.0,0.0,6.0,251.0,373.0,244.0,28.0,480.0,482.0,538.0,2.037872954566788,vulnerable
multiple_runs_largerun_db_highthreat_20260410_030216.csv,multiple_runs_largerun_db_highthreat_20260410_030216.csv,391,939.0,1500.0,24.281150159744406,1.9169329073482428,0.0,31.6,72.0,0.0,18.0,235.0,365.0,228.0,21.0,494.0,474.0,532.0,2.037872954566788,vulnerable
multiple_runs_largerun_db_highthreat_20260410_030216.csv,multiple_runs_largerun_db_highthreat_20260410_030216.csv,392,935.0,1500.0,0.32085561497326204,39.35828877005348,0.0,31.4,314.0,0.0,368.0,211.0,12.0,3.0,27.0,501.0,471.0,528.0,2.037872954566788,resilient
multiple_runs_largerun_db_highthreat_20260410_030216.csv,multiple_runs_largerun_db_highthreat_20260410_030216.csv,393,915.0,1500.0,0.0,37.15846994535519,0.0,30.333333333333336,304.0,0.0,340.0,224.0,11.0,0.0,36.0,488.0,455.0,557.0,2.037872954566788,resilient
multiple_runs_largerun_db_highthreat_20260410_030216.csv,multiple_runs_largerun_db_highthreat_20260410_030216.csv,394,948.0,1500.0,1.6877637130801686,32.17299578059072,0.0,31.666666666666664,295.0,0.0,305.0,229.0,62.0,16.0,41.0,494.0,475.0,531.0,2.037872954566788,resilient
multiple_runs_largerun_db_highthreat_20260410_030216.csv,multiple_runs_largerun_db_highthreat_20260410_030216.csv,395,950.0,1500.0,24.31578947368421,3.3684210526315788,0.0,34.333333333333336,70.0,0.0,32.0,220.0,370.0,231.0,27.0,472.0,515.0,513.0,2.037872954566788,vulnerable
multiple_runs_largerun_db_highthreat_20260410_030216.csv,multiple_runs_largerun_db_highthreat_20260410_030216.csv,396,984.0,1500.0,0.0,35.8739837398374,0.0,31.933333333333337,328.0,0.0,353.0,252.0,21.0,0.0,30.0,517.0,479.0,504.0,2.037872954566788,resilient
multiple_runs_largerun_db_highthreat_20260410_030216.csv,multiple_runs_largerun_db_highthreat_20260410_030216.csv,397,1049.0,1500.0,19.82840800762631,0.19065776930409914,0.0,33.800000000000004,58.0,0.0,2.0,353.0,396.0,208.0,32.0,453.0,507.0,540.0,2.037872954566788,vulnerable
multiple_runs_largerun_db_highthreat_20260410_030216.csv,multiple_runs_largerun_db_highthreat_20260410_030216.csv,398,1007.0,1500.0,21.549155908639523,0.19860973187686196,0.0,34.0,81.0,0.0,2.0,269.0,412.0,217.0,26.0,485.0,510.0,505.0,2.037872954566788,vulnerable
multiple_runs_largerun_db_highthreat_20260410_030216.csv,multiple_runs_largerun_db_highthreat_20260410_030216.csv,399,1207.0,1500.0,16.818558409279206,4.971002485501243,0.0,32.266666666666666,66.0,0.0,60.0,510.0,335.0,203.0,33.0,495.0,484.0,521.0,2.037872954566788,vulnerable
multiple_runs_largerun_db_highthreat_20260410_030216.csv,multiple_runs_largerun_db_highthreat_20260410_030216.csv,400,1198.0,1500.0,18.030050083472453,4.006677796327212,0.0,32.666666666666664,61.0,0.0,48.0,495.0,348.0,216.0,30.0,488.0,490.0,522.0,2.037872954566788,vulnerable
multiple_runs_largerun_db_highthreat_20260410_030216.csv,multiple_runs_largerun_db_highthreat_20260410_030216.csv,401,906.0,1500.0,0.5518763796909493,41.72185430463576,0.0,34.4,302.0,0.0,378.0,140.0,47.0,5.0,34.0,470.0,516.0,514.0,2.037872954566788,resilient
multiple_runs_largerun_db_highthreat_20260410_030216.csv,multiple_runs_largerun_db_highthreat_20260410_030216.csv,402,1181.0,1500.0,17.27349703640982,2.963590177815411,0.0,35.13333333333333,62.0,0.0,35.0,462.0,387.0,204.0,31.0,483.0,527.0,490.0,2.037872954566788,vulnerable
multiple_runs_largerun_db_highthreat_20260410_030216.csv,multiple_runs_largerun_db_highthreat_20260410_030216.csv,403,1001.0,1500.0,19.480519480519483,0.0999000999000999,0.0,33.0,88.0,0.0,1.0,280.0,402.0,195.0,35.0,499.0,495.0,506.0,2.037872954566788,vulnerable
multiple_runs_largerun_db_highthreat_20260410_030216.csv,multiple_runs_largerun_db_highthreat_20260410_030216.csv,404,942.0,1500.0,0.6369426751592357,34.07643312101911,0.0,32.0,320.0,0.0,321.0,211.0,54.0,6.0,30.0,518.0,480.0,502.0,2.037872954566788,resilient
multiple_runs_largerun_db_highthreat_20260410_030216.csv,multiple_runs_largerun_db_highthreat_20260410_030216.csv,405,992.0,1500.0,25.806451612903224,0.9072580645161291,0.0,35.13333333333333,54.0,0.0,9.0,225.0,426.0,256.0,22.0,490.0,527.0,483.0,2.037872954566788,vulnerable
multiple_runs_largerun_db_highthreat_20260410_030216.csv,multiple_runs_largerun_db_highthreat_20260410_030216.csv,406,838.0,1500.0,0.23866348448687352,40.334128878281625,0.0,32.06666666666666,297.0,0.0,338.0,121.0,36.0,2.0,44.0,484.0,481.0,535.0,2.037872954566788,resilient
multiple_runs_largerun_db_highthreat_20260410_030216.csv,multiple_runs_largerun_db_highthreat_20260410_030216.csv,407,1182.0,1500.0,6.683587140439933,6.345177664974619,0.0,34.13333333333333,227.0,0.0,75.0,457.0,315.0,79.0,29.0,499.0,512.0,489.0,2.037872954566788,vulnerable
multiple_runs_largerun_db_highthreat_20260410_030216.csv,multiple_runs_largerun_db_highthreat_20260410_030216.csv,408,897.0,1500.0,1.560758082497213,36.00891861761427,0.0,34.0,265.0,0.0,323.0,173.0,74.0,14.0,48.0,470.0,510.0,520.0,2.037872954566788,resilient
multiple_runs_largerun_db_highthreat_20260410_030216.csv,multiple_runs_largerun_db_highthreat_20260410_030216.csv,409,980.0,1500.0,0.20408163265306123,29.795918367346943,0.0,32.93333333333333,286.0,0.0,292.0,260.0,107.0,2.0,33.0,508.0,494.0,498.0,2.037872954566788,resilient
multiple_runs_largerun_db_highthreat_20260410_030216.csv,multiple_runs_largerun_db_highthreat_20260410_030216.csv,410,1061.0,1500.0,5.372290292177191,20.358152686145147,0.0,31.466666666666665,256.0,0.0,216.0,348.0,155.0,57.0,29.0,513.0,472.0,515.0,2.037872954566788,vulnerable
multiple_runs_largerun_db_highthreat_20260410_030216.csv,multiple_runs_largerun_db_highthreat_20260410_030216.csv,411,992.0,1500.0,22.883064516129032,2.318548387096774,0.0,31.733333333333334,50.0,0.0,23.0,301.0,356.0,227.0,35.0,469.0,476.0,555.0,2.037872954566788,vulnerable
multiple_runs_largerun_db_highthreat_20260410_030216.csv,multiple_runs_largerun_db_highthreat_20260410_030216.csv,412,887.0,1500.0,0.4509582863585118,42.84103720405862,0.0,34.0,319.0,0.0,380.0,113.0,22.0,4.0,49.0,511.0,510.0,479.0,2.037872954566788,resilient
multiple_runs_largerun_db_highthreat_20260410_030216.csv,multiple_runs_largerun_db_highthreat_20260410_030216.csv,413,956.0,1500.0,29.707112970711297,1.3598326359832638,0.0,33.666666666666664,49.0,0.0,13.0,190.0,396.0,284.0,24.0,508.0,505.0,487.0,2.037872954566788,vulnerable
multiple_runs_largerun_db_highthreat_20260410_030216.csv,multiple_runs_largerun_db_highthreat_20260410_030216.csv,414,952.0,1500.0,0.9453781512605042,42.64705882352941,0.0,34.4,304.0,0.0,406.0,196.0,10.0,9.0,27.0,475.0,516.0,509.0,2.037872954566788,resilient
multiple_runs_largerun_db_highthreat_20260410_030216.csv,multiple_runs_largerun_db_highthreat_20260410_030216.csv,415,920.0,1500.0,33.58695652173913,0.5434782608695652,0.0,32.93333333333333,34.0,0.0,5.0,146.0,394.0,309.0,32.0,532.0,494.0,474.0,2.037872954566788,vulnerable
multiple_runs_largerun_db_highthreat_20260410_030216.csv,multiple_runs_largerun_db_highthreat_20260410_030216.csv,416,991.0,1500.0,25.630676084762865,0.0,0.0,32.6,37.0,0.0,0.0,268.0,404.0,254.0,28.0,495.0,489.0,516.0,2.037872954566788,vulnerable
multiple_runs_largerun_db_highthreat_20260410_030216.csv,multiple_runs_largerun_db_highthreat_20260410_030216.csv,417,1040.0,1500.0,0.2884615384615385,33.07692307692307,0.0,33.13333333333333,339.0,0.0,344.0,280.0,52.0,3.0,22.0,503.0,497.0,500.0,2.037872954566788,resilient
multiple_runs_largerun_db_highthreat_20260410_030216.csv,multiple_runs_largerun_db_highthreat_20260410_030216.csv,418,938.0,1500.0,0.0,38.37953091684435,0.0,31.133333333333336,302.0,0.0,360.0,214.0,21.0,0.0,41.0,501.0,467.0,532.0,2.037872954566788,resilient
multiple_runs_largerun_db_highthreat_20260410_030216.csv,multiple_runs_largerun_db_highthreat_20260410_030216.csv,419,1404.0,1500.0,20.085470085470085,0.9259259259259258,0.0,31.666666666666664,46.0,0.0,13.0,672.0,363.0,282.0,28.0,512.0,475.0,513.0,2.037872954566788,vulnerable
multiple_runs_largerun_db_highthreat_20260410_030216.csv,multiple_runs_largerun_db_highthreat_20260410_030216.csv,420,969.0,1500.0,23.01341589267286,1.0319917440660475,0.0,33.46666666666667,48.0,0.0,10.0,275.0,381.0,223.0,32.0,467.0,502.0,531.0,2.037872954566788,vulnerable
multiple_runs_largerun_db_highthreat_20260410_030216.csv,multiple_runs_largerun_db_highthreat_20260410_030216.csv,421,1225.0,1500.0,11.918367346938776,6.448979591836734,0.0,33.86666666666667,107.0,0.0,79.0,531.0,330.0,146.0,32.0,467.0,508.0,525.0,2.037872954566788,vulnerable
multiple_runs_largerun_db_highthreat_20260410_030216.csv,multiple_runs_largerun_db_highthreat_20260410_030216.csv,422,1289.0,1500.0,11.171450737005431,3.180760279286268,0.0,34.733333333333334,138.0,0.0,41.0,567.0,367.0,144.0,32.0,481.0,521.0,498.0,2.037872954566788,vulnerable
multiple_runs_largerun_db_highthreat_20260410_030216.csv,multiple_runs_largerun_db_highthreat_20260410_030216.csv,423,1048.0,1500.0,0.0,33.778625954198475,0.0,32.53333333333333,285.0,0.0,354.0,345.0,30.0,0.0,34.0,484.0,488.0,528.0,2.037872954566788,resilient
multiple_runs_largerun_db_highthreat_20260410_030216.csv,multiple_runs_largerun_db_highthreat_20260410_030216.csv,424,1213.0,1500.0,20.280296784831,4.286892003297609,0.0,32.800000000000004,72.0,0.0,52.0,478.0,339.0,246.0,26.0,505.0,492.0,503.0,2.037872954566788,vulnerable
multiple_runs_largerun_db_highthreat_20260410_030216.csv,multiple_runs_largerun_db_highthreat_20260410_030216.csv,425,947.0,1500.0,22.1752903907075,2.0063357972544877,0.0,31.733333333333334,67.0,0.0,19.0,260.0,365.0,210.0,26.0,459.0,476.0,565.0,2.037872954566788,vulnerable
multiple_runs_largerun_db_highthreat_20260410_030216.csv,multiple_runs_largerun_db_highthreat_20260410_030216.csv,426,1047.0,1500.0,20.821394460362942,0.9551098376313276,0.0,33.4,73.0,0.0,10.0,322.0,397.0,218.0,27.0,473.0,501.0,526.0,2.037872954566788,vulnerable
multiple_runs_largerun_db_highthreat_20260410_030216.csv,multiple_runs_largerun_db_highthreat_20260410_030216.csv,427,1188.0,1500.0,21.632996632996633,0.5892255892255892,0.0,32.33333333333333,48.0,0.0,7.0,473.0,375.0,257.0,28.0,497.0,485.0,518.0,2.037872954566788,vulnerable
multiple_runs_largerun_db_highthreat_20260410_030216.csv,multiple_runs_largerun_db_highthreat_20260410_030216.csv,428,1036.0,1500.0,25.386100386100384,0.09652509652509653,0.0,35.06666666666667,36.0,0.0,1.0,289.0,417.0,263.0,30.0,473.0,526.0,501.0,2.037872954566788,vulnerable
multiple_runs_largerun_db_highthreat_20260410_030216.csv,multiple_runs_largerun_db_highthreat_20260410_030216.csv,429,1227.0,1500.0,10.839445802770985,9.209453952730236,0.0,34.13333333333333,143.0,0.0,113.0,508.0,294.0,133.0,36.0,488.0,512.0,500.0,2.037872954566788,vulnerable
multiple_runs_largerun_db_highthreat_20260410_030216.csv,multiple_runs_largerun_db_highthreat_20260410_030216.csv,430,1013.0,1500.0,23.692003948667324,1.1846001974333662,0.0,32.93333333333333,56.0,0.0,12.0,297.0,378.0,240.0,30.0,481.0,494.0,525.0,2.037872954566788,vulnerable
multiple_runs_largerun_db_highthreat_20260410_030216.csv,multiple_runs_largerun_db_highthreat_20260410_030216.csv,431,1343.0,1500.0,16.381236038719287,2.1593447505584513,0.0,33.800000000000004,49.0,0.0,29.0,640.0,380.0,220.0,25.0,449.0,507.0,544.0,2.037872954566788,vulnerable
multiple_runs_largerun_db_highthreat_20260410_030216.csv,multiple_runs_largerun_db_highthreat_20260410_030216.csv,432,1174.0,1500.0,22.23168654173765,0.8517887563884157,0.0,33.46666666666667,49.0,0.0,10.0,429.0,395.0,261.0,30.0,497.0,502.0,501.0,2.037872954566788,vulnerable
multiple_runs_largerun_db_highthreat_20260410_030216.csv,multiple_runs_largerun_db_highthreat_20260410_030216.csv,433,939.0,1500.0,27.582534611288605,0.0,0.0,31.133333333333336,53.0,0.0,0.0,215.0,382.0,259.0,30.0,497.0,467.0,536.0,2.037872954566788,vulnerable
multiple_runs_largerun_db_highthreat_20260410_030216.csv,multiple_runs_largerun_db_highthreat_20260410_030216.csv,434,1047.0,1500.0,23.20916905444126,0.38204393505253104,0.0,34.599999999999994,36.0,0.0,4.0,314.0,417.0,243.0,33.0,489.0,519.0,492.0,2.037872954566788,vulnerable
multiple_runs_largerun_db_highthreat_20260410_030216.csv,multiple_runs_largerun_db_highthreat_20260410_030216.csv,435,1224.0,1500.0,13.153594771241831,7.352941176470589,0.0,33.2,126.0,0.0,90.0,489.0,320.0,161.0,38.0,501.0,498.0,501.0,2.037872954566788,vulnerable
multiple_runs_largerun_db_highthreat_20260410_030216.csv,multiple_runs_largerun_db_highthreat_20260410_030216.csv,436,925.0,1500.0,1.8378378378378377,33.62162162162162,0.0,33.6,289.0,0.0,311.0,194.0,82.0,17.0,32.0,482.0,504.0,514.0,2.037872954566788,resilient
multiple_runs_largerun_db_highthreat_20260410_030216.csv,multiple_runs_largerun_db_highthreat_20260410_030216.csv,437,1304.0,1500.0,19.78527607361963,7.898773006134969,0.0,32.86666666666667,46.0,0.0,103.0,574.0,291.0,258.0,32.0,505.0,493.0,502.0,2.037872954566788,vulnerable
multiple_runs_largerun_db_highthreat_20260410_030216.csv,multiple_runs_largerun_db_highthreat_20260410_030216.csv,438,1140.0,1500.0,12.105263157894736,5.87719298245614,0.0,32.06666666666666,133.0,0.0,67.0,456.0,314.0,138.0,32.0,482.0,481.0,537.0,2.037872954566788,vulnerable
multiple_runs_largerun_db_highthreat_20260410_030216.csv,multiple_runs_largerun_db_highthreat_20260410_030216.csv,439,924.0,1500.0,16.99134199134199,34.307359307359306,0.0,34.06666666666667,150.0,0.0,317.0,176.0,99.0,157.0,25.0,525.0,511.0,464.0,2.037872954566788,vulnerable
multiple_runs_largerun_db_highthreat_20260410_030216.csv,multiple_runs_largerun_db_highthreat_20260410_030216.csv,440,1116.0,1500.0,18.817204301075268,0.0,0.0,35.199999999999996,55.0,0.0,0.0,388.0,434.0,210.0,29.0,463.0,528.0,509.0,2.037872954566788,vulnerable
multiple_runs_largerun_db_highthreat_20260410_030216.csv,multiple_runs_largerun_db_highthreat_20260410_030216.csv,441,1007.0,1500.0,25.02482621648461,0.0,0.0,33.266666666666666,44.0,0.0,0.0,279.0,401.0,252.0,31.0,492.0,499.0,509.0,2.037872954566788,vulnerable
multiple_runs_largerun_db_highthreat_20260410_030216.csv,multiple_runs_largerun_db_highthreat_20260410_030216.csv,442,1199.0,1500.0,20.18348623853211,0.4170141784820684,0.0,34.266666666666666,50.0,0.0,5.0,480.0,403.0,242.0,19.0,488.0,514.0,498.0,2.037872954566788,vulnerable
multiple_runs_largerun_db_highthreat_20260410_030216.csv,multiple_runs_largerun_db_highthreat_20260410_030216.csv,443,980.0,1500.0,27.040816326530614,0.9183673469387756,0.0,34.46666666666667,49.0,0.0,9.0,231.0,405.0,265.0,21.0,494.0,517.0,489.0,2.037872954566788,vulnerable
multiple_runs_largerun_db_highthreat_20260410_030216.csv,multiple_runs_largerun_db_highthreat_20260410_030216.csv,444,957.0,1500.0,0.0,29.6760710553814,0.0,31.8,306.0,0.0,284.0,240.0,98.0,0.0,29.0,490.0,477.0,533.0,2.037872954566788,resilient
multiple_runs_largerun_db_highthreat_20260410_030216.csv,multiple_runs_largerun_db_highthreat_20260410_030216.csv,445,1141.0,1500.0,22.699386503067483,2.2787028921998247,0.0,34.46666666666667,28.0,0.0,26.0,397.0,390.0,259.0,41.0,474.0,517.0,509.0,2.037872954566788,vulnerable
multiple_runs_largerun_db_highthreat_20260410_030216.csv,multiple_runs_largerun_db_highthreat_20260410_030216.csv,446,925.0,1500.0,30.054054054054053,0.0,0.0,32.4,43.0,0.0,0.0,197.0,390.0,278.0,17.0,502.0,486.0,512.0,2.037872954566788,vulnerable
multiple_runs_largerun_db_highthreat_20260410_030216.csv,multiple_runs_largerun_db_highthreat_20260410_030216.csv,447,927.0,1500.0,24.59546925566343,0.7551240560949299,0.0,33.666666666666664,57.0,0.0,7.0,216.0,390.0,228.0,29.0,486.0,505.0,509.0,2.037872954566788,vulnerable
multiple_runs_largerun_db_highthreat_20260410_030216.csv,multiple_runs_largerun_db_highthreat_20260410_030216.csv,448,996.0,1500.0,20.080321285140563,0.2008032128514056,0.0,30.866666666666664,71.0,0.0,2.0,336.0,360.0,200.0,27.0,507.0,463.0,530.0,2.037872954566788,vulnerable
multiple_runs_largerun_db_highthreat_20260410_030216.csv,multiple_runs_largerun_db_highthreat_20260410_030216.csv,449,1074.0,1500.0,24.39478584729981,1.86219739292365,0.0,32.53333333333333,63.0,0.0,20.0,344.0,363.0,262.0,22.0,495.0,488.0,517.0,2.037872954566788,vulnerable
multiple_runs_largerun_db_highthreat_20260410_030216.csv,multiple_runs_largerun_db_highthreat_20260410_030216.csv,450,1128.0,1500.0,8.77659574468085,20.921985815602838,0.0,33.733333333333334,200.0,0.0,236.0,404.0,164.0,99.0,25.0,487.0,506.0,507.0,2.037872954566788,vulnerable
multiple_runs_largerun_db_highthreat_20260410_030216.csv,multiple_runs_largerun_db_highthreat_20260410_030216.csv,451,984.0,1500.0,25.0,3.556910569105691,0.0,31.666666666666664,39.0,0.0,35.0,286.0,351.0,246.0,27.0,492.0,475.0,533.0,2.037872954566788,vulnerable
multiple_runs_largerun_db_highthreat_20260410_030216.csv,multiple_runs_largerun_db_highthreat_20260410_030216.csv,452,1179.0,1500.0,21.62849872773537,2.7989821882951653,0.0,32.666666666666664,59.0,0.0,33.0,436.0,365.0,255.0,31.0,505.0,490.0,505.0,2.037872954566788,vulnerable
multiple_runs_largerun_db_highthreat_20260410_030216.csv,multiple_runs_largerun_db_highthreat_20260410_030216.csv,453,1150.0,1500.0,20.695652173913043,1.4782608695652173,0.0,33.4,57.0,0.0,17.0,425.0,389.0,238.0,24.0,493.0,501.0,506.0,2.037872954566788,vulnerable
multiple_runs_largerun_db_highthreat_20260410_030216.csv,multiple_runs_largerun_db_highthreat_20260410_030216.csv,454,799.0,1500.0,4.130162703379224,48.81101376720901,0.0,33.53333333333333,187.0,0.0,390.0,134.0,20.0,33.0,35.0,471.0,503.0,526.0,2.037872954566788,vulnerable
multiple_runs_largerun_db_highthreat_20260410_030216.csv,multiple_runs_largerun_db_highthreat_20260410_030216.csv,455,965.0,1500.0,0.0,34.715025906735754,0.0,34.599999999999994,280.0,0.0,335.0,224.0,93.0,0.0,33.0,438.0,519.0,543.0,2.037872954566788,resilient
multiple_runs_largerun_db_highthreat_20260410_030216.csv,multiple_runs_largerun_db_highthreat_20260410_030216.csv,456,1412.0,1500.0,17.422096317280452,3.7535410764872523,0.0,35.266666666666666,49.0,0.0,53.0,662.0,365.0,246.0,37.0,481.0,529.0,490.0,2.037872954566788,vulnerable
multiple_runs_largerun_db_highthreat_20260410_030216.csv,multiple_runs_largerun_db_highthreat_20260410_030216.csv,457,1114.0,1500.0,13.464991023339318,4.66786355475763,0.0,30.533333333333335,142.0,0.0,52.0,433.0,307.0,150.0,30.0,501.0,458.0,541.0,2.037872954566788,vulnerable
multiple_runs_largerun_db_highthreat_20260410_030216.csv,multiple_runs_largerun_db_highthreat_20260410_030216.csv,458,924.0,1500.0,0.0,40.692640692640694,0.0,32.800000000000004,334.0,0.0,376.0,158.0,14.0,0.0,42.0,495.0,492.0,513.0,2.037872954566788,resilient
multiple_runs_largerun_db_highthreat_20260410_030216.csv,multiple_runs_largerun_db_highthreat_20260410_030216.csv,459,1106.0,1500.0,10.57866184448463,10.669077757685352,0.0,33.4,163.0,0.0,118.0,403.0,280.0,117.0,25.0,490.0,501.0,509.0,2.037872954566788,vulnerable
multiple_runs_largerun_db_highthreat_20260410_030216.csv,multiple_runs_largerun_db_highthreat_20260410_030216.csv,460,829.0,1500.0,34.62002412545235,0.0,0.0,33.0,30.0,0.0,0.0,74.0,410.0,287.0,28.0,510.0,495.0,495.0,2.037872954566788,vulnerable
multiple_runs_largerun_db_highthreat_20260410_030216.csv,multiple_runs_largerun_db_highthreat_20260410_030216.csv,461,1075.0,1500.0,22.88372093023256,0.09302325581395349,0.0,35.4,61.0,0.0,1.0,325.0,425.0,246.0,17.0,472.0,531.0,497.0,2.037872954566788,vulnerable
multiple_runs_largerun_db_highthreat_20260410_030216.csv,multiple_runs_largerun_db_highthreat_20260410_030216.csv,462,969.0,1500.0,27.55417956656347,0.30959752321981426,0.0,32.33333333333333,39.0,0.0,3.0,229.0,388.0,267.0,43.0,497.0,485.0,518.0,2.037872954566788,vulnerable
multiple_runs_largerun_db_highthreat_20260410_030216.csv,multiple_runs_largerun_db_highthreat_20260410_030216.csv,463,777.0,1500.0,4.504504504504505,49.163449163449165,0.0,31.4,203.0,0.0,382.0,117.0,4.0,35.0,36.0,485.0,471.0,544.0,2.037872954566788,vulnerable
multiple_runs_largerun_db_highthreat_20260410_030216.csv,multiple_runs_largerun_db_highthreat_20260410_030216.csv,464,1061.0,1500.0,0.0,31.00848256361923,0.0,32.4,318.0,0.0,329.0,309.0,67.0,0.0,38.0,502.0,486.0,512.0,2.037872954566788,resilient
multiple_runs_largerun_db_highthreat_20260410_030216.csv,multiple_runs_largerun_db_highthreat_20260410_030216.csv,465,1328.0,1500.0,20.85843373493976,0.15060240963855423,0.0,32.0,53.0,0.0,2.0,596.0,376.0,277.0,24.0,528.0,480.0,492.0,2.037872954566788,vulnerable
multiple_runs_largerun_db_highthreat_20260410_030216.csv,multiple_runs_largerun_db_highthreat_20260410_030216.csv,466,984.0,1500.0,25.8130081300813,0.20325203252032523,0.0,32.33333333333333,67.0,0.0,2.0,244.0,388.0,254.0,29.0,504.0,485.0,511.0,2.037872954566788,vulnerable
multiple_runs_largerun_db_highthreat_20260410_030216.csv,multiple_runs_largerun_db_highthreat_20260410_030216.csv,467,1083.0,1500.0,24.7460757156048,1.2927054478301014,0.0,32.46666666666667,52.0,0.0,14.0,346.0,373.0,268.0,30.0,492.0,487.0,521.0,2.037872954566788,vulnerable
multiple_runs_largerun_db_highthreat_20260410_030216.csv,multiple_runs_largerun_db_highthreat_20260410_030216.csv,468,908.0,1500.0,2.092511013215859,43.502202643171806,0.0,33.0,313.0,0.0,395.0,141.0,6.0,19.0,34.0,508.0,495.0,497.0,2.037872954566788,vulnerable
multiple_runs_largerun_db_highthreat_20260410_030216.csv,multiple_runs_largerun_db_highthreat_20260410_030216.csv,469,975.0,1500.0,0.20512820512820512,28.307692307692307,0.0,32.53333333333333,287.0,0.0,276.0,252.0,118.0,2.0,40.0,509.0,488.0,503.0,2.037872954566788,resilient
multiple_runs_largerun_db_highthreat_20260410_030216.csv,multiple_runs_largerun_db_highthreat_20260410_030216.csv,470,1043.0,1500.0,20.709491850431448,2.205177372962608,0.0,32.2,92.0,0.0,23.0,306.0,371.0,216.0,35.0,502.0,483.0,515.0,2.037872954566788,vulnerable
multiple_runs_largerun_db_highthreat_20260410_030216.csv,multiple_runs_largerun_db_highthreat_20260410_030216.csv,471,965.0,1500.0,0.0,33.78238341968912,0.0,33.93333333333333,311.0,0.0,326.0,232.0,66.0,0.0,30.0,490.0,509.0,501.0,2.037872954566788,resilient
multiple_runs_largerun_db_highthreat_20260410_030216.csv,multiple_runs_largerun_db_highthreat_20260410_030216.csv,472,1221.0,1500.0,21.13022113022113,0.2457002457002457,0.0,32.266666666666666,56.0,0.0,3.0,491.0,376.0,258.0,37.0,527.0,484.0,489.0,2.037872954566788,vulnerable
multiple_runs_largerun_db_highthreat_20260410_030216.csv,multiple_runs_largerun_db_highthreat_20260410_030216.csv,473,1040.0,1500.0,0.7692307692307693,33.75,0.0,34.333333333333336,294.0,0.0,351.0,290.0,66.0,8.0,31.0,494.0,515.0,491.0,2.037872954566788,resilient
multiple_runs_largerun_db_highthreat_20260410_030216.csv,multiple_runs_largerun_db_highthreat_20260410_030216.csv,474,973.0,1500.0,0.6166495375128468,34.635149023638235,0.0,33.800000000000004,321.0,0.0,337.0,211.0,66.0,6.0,32.0,501.0,507.0,492.0,2.037872954566788,resilient
multiple_runs_largerun_db_highthreat_20260410_030216.csv,multiple_runs_largerun_db_highthreat_20260410_030216.csv,475,992.0,1500.0,0.0,38.306451612903224,0.0,33.4,303.0,0.0,380.0,259.0,19.0,0.0,31.0,499.0,501.0,500.0,2.037872954566788,resilient
multiple_runs_largerun_db_highthreat_20260410_030216.csv,multiple_runs_largerun_db_highthreat_20260410_030216.csv,476,1030.0,1500.0,18.25242718446602,1.1650485436893203,0.0,33.733333333333334,91.0,0.0,12.0,302.0,393.0,188.0,44.0,473.0,506.0,521.0,2.037872954566788,vulnerable
multiple_runs_largerun_db_highthreat_20260410_030216.csv,multiple_runs_largerun_db_highthreat_20260410_030216.csv,477,1228.0,1500.0,19.381107491856678,1.3843648208469055,0.0,33.6,76.0,0.0,17.0,481.0,391.0,238.0,25.0,503.0,504.0,493.0,2.037872954566788,vulnerable
multiple_runs_largerun_db_highthreat_20260410_030216.csv,multiple_runs_largerun_db_highthreat_20260410_030216.csv,478,961.0,1500.0,0.31217481789802287,39.64620187304891,0.0,34.0,313.0,0.0,381.0,209.0,24.0,3.0,31.0,479.0,510.0,511.0,2.037872954566788,resilient
multiple_runs_largerun_db_highthreat_20260410_030216.csv,multiple_runs_largerun_db_highthreat_20260410_030216.csv,479,1067.0,1500.0,23.055295220243675,0.28116213683223995,0.0,35.266666666666666,67.0,0.0,3.0,327.0,402.0,246.0,22.0,511.0,529.0,460.0,2.037872954566788,vulnerable
multiple_runs_largerun_db_highthreat_20260410_030216.csv,multiple_runs_largerun_db_highthreat_20260410_030216.csv,480,997.0,1500.0,26.57973921765296,1.0030090270812437,0.0,31.733333333333334,54.0,0.0,10.0,273.0,362.0,265.0,33.0,509.0,476.0,515.0,2.037872954566788,vulnerable
multiple_runs_largerun_db_highthreat_20260410_030216.csv,multiple_runs_largerun_db_highthreat_20260410_030216.csv,481,903.0,1500.0,0.4429678848283499,36.10188261351052,0.0,35.06666666666667,304.0,0.0,326.0,137.0,93.0,4.0,39.0,490.0,526.0,484.0,2.037872954566788,resilient
multiple_runs_largerun_db_highthreat_20260410_030216.csv,multiple_runs_largerun_db_highthreat_20260410_030216.csv,482,1131.0,1500.0,19.363395225464192,1.1494252873563218,0.0,32.4,66.0,0.0,13.0,427.0,371.0,219.0,35.0,474.0,486.0,540.0,2.037872954566788,vulnerable
multiple_runs_largerun_db_highthreat_20260410_030216.csv,multiple_runs_largerun_db_highthreat_20260410_030216.csv,483,968.0,1500.0,18.181818181818183,1.6528925619834711,0.0,32.666666666666664,87.0,0.0,16.0,297.0,360.0,176.0,32.0,473.0,490.0,537.0,2.037872954566788,vulnerable
multiple_runs_largerun_db_highthreat_20260410_030216.csv,multiple_runs_largerun_db_highthreat_20260410_030216.csv,484,1381.0,1500.0,19.333816075307748,0.0,0.0,34.06666666666667,32.0,0.0,0.0,644.0,411.0,267.0,27.0,504.0,511.0,485.0,2.037872954566788,vulnerable
multiple_runs_largerun_db_highthreat_20260410_030216.csv,multiple_runs_largerun_db_highthreat_20260410_030216.csv,485,993.0,1500.0,0.0,31.017119838872105,0.0,31.4,293.0,0.0,308.0,289.0,61.0,0.0,42.0,511.0,471.0,518.0,2.037872954566788,resilient
multiple_runs_largerun_db_highthreat_20260410_030216.csv,multiple_runs_largerun_db_highthreat_20260410_030216.csv,486,1040.0,1500.0,20.576923076923077,0.4807692307692308,0.0,32.733333333333334,61.0,0.0,5.0,343.0,384.0,214.0,33.0,473.0,491.0,536.0,2.037872954566788,vulnerable
multiple_runs_largerun_db_highthreat_20260410_030216.csv,multiple_runs_largerun_db_highthreat_20260410_030216.csv,487,1201.0,1500.0,20.233139050791006,2.2481265611990007,0.0,30.666666666666664,49.0,0.0,27.0,500.0,348.0,243.0,34.0,503.0,460.0,537.0,2.037872954566788,vulnerable
multiple_runs_largerun_db_highthreat_20260410_030216.csv,multiple_runs_largerun_db_highthreat_20260410_030216.csv,488,1067.0,1500.0,20.99343955014058,2.530459231490159,0.0,33.93333333333333,69.0,0.0,27.0,330.0,381.0,224.0,36.0,494.0,509.0,497.0,2.037872954566788,vulnerable
multiple_runs_largerun_db_highthreat_20260410_030216.csv,multiple_runs_largerun_db_highthreat_20260410_030216.csv,489,1248.0,1500.0,17.78846153846154,4.807692307692308,0.0,34.0,74.0,0.0,60.0,526.0,344.0,222.0,22.0,487.0,510.0,503.0,2.037872954566788,vulnerable
multiple_runs_largerun_db_highthreat_20260410_030216.csv,multiple_runs_largerun_db_highthreat_20260410_030216.csv,490,1189.0,1500.0,8.746846089150546,13.877207737594619,0.0,34.06666666666667,200.0,0.0,165.0,446.0,245.0,104.0,29.0,497.0,511.0,492.0,2.037872954566788,vulnerable
multiple_runs_largerun_db_highthreat_20260410_030216.csv,multiple_runs_largerun_db_highthreat_20260410_030216.csv,491,996.0,1500.0,0.1004016064257028,34.53815261044177,0.0,34.53333333333333,275.0,0.0,344.0,264.0,79.0,1.0,33.0,455.0,518.0,527.0,2.037872954566788,resilient
multiple_runs_largerun_db_highthreat_20260410_030216.csv,multiple_runs_largerun_db_highthreat_20260410_030216.csv,492,1262.0,1500.0,19.809825673534075,7.527733755942948,0.0,31.066666666666663,110.0,0.0,95.0,510.0,268.0,250.0,29.0,528.0,466.0,506.0,2.037872954566788,vulnerable
multiple_runs_largerun_db_highthreat_20260410_030216.csv,multiple_runs_largerun_db_highthreat_20260410_030216.csv,493,911.0,1500.0,28.7596048298573,0.7683863885839737,0.0,33.33333333333333,38.0,0.0,7.0,195.0,384.0,262.0,25.0,485.0,500.0,515.0,2.037872954566788,vulnerable
multiple_runs_largerun_db_highthreat_20260410_030216.csv,multiple_runs_largerun_db_highthreat_20260410_030216.csv,494,1020.0,1500.0,26.666666666666668,0.0,0.0,33.4,44.0,0.0,0.0,267.0,408.0,272.0,29.0,491.0,501.0,508.0,2.037872954566788,vulnerable
multiple_runs_largerun_db_highthreat_20260410_030216.csv,multiple_runs_largerun_db_highthreat_20260410_030216.csv,495,1240.0,1500.0,18.951612903225808,1.6129032258064515,0.0,33.06666666666666,43.0,0.0,20.0,540.0,374.0,235.0,28.0,471.0,496.0,533.0,2.037872954566788,vulnerable
multiple_runs_largerun_db_highthreat_20260410_030216.csv,multiple_runs_largerun_db_highthreat_20260410_030216.csv,496,1113.0,1500.0,19.766397124887693,2.336028751123091,0.0,33.86666666666667,71.0,0.0,26.0,386.0,378.0,220.0,32.0,484.0,508.0,508.0,2.037872954566788,vulnerable
multiple_runs_largerun_db_highthreat_20260410_030216.csv,multiple_runs_largerun_db_highthreat_20260410_030216.csv,497,1293.0,1500.0,20.804331013147717,1.005413766434648,0.0,31.0,45.0,0.0,13.0,589.0,351.0,269.0,26.0,504.0,465.0,531.0,2.037872954566788,vulnerable
multiple_runs_largerun_db_highthreat_20260410_030216.csv,multiple_runs_largerun_db_highthreat_20260410_030216.csv,498,909.0,1500.0,1.21012101210121,42.35423542354235,0.0,34.0,315.0,0.0,385.0,148.0,23.0,11.0,27.0,503.0,510.0,487.0,2.037872954566788,resilient
multiple_runs_largerun_db_highthreat_20260410_030216.csv,multiple_runs_largerun_db_highthreat_20260410_030216.csv,499,1025.0,1500.0,27.414634146341466,1.6585365853658538,0.0,31.666666666666664,49.0,0.0,17.0,288.0,366.0,281.0,24.0,510.0,475.0,515.0,2.037872954566788,vulnerable
multiple_runs_largerun_db_highthreat_20260410_030216.csv,multiple_runs_largerun_db_highthreat_20260410_030216.csv,500,965.0,1500.0,0.8290155440414507,30.88082901554404,0.0,30.533333333333335,317.0,0.0,298.0,234.0,73.0,8.0,35.0,511.0,458.0,531.0,2.037872954566788,resilient
multiple_runs_largerun_db_highthreat_20260410_030216.csv,multiple_runs_largerun_db_highthreat_20260410_030216.csv,501,1371.0,1500.0,20.933625091174328,0.0,0.0,32.666666666666664,40.0,0.0,0.0,638.0,386.0,287.0,20.0,508.0,490.0,502.0,2.037872954566788,vulnerable
multiple_runs_largerun_db_highthreat_20260410_030216.csv,multiple_runs_largerun_db_highthreat_20260410_030216.csv,502,1080.0,1500.0,24.814814814814813,1.1111111111111112,0.0,33.13333333333333,39.0,0.0,12.0,335.0,390.0,268.0,36.0,520.0,497.0,483.0,2.037872954566788,vulnerable
multiple_runs_largerun_db_highthreat_20260410_030216.csv,multiple_runs_largerun_db_highthreat_20260410_030216.csv,503,1077.0,1500.0,2.692664809656453,22.098421541318476,0.0,32.86666666666667,245.0,0.0,238.0,384.0,151.0,29.0,30.0,507.0,493.0,500.0,2.037872954566788,vulnerable
multiple_runs_largerun_db_highthreat_20260410_030216.csv,multiple_runs_largerun_db_highthreat_20260410_030216.csv,504,935.0,1500.0,29.518716577540104,0.0,0.0,32.53333333333333,39.0,0.0,0.0,203.0,394.0,276.0,23.0,507.0,488.0,505.0,2.037872954566788,vulnerable
multiple_runs_largerun_db_highthreat_20260410_030216.csv,multiple_runs_largerun_db_highthreat_20260410_030216.csv,505,1038.0,1500.0,0.0,36.70520231213873,0.0,33.666666666666664,291.0,0.0,381.0,287.0,37.0,0.0,42.0,474.0,505.0,521.0,2.037872954566788,resilient
multiple_runs_largerun_db_highthreat_20260410_030216.csv,multiple_runs_largerun_db_highthreat_20260410_030216.csv,506,1131.0,1500.0,6.542882404951371,8.311229000884174,0.0,33.4,183.0,0.0,94.0,449.0,296.0,74.0,35.0,457.0,501.0,542.0,2.037872954566788,vulnerable
multiple_runs_largerun_db_highthreat_20260410_030216.csv,multiple_runs_largerun_db_highthreat_20260410_030216.csv,507,925.0,1500.0,0.7567567567567568,35.78378378378378,0.0,31.866666666666667,331.0,0.0,331.0,183.0,49.0,7.0,24.0,524.0,478.0,498.0,2.037872954566788,resilient
multiple_runs_largerun_db_highthreat_20260410_030216.csv,multiple_runs_largerun_db_highthreat_20260410_030216.csv,508,1176.0,1500.0,21.93877551020408,0.0,0.0,33.666666666666664,53.0,0.0,0.0,423.0,402.0,258.0,40.0,499.0,505.0,496.0,2.037872954566788,vulnerable
multiple_runs_largerun_db_highthreat_20260410_030216.csv,multiple_runs_largerun_db_highthreat_20260410_030216.csv,509,1024.0,1500.0,25.1953125,0.5859375,0.09765625,32.33333333333333,44.0,1.0,6.0,326.0,358.0,258.0,31.0,488.0,485.0,527.0,2.037872954566788,vulnerable
multiple_runs_largerun_db_highthreat_20260410_030216.csv,multiple_runs_largerun_db_highthreat_20260410_030216.csv,510,1141.0,1500.0,23.049956178790534,0.0,0.0,31.866666666666667,64.0,0.0,0.0,406.0,378.0,263.0,30.0,520.0,478.0,502.0,2.037872954566788,vulnerable
multiple_runs_largerun_db_highthreat_20260410_030216.csv,multiple_runs_largerun_db_highthreat_20260410_030216.csv,511,1048.0,1500.0,0.0,36.354961832061065,0.0,32.13333333333333,313.0,0.0,381.0,313.0,8.0,0.0,33.0,494.0,482.0,524.0,2.037872954566788,resilient
multiple_runs_largerun_db_highthreat_20260410_030216.csv,multiple_runs_largerun_db_highthreat_20260410_030216.csv,512,1299.0,1500.0,18.706697459584294,3.1562740569668977,0.0,33.46666666666667,70.0,0.0,41.0,556.0,367.0,243.0,22.0,501.0,502.0,497.0,2.037872954566788,vulnerable
multiple_runs_largerun_db_highthreat_20260410_030216.csv,multiple_runs_largerun_db_highthreat_20260410_030216.csv,513,977.0,1500.0,0.2047082906857728,36.8474923234391,0.0,33.46666666666667,315.0,0.0,360.0,221.0,44.0,2.0,35.0,513.0,502.0,485.0,2.037872954566788,resilient
multiple_runs_largerun_db_highthreat_20260410_030216.csv,multiple_runs_largerun_db_highthreat_20260410_030216.csv,514,484.0,1500.0,0.0,0.2066115702479339,0.0,31.133333333333336,24.0,0.0,1.0,123.0,313.0,0.0,23.0,511.0,467.0,522.0,2.037872954566788,resilient
multiple_runs_largerun_db_highthreat_20260410_030216.csv,multiple_runs_largerun_db_highthreat_20260410_030216.csv,515,880.0,1500.0,0.3409090909090909,40.68181818181818,0.0,33.0,299.0,0.0,358.0,153.0,26.0,3.0,41.0,493.0,495.0,512.0,2.037872954566788,resilient
multiple_runs_largerun_db_highthreat_20260410_030216.csv,multiple_runs_largerun_db_highthreat_20260410_030216.csv,516,920.0,1500.0,2.0652173913043477,41.30434782608695,0.0,32.666666666666664,302.0,0.0,380.0,159.0,22.0,19.0,38.0,505.0,490.0,505.0,2.037872954566788,vulnerable
multiple_runs_largerun_db_highthreat_20260410_030216.csv,multiple_runs_largerun_db_highthreat_20260410_030216.csv,517,963.0,1500.0,30.32191069574247,0.0,0.0,33.266666666666666,27.0,0.0,0.0,215.0,400.0,292.0,29.0,504.0,499.0,497.0,2.037872954566788,vulnerable
multiple_runs_largerun_db_highthreat_20260410_030216.csv,multiple_runs_largerun_db_highthreat_20260410_030216.csv,518,960.0,1500.0,1.6666666666666667,39.166666666666664,0.0,33.06666666666666,298.0,0.0,376.0,216.0,21.0,16.0,33.0,494.0,496.0,510.0,2.037872954566788,resilient
multiple_runs_largerun_db_highthreat_20260410_030216.csv,multiple_runs_largerun_db_highthreat_20260410_030216.csv,519,1001.0,1500.0,0.999000999000999,31.56843156843157,0.0,35.13333333333333,311.0,0.0,316.0,246.0,89.0,10.0,29.0,489.0,527.0,484.0,2.037872954566788,resilient
multiple_runs_largerun_db_highthreat_20260410_030216.csv,multiple_runs_largerun_db_highthreat_20260410_030216.csv,520,946.0,1500.0,0.0,31.289640591966172,0.0,32.2,298.0,0.0,296.0,216.0,97.0,0.0,39.0,517.0,483.0,500.0,2.037872954566788,resilient
multiple_runs_largerun_db_highthreat_20260410_030216.csv,multiple_runs_largerun_db_highthreat_20260410_030216.csv,521,1164.0,1500.0,19.41580756013746,0.859106529209622,0.0,31.733333333333334,54.0,0.0,10.0,459.0,380.0,226.0,35.0,508.0,476.0,516.0,2.037872954566788,vulnerable
multiple_runs_largerun_db_highthreat_20260410_030216.csv,multiple_runs_largerun_db_highthreat_20260410_030216.csv,522,896.0,1500.0,32.142857142857146,0.78125,0.0,31.666666666666664,49.0,0.0,7.0,166.0,360.0,288.0,26.0,510.0,475.0,515.0,2.037872954566788,vulnerable
multiple_runs_largerun_db_highthreat_20260410_030216.csv,multiple_runs_largerun_db_highthreat_20260410_030216.csv,523,1122.0,1500.0,1.6934046345811051,19.875222816399287,0.0,34.333333333333336,246.0,0.0,223.0,422.0,186.0,19.0,26.0,458.0,515.0,527.0,2.037872954566788,resilient
multiple_runs_largerun_db_highthreat_20260410_030216.csv,multiple_runs_largerun_db_highthreat_20260410_030216.csv,524,1221.0,1500.0,7.616707616707617,9.5004095004095,0.0,33.6,173.0,0.0,116.0,513.0,285.0,93.0,41.0,477.0,504.0,519.0,2.037872954566788,vulnerable
multiple_runs_largerun_db_highthreat_20260410_030216.csv,multiple_runs_largerun_db_highthreat_20260410_030216.csv,525,1007.0,1500.0,23.435948361469713,0.5958291956305859,0.0,34.333333333333336,71.0,0.0,6.0,271.0,398.0,236.0,25.0,484.0,515.0,501.0,2.037872954566788,vulnerable
multiple_runs_largerun_db_highthreat_20260410_030216.csv,multiple_runs_largerun_db_highthreat_20260410_030216.csv,526,954.0,1500.0,24.947589098532493,0.10482180293501049,0.0,34.0,48.0,0.0,1.0,226.0,407.0,238.0,34.0,475.0,510.0,515.0,2.037872954566788,vulnerable
multiple_runs_largerun_db_highthreat_20260410_030216.csv,multiple_runs_largerun_db_highthreat_20260410_030216.csv,527,1115.0,1500.0,17.309417040358742,4.304932735426009,0.0,33.13333333333333,115.0,0.0,48.0,396.0,343.0,193.0,20.0,514.0,497.0,489.0,2.037872954566788,vulnerable
multiple_runs_largerun_db_highthreat_20260410_030216.csv,multiple_runs_largerun_db_highthreat_20260410_030216.csv,528,1002.0,1500.0,22.85429141716567,0.0,0.0,33.93333333333333,63.0,0.0,0.0,275.0,415.0,229.0,20.0,490.0,509.0,501.0,2.037872954566788,vulnerable
multiple_runs_largerun_db_highthreat_20260410_030216.csv,multiple_runs_largerun_db_highthreat_20260410_030216.csv,529,1063.0,1500.0,25.211665098777047,0.7525870178739417,0.0,33.33333333333333,48.0,0.0,8.0,300.0,402.0,268.0,37.0,515.0,500.0,485.0,2.037872954566788,vulnerable
multiple_runs_largerun_db_highthreat_20260410_030216.csv,multiple_runs_largerun_db_highthreat_20260410_030216.csv,530,1243.0,1500.0,14.239742558326629,7.320997586484312,0.0,33.33333333333333,106.0,0.0,91.0,536.0,304.0,177.0,29.0,495.0,500.0,505.0,2.037872954566788,vulnerable
multiple_runs_largerun_db_highthreat_20260410_030216.csv,multiple_runs_largerun_db_highthreat_20260410_030216.csv,531,917.0,1500.0,2.6172300981461287,40.021810250817886,0.0,33.0,299.0,0.0,367.0,161.0,31.0,24.0,35.0,501.0,495.0,504.0,2.037872954566788,vulnerable
multiple_runs_largerun_db_highthreat_20260410_030216.csv,multiple_runs_largerun_db_highthreat_20260410_030216.csv,532,1149.0,1500.0,3.2201914708442123,21.671018276762403,0.17406440382941687,34.8,271.0,2.0,249.0,386.0,160.0,37.0,44.0,494.0,522.0,484.0,2.037872954566788,vulnerable
multiple_runs_largerun_db_highthreat_20260410_030216.csv,multiple_runs_largerun_db_highthreat_20260410_030216.csv,533,877.0,1500.0,0.0,37.40022805017104,0.0,31.266666666666666,304.0,0.0,328.0,169.0,48.0,0.0,28.0,485.0,469.0,546.0,2.037872954566788,resilient
multiple_runs_largerun_db_highthreat_20260410_030216.csv,multiple_runs_largerun_db_highthreat_20260410_030216.csv,534,1174.0,1500.0,6.047700170357751,12.776831345826235,0.0,32.666666666666664,207.0,0.0,150.0,485.0,243.0,71.0,18.0,468.0,490.0,542.0,2.037872954566788,vulnerable
multiple_runs_largerun_db_highthreat_20260410_030216.csv,multiple_runs_largerun_db_highthreat_20260410_030216.csv,535,863.0,1500.0,3.0127462340672073,42.06257242178447,0.0,31.2,292.0,0.0,363.0,140.0,2.0,26.0,40.0,501.0,468.0,531.0,2.037872954566788,vulnerable
multiple_runs_largerun_db_highthreat_20260410_030216.csv,multiple_runs_largerun_db_highthreat_20260410_030216.csv,536,1257.0,1500.0,20.684168655529035,0.47732696897374705,0.0,33.2,41.0,0.0,6.0,526.0,399.0,260.0,25.0,483.0,498.0,519.0,2.037872954566788,vulnerable
multiple_runs_largerun_db_highthreat_20260410_030216.csv,multiple_runs_largerun_db_highthreat_20260410_030216.csv,537,926.0,1500.0,0.4319654427645789,40.38876889848812,0.0,32.46666666666667,313.0,0.0,374.0,185.0,18.0,4.0,32.0,503.0,487.0,510.0,2.037872954566788,resilient
multiple_runs_largerun_db_highthreat_20260410_030216.csv,multiple_runs_largerun_db_highthreat_20260410_030216.csv,538,908.0,1500.0,0.9911894273127754,37.44493392070485,0.0,33.13333333333333,307.0,0.0,340.0,154.0,54.0,9.0,44.0,492.0,497.0,511.0,2.037872954566788,resilient
multiple_runs_largerun_db_highthreat_20260410_030216.csv,multiple_runs_largerun_db_highthreat_20260410_030216.csv,539,974.0,1500.0,26.488706365503077,2.6694045174537986,0.0,31.266666666666666,53.0,0.0,26.0,248.0,353.0,258.0,36.0,519.0,469.0,512.0,2.037872954566788,vulnerable
multiple_runs_largerun_db_highthreat_20260410_030216.csv,multiple_runs_largerun_db_highthreat_20260410_030216.csv,540,1130.0,1500.0,18.141592920353983,11.238938053097346,0.0,33.6,82.0,0.0,127.0,413.0,266.0,205.0,37.0,491.0,504.0,505.0,2.037872954566788,vulnerable
multiple_runs_largerun_db_highthreat_20260410_030216.csv,multiple_runs_largerun_db_highthreat_20260410_030216.csv,541,960.0,1500.0,0.7291666666666666,39.58333333333333,0.0,34.53333333333333,287.0,0.0,380.0,221.0,31.0,7.0,34.0,466.0,518.0,516.0,2.037872954566788,resilient
multiple_runs_largerun_db_highthreat_20260410_030216.csv,multiple_runs_largerun_db_highthreat_20260410_030216.csv,542,969.0,1500.0,27.657378740970074,1.3415892672858616,0.0,33.33333333333333,49.0,0.0,13.0,223.0,389.0,268.0,27.0,498.0,500.0,502.0,2.037872954566788,vulnerable
multiple_runs_largerun_db_highthreat_20260410_030216.csv,multiple_runs_largerun_db_highthreat_20260410_030216.csv,543,931.0,1500.0,0.10741138560687433,44.46831364124597,0.0,33.666666666666664,282.0,0.0,414.0,188.0,13.0,1.0,33.0,465.0,505.0,530.0,2.037872954566788,resilient
multiple_runs_largerun_db_highthreat_20260410_030216.csv,multiple_runs_largerun_db_highthreat_20260410_030216.csv,544,1091.0,1500.0,6.966086159486709,12.098991750687443,0.0,32.266666666666666,216.0,0.0,132.0,371.0,254.0,76.0,42.0,497.0,484.0,519.0,2.037872954566788,vulnerable
multiple_runs_largerun_db_highthreat_20260410_030216.csv,multiple_runs_largerun_db_highthreat_20260410_030216.csv,545,1078.0,1500.0,24.118738404452692,2.0408163265306123,0.0,32.2,54.0,0.0,22.0,349.0,357.0,260.0,36.0,504.0,483.0,513.0,2.037872954566788,vulnerable
multiple_runs_largerun_db_highthreat_20260410_030216.csv,multiple_runs_largerun_db_highthreat_20260410_030216.csv,546,1017.0,1500.0,0.09832841691248771,31.465093411996065,0.0,32.86666666666667,315.0,0.0,320.0,264.0,90.0,1.0,27.0,507.0,493.0,500.0,2.037872954566788,resilient
multiple_runs_largerun_db_highthreat_20260410_030216.csv,multiple_runs_largerun_db_highthreat_20260410_030216.csv,547,985.0,1500.0,25.482233502538072,1.116751269035533,0.0,33.53333333333333,64.0,0.0,11.0,244.0,386.0,251.0,29.0,489.0,503.0,508.0,2.037872954566788,vulnerable
multiple_runs_largerun_db_highthreat_20260410_030216.csv,multiple_runs_largerun_db_highthreat_20260410_030216.csv,548,1199.0,1500.0,8.256880733944955,10.758965804837365,0.0,32.86666666666667,189.0,0.0,129.0,478.0,269.0,99.0,35.0,492.0,493.0,515.0,2.037872954566788,vulnerable
multiple_runs_largerun_db_highthreat_20260410_030216.csv,multiple_runs_largerun_db_highthreat_20260410_030216.csv,549,956.0,1500.0,28.556485355648537,0.41841004184100417,0.0,33.4,49.0,0.0,4.0,186.0,408.0,273.0,36.0,523.0,501.0,476.0,2.037872954566788,vulnerable
multiple_runs_largerun_db_highthreat_20260410_030216.csv,multiple_runs_largerun_db_highthreat_20260410_030216.csv,550,787.0,1500.0,0.6353240152477764,44.5997458703939,0.0,32.733333333333334,289.0,0.0,351.0,73.0,39.0,5.0,30.0,499.0,491.0,510.0,2.037872954566788,resilient
multiple_runs_largerun_db_highthreat_20260410_030216.csv,multiple_runs_largerun_db_highthreat_20260410_030216.csv,551,987.0,1500.0,26.74772036474164,0.10131712259371835,0.0,32.266666666666666,44.0,0.0,1.0,259.0,386.0,264.0,33.0,512.0,484.0,504.0,2.037872954566788,vulnerable
multiple_runs_largerun_db_highthreat_20260410_030216.csv,multiple_runs_largerun_db_highthreat_20260410_030216.csv,552,1055.0,1500.0,2.654028436018957,20.75829383886256,0.0,33.800000000000004,246.0,0.0,219.0,367.0,163.0,28.0,32.0,471.0,507.0,522.0,2.037872954566788,vulnerable
multiple_runs_largerun_db_highthreat_20260410_030216.csv,multiple_runs_largerun_db_highthreat_20260410_030216.csv,553,992.0,1500.0,28.62903225806452,1.9153225806451613,0.0,31.533333333333335,37.0,0.0,19.0,266.0,361.0,284.0,25.0,513.0,473.0,514.0,2.037872954566788,vulnerable
multiple_runs_largerun_db_highthreat_20260410_030216.csv,multiple_runs_largerun_db_highthreat_20260410_030216.csv,554,1267.0,1500.0,19.258089976322022,3.314917127071823,0.0,30.866666666666664,51.0,0.0,42.0,560.0,337.0,244.0,33.0,474.0,463.0,563.0,2.037872954566788,vulnerable
multiple_runs_largerun_db_highthreat_20260410_030216.csv,multiple_runs_largerun_db_highthreat_20260410_030216.csv,555,1009.0,1500.0,0.0,34.78691774033697,0.0,33.266666666666666,302.0,0.0,351.0,252.0,66.0,0.0,38.0,486.0,499.0,515.0,2.037872954566788,resilient
multiple_runs_largerun_db_highthreat_20260410_030216.csv,multiple_runs_largerun_db_highthreat_20260410_030216.csv,556,962.0,1500.0,0.31185031185031187,40.436590436590436,0.0,33.86666666666667,310.0,0.0,389.0,205.0,22.0,3.0,33.0,478.0,508.0,514.0,2.037872954566788,resilient
multiple_runs_largerun_db_highthreat_20260410_030216.csv,multiple_runs_largerun_db_highthreat_20260410_030216.csv,557,1134.0,1500.0,11.992945326278658,4.5855379188712515,0.0,33.266666666666666,127.0,0.0,52.0,444.0,343.0,136.0,32.0,480.0,499.0,521.0,2.037872954566788,vulnerable
multiple_runs_largerun_db_highthreat_20260410_030216.csv,multiple_runs_largerun_db_highthreat_20260410_030216.csv,558,1047.0,1500.0,22.4450811843362,0.6685768863419294,0.0,34.333333333333336,58.0,0.0,7.0,318.0,404.0,235.0,25.0,483.0,515.0,502.0,2.037872954566788,vulnerable
multiple_runs_largerun_db_highthreat_20260410_030216.csv,multiple_runs_largerun_db_highthreat_20260410_030216.csv,559,1091.0,1500.0,23.0980751604033,0.0,0.0,31.666666666666664,53.0,0.0,0.0,360.0,388.0,252.0,38.0,518.0,475.0,507.0,2.037872954566788,vulnerable
multiple_runs_largerun_db_highthreat_20260410_030216.csv,multiple_runs_largerun_db_highthreat_20260410_030216.csv,560,942.0,1500.0,0.0,41.29511677282378,0.0,35.199999999999996,293.0,0.0,389.0,178.0,38.0,0.0,44.0,471.0,528.0,501.0,2.037872954566788,resilient
multiple_runs_largerun_db_highthreat_20260410_030216.csv,multiple_runs_largerun_db_highthreat_20260410_030216.csv,561,995.0,1500.0,0.0,30.65326633165829,0.0,33.6,308.0,0.0,305.0,249.0,100.0,0.0,33.0,494.0,504.0,502.0,2.037872954566788,resilient
multiple_runs_largerun_db_highthreat_20260410_030216.csv,multiple_runs_largerun_db_highthreat_20260410_030216.csv,562,985.0,1500.0,24.263959390862944,1.015228426395939,0.0,33.46666666666667,42.0,0.0,10.0,261.0,395.0,239.0,38.0,472.0,502.0,526.0,2.037872954566788,vulnerable
multiple_runs_largerun_db_highthreat_20260410_030216.csv,multiple_runs_largerun_db_highthreat_20260410_030216.csv,563,896.0,1500.0,0.0,40.066964285714285,0.0,32.800000000000004,309.0,0.0,359.0,159.0,30.0,0.0,39.0,474.0,492.0,534.0,2.037872954566788,resilient
multiple_runs_largerun_db_highthreat_20260410_030216.csv,multiple_runs_largerun_db_highthreat_20260410_030216.csv,564,1113.0,1500.0,26.23539982030548,0.3593890386343217,0.0,33.46666666666667,38.0,0.0,4.0,361.0,395.0,292.0,23.0,496.0,502.0,502.0,2.037872954566788,vulnerable
multiple_runs_largerun_db_highthreat_20260410_030216.csv,multiple_runs_largerun_db_highthreat_20260410_030216.csv,565,1017.0,1500.0,26.45034414945919,0.5899705014749262,0.0,31.533333333333335,60.0,0.0,6.0,288.0,376.0,269.0,18.0,504.0,473.0,523.0,2.037872954566788,vulnerable
multiple_runs_largerun_db_highthreat_20260410_030216.csv,multiple_runs_largerun_db_highthreat_20260410_030216.csv,566,997.0,1500.0,26.68004012036108,1.5045135406218655,0.0,33.06666666666666,43.0,0.0,15.0,264.0,377.0,266.0,32.0,510.0,496.0,494.0,2.037872954566788,vulnerable
multiple_runs_largerun_db_highthreat_20260410_030216.csv,multiple_runs_largerun_db_highthreat_20260410_030216.csv,567,898.0,1500.0,0.33407572383073497,41.87082405345212,0.0,31.666666666666664,304.0,0.0,376.0,174.0,1.0,3.0,40.0,505.0,475.0,520.0,2.037872954566788,resilient
multiple_runs_largerun_db_highthreat_20260410_030216.csv,multiple_runs_largerun_db_highthreat_20260410_030216.csv,568,1170.0,1500.0,8.632478632478632,7.777777777777778,0.0,33.2,182.0,0.0,91.0,464.0,301.0,101.0,31.0,483.0,498.0,519.0,2.037872954566788,vulnerable
multiple_runs_largerun_db_highthreat_20260410_030216.csv,multiple_runs_largerun_db_highthreat_20260410_030216.csv,569,1322.0,1500.0,21.55824508320726,1.2102874432677762,0.0,30.333333333333336,43.0,0.0,16.0,603.0,352.0,285.0,23.0,544.0,455.0,501.0,2.037872954566788,vulnerable
multiple_runs_largerun_db_highthreat_20260410_030216.csv,multiple_runs_largerun_db_highthreat_20260410_030216.csv,570,976.0,1500.0,19.979508196721312,0.20491803278688525,0.0,34.46666666666667,82.0,0.0,2.0,256.0,403.0,195.0,38.0,472.0,517.0,511.0,2.037872954566788,vulnerable
multiple_runs_largerun_db_highthreat_20260410_030216.csv,multiple_runs_largerun_db_highthreat_20260410_030216.csv,571,972.0,1500.0,26.543209876543212,0.30864197530864196,0.0,32.4,53.0,0.0,3.0,235.0,395.0,258.0,28.0,512.0,486.0,502.0,2.037872954566788,vulnerable
multiple_runs_largerun_db_highthreat_20260410_030216.csv,multiple_runs_largerun_db_highthreat_20260410_030216.csv,572,1001.0,1500.0,11.188811188811188,26.273726273726272,0.0,35.0,190.0,0.0,263.0,239.0,162.0,112.0,35.0,475.0,525.0,500.0,2.037872954566788,vulnerable
multiple_runs_largerun_db_highthreat_20260410_030216.csv,multiple_runs_largerun_db_highthreat_20260410_030216.csv,573,978.0,1500.0,23.92638036809816,1.329243353783231,0.0,32.733333333333334,36.0,0.0,13.0,278.0,378.0,234.0,39.0,491.0,491.0,518.0,2.037872954566788,vulnerable
multiple_runs_largerun_db_highthreat_20260410_030216.csv,multiple_runs_largerun_db_highthreat_20260410_030216.csv,574,956.0,1500.0,27.30125523012552,0.6276150627615062,0.0,33.2,44.0,0.0,6.0,243.0,383.0,261.0,19.0,485.0,498.0,517.0,2.037872954566788,vulnerable
multiple_runs_largerun_db_highthreat_20260410_030216.csv,multiple_runs_largerun_db_highthreat_20260410_030216.csv,575,1148.0,1500.0,20.905923344947734,2.5261324041811846,0.08710801393728224,31.266666666666666,59.0,1.0,29.0,448.0,352.0,240.0,19.0,509.0,469.0,522.0,2.037872954566788,vulnerable
multiple_runs_largerun_db_highthreat_20260410_030216.csv,multiple_runs_largerun_db_highthreat_20260410_030216.csv,576,981.0,1500.0,0.0,39.85728848114169,0.0,33.6,315.0,0.0,391.0,218.0,20.0,0.0,37.0,495.0,504.0,501.0,2.037872954566788,resilient
multiple_runs_largerun_db_highthreat_20260410_030216.csv,multiple_runs_largerun_db_highthreat_20260410_030216.csv,577,1179.0,1500.0,12.892281594571669,7.9728583545377445,0.0,33.13333333333333,157.0,0.0,94.0,440.0,291.0,152.0,45.0,511.0,497.0,492.0,2.037872954566788,vulnerable
multiple_runs_largerun_db_highthreat_20260410_030216.csv,multiple_runs_largerun_db_highthreat_20260410_030216.csv,578,1061.0,1500.0,25.35344015080113,0.9425070688030159,0.0,32.33333333333333,36.0,0.0,10.0,339.0,373.0,269.0,34.0,504.0,485.0,511.0,2.037872954566788,vulnerable
multiple_runs_largerun_db_highthreat_20260410_030216.csv,multiple_runs_largerun_db_highthreat_20260410_030216.csv,579,891.0,1500.0,0.22446689113355783,43.77104377104377,0.0,32.4,309.0,0.0,390.0,140.0,6.0,2.0,44.0,497.0,486.0,517.0,2.037872954566788,resilient
multiple_runs_largerun_db_highthreat_20260410_030216.csv,multiple_runs_largerun_db_highthreat_20260410_030216.csv,580,1185.0,1500.0,17.21518987341772,8.776371308016879,0.0,33.33333333333333,71.0,0.0,104.0,464.0,294.0,204.0,48.0,476.0,500.0,524.0,2.037872954566788,vulnerable
multiple_runs_largerun_db_highthreat_20260410_030216.csv,multiple_runs_largerun_db_highthreat_20260410_030216.csv,581,926.0,1500.0,0.755939524838013,36.60907127429805,0.0,32.266666666666666,292.0,0.0,339.0,216.0,45.0,7.0,27.0,495.0,484.0,521.0,2.037872954566788,resilient
multiple_runs_largerun_db_highthreat_20260410_030216.csv,multiple_runs_largerun_db_highthreat_20260410_030216.csv,582,954.0,1500.0,25.78616352201258,0.20964360587002098,0.0,34.66666666666667,53.0,0.0,2.0,216.0,405.0,246.0,32.0,478.0,520.0,502.0,2.037872954566788,vulnerable
multiple_runs_largerun_db_highthreat_20260410_030216.csv,multiple_runs_largerun_db_highthreat_20260410_030216.csv,583,969.0,1500.0,0.0,32.71413828689371,0.0,32.13333333333333,301.0,0.0,317.0,243.0,64.0,0.0,44.0,498.0,482.0,520.0,2.037872954566788,resilient
multiple_runs_largerun_db_highthreat_20260410_030216.csv,multiple_runs_largerun_db_highthreat_20260410_030216.csv,584,947.0,1500.0,1.0559662090813093,39.17634635691658,0.0,33.733333333333334,308.0,0.0,371.0,206.0,18.0,10.0,34.0,510.0,506.0,484.0,2.037872954566788,resilient
multiple_runs_largerun_db_highthreat_20260410_030216.csv,multiple_runs_largerun_db_highthreat_20260410_030216.csv,585,1171.0,1500.0,7.2587532023911185,0.5977796754910333,0.0,35.266666666666666,138.0,0.0,7.0,458.0,433.0,85.0,50.0,453.0,529.0,518.0,2.037872954566788,vulnerable
multiple_runs_largerun_db_highthreat_20260410_030216.csv,multiple_runs_largerun_db_highthreat_20260410_030216.csv,586,987.0,1500.0,26.24113475177305,2.532928064842958,0.0,33.2,61.0,0.0,25.0,236.0,378.0,259.0,28.0,498.0,498.0,504.0,2.037872954566788,vulnerable
multiple_runs_largerun_db_highthreat_20260410_030216.csv,multiple_runs_largerun_db_highthreat_20260410_030216.csv,587,1235.0,1500.0,17.813765182186234,10.607287449392713,0.0,30.866666666666664,118.0,0.0,131.0,495.0,235.0,220.0,36.0,536.0,463.0,501.0,2.037872954566788,vulnerable
multiple_runs_largerun_db_highthreat_20260410_030216.csv,multiple_runs_largerun_db_highthreat_20260410_030216.csv,588,1035.0,1500.0,0.0,39.227053140096615,0.0,33.93333333333333,340.0,0.0,406.0,250.0,1.0,0.0,38.0,509.0,509.0,482.0,2.037872954566788,resilient
multiple_runs_largerun_db_highthreat_20260410_030216.csv,multiple_runs_largerun_db_highthreat_20260410_030216.csv,589,752.0,1500.0,8.643617021276597,39.494680851063826,0.0,32.6,111.0,0.0,297.0,152.0,91.0,65.0,36.0,516.0,489.0,495.0,2.037872954566788,vulnerable
multiple_runs_largerun_db_highthreat_20260410_030216.csv,multiple_runs_largerun_db_highthreat_20260410_030216.csv,590,1126.0,1500.0,20.781527531083483,1.0657193605683837,0.0,31.533333333333335,52.0,0.0,12.0,422.0,382.0,234.0,24.0,501.0,473.0,526.0,2.037872954566788,vulnerable
multiple_runs_largerun_db_highthreat_20260410_030216.csv,multiple_runs_largerun_db_highthreat_20260410_030216.csv,591,987.0,1500.0,26.646403242147926,2.330293819655522,0.0,32.86666666666667,40.0,0.0,23.0,269.0,365.0,263.0,27.0,480.0,493.0,527.0,2.037872954566788,vulnerable
multiple_runs_largerun_db_highthreat_20260410_030216.csv,multiple_runs_largerun_db_highthreat_20260410_030216.csv,592,997.0,1500.0,27.28184553660983,0.0,0.0,30.933333333333334,52.0,0.0,0.0,272.0,366.0,272.0,35.0,525.0,464.0,511.0,2.037872954566788,vulnerable
multiple_runs_largerun_db_highthreat_20260410_030216.csv,multiple_runs_largerun_db_highthreat_20260410_030216.csv,593,781.0,1500.0,0.0,47.88732394366197,0.0,32.266666666666666,288.0,0.0,374.0,65.0,19.0,0.0,35.0,489.0,484.0,527.0,2.037872954566788,resilient
multiple_runs_largerun_db_highthreat_20260410_030216.csv,multiple_runs_largerun_db_highthreat_20260410_030216.csv,594,904.0,1500.0,1.1061946902654867,34.18141592920354,0.0,31.0,302.0,0.0,309.0,205.0,49.0,10.0,29.0,495.0,465.0,540.0,2.037872954566788,resilient
multiple_runs_largerun_db_highthreat_20260410_030216.csv,multiple_runs_largerun_db_highthreat_20260410_030216.csv,595,1150.0,1500.0,17.391304347826086,8.434782608695652,0.0,33.46666666666667,82.0,0.0,97.0,424.0,309.0,200.0,38.0,508.0,502.0,490.0,2.037872954566788,vulnerable
multiple_runs_largerun_db_highthreat_20260410_030216.csv,multiple_runs_largerun_db_highthreat_20260410_030216.csv,596,1071.0,1500.0,20.541549953314657,2.3342670401493932,0.0,33.0,78.0,0.0,25.0,376.0,359.0,220.0,13.0,498.0,495.0,507.0,2.037872954566788,vulnerable
multiple_runs_largerun_db_highthreat_20260410_030216.csv,multiple_runs_largerun_db_highthreat_20260410_030216.csv,597,1023.0,1500.0,0.0,39.002932551319645,0.0,33.4,346.0,0.0,399.0,243.0,8.0,0.0,27.0,521.0,501.0,478.0,2.037872954566788,resilient
multiple_runs_largerun_db_highthreat_20260410_030216.csv,multiple_runs_largerun_db_highthreat_20260410_030216.csv,598,1026.0,1500.0,25.438596491228072,0.29239766081871343,0.0,32.6,53.0,0.0,3.0,295.0,384.0,261.0,30.0,510.0,489.0,501.0,2.037872954566788,vulnerable
multiple_runs_largerun_db_highthreat_20260410_030216.csv,multiple_runs_largerun_db_highthreat_20260410_030216.csv,599,933.0,1500.0,25.080385852090032,1.0718113612004287,0.0,33.2,36.0,0.0,10.0,225.0,396.0,234.0,32.0,485.0,498.0,517.0,2.037872954566788,vulnerable
multiple_runs_largerun_db_highthreat_20260410_030216.csv,multiple_runs_largerun_db_highthreat_20260410_030216.csv,600,1081.0,1500.0,0.0,30.712303422756708,0.0,33.6,313.0,0.0,332.0,336.0,70.0,0.0,30.0,495.0,504.0,501.0,2.037872954566788,resilient
multiple_runs_largerun_db_highthreat_20260410_030216.csv,multiple_runs_largerun_db_highthreat_20260410_030216.csv,601,1000.0,1500.0,19.2,1.5,0.0,34.4,86.0,0.0,15.0,287.0,386.0,192.0,34.0,461.0,516.0,523.0,2.037872954566788,vulnerable
multiple_runs_largerun_db_highthreat_20260410_030216.csv,multiple_runs_largerun_db_highthreat_20260410_030216.csv,602,899.0,1500.0,0.11123470522803114,44.048943270300335,0.0,33.33333333333333,305.0,0.0,396.0,158.0,5.0,1.0,34.0,477.0,500.0,523.0,2.037872954566788,resilient
multiple_runs_largerun_db_highthreat_20260410_030216.csv,multiple_runs_largerun_db_highthreat_20260410_030216.csv,603,958.0,1500.0,29.958246346555324,0.10438413361169101,0.0,31.666666666666664,42.0,0.0,1.0,218.0,381.0,287.0,29.0,513.0,475.0,512.0,2.037872954566788,vulnerable
multiple_runs_largerun_db_highthreat_20260410_030216.csv,multiple_runs_largerun_db_highthreat_20260410_030216.csv,604,1168.0,1500.0,18.664383561643834,4.195205479452055,0.0,32.93333333333333,80.0,0.0,49.0,419.0,364.0,218.0,38.0,501.0,494.0,505.0,2.037872954566788,vulnerable
multiple_runs_largerun_db_highthreat_20260410_030216.csv,multiple_runs_largerun_db_highthreat_20260410_030216.csv,605,965.0,1500.0,25.492227979274613,1.1398963730569949,0.0,33.2,59.0,0.0,11.0,222.0,395.0,246.0,32.0,495.0,498.0,507.0,2.037872954566788,vulnerable
multiple_runs_largerun_db_highthreat_20260410_030216.csv,multiple_runs_largerun_db_highthreat_20260410_030216.csv,606,981.0,1500.0,25.58613659531091,0.0,0.0,32.06666666666666,66.0,0.0,0.0,240.0,390.0,251.0,34.0,510.0,481.0,509.0,2.037872954566788,vulnerable
multiple_runs_largerun_db_highthreat_20260410_030216.csv,multiple_runs_largerun_db_highthreat_20260410_030216.csv,607,1248.0,1500.0,17.067307692307693,4.487179487179487,0.0,31.666666666666664,88.0,0.0,56.0,534.0,320.0,213.0,37.0,492.0,475.0,533.0,2.037872954566788,vulnerable
multiple_runs_largerun_db_highthreat_20260410_030216.csv,multiple_runs_largerun_db_highthreat_20260410_030216.csv,608,957.0,1500.0,0.3134796238244514,30.616509926854757,0.0,33.4,302.0,0.0,293.0,228.0,111.0,3.0,20.0,495.0,501.0,504.0,2.037872954566788,resilient
multiple_runs_largerun_db_highthreat_20260410_030216.csv,multiple_runs_largerun_db_highthreat_20260410_030216.csv,609,1195.0,1500.0,10.376569037656903,11.96652719665272,0.0,31.733333333333334,179.0,0.0,143.0,470.0,242.0,124.0,37.0,527.0,476.0,497.0,2.037872954566788,vulnerable
multiple_runs_largerun_db_highthreat_20260410_030216.csv,multiple_runs_largerun_db_highthreat_20260410_030216.csv,610,1020.0,1500.0,0.49019607843137253,30.58823529411765,0.0,34.8,275.0,0.0,312.0,295.0,100.0,5.0,33.0,478.0,522.0,500.0,2.037872954566788,resilient
multiple_runs_largerun_db_highthreat_20260410_030216.csv,multiple_runs_largerun_db_highthreat_20260410_030216.csv,611,1129.0,1500.0,19.75199291408326,3.188662533215235,0.0,31.866666666666667,67.0,0.0,36.0,422.0,348.0,223.0,33.0,495.0,478.0,527.0,2.037872954566788,vulnerable
multiple_runs_largerun_db_highthreat_20260410_030216.csv,multiple_runs_largerun_db_highthreat_20260410_030216.csv,612,1023.0,1500.0,22.971652003910066,1.857282502443793,0.0,34.13333333333333,61.0,0.0,19.0,285.0,396.0,235.0,27.0,494.0,512.0,494.0,2.037872954566788,vulnerable
multiple_runs_largerun_db_highthreat_20260410_030216.csv,multiple_runs_largerun_db_highthreat_20260410_030216.csv,613,956.0,1500.0,23.95397489539749,1.9874476987447698,0.0,34.733333333333334,56.0,0.0,19.0,238.0,392.0,229.0,22.0,469.0,521.0,510.0,2.037872954566788,vulnerable
multiple_runs_largerun_db_highthreat_20260410_030216.csv,multiple_runs_largerun_db_highthreat_20260410_030216.csv,614,900.0,1500.0,30.333333333333336,2.7777777777777777,0.0,31.666666666666664,42.0,0.0,25.0,193.0,352.0,273.0,15.0,510.0,475.0,515.0,2.037872954566788,vulnerable
multiple_runs_largerun_db_highthreat_20260410_030216.csv,multiple_runs_largerun_db_highthreat_20260410_030216.csv,615,1232.0,1500.0,6.737012987012987,10.633116883116884,0.0,35.6,183.0,0.0,131.0,486.0,307.0,83.0,42.0,471.0,534.0,495.0,2.037872954566788,vulnerable
multiple_runs_largerun_db_highthreat_20260410_030216.csv,multiple_runs_largerun_db_highthreat_20260410_030216.csv,616,1221.0,1500.0,13.841113841113842,6.0606060606060606,0.0,31.133333333333336,192.0,0.0,74.0,446.0,306.0,169.0,34.0,549.0,467.0,484.0,2.037872954566788,vulnerable
multiple_runs_largerun_db_highthreat_20260410_030216.csv,multiple_runs_largerun_db_highthreat_20260410_030216.csv,617,971.0,1500.0,25.952626158599383,0.0,0.0,31.466666666666665,51.0,0.0,0.0,252.0,382.0,252.0,34.0,512.0,472.0,516.0,2.037872954566788,vulnerable
multiple_runs_largerun_db_highthreat_20260410_030216.csv,multiple_runs_largerun_db_highthreat_20260410_030216.csv,618,1064.0,1500.0,0.09398496240601503,34.02255639097744,0.0,34.53333333333333,298.0,0.0,362.0,329.0,47.0,1.0,27.0,470.0,518.0,512.0,2.037872954566788,resilient
multiple_runs_largerun_db_highthreat_20260410_030216.csv,multiple_runs_largerun_db_highthreat_20260410_030216.csv,619,952.0,1500.0,28.15126050420168,0.21008403361344538,0.0,33.46666666666667,40.0,0.0,2.0,218.0,390.0,268.0,34.0,488.0,502.0,510.0,2.037872954566788,vulnerable
multiple_runs_largerun_db_highthreat_20260410_030216.csv,multiple_runs_largerun_db_highthreat_20260410_030216.csv,620,512.0,1500.0,0.0,2.34375,0.0,30.933333333333334,35.0,0.0,12.0,135.0,300.0,0.0,30.0,527.0,464.0,509.0,2.037872954566788,resilient
multiple_runs_largerun_db_highthreat_20260410_030216.csv,multiple_runs_largerun_db_highthreat_20260410_030216.csv,621,1028.0,1500.0,0.0,34.63035019455253,0.0,35.199999999999996,294.0,0.0,356.0,261.0,80.0,0.0,37.0,490.0,528.0,482.0,2.037872954566788,resilient
multiple_runs_largerun_db_highthreat_20260410_030216.csv,multiple_runs_largerun_db_highthreat_20260410_030216.csv,622,853.0,1500.0,0.9378663540445485,40.093786635404456,0.0,33.13333333333333,295.0,0.0,342.0,124.0,53.0,8.0,31.0,480.0,497.0,523.0,2.037872954566788,resilient
multiple_runs_largerun_db_highthreat_20260410_030216.csv,multiple_runs_largerun_db_highthreat_20260410_030216.csv,623,904.0,1500.0,2.5442477876106198,31.858407079646017,0.0,31.066666666666663,303.0,0.0,288.0,178.0,80.0,23.0,32.0,496.0,466.0,538.0,2.037872954566788,vulnerable
multiple_runs_largerun_db_highthreat_20260410_030216.csv,multiple_runs_largerun_db_highthreat_20260410_030216.csv,624,950.0,1500.0,0.0,37.78947368421053,0.0,32.4,324.0,0.0,359.0,208.0,19.0,0.0,40.0,509.0,486.0,505.0,2.037872954566788,resilient
multiple_runs_largerun_db_highthreat_20260410_030216.csv,multiple_runs_largerun_db_highthreat_20260410_030216.csv,625,1138.0,1500.0,18.54130052724077,4.042179261862917,0.0,32.86666666666667,54.0,0.0,46.0,439.0,359.0,211.0,29.0,471.0,493.0,536.0,2.037872954566788,vulnerable
multiple_runs_largerun_db_highthreat_20260410_030216.csv,multiple_runs_largerun_db_highthreat_20260410_030216.csv,626,1092.0,1500.0,23.9010989010989,0.5494505494505495,0.0,31.866666666666667,56.0,0.0,6.0,358.0,380.0,261.0,31.0,522.0,478.0,500.0,2.037872954566788,vulnerable
multiple_runs_largerun_db_highthreat_20260410_030216.csv,multiple_runs_largerun_db_highthreat_20260410_030216.csv,627,911.0,1500.0,28.210757409440173,0.0,0.0,31.2,42.0,0.0,0.0,216.0,368.0,257.0,28.0,498.0,468.0,534.0,2.037872954566788,vulnerable
multiple_runs_largerun_db_highthreat_20260410_030216.csv,multiple_runs_largerun_db_highthreat_20260410_030216.csv,628,1214.0,1500.0,16.96869851729819,4.118616144975288,0.0,33.13333333333333,78.0,0.0,50.0,524.0,340.0,206.0,16.0,469.0,497.0,534.0,2.037872954566788,vulnerable
multiple_runs_largerun_db_highthreat_20260410_030216.csv,multiple_runs_largerun_db_highthreat_20260410_030216.csv,629,1436.0,1500.0,17.061281337047355,1.8105849582172702,0.0,32.86666666666667,69.0,0.0,26.0,704.0,368.0,245.0,24.0,504.0,493.0,503.0,2.037872954566788,vulnerable
multiple_runs_largerun_db_highthreat_20260410_030216.csv,multiple_runs_largerun_db_highthreat_20260410_030216.csv,630,1156.0,1500.0,17.041522491349482,2.422145328719723,0.0,33.800000000000004,79.0,0.0,28.0,461.0,360.0,197.0,31.0,454.0,507.0,539.0,2.037872954566788,vulnerable
multiple_runs_largerun_db_highthreat_20260410_030216.csv,multiple_runs_largerun_db_highthreat_20260410_030216.csv,631,1026.0,1500.0,0.682261208576998,33.04093567251462,0.0,34.266666666666666,346.0,0.0,339.0,233.0,66.0,7.0,35.0,513.0,514.0,473.0,2.037872954566788,resilient
multiple_runs_largerun_db_highthreat_20260410_030216.csv,multiple_runs_largerun_db_highthreat_20260410_030216.csv,632,911.0,1500.0,29.308452250274424,0.0,0.0,30.333333333333336,57.0,0.0,0.0,207.0,355.0,267.0,25.0,512.0,455.0,533.0,2.037872954566788,vulnerable
multiple_runs_largerun_db_highthreat_20260410_030216.csv,multiple_runs_largerun_db_highthreat_20260410_030216.csv,633,905.0,1500.0,30.939226519337016,1.1049723756906076,0.0,32.13333333333333,48.0,0.0,10.0,175.0,366.0,280.0,26.0,495.0,482.0,523.0,2.037872954566788,vulnerable
multiple_runs_largerun_db_highthreat_20260410_030216.csv,multiple_runs_largerun_db_highthreat_20260410_030216.csv,634,1233.0,1500.0,20.519059205190594,4.4606650446066505,0.0,34.8,31.0,0.0,55.0,500.0,356.0,253.0,38.0,492.0,522.0,486.0,2.037872954566788,vulnerable
multiple_runs_largerun_db_highthreat_20260410_030216.csv,multiple_runs_largerun_db_highthreat_20260410_030216.csv,635,969.0,1500.0,0.0,40.66047471620227,0.0,32.800000000000004,305.0,0.0,394.0,238.0,4.0,0.0,28.0,497.0,492.0,511.0,2.037872954566788,resilient
multiple_runs_largerun_db_highthreat_20260410_030216.csv,multiple_runs_largerun_db_highthreat_20260410_030216.csv,636,909.0,1500.0,0.33003300330033003,35.533553355335535,0.0,33.4,284.0,0.0,323.0,195.0,71.0,3.0,33.0,463.0,501.0,536.0,2.037872954566788,resilient
multiple_runs_largerun_db_highthreat_20260410_030216.csv,multiple_runs_largerun_db_highthreat_20260410_030216.csv,637,1391.0,1500.0,18.11646297627606,1.3659237958303379,0.0,33.93333333333333,63.0,0.0,19.0,640.0,391.0,252.0,26.0,478.0,509.0,513.0,2.037872954566788,vulnerable
multiple_runs_largerun_db_highthreat_20260410_030216.csv,multiple_runs_largerun_db_highthreat_20260410_030216.csv,638,1008.0,1500.0,22.22222222222222,0.8928571428571428,0.0,32.86666666666667,44.0,0.0,9.0,305.0,395.0,224.0,31.0,467.0,493.0,540.0,2.037872954566788,vulnerable
multiple_runs_largerun_db_highthreat_20260410_030216.csv,multiple_runs_largerun_db_highthreat_20260410_030216.csv,639,1020.0,1500.0,1.4705882352941175,33.62745098039216,0.0,34.2,291.0,0.0,343.0,267.0,76.0,15.0,28.0,475.0,513.0,512.0,2.037872954566788,resilient
multiple_runs_largerun_db_highthreat_20260410_030216.csv,multiple_runs_largerun_db_highthreat_20260410_030216.csv,640,1078.0,1500.0,4.267161410018553,22.541743970315398,0.0,33.86666666666667,224.0,0.0,243.0,371.0,165.0,46.0,29.0,477.0,508.0,515.0,2.037872954566788,vulnerable
multiple_runs_largerun_db_highthreat_20260410_030216.csv,multiple_runs_largerun_db_highthreat_20260410_030216.csv,641,963.0,1500.0,22.429906542056074,1.142263759086189,0.0,32.46666666666667,66.0,0.0,11.0,255.0,386.0,216.0,29.0,497.0,487.0,516.0,2.037872954566788,vulnerable
multiple_runs_largerun_db_highthreat_20260410_030216.csv,multiple_runs_largerun_db_highthreat_20260410_030216.csv,642,974.0,1500.0,26.591375770020537,0.7186858316221766,0.0,31.8,41.0,0.0,7.0,261.0,373.0,259.0,33.0,496.0,477.0,527.0,2.037872954566788,vulnerable
multiple_runs_largerun_db_highthreat_20260410_030216.csv,multiple_runs_largerun_db_highthreat_20260410_030216.csv,643,1028.0,1500.0,0.0,37.93774319066148,0.0,32.93333333333333,319.0,0.0,390.0,276.0,12.0,0.0,31.0,489.0,494.0,517.0,2.037872954566788,resilient
multiple_runs_largerun_db_highthreat_20260410_030216.csv,multiple_runs_largerun_db_highthreat_20260410_030216.csv,644,980.0,1500.0,23.6734693877551,1.6326530612244898,0.0,33.93333333333333,78.0,0.0,16.0,244.0,387.0,232.0,23.0,475.0,509.0,516.0,2.037872954566788,vulnerable
multiple_runs_largerun_db_highthreat_20260410_030216.csv,multiple_runs_largerun_db_highthreat_20260410_030216.csv,645,1241.0,1500.0,16.680096696212733,2.3368251410153102,0.0,33.53333333333333,82.0,0.0,29.0,519.0,368.0,207.0,36.0,496.0,503.0,501.0,2.037872954566788,vulnerable
multiple_runs_largerun_db_highthreat_20260410_030216.csv,multiple_runs_largerun_db_highthreat_20260410_030216.csv,646,1062.0,1500.0,7.721280602636535,21.93973634651601,0.0,32.53333333333333,198.0,0.0,233.0,372.0,145.0,82.0,32.0,497.0,488.0,515.0,2.037872954566788,vulnerable
multiple_runs_largerun_db_highthreat_20260410_030216.csv,multiple_runs_largerun_db_highthreat_20260410_030216.csv,647,1239.0,1500.0,19.93543179983858,9.6045197740113,0.0,32.666666666666664,56.0,0.0,119.0,522.0,270.0,247.0,25.0,513.0,490.0,497.0,2.037872954566788,vulnerable
multiple_runs_largerun_db_highthreat_20260410_030216.csv,multiple_runs_largerun_db_highthreat_20260410_030216.csv,648,900.0,1500.0,0.5555555555555556,41.22222222222222,0.0,34.266666666666666,307.0,0.0,371.0,148.0,32.0,5.0,37.0,511.0,514.0,475.0,2.037872954566788,resilient
multiple_runs_largerun_db_highthreat_20260410_030216.csv,multiple_runs_largerun_db_highthreat_20260410_030216.csv,649,987.0,1500.0,0.0,37.99392097264438,0.0,32.93333333333333,295.0,0.0,375.0,259.0,27.0,0.0,31.0,476.0,494.0,530.0,2.037872954566788,resilient
multiple_runs_largerun_db_highthreat_20260410_030216.csv,multiple_runs_largerun_db_highthreat_20260410_030216.csv,650,979.0,1500.0,0.0,38.61082737487232,0.0,34.8,265.0,0.0,378.0,246.0,48.0,0.0,42.0,468.0,522.0,510.0,2.037872954566788,resilient
multiple_runs_largerun_db_highthreat_20260410_030216.csv,multiple_runs_largerun_db_highthreat_20260410_030216.csv,651,999.0,1500.0,26.126126126126124,0.5005005005005005,0.0,32.53333333333333,59.0,0.0,5.0,261.0,375.0,261.0,38.0,497.0,488.0,515.0,2.037872954566788,vulnerable
multiple_runs_largerun_db_highthreat_20260410_030216.csv,multiple_runs_largerun_db_highthreat_20260410_030216.csv,652,1022.0,1500.0,23.18982387475538,1.2720156555772992,0.0,35.8,62.0,0.0,13.0,244.0,433.0,237.0,33.0,484.0,537.0,479.0,2.037872954566788,vulnerable
multiple_runs_largerun_db_highthreat_20260410_030216.csv,multiple_runs_largerun_db_highthreat_20260410_030216.csv,653,1079.0,1500.0,0.18535681186283595,28.174235403151066,0.0,31.866666666666667,322.0,0.0,304.0,342.0,83.0,2.0,26.0,517.0,478.0,505.0,2.037872954566788,resilient
multiple_runs_largerun_db_highthreat_20260410_030216.csv,multiple_runs_largerun_db_highthreat_20260410_030216.csv,654,963.0,1500.0,29.075804776739357,0.20768431983385255,0.0,31.266666666666666,23.0,0.0,2.0,262.0,369.0,280.0,27.0,503.0,469.0,528.0,2.037872954566788,vulnerable
multiple_runs_largerun_db_highthreat_20260410_030216.csv,multiple_runs_largerun_db_highthreat_20260410_030216.csv,655,1232.0,1500.0,18.58766233766234,1.2987012987012987,0.0,33.53333333333333,30.0,0.0,16.0,531.0,394.0,229.0,32.0,462.0,503.0,535.0,2.037872954566788,vulnerable
multiple_runs_largerun_db_highthreat_20260410_030216.csv,multiple_runs_largerun_db_highthreat_20260410_030216.csv,656,896.0,1500.0,1.6741071428571428,36.607142857142854,0.0,32.86666666666667,299.0,0.0,328.0,144.0,69.0,15.0,41.0,518.0,493.0,489.0,2.037872954566788,resilient
multiple_runs_largerun_db_highthreat_20260410_030216.csv,multiple_runs_largerun_db_highthreat_20260410_030216.csv,657,1005.0,1500.0,26.666666666666668,0.4975124378109453,0.0,32.4,67.0,0.0,5.0,260.0,383.0,268.0,22.0,515.0,486.0,499.0,2.037872954566788,vulnerable
multiple_runs_largerun_db_highthreat_20260410_030216.csv,multiple_runs_largerun_db_highthreat_20260410_030216.csv,658,954.0,1500.0,0.41928721174004197,35.63941299790356,0.0,32.800000000000004,312.0,0.0,340.0,213.0,57.0,4.0,28.0,478.0,492.0,530.0,2.037872954566788,resilient
multiple_runs_largerun_db_highthreat_20260410_030216.csv,multiple_runs_largerun_db_highthreat_20260410_030216.csv,659,1146.0,1500.0,21.81500872600349,1.5706806282722512,0.0,32.06666666666666,82.0,0.0,18.0,419.0,358.0,250.0,19.0,503.0,481.0,516.0,2.037872954566788,vulnerable
multiple_runs_largerun_db_highthreat_20260410_030216.csv,multiple_runs_largerun_db_highthreat_20260410_030216.csv,660,999.0,1500.0,0.0,28.52852852852853,0.0,33.06666666666666,292.0,0.0,285.0,287.0,106.0,0.0,29.0,471.0,496.0,533.0,2.037872954566788,resilient
multiple_runs_largerun_db_highthreat_20260410_030216.csv,multiple_runs_largerun_db_highthreat_20260410_030216.csv,661,910.0,1500.0,0.10989010989010989,34.285714285714285,0.0,32.666666666666664,336.0,0.0,312.0,137.0,82.0,1.0,42.0,533.0,490.0,477.0,2.037872954566788,resilient
multiple_runs_largerun_db_highthreat_20260410_030216.csv,multiple_runs_largerun_db_highthreat_20260410_030216.csv,662,1063.0,1500.0,24.459078080903105,0.18814675446848542,0.0,33.4,31.0,0.0,2.0,349.0,396.0,260.0,25.0,473.0,501.0,526.0,2.037872954566788,vulnerable
multiple_runs_largerun_db_highthreat_20260410_030216.csv,multiple_runs_largerun_db_highthreat_20260410_030216.csv,663,1180.0,1500.0,20.76271186440678,0.3389830508474576,0.0,33.266666666666666,49.0,0.0,4.0,452.0,397.0,245.0,33.0,482.0,499.0,519.0,2.037872954566788,vulnerable
multiple_runs_largerun_db_highthreat_20260410_030216.csv,multiple_runs_largerun_db_highthreat_20260410_030216.csv,664,1188.0,1500.0,22.053872053872052,0.0,0.0,32.53333333333333,35.0,0.0,0.0,449.0,400.0,262.0,42.0,528.0,488.0,484.0,2.037872954566788,vulnerable
multiple_runs_largerun_db_highthreat_20260410_030216.csv,multiple_runs_largerun_db_highthreat_20260410_030216.csv,665,1067.0,1500.0,0.0,31.302717900656045,0.0,33.13333333333333,342.0,0.0,334.0,300.0,57.0,0.0,34.0,510.0,497.0,493.0,2.037872954566788,resilient
multiple_runs_largerun_db_highthreat_20260410_030216.csv,multiple_runs_largerun_db_highthreat_20260410_030216.csv,666,996.0,1500.0,27.510040160642568,1.104417670682731,0.0,31.933333333333337,60.0,0.0,11.0,258.0,370.0,274.0,23.0,501.0,479.0,520.0,2.037872954566788,vulnerable
multiple_runs_largerun_db_highthreat_20260410_030216.csv,multiple_runs_largerun_db_highthreat_20260410_030216.csv,667,1112.0,1500.0,8.992805755395683,15.017985611510792,0.0,34.46666666666667,194.0,0.0,167.0,387.0,236.0,100.0,28.0,475.0,517.0,508.0,2.037872954566788,vulnerable
multiple_runs_largerun_db_highthreat_20260410_030216.csv,multiple_runs_largerun_db_highthreat_20260410_030216.csv,668,1068.0,1500.0,23.50187265917603,0.8426966292134831,0.0,32.46666666666667,41.0,0.0,9.0,353.0,379.0,251.0,35.0,484.0,487.0,529.0,2.037872954566788,vulnerable
multiple_runs_largerun_db_highthreat_20260410_030216.csv,multiple_runs_largerun_db_highthreat_20260410_030216.csv,669,1032.0,1500.0,2.7131782945736433,26.550387596899228,0.0,33.06666666666666,284.0,0.0,274.0,290.0,118.0,28.0,38.0,496.0,496.0,508.0,2.037872954566788,vulnerable
multiple_runs_largerun_db_highthreat_20260410_030216.csv,multiple_runs_largerun_db_highthreat_20260410_030216.csv,670,1116.0,1500.0,18.817204301075268,1.702508960573477,0.0,35.4,54.0,0.0,19.0,390.0,417.0,210.0,26.0,464.0,531.0,505.0,2.037872954566788,vulnerable
multiple_runs_largerun_db_highthreat_20260410_030216.csv,multiple_runs_largerun_db_highthreat_20260410_030216.csv,671,421.0,1500.0,0.0,44.418052256532064,0.0,31.133333333333336,139.0,0.0,187.0,59.0,2.0,0.0,34.0,496.0,467.0,537.0,2.037872954566788,resilient
multiple_runs_largerun_db_highthreat_20260410_030216.csv,multiple_runs_largerun_db_highthreat_20260410_030216.csv,672,1028.0,1500.0,24.027237354085603,0.0,0.0,32.86666666666667,52.0,0.0,0.0,294.0,401.0,247.0,34.0,490.0,493.0,517.0,2.037872954566788,vulnerable
multiple_runs_largerun_db_highthreat_20260410_030216.csv,multiple_runs_largerun_db_highthreat_20260410_030216.csv,673,1052.0,1500.0,27.756653992395435,1.0456273764258555,0.0,30.8,44.0,0.0,11.0,322.0,357.0,292.0,26.0,520.0,462.0,518.0,2.037872954566788,vulnerable
multiple_runs_largerun_db_highthreat_20260410_030216.csv,multiple_runs_largerun_db_highthreat_20260410_030216.csv,674,1297.0,1500.0,17.733230531996917,3.084040092521203,0.0,34.06666666666667,69.0,0.0,40.0,563.0,366.0,230.0,29.0,490.0,511.0,499.0,2.037872954566788,vulnerable
multiple_runs_largerun_db_highthreat_20260410_030216.csv,multiple_runs_largerun_db_highthreat_20260410_030216.csv,675,1281.0,1500.0,21.311475409836063,0.78064012490242,0.0,32.93333333333333,57.0,0.0,10.0,512.0,399.0,273.0,30.0,530.0,494.0,476.0,2.037872954566788,vulnerable
multiple_runs_largerun_db_highthreat_20260410_030216.csv,multiple_runs_largerun_db_highthreat_20260410_030216.csv,676,1228.0,1500.0,20.602605863192185,0.0,0.0,34.06666666666667,45.0,0.0,0.0,504.0,391.0,253.0,35.0,479.0,511.0,510.0,2.037872954566788,vulnerable
multiple_runs_largerun_db_highthreat_20260410_030216.csv,multiple_runs_largerun_db_highthreat_20260410_030216.csv,677,1185.0,1500.0,6.4978902953586495,15.611814345991561,0.0,35.46666666666667,222.0,0.0,185.0,432.0,238.0,77.0,31.0,485.0,532.0,483.0,2.037872954566788,vulnerable
multiple_runs_largerun_db_highthreat_20260410_030216.csv,multiple_runs_largerun_db_highthreat_20260410_030216.csv,678,946.0,1500.0,27.58985200845666,0.7399577167019027,0.0,33.53333333333333,63.0,0.0,7.0,192.0,397.0,261.0,26.0,497.0,503.0,500.0,2.037872954566788,vulnerable
multiple_runs_largerun_db_highthreat_20260410_030216.csv,multiple_runs_largerun_db_highthreat_20260410_030216.csv,679,936.0,1500.0,30.982905982905983,0.0,0.0,34.599999999999994,28.0,0.0,0.0,170.0,422.0,290.0,26.0,511.0,519.0,470.0,2.037872954566788,vulnerable
multiple_runs_largerun_db_highthreat_20260410_030216.csv,multiple_runs_largerun_db_highthreat_20260410_030216.csv,680,1051.0,1500.0,14.367269267364415,17.982873453853472,0.0,32.733333333333334,141.0,0.0,189.0,342.0,196.0,151.0,32.0,478.0,491.0,531.0,2.037872954566788,vulnerable
multiple_runs_largerun_db_highthreat_20260410_030216.csv,multiple_runs_largerun_db_highthreat_20260410_030216.csv,681,959.0,1500.0,0.5213764337851928,36.28779979144943,0.0,30.133333333333333,319.0,0.0,348.0,221.0,25.0,5.0,41.0,530.0,452.0,518.0,2.037872954566788,resilient
multiple_runs_largerun_db_highthreat_20260410_030216.csv,multiple_runs_largerun_db_highthreat_20260410_030216.csv,682,979.0,1500.0,0.6128702757916241,34.01430030643514,0.0,32.86666666666667,289.0,0.0,333.0,283.0,36.0,6.0,32.0,498.0,493.0,509.0,2.037872954566788,resilient
multiple_runs_largerun_db_highthreat_20260410_030216.csv,multiple_runs_largerun_db_highthreat_20260410_030216.csv,683,1187.0,1500.0,21.145745577085087,0.5054759898904801,0.0,34.53333333333333,51.0,0.0,6.0,450.0,410.0,251.0,19.0,478.0,518.0,504.0,2.037872954566788,vulnerable
multiple_runs_largerun_db_highthreat_20260410_030216.csv,multiple_runs_largerun_db_highthreat_20260410_030216.csv,684,1006.0,1500.0,27.037773359840955,1.6898608349900597,0.0,34.266666666666666,40.0,0.0,17.0,239.0,403.0,272.0,35.0,529.0,514.0,457.0,2.037872954566788,vulnerable
multiple_runs_largerun_db_highthreat_20260410_030216.csv,multiple_runs_largerun_db_highthreat_20260410_030216.csv,685,983.0,1500.0,25.025432349949135,1.017293997965412,0.0,32.6,62.0,0.0,10.0,247.0,383.0,246.0,35.0,514.0,489.0,497.0,2.037872954566788,vulnerable
multiple_runs_largerun_db_highthreat_20260410_030216.csv,multiple_runs_largerun_db_highthreat_20260410_030216.csv,686,1258.0,1500.0,20.5087440381558,0.9538950715421303,0.0,31.133333333333336,43.0,0.0,12.0,542.0,366.0,258.0,37.0,492.0,467.0,541.0,2.037872954566788,vulnerable
multiple_runs_largerun_db_highthreat_20260410_030216.csv,multiple_runs_largerun_db_highthreat_20260410_030216.csv,687,926.0,1500.0,0.10799136069114472,42.00863930885529,0.0,32.93333333333333,310.0,0.0,389.0,180.0,5.0,1.0,41.0,500.0,494.0,506.0,2.037872954566788,resilient
multiple_runs_largerun_db_highthreat_20260410_030216.csv,multiple_runs_largerun_db_highthreat_20260410_030216.csv,688,909.0,1500.0,0.88008800880088,38.83388338833883,0.0,35.53333333333333,298.0,0.0,353.0,138.0,79.0,8.0,33.0,496.0,533.0,471.0,2.037872954566788,resilient
multiple_runs_largerun_db_highthreat_20260410_030216.csv,multiple_runs_largerun_db_highthreat_20260410_030216.csv,689,982.0,1500.0,27.29124236252546,1.0183299389002036,0.0,33.666666666666664,40.0,0.0,10.0,230.0,401.0,268.0,33.0,489.0,505.0,506.0,2.037872954566788,vulnerable
multiple_runs_largerun_db_highthreat_20260410_030216.csv,multiple_runs_largerun_db_highthreat_20260410_030216.csv,690,1191.0,1500.0,8.984047019311504,13.43408900083963,0.0,34.333333333333336,168.0,0.0,160.0,470.0,242.0,107.0,44.0,482.0,515.0,503.0,2.037872954566788,vulnerable
multiple_runs_largerun_db_highthreat_20260410_030216.csv,multiple_runs_largerun_db_highthreat_20260410_030216.csv,691,1010.0,1500.0,1.5841584158415842,36.336633663366335,0.0,32.46666666666667,290.0,0.0,367.0,274.0,31.0,16.0,32.0,492.0,487.0,521.0,2.037872954566788,resilient
multiple_runs_largerun_db_highthreat_20260410_030216.csv,multiple_runs_largerun_db_highthreat_20260410_030216.csv,692,1024.0,1500.0,21.38671875,0.87890625,0.0,35.199999999999996,67.0,0.0,9.0,272.0,421.0,219.0,36.0,480.0,528.0,492.0,2.037872954566788,vulnerable
multiple_runs_largerun_db_highthreat_20260410_030216.csv,multiple_runs_largerun_db_highthreat_20260410_030216.csv,693,926.0,1500.0,0.755939524838013,41.03671706263499,0.0,33.53333333333333,331.0,0.0,380.0,156.0,22.0,7.0,30.0,506.0,503.0,491.0,2.037872954566788,resilient
multiple_runs_largerun_db_highthreat_20260410_030216.csv,multiple_runs_largerun_db_highthreat_20260410_030216.csv,694,1059.0,1500.0,0.0,30.02832861189802,0.0,32.266666666666666,303.0,0.0,318.0,336.0,70.0,0.0,32.0,490.0,484.0,526.0,2.037872954566788,resilient
multiple_runs_largerun_db_highthreat_20260410_030216.csv,multiple_runs_largerun_db_highthreat_20260410_030216.csv,695,884.0,1500.0,0.6787330316742082,39.705882352941174,0.0,31.733333333333334,278.0,0.0,351.0,198.0,20.0,6.0,31.0,497.0,476.0,527.0,2.037872954566788,resilient
multiple_runs_largerun_db_highthreat_20260410_030216.csv,multiple_runs_largerun_db_highthreat_20260410_030216.csv,696,1407.0,1500.0,21.179815209665957,0.42643923240938164,0.0,31.333333333333336,39.0,0.0,6.0,673.0,368.0,298.0,23.0,536.0,470.0,494.0,2.037872954566788,vulnerable
multiple_runs_largerun_db_highthreat_20260410_030216.csv,multiple_runs_largerun_db_highthreat_20260410_030216.csv,697,941.0,1500.0,27.948990435706694,0.3188097768331562,0.0,31.933333333333337,37.0,0.0,3.0,214.0,386.0,263.0,38.0,506.0,479.0,515.0,2.037872954566788,vulnerable
multiple_runs_largerun_db_highthreat_20260410_030216.csv,multiple_runs_largerun_db_highthreat_20260410_030216.csv,698,994.0,1500.0,26.76056338028169,0.8048289738430584,0.0,33.06666666666666,45.0,0.0,8.0,246.0,392.0,266.0,37.0,499.0,496.0,505.0,2.037872954566788,vulnerable
multiple_runs_largerun_db_highthreat_20260410_030216.csv,multiple_runs_largerun_db_highthreat_20260410_030216.csv,699,975.0,1500.0,26.256410256410255,0.8205128205128205,0.0,34.0,53.0,0.0,8.0,224.0,397.0,256.0,37.0,495.0,510.0,495.0,2.037872954566788,vulnerable
multiple_runs_largerun_db_highthreat_20260410_030216.csv,multiple_runs_largerun_db_highthreat_20260410_030216.csv,700,1100.0,1500.0,23.0,0.5454545454545455,0.0,32.6,50.0,0.0,6.0,358.0,401.0,253.0,32.0,491.0,489.0,520.0,2.037872954566788,vulnerable
multiple_runs_largerun_db_highthreat_20260410_030216.csv,multiple_runs_largerun_db_highthreat_20260410_030216.csv,701,1010.0,1500.0,0.0,38.71287128712871,0.0,33.0,304.0,0.0,391.0,278.0,8.0,0.0,29.0,489.0,495.0,516.0,2.037872954566788,resilient
multiple_runs_largerun_db_highthreat_20260410_030216.csv,multiple_runs_largerun_db_highthreat_20260410_030216.csv,702,1303.0,1500.0,19.570222563315426,0.6139677666922486,0.0,33.86666666666667,49.0,0.0,8.0,571.0,392.0,255.0,28.0,479.0,508.0,513.0,2.037872954566788,vulnerable
multiple_runs_largerun_db_highthreat_20260410_030216.csv,multiple_runs_largerun_db_highthreat_20260410_030216.csv,703,1044.0,1500.0,0.38314176245210724,35.82375478927203,0.0,33.0,305.0,0.0,374.0,291.0,31.0,4.0,39.0,505.0,495.0,500.0,2.037872954566788,resilient
multiple_runs_largerun_db_highthreat_20260410_030216.csv,multiple_runs_largerun_db_highthreat_20260410_030216.csv,704,1042.0,1500.0,0.19193857965451055,37.42802303262956,0.0,34.66666666666667,302.0,0.0,390.0,295.0,24.0,2.0,29.0,477.0,520.0,503.0,2.037872954566788,resilient
multiple_runs_largerun_db_highthreat_20260410_030216.csv,multiple_runs_largerun_db_highthreat_20260410_030216.csv,705,988.0,1500.0,26.923076923076923,0.30364372469635625,0.0,31.933333333333337,74.0,0.0,3.0,239.0,378.0,266.0,28.0,502.0,479.0,519.0,2.037872954566788,vulnerable
multiple_runs_largerun_db_highthreat_20260410_030216.csv,multiple_runs_largerun_db_highthreat_20260410_030216.csv,706,959.0,1500.0,27.841501564129302,0.10427528675703858,0.0,33.4,42.0,0.0,1.0,195.0,410.0,267.0,44.0,528.0,501.0,471.0,2.037872954566788,vulnerable
multiple_runs_largerun_db_highthreat_20260410_030216.csv,multiple_runs_largerun_db_highthreat_20260410_030216.csv,707,913.0,1500.0,33.84446878422782,0.10952902519167579,0.0,32.4,39.0,0.0,1.0,169.0,364.0,309.0,31.0,522.0,486.0,492.0,2.037872954566788,vulnerable
multiple_runs_largerun_db_highthreat_20260410_030216.csv,multiple_runs_largerun_db_highthreat_20260410_030216.csv,708,1127.0,1500.0,10.204081632653061,12.33362910381544,0.0,32.33333333333333,169.0,0.0,139.0,420.0,239.0,115.0,45.0,501.0,485.0,514.0,2.037872954566788,vulnerable
multiple_runs_largerun_db_highthreat_20260410_030216.csv,multiple_runs_largerun_db_highthreat_20260410_030216.csv,709,1007.0,1500.0,1.1916583912611718,34.45878848063555,0.0,33.266666666666666,283.0,0.0,347.0,272.0,55.0,12.0,38.0,486.0,499.0,515.0,2.037872954566788,resilient
multiple_runs_largerun_db_highthreat_20260410_030216.csv,multiple_runs_largerun_db_highthreat_20260410_030216.csv,710,944.0,1500.0,2.2245762711864407,41.10169491525424,0.0,33.2,299.0,0.0,388.0,192.0,15.0,21.0,29.0,507.0,498.0,495.0,2.037872954566788,vulnerable
multiple_runs_largerun_db_highthreat_20260410_030216.csv,multiple_runs_largerun_db_highthreat_20260410_030216.csv,711,1054.0,1500.0,22.106261859582542,0.9487666034155597,0.0,31.6,59.0,0.0,10.0,355.0,371.0,233.0,26.0,486.0,474.0,540.0,2.037872954566788,vulnerable
multiple_runs_largerun_db_highthreat_20260410_030216.csv,multiple_runs_largerun_db_highthreat_20260410_030216.csv,712,1004.0,1500.0,26.693227091633464,1.394422310756972,0.0,35.13333333333333,33.0,0.0,14.0,244.0,417.0,268.0,28.0,495.0,527.0,478.0,2.037872954566788,vulnerable
multiple_runs_largerun_db_highthreat_20260410_030216.csv,multiple_runs_largerun_db_highthreat_20260410_030216.csv,713,1154.0,1500.0,8.925476603119584,12.305025996533796,0.0,31.866666666666667,186.0,0.0,142.0,444.0,247.0,103.0,32.0,486.0,478.0,536.0,2.037872954566788,vulnerable
multiple_runs_largerun_db_highthreat_20260410_030216.csv,multiple_runs_largerun_db_highthreat_20260410_030216.csv,714,974.0,1500.0,25.154004106776178,0.0,0.0,34.0,47.0,0.0,0.0,252.0,406.0,245.0,24.0,491.0,510.0,499.0,2.037872954566788,vulnerable
multiple_runs_largerun_db_highthreat_20260410_030216.csv,multiple_runs_largerun_db_highthreat_20260410_030216.csv,715,1158.0,1500.0,18.739205526770295,0.5181347150259068,0.0,33.2,48.0,0.0,6.0,455.0,396.0,217.0,36.0,474.0,498.0,528.0,2.037872954566788,vulnerable
multiple_runs_largerun_db_highthreat_20260410_030216.csv,multiple_runs_largerun_db_highthreat_20260410_030216.csv,716,935.0,1500.0,0.6417112299465241,38.074866310160424,0.0,30.599999999999998,313.0,0.0,356.0,224.0,5.0,6.0,31.0,505.0,459.0,536.0,2.037872954566788,resilient
multiple_runs_largerun_db_highthreat_20260410_030216.csv,multiple_runs_largerun_db_highthreat_20260410_030216.csv,717,1179.0,1500.0,7.803223070398643,15.182357930449534,0.0,33.4,207.0,0.0,179.0,458.0,215.0,92.0,28.0,483.0,501.0,516.0,2.037872954566788,vulnerable
multiple_runs_largerun_db_highthreat_20260410_030216.csv,multiple_runs_largerun_db_highthreat_20260410_030216.csv,718,1004.0,1500.0,0.49800796812749004,38.24701195219124,0.0,34.4,304.0,0.0,384.0,254.0,14.0,5.0,43.0,496.0,516.0,488.0,2.037872954566788,resilient
multiple_runs_largerun_db_highthreat_20260410_030216.csv,multiple_runs_largerun_db_highthreat_20260410_030216.csv,719,806.0,1500.0,0.12406947890818859,43.424317617866,0.12406947890818859,33.33333333333333,309.0,1.0,350.0,77.0,44.0,1.0,24.0,486.0,500.0,514.0,2.037872954566788,resilient
multiple_runs_largerun_db_highthreat_20260410_030216.csv,multiple_runs_largerun_db_highthreat_20260410_030216.csv,720,1248.0,1500.0,21.394230769230766,0.5608974358974359,0.0,33.13333333333333,35.0,0.0,7.0,519.0,390.0,267.0,30.0,498.0,497.0,505.0,2.037872954566788,vulnerable
multiple_runs_largerun_db_highthreat_20260410_030216.csv,multiple_runs_largerun_db_highthreat_20260410_030216.csv,721,1350.0,1500.0,17.85185185185185,2.5185185185185186,0.0,32.666666666666664,60.0,0.0,34.0,614.0,369.0,241.0,32.0,489.0,490.0,521.0,2.037872954566788,vulnerable
multiple_runs_largerun_db_highthreat_20260410_030216.csv,multiple_runs_largerun_db_highthreat_20260410_030216.csv,722,1447.0,1500.0,19.350380096751902,0.2073255010366275,0.0,34.86666666666667,52.0,0.0,3.0,681.0,405.0,280.0,26.0,508.0,523.0,469.0,2.037872954566788,vulnerable
multiple_runs_largerun_db_highthreat_20260410_030216.csv,multiple_runs_largerun_db_highthreat_20260410_030216.csv,723,993.0,1500.0,0.0,35.24672708962739,0.0,31.8,302.0,0.0,350.0,272.0,35.0,0.0,34.0,487.0,477.0,536.0,2.037872954566788,resilient
multiple_runs_largerun_db_highthreat_20260410_030216.csv,multiple_runs_largerun_db_highthreat_20260410_030216.csv,724,894.0,1500.0,0.6711409395973155,43.288590604026844,0.0,32.2,298.0,0.0,387.0,167.0,1.0,6.0,35.0,494.0,483.0,523.0,2.037872954566788,resilient
multiple_runs_largerun_db_highthreat_20260410_030216.csv,multiple_runs_largerun_db_highthreat_20260410_030216.csv,725,908.0,1500.0,0.22026431718061676,43.72246696035242,0.0,33.06666666666666,306.0,0.0,397.0,152.0,10.0,2.0,41.0,491.0,496.0,513.0,2.037872954566788,resilient
multiple_runs_largerun_db_highthreat_20260410_030216.csv,multiple_runs_largerun_db_highthreat_20260410_030216.csv,726,1104.0,1500.0,11.865942028985508,20.19927536231884,0.0,33.733333333333334,168.0,0.0,223.0,351.0,191.0,131.0,40.0,495.0,506.0,499.0,2.037872954566788,vulnerable
multiple_runs_largerun_db_highthreat_20260410_030216.csv,multiple_runs_largerun_db_highthreat_20260410_030216.csv,727,950.0,1500.0,28.421052631578945,2.8421052631578947,0.0,32.4,61.0,0.0,27.0,203.0,362.0,270.0,27.0,521.0,486.0,493.0,2.037872954566788,vulnerable
multiple_runs_largerun_db_highthreat_20260410_030216.csv,multiple_runs_largerun_db_highthreat_20260410_030216.csv,728,1004.0,1500.0,21.115537848605577,0.8964143426294822,0.0,32.93333333333333,93.0,0.0,9.0,284.0,380.0,212.0,26.0,486.0,494.0,520.0,2.037872954566788,vulnerable
multiple_runs_largerun_db_highthreat_20260410_030216.csv,multiple_runs_largerun_db_highthreat_20260410_030216.csv,729,960.0,1500.0,0.8333333333333334,38.229166666666664,0.0,33.53333333333333,303.0,0.0,367.0,215.0,35.0,8.0,32.0,496.0,503.0,501.0,2.037872954566788,resilient
multiple_runs_largerun_db_highthreat_20260410_030216.csv,multiple_runs_largerun_db_highthreat_20260410_030216.csv,730,938.0,1500.0,1.1727078891257996,36.56716417910448,0.0,31.466666666666665,317.0,0.0,343.0,205.0,38.0,11.0,24.0,513.0,472.0,515.0,2.037872954566788,resilient
multiple_runs_largerun_db_highthreat_20260410_030216.csv,multiple_runs_largerun_db_highthreat_20260410_030216.csv,731,1042.0,1500.0,0.28790786948176583,28.79078694817658,0.0,33.666666666666664,292.0,0.0,300.0,331.0,94.0,3.0,22.0,471.0,505.0,524.0,2.037872954566788,resilient
multiple_runs_largerun_db_highthreat_20260410_030216.csv,multiple_runs_largerun_db_highthreat_20260410_030216.csv,732,927.0,1500.0,0.4314994606256742,38.83495145631068,0.0,32.86666666666667,314.0,0.0,360.0,172.0,38.0,4.0,39.0,490.0,493.0,517.0,2.037872954566788,resilient
multiple_runs_largerun_db_highthreat_20260410_030216.csv,multiple_runs_largerun_db_highthreat_20260410_030216.csv,733,945.0,1500.0,0.5291005291005291,41.48148148148148,0.0,34.333333333333336,273.0,0.0,392.0,203.0,24.0,5.0,48.0,481.0,515.0,504.0,2.037872954566788,resilient
multiple_runs_largerun_db_highthreat_20260410_030216.csv,multiple_runs_largerun_db_highthreat_20260410_030216.csv,734,1007.0,1500.0,0.0,32.472691161866926,0.0,34.0,305.0,0.0,327.0,260.0,82.0,0.0,33.0,488.0,510.0,502.0,2.037872954566788,resilient
multiple_runs_largerun_db_highthreat_20260410_030216.csv,multiple_runs_largerun_db_highthreat_20260410_030216.csv,735,991.0,1500.0,26.538849646821394,0.8072653884964682,0.0,31.733333333333334,44.0,0.0,8.0,268.0,372.0,263.0,36.0,498.0,476.0,526.0,2.037872954566788,vulnerable
multiple_runs_largerun_db_highthreat_20260410_030216.csv,multiple_runs_largerun_db_highthreat_20260410_030216.csv,736,1021.0,1500.0,21.645445641527914,1.1753183153770812,0.0,33.666666666666664,61.0,0.0,12.0,308.0,392.0,221.0,27.0,468.0,505.0,527.0,2.037872954566788,vulnerable
multiple_runs_largerun_db_highthreat_20260410_030216.csv,multiple_runs_largerun_db_highthreat_20260410_030216.csv,737,1017.0,1500.0,23.008849557522122,1.27826941986234,0.0,35.333333333333336,50.0,0.0,13.0,270.0,419.0,234.0,31.0,465.0,530.0,505.0,2.037872954566788,vulnerable
multiple_runs_largerun_db_highthreat_20260410_030216.csv,multiple_runs_largerun_db_highthreat_20260410_030216.csv,738,1009.0,1500.0,0.9910802775024776,34.58870168483647,0.0,32.0,299.0,0.0,349.0,267.0,44.0,10.0,40.0,493.0,480.0,527.0,2.037872954566788,resilient
multiple_runs_largerun_db_highthreat_20260410_030216.csv,multiple_runs_largerun_db_highthreat_20260410_030216.csv,739,949.0,1500.0,24.236037934668072,1.8967334035827188,0.10537407797681769,34.93333333333333,57.0,1.0,18.0,207.0,405.0,230.0,31.0,472.0,524.0,504.0,2.037872954566788,vulnerable
multiple_runs_largerun_db_highthreat_20260410_030216.csv,multiple_runs_largerun_db_highthreat_20260410_030216.csv,740,1289.0,1500.0,7.91311093871218,7.447633824670287,0.0,36.06666666666667,160.0,0.0,96.0,551.0,348.0,102.0,32.0,470.0,541.0,489.0,2.037872954566788,vulnerable
multiple_runs_largerun_db_highthreat_20260410_030216.csv,multiple_runs_largerun_db_highthreat_20260410_030216.csv,741,939.0,1500.0,25.34611288604899,0.10649627263045794,0.0,30.933333333333334,48.0,0.0,1.0,259.0,367.0,238.0,26.0,481.0,464.0,555.0,2.037872954566788,vulnerable
multiple_runs_largerun_db_highthreat_20260410_030216.csv,multiple_runs_largerun_db_highthreat_20260410_030216.csv,742,1251.0,1500.0,13.828936850519586,10.071942446043165,0.0,33.13333333333333,120.0,0.0,126.0,528.0,267.0,173.0,37.0,476.0,497.0,527.0,2.037872954566788,vulnerable
multiple_runs_largerun_db_highthreat_20260410_030216.csv,multiple_runs_largerun_db_highthreat_20260410_030216.csv,743,877.0,1500.0,30.672748004561,2.6225769669327255,0.0,31.6,60.0,0.0,23.0,153.0,355.0,269.0,17.0,524.0,474.0,502.0,2.037872954566788,vulnerable
multiple_runs_largerun_db_highthreat_20260410_030216.csv,multiple_runs_largerun_db_highthreat_20260410_030216.csv,744,1085.0,1500.0,5.622119815668203,18.433179723502306,0.0,32.4,215.0,0.0,200.0,370.0,190.0,61.0,49.0,494.0,486.0,520.0,2.037872954566788,vulnerable
multiple_runs_largerun_db_highthreat_20260410_030216.csv,multiple_runs_largerun_db_highthreat_20260410_030216.csv,745,981.0,1500.0,0.0,36.799184505606526,0.0,31.733333333333334,324.0,0.0,361.0,231.0,28.0,0.0,37.0,507.0,476.0,517.0,2.037872954566788,resilient
multiple_runs_largerun_db_highthreat_20260410_030216.csv,multiple_runs_largerun_db_highthreat_20260410_030216.csv,746,939.0,1500.0,26.517571884984026,2.3429179978700745,0.0,33.93333333333333,36.0,0.0,22.0,216.0,396.0,249.0,20.0,486.0,509.0,505.0,2.037872954566788,vulnerable
multiple_runs_largerun_db_highthreat_20260410_030216.csv,multiple_runs_largerun_db_highthreat_20260410_030216.csv,747,1176.0,1500.0,13.435374149659864,4.2517006802721085,0.08503401360544217,33.93333333333333,102.0,1.0,50.0,475.0,357.0,158.0,33.0,460.0,509.0,531.0,2.037872954566788,vulnerable
multiple_runs_largerun_db_highthreat_20260410_030216.csv,multiple_runs_largerun_db_highthreat_20260410_030216.csv,748,889.0,1500.0,0.8998875140607425,43.869516310461194,0.0,33.4,315.0,0.0,390.0,120.0,11.0,8.0,45.0,507.0,501.0,492.0,2.037872954566788,resilient
multiple_runs_largerun_db_highthreat_20260410_030216.csv,multiple_runs_largerun_db_highthreat_20260410_030216.csv,749,891.0,1500.0,0.8978675645342313,43.09764309764309,0.0,33.06666666666666,314.0,0.0,384.0,128.0,10.0,8.0,47.0,502.0,496.0,502.0,2.037872954566788,resilient
multiple_runs_largerun_db_highthreat_20260410_030216.csv,multiple_runs_largerun_db_highthreat_20260410_030216.csv,750,1353.0,1500.0,18.625277161862527,0.7390983000739099,0.0,33.0,38.0,0.0,10.0,645.0,391.0,252.0,17.0,459.0,495.0,546.0,2.037872954566788,vulnerable
multiple_runs_largerun_db_highthreat_20260410_030216.csv,multiple_runs_largerun_db_highthreat_20260410_030216.csv,751,920.0,1500.0,29.130434782608695,1.3043478260869565,0.0,32.0,39.0,0.0,12.0,208.0,361.0,268.0,32.0,505.0,480.0,515.0,2.037872954566788,vulnerable
multiple_runs_largerun_db_highthreat_20260410_030216.csv,multiple_runs_largerun_db_highthreat_20260410_030216.csv,752,1051.0,1500.0,22.835394862036157,1.9029495718363463,0.0,34.733333333333334,80.0,0.0,20.0,309.0,381.0,240.0,21.0,490.0,521.0,489.0,2.037872954566788,vulnerable
multiple_runs_largerun_db_highthreat_20260410_030216.csv,multiple_runs_largerun_db_highthreat_20260410_030216.csv,753,982.0,1500.0,0.9164969450101833,28.818737270875765,0.0,31.066666666666663,299.0,0.0,283.0,268.0,90.0,9.0,33.0,515.0,466.0,519.0,2.037872954566788,resilient
multiple_runs_largerun_db_highthreat_20260410_030216.csv,multiple_runs_largerun_db_highthreat_20260410_030216.csv,754,1059.0,1500.0,19.263456090651555,0.0,0.0,32.666666666666664,83.0,0.0,0.0,341.0,399.0,204.0,32.0,499.0,490.0,511.0,2.037872954566788,vulnerable
multiple_runs_largerun_db_highthreat_20260410_030216.csv,multiple_runs_largerun_db_highthreat_20260410_030216.csv,755,1182.0,1500.0,9.898477157360407,18.781725888324875,0.0,33.800000000000004,179.0,0.0,222.0,426.0,196.0,117.0,42.0,517.0,507.0,476.0,2.037872954566788,vulnerable
multiple_runs_largerun_db_highthreat_20260410_030216.csv,multiple_runs_largerun_db_highthreat_20260410_030216.csv,756,860.0,1500.0,32.67441860465116,1.3953488372093024,0.0,32.266666666666666,30.0,0.0,12.0,135.0,370.0,281.0,32.0,485.0,484.0,531.0,2.037872954566788,vulnerable
multiple_runs_largerun_db_highthreat_20260410_030216.csv,multiple_runs_largerun_db_highthreat_20260410_030216.csv,757,1055.0,1500.0,25.023696682464454,1.6113744075829384,0.0,33.46666666666667,37.0,0.0,17.0,315.0,395.0,264.0,27.0,510.0,502.0,488.0,2.037872954566788,vulnerable
multiple_runs_largerun_db_highthreat_20260410_030216.csv,multiple_runs_largerun_db_highthreat_20260410_030216.csv,758,922.0,1500.0,0.0,37.635574837310195,0.0,32.93333333333333,303.0,0.0,347.0,191.0,44.0,0.0,37.0,480.0,494.0,526.0,2.037872954566788,resilient
multiple_runs_largerun_db_highthreat_20260410_030216.csv,multiple_runs_largerun_db_highthreat_20260410_030216.csv,759,1188.0,1500.0,21.043771043771045,0.8417508417508417,0.0,33.800000000000004,34.0,0.0,10.0,465.0,400.0,250.0,29.0,501.0,507.0,492.0,2.037872954566788,vulnerable
multiple_runs_largerun_db_highthreat_20260410_030216.csv,multiple_runs_largerun_db_highthreat_20260410_030216.csv,760,1135.0,1500.0,7.929515418502203,7.312775330396476,0.0,32.0,235.0,0.0,83.0,402.0,300.0,90.0,25.0,530.0,480.0,490.0,2.037872954566788,vulnerable
multiple_runs_largerun_db_highthreat_20260410_030216.csv,multiple_runs_largerun_db_highthreat_20260410_030216.csv,761,980.0,1500.0,0.8163265306122449,38.6734693877551,0.0,32.46666666666667,306.0,0.0,379.0,243.0,14.0,8.0,30.0,505.0,487.0,508.0,2.037872954566788,resilient
multiple_runs_largerun_db_highthreat_20260410_030216.csv,multiple_runs_largerun_db_highthreat_20260410_030216.csv,762,890.0,1500.0,27.303370786516858,1.6853932584269662,0.0,32.53333333333333,43.0,0.0,15.0,195.0,371.0,243.0,23.0,503.0,488.0,509.0,2.037872954566788,vulnerable
multiple_runs_largerun_db_highthreat_20260410_030216.csv,multiple_runs_largerun_db_highthreat_20260410_030216.csv,763,1020.0,1500.0,23.52941176470588,0.49019607843137253,0.0,34.86666666666667,42.0,0.0,5.0,283.0,426.0,240.0,24.0,469.0,523.0,508.0,2.037872954566788,vulnerable
multiple_runs_largerun_db_highthreat_20260410_030216.csv,multiple_runs_largerun_db_highthreat_20260410_030216.csv,764,799.0,1500.0,2.6282853566958697,43.80475594493116,0.0,31.8,302.0,0.0,350.0,67.0,22.0,21.0,37.0,518.0,477.0,505.0,2.037872954566788,vulnerable
multiple_runs_largerun_db_highthreat_20260410_030216.csv,multiple_runs_largerun_db_highthreat_20260410_030216.csv,765,994.0,1500.0,0.1006036217303823,26.358148893360163,0.0,32.86666666666667,288.0,0.0,262.0,284.0,114.0,1.0,45.0,485.0,493.0,522.0,2.037872954566788,resilient
multiple_runs_largerun_db_highthreat_20260410_030216.csv,multiple_runs_largerun_db_highthreat_20260410_030216.csv,766,995.0,1500.0,26.532663316582916,0.3015075376884422,0.0,34.4,42.0,0.0,3.0,235.0,425.0,264.0,26.0,500.0,516.0,484.0,2.037872954566788,vulnerable
multiple_runs_largerun_db_highthreat_20260410_030216.csv,multiple_runs_largerun_db_highthreat_20260410_030216.csv,767,1046.0,1500.0,22.179732313575524,0.9560229445506693,0.0,34.86666666666667,42.0,0.0,10.0,332.0,414.0,232.0,16.0,457.0,523.0,520.0,2.037872954566788,vulnerable
multiple_runs_largerun_db_highthreat_20260410_030216.csv,multiple_runs_largerun_db_highthreat_20260410_030216.csv,768,1005.0,1500.0,1.0945273631840797,34.12935323383085,0.0,29.133333333333333,338.0,0.0,343.0,271.0,11.0,11.0,31.0,546.0,437.0,517.0,2.037872954566788,resilient
multiple_runs_largerun_db_highthreat_20260410_030216.csv,multiple_runs_largerun_db_highthreat_20260410_030216.csv,769,967.0,1500.0,0.5170630816959669,35.05687693898656,0.0,30.866666666666664,310.0,0.0,339.0,239.0,38.0,5.0,36.0,513.0,463.0,524.0,2.037872954566788,resilient
multiple_runs_largerun_db_highthreat_20260410_030216.csv,multiple_runs_largerun_db_highthreat_20260410_030216.csv,770,916.0,1500.0,30.458515283842797,1.5283842794759825,0.0,31.933333333333337,49.0,0.0,14.0,180.0,372.0,279.0,22.0,513.0,479.0,508.0,2.037872954566788,vulnerable
multiple_runs_largerun_db_highthreat_20260410_030216.csv,multiple_runs_largerun_db_highthreat_20260410_030216.csv,771,1362.0,1500.0,17.327459618208515,5.139500734214391,0.0,34.333333333333336,55.0,0.0,70.0,628.0,350.0,236.0,23.0,481.0,515.0,504.0,2.037872954566788,vulnerable
multiple_runs_largerun_db_highthreat_20260410_030216.csv,multiple_runs_largerun_db_highthreat_20260410_030216.csv,772,1290.0,1500.0,21.782945736434108,1.3953488372093024,0.0,33.33333333333333,43.0,0.0,18.0,554.0,370.0,281.0,24.0,526.0,500.0,474.0,2.037872954566788,vulnerable
multiple_runs_largerun_db_highthreat_20260410_030216.csv,multiple_runs_largerun_db_highthreat_20260410_030216.csv,773,1098.0,1500.0,23.224043715846996,2.2768670309653913,0.0,33.6,24.0,0.0,25.0,390.0,372.0,255.0,32.0,462.0,504.0,534.0,2.037872954566788,vulnerable
multiple_runs_largerun_db_highthreat_20260410_030216.csv,multiple_runs_largerun_db_highthreat_20260410_030216.csv,774,1342.0,1500.0,14.605067064083457,2.9061102831594634,0.0,31.6,54.0,0.0,39.0,659.0,352.0,196.0,42.0,488.0,474.0,538.0,2.037872954566788,vulnerable
multiple_runs_largerun_db_highthreat_20260410_030216.csv,multiple_runs_largerun_db_highthreat_20260410_030216.csv,775,1217.0,1500.0,10.682004930156122,14.050944946589974,0.0,33.800000000000004,148.0,0.0,171.0,490.0,233.0,130.0,45.0,477.0,507.0,516.0,2.037872954566788,vulnerable
multiple_runs_largerun_db_highthreat_20260410_030216.csv,multiple_runs_largerun_db_highthreat_20260410_030216.csv,776,1308.0,1500.0,14.755351681957189,9.250764525993883,0.0,31.866666666666667,102.0,0.0,121.0,575.0,268.0,193.0,49.0,510.0,478.0,512.0,2.037872954566788,vulnerable
multiple_runs_largerun_db_highthreat_20260410_030216.csv,multiple_runs_largerun_db_highthreat_20260410_030216.csv,777,1219.0,1500.0,15.504511894995899,9.187858900738311,0.0,33.0,90.0,0.0,112.0,511.0,285.0,189.0,32.0,502.0,495.0,503.0,2.037872954566788,vulnerable
multiple_runs_largerun_db_highthreat_20260410_030216.csv,multiple_runs_largerun_db_highthreat_20260410_030216.csv,778,946.0,1500.0,0.0,39.74630021141649,0.0,33.33333333333333,317.0,0.0,376.0,196.0,35.0,0.0,22.0,488.0,500.0,512.0,2.037872954566788,resilient
multiple_runs_largerun_db_highthreat_20260410_030216.csv,multiple_runs_largerun_db_highthreat_20260410_030216.csv,779,940.0,1500.0,29.04255319148936,1.3829787234042552,0.0,34.0,33.0,0.0,13.0,196.0,390.0,273.0,35.0,497.0,510.0,493.0,2.037872954566788,vulnerable
multiple_runs_largerun_db_highthreat_20260410_030216.csv,multiple_runs_largerun_db_highthreat_20260410_030216.csv,780,975.0,1500.0,24.615384615384617,1.0256410256410255,0.0,35.66666666666667,50.0,0.0,10.0,227.0,416.0,240.0,32.0,481.0,535.0,484.0,2.037872954566788,vulnerable
multiple_runs_largerun_db_highthreat_20260410_030216.csv,multiple_runs_largerun_db_highthreat_20260410_030216.csv,781,969.0,1500.0,0.0,37.04850361197111,0.0,31.8,310.0,0.0,359.0,241.0,26.0,0.0,33.0,517.0,477.0,506.0,2.037872954566788,resilient
multiple_runs_largerun_db_highthreat_20260410_030216.csv,multiple_runs_largerun_db_highthreat_20260410_030216.csv,782,863.0,1500.0,0.6952491309385863,43.22132097334878,0.0,32.13333333333333,246.0,0.0,373.0,202.0,11.0,6.0,25.0,482.0,482.0,536.0,2.037872954566788,resilient
multiple_runs_largerun_db_highthreat_20260410_030216.csv,multiple_runs_largerun_db_highthreat_20260410_030216.csv,783,1083.0,1500.0,27.60849492151431,2.0313942751615883,0.0,32.33333333333333,40.0,0.0,22.0,317.0,372.0,299.0,33.0,527.0,485.0,488.0,2.037872954566788,vulnerable
multiple_runs_largerun_db_highthreat_20260410_030216.csv,multiple_runs_largerun_db_highthreat_20260410_030216.csv,784,1392.0,1500.0,20.474137931034484,1.1494252873563218,0.0,31.133333333333336,41.0,0.0,16.0,673.0,348.0,285.0,29.0,516.0,467.0,517.0,2.037872954566788,vulnerable
multiple_runs_largerun_db_highthreat_20260410_030216.csv,multiple_runs_largerun_db_highthreat_20260410_030216.csv,785,1116.0,1500.0,10.21505376344086,11.469534050179211,0.0,33.33333333333333,181.0,0.0,128.0,379.0,278.0,114.0,36.0,495.0,500.0,505.0,2.037872954566788,vulnerable
multiple_runs_largerun_db_highthreat_20260410_030216.csv,multiple_runs_largerun_db_highthreat_20260410_030216.csv,786,894.0,1500.0,32.997762863534675,1.1185682326621924,0.0,32.733333333333334,31.0,0.0,10.0,158.0,377.0,295.0,23.0,501.0,491.0,508.0,2.037872954566788,vulnerable
multiple_runs_largerun_db_highthreat_20260410_030216.csv,multiple_runs_largerun_db_highthreat_20260410_030216.csv,787,1064.0,1500.0,24.342105263157894,1.7857142857142856,0.0,30.466666666666665,30.0,0.0,19.0,372.0,347.0,259.0,37.0,510.0,457.0,533.0,2.037872954566788,vulnerable
multiple_runs_largerun_db_highthreat_20260410_030216.csv,multiple_runs_largerun_db_highthreat_20260410_030216.csv,788,997.0,1500.0,26.980942828485453,1.5045135406218655,0.0,31.466666666666665,65.0,0.0,15.0,260.0,369.0,269.0,19.0,519.0,472.0,509.0,2.037872954566788,vulnerable
multiple_runs_largerun_db_highthreat_20260410_030216.csv,multiple_runs_largerun_db_highthreat_20260410_030216.csv,789,1122.0,1500.0,6.59536541889483,13.101604278074866,0.0,35.06666666666667,192.0,0.0,147.0,397.0,273.0,74.0,39.0,473.0,526.0,501.0,2.037872954566788,vulnerable
multiple_runs_largerun_db_highthreat_20260410_030216.csv,multiple_runs_largerun_db_highthreat_20260410_030216.csv,790,1056.0,1500.0,20.833333333333336,4.545454545454546,0.0,33.53333333333333,63.0,0.0,48.0,336.0,360.0,220.0,29.0,475.0,503.0,522.0,2.037872954566788,vulnerable
multiple_runs_largerun_db_highthreat_20260410_030216.csv,multiple_runs_largerun_db_highthreat_20260410_030216.csv,791,1122.0,1500.0,21.74688057040998,0.17825311942959002,0.0,32.06666666666666,69.0,0.0,2.0,402.0,385.0,244.0,20.0,502.0,481.0,517.0,2.037872954566788,vulnerable
multiple_runs_largerun_db_highthreat_20260410_030216.csv,multiple_runs_largerun_db_highthreat_20260410_030216.csv,792,1025.0,1500.0,23.414634146341466,1.0731707317073171,0.0,30.866666666666664,54.0,0.0,11.0,321.0,372.0,240.0,27.0,498.0,463.0,539.0,2.037872954566788,vulnerable
multiple_runs_largerun_db_highthreat_20260410_030216.csv,multiple_runs_largerun_db_highthreat_20260410_030216.csv,793,1041.0,1500.0,25.936599423631122,0.0,0.0,35.53333333333333,35.0,0.0,0.0,280.0,435.0,270.0,21.0,497.0,533.0,470.0,2.037872954566788,vulnerable
multiple_runs_largerun_db_highthreat_20260410_030216.csv,multiple_runs_largerun_db_highthreat_20260410_030216.csv,794,975.0,1500.0,25.64102564102564,0.5128205128205128,0.0,35.199999999999996,41.0,0.0,5.0,230.0,425.0,250.0,24.0,470.0,528.0,502.0,2.037872954566788,vulnerable
multiple_runs_largerun_db_highthreat_20260410_030216.csv,multiple_runs_largerun_db_highthreat_20260410_030216.csv,795,1015.0,1500.0,21.182266009852217,0.0,0.0,32.733333333333334,60.0,0.0,0.0,322.0,390.0,215.0,28.0,474.0,491.0,535.0,2.037872954566788,vulnerable
multiple_runs_largerun_db_highthreat_20260410_030216.csv,multiple_runs_largerun_db_highthreat_20260410_030216.csv,796,995.0,1500.0,23.115577889447238,0.6030150753768844,0.0,32.0,58.0,0.0,6.0,273.0,399.0,230.0,29.0,486.0,480.0,534.0,2.037872954566788,vulnerable
multiple_runs_largerun_db_highthreat_20260410_030216.csv,multiple_runs_largerun_db_highthreat_20260410_030216.csv,797,1012.0,1500.0,0.0,39.52569169960474,0.0,33.33333333333333,308.0,0.0,400.0,274.0,4.0,0.0,26.0,457.0,500.0,543.0,2.037872954566788,resilient
multiple_runs_largerun_db_highthreat_20260410_030216.csv,multiple_runs_largerun_db_highthreat_20260410_030216.csv,798,1226.0,1500.0,9.216965742251224,4.486133768352365,0.0,32.93333333333333,191.0,0.0,55.0,503.0,333.0,113.0,31.0,511.0,494.0,495.0,2.037872954566788,vulnerable
multiple_runs_largerun_db_highthreat_20260410_030216.csv,multiple_runs_largerun_db_highthreat_20260410_030216.csv,799,1088.0,1500.0,14.338235294117647,7.720588235294118,0.0,30.133333333333333,148.0,0.0,84.0,393.0,274.0,156.0,33.0,518.0,452.0,530.0,2.037872954566788,vulnerable
multiple_runs_largerun_db_highthreat_20260410_030216.csv,multiple_runs_largerun_db_highthreat_20260410_030216.csv,800,1218.0,1500.0,3.776683087027915,13.793103448275861,0.0,34.333333333333336,254.0,0.0,168.0,477.0,235.0,46.0,38.0,496.0,515.0,489.0,2.037872954566788,vulnerable
multiple_runs_largerun_db_highthreat_20260410_030216.csv,multiple_runs_largerun_db_highthreat_20260410_030216.csv,801,1098.0,1500.0,21.948998178506375,0.18214936247723132,0.0,33.4,24.0,0.0,2.0,390.0,394.0,241.0,47.0,488.0,501.0,511.0,2.037872954566788,vulnerable
multiple_runs_largerun_db_highthreat_20260410_030216.csv,multiple_runs_largerun_db_highthreat_20260410_030216.csv,802,871.0,1500.0,30.76923076923077,0.5740528128587831,0.0,33.46666666666667,31.0,0.0,5.0,139.0,399.0,268.0,29.0,483.0,502.0,515.0,2.037872954566788,vulnerable
multiple_runs_largerun_db_highthreat_20260410_030216.csv,multiple_runs_largerun_db_highthreat_20260410_030216.csv,803,979.0,1500.0,0.5107252298263534,32.58426966292135,0.0,32.666666666666664,311.0,0.0,319.0,240.0,74.0,5.0,30.0,500.0,490.0,510.0,2.037872954566788,resilient
multiple_runs_largerun_db_highthreat_20260410_030216.csv,multiple_runs_largerun_db_highthreat_20260410_030216.csv,804,1062.0,1500.0,12.900188323917137,13.27683615819209,0.0,34.13333333333333,177.0,0.0,141.0,314.0,257.0,137.0,36.0,497.0,512.0,491.0,2.037872954566788,vulnerable
multiple_runs_largerun_db_highthreat_20260410_030216.csv,multiple_runs_largerun_db_highthreat_20260410_030216.csv,805,1047.0,1500.0,1.3371537726838587,28.36676217765043,0.0,32.86666666666667,267.0,0.0,297.0,341.0,95.0,14.0,33.0,479.0,493.0,528.0,2.037872954566788,resilient
multiple_runs_largerun_db_highthreat_20260410_030216.csv,multiple_runs_largerun_db_highthreat_20260410_030216.csv,806,1116.0,1500.0,19.71326164874552,0.17921146953405018,0.0,34.13333333333333,48.0,0.0,2.0,403.0,415.0,220.0,28.0,458.0,512.0,530.0,2.037872954566788,vulnerable
multiple_runs_largerun_db_highthreat_20260410_030216.csv,multiple_runs_largerun_db_highthreat_20260410_030216.csv,807,1123.0,1500.0,7.836153161175423,10.507569011576136,0.0,33.6,164.0,0.0,118.0,435.0,286.0,88.0,32.0,464.0,504.0,532.0,2.037872954566788,vulnerable
multiple_runs_largerun_db_highthreat_20260410_030216.csv,multiple_runs_largerun_db_highthreat_20260410_030216.csv,808,951.0,1500.0,24.079915878023133,1.4721345951629863,0.0,34.66666666666667,50.0,0.0,14.0,226.0,391.0,229.0,41.0,463.0,520.0,517.0,2.037872954566788,vulnerable
multiple_runs_largerun_db_highthreat_20260410_030216.csv,multiple_runs_largerun_db_highthreat_20260410_030216.csv,809,873.0,1500.0,2.0618556701030926,42.955326460481096,0.0,32.800000000000004,291.0,0.0,375.0,135.0,19.0,18.0,35.0,514.0,492.0,494.0,2.037872954566788,vulnerable
multiple_runs_largerun_db_highthreat_20260410_030216.csv,multiple_runs_largerun_db_highthreat_20260410_030216.csv,810,1305.0,1500.0,20.45977011494253,2.9118773946360155,0.0,31.533333333333335,44.0,0.0,38.0,587.0,337.0,267.0,32.0,510.0,473.0,517.0,2.037872954566788,vulnerable
multiple_runs_largerun_db_highthreat_20260410_030216.csv,multiple_runs_largerun_db_highthreat_20260410_030216.csv,811,957.0,1500.0,0.7314524555903866,29.6760710553814,0.0,33.93333333333333,277.0,0.0,284.0,250.0,118.0,7.0,21.0,469.0,509.0,522.0,2.037872954566788,resilient
multiple_runs_largerun_db_highthreat_20260410_030216.csv,multiple_runs_largerun_db_highthreat_20260410_030216.csv,812,1060.0,1500.0,22.452830188679247,0.18867924528301888,0.0,31.8,64.0,0.0,2.0,340.0,387.0,238.0,29.0,529.0,477.0,494.0,2.037872954566788,vulnerable
multiple_runs_largerun_db_highthreat_20260410_030216.csv,multiple_runs_largerun_db_highthreat_20260410_030216.csv,813,1026.0,1500.0,23.976608187134502,1.1695906432748537,0.0,34.86666666666667,44.0,0.0,12.0,295.0,410.0,246.0,19.0,474.0,523.0,503.0,2.037872954566788,vulnerable
multiple_runs_largerun_db_highthreat_20260410_030216.csv,multiple_runs_largerun_db_highthreat_20260410_030216.csv,814,982.0,1500.0,0.0,37.4745417515275,0.0,30.733333333333334,320.0,0.0,368.0,262.0,1.0,0.0,31.0,502.0,461.0,537.0,2.037872954566788,resilient
multiple_runs_largerun_db_highthreat_20260410_030216.csv,multiple_runs_largerun_db_highthreat_20260410_030216.csv,815,1078.0,1500.0,4.638218923933209,10.296846011131725,0.0,32.4,239.0,0.0,111.0,369.0,278.0,50.0,31.0,502.0,486.0,512.0,2.037872954566788,vulnerable
multiple_runs_largerun_db_highthreat_20260410_030216.csv,multiple_runs_largerun_db_highthreat_20260410_030216.csv,816,959.0,1500.0,0.31282586027111575,40.87591240875913,0.0,34.2,316.0,0.0,392.0,205.0,15.0,3.0,28.0,478.0,513.0,509.0,2.037872954566788,resilient
multiple_runs_largerun_db_highthreat_20260410_030216.csv,multiple_runs_largerun_db_highthreat_20260410_030216.csv,817,985.0,1500.0,26.091370558375637,0.6091370558375634,0.0,32.6,56.0,0.0,6.0,262.0,374.0,257.0,30.0,498.0,489.0,513.0,2.037872954566788,vulnerable
multiple_runs_largerun_db_highthreat_20260410_030216.csv,multiple_runs_largerun_db_highthreat_20260410_030216.csv,818,973.0,1500.0,23.43268242548818,0.8221993833504625,0.0,31.333333333333336,65.0,0.0,8.0,278.0,370.0,228.0,24.0,469.0,470.0,561.0,2.037872954566788,vulnerable
multiple_runs_largerun_db_highthreat_20260410_030216.csv,multiple_runs_largerun_db_highthreat_20260410_030216.csv,819,918.0,1500.0,1.1982570806100217,35.62091503267974,0.0,29.933333333333334,302.0,0.0,327.0,184.0,42.0,11.0,52.0,516.0,449.0,535.0,2.037872954566788,resilient
multiple_runs_largerun_db_highthreat_20260410_030216.csv,multiple_runs_largerun_db_highthreat_20260410_030216.csv,820,1016.0,1500.0,26.279527559055115,1.0826771653543308,0.0,32.6,40.0,0.0,11.0,281.0,382.0,267.0,35.0,515.0,489.0,496.0,2.037872954566788,vulnerable
multiple_runs_largerun_db_highthreat_20260410_030216.csv,multiple_runs_largerun_db_highthreat_20260410_030216.csv,821,899.0,1500.0,25.917686318131256,0.8898776418242491,0.0,32.266666666666666,36.0,0.0,8.0,206.0,386.0,233.0,30.0,482.0,484.0,534.0,2.037872954566788,vulnerable
multiple_runs_largerun_db_highthreat_20260410_030216.csv,multiple_runs_largerun_db_highthreat_20260410_030216.csv,822,1011.0,1500.0,22.65084075173096,0.0,0.0,34.13333333333333,46.0,0.0,0.0,310.0,410.0,229.0,16.0,476.0,512.0,512.0,2.037872954566788,vulnerable
multiple_runs_largerun_db_highthreat_20260410_030216.csv,multiple_runs_largerun_db_highthreat_20260410_030216.csv,823,862.0,1500.0,0.0,36.07888631090487,0.0,31.6,319.0,0.0,311.0,130.0,62.0,0.0,40.0,485.0,474.0,541.0,2.037872954566788,resilient
multiple_runs_largerun_db_highthreat_20260410_030216.csv,multiple_runs_largerun_db_highthreat_20260410_030216.csv,824,984.0,1500.0,25.508130081300813,1.2195121951219512,0.0,34.66666666666667,52.0,0.0,12.0,234.0,404.0,251.0,31.0,490.0,520.0,490.0,2.037872954566788,vulnerable
multiple_runs_largerun_db_highthreat_20260410_030216.csv,multiple_runs_largerun_db_highthreat_20260410_030216.csv,825,1084.0,1500.0,0.09225092250922509,32.933579335793354,0.0,32.0,352.0,0.0,357.0,310.0,40.0,1.0,24.0,529.0,480.0,491.0,2.037872954566788,resilient
multiple_runs_largerun_db_highthreat_20260410_030216.csv,multiple_runs_largerun_db_highthreat_20260410_030216.csv,826,990.0,1500.0,1.2121212121212122,33.535353535353536,0.0,32.6,302.0,0.0,332.0,246.0,61.0,12.0,37.0,501.0,489.0,510.0,2.037872954566788,resilient
multiple_runs_largerun_db_highthreat_20260410_030216.csv,multiple_runs_largerun_db_highthreat_20260410_030216.csv,827,954.0,1500.0,25.471698113207548,1.3626834381551363,0.0,31.466666666666665,65.0,0.0,13.0,254.0,358.0,243.0,21.0,507.0,472.0,521.0,2.037872954566788,vulnerable
multiple_runs_largerun_db_highthreat_20260410_030216.csv,multiple_runs_largerun_db_highthreat_20260410_030216.csv,828,909.0,1500.0,0.0,33.663366336633665,0.0,31.933333333333337,298.0,0.0,306.0,209.0,64.0,0.0,32.0,502.0,479.0,519.0,2.037872954566788,resilient
multiple_runs_largerun_db_highthreat_20260410_030216.csv,multiple_runs_largerun_db_highthreat_20260410_030216.csv,829,1028.0,1500.0,1.6536964980544748,35.11673151750973,0.0,32.4,313.0,0.0,361.0,280.0,31.0,17.0,26.0,524.0,486.0,490.0,2.037872954566788,resilient
multiple_runs_largerun_db_highthreat_20260410_030216.csv,multiple_runs_largerun_db_highthreat_20260410_030216.csv,830,1004.0,1500.0,0.49800796812749004,37.45019920318725,0.0,34.46666666666667,298.0,0.0,376.0,250.0,39.0,5.0,36.0,491.0,517.0,492.0,2.037872954566788,resilient
multiple_runs_largerun_db_highthreat_20260410_030216.csv,multiple_runs_largerun_db_highthreat_20260410_030216.csv,831,1176.0,1500.0,12.329931972789115,1.7857142857142856,0.0,33.2,85.0,0.0,21.0,508.0,389.0,145.0,28.0,447.0,498.0,555.0,2.037872954566788,vulnerable
multiple_runs_largerun_db_highthreat_20260410_030216.csv,multiple_runs_largerun_db_highthreat_20260410_030216.csv,832,1056.0,1500.0,0.0,34.18560606060606,0.0,34.66666666666667,325.0,0.0,361.0,258.0,69.0,0.0,43.0,523.0,520.0,457.0,2.037872954566788,resilient
multiple_runs_largerun_db_highthreat_20260410_030216.csv,multiple_runs_largerun_db_highthreat_20260410_030216.csv,833,1069.0,1500.0,21.234798877455567,2.525724976613658,0.0,34.8,68.0,0.0,27.0,339.0,386.0,227.0,22.0,490.0,522.0,488.0,2.037872954566788,vulnerable
multiple_runs_largerun_db_highthreat_20260410_030216.csv,multiple_runs_largerun_db_highthreat_20260410_030216.csv,834,964.0,1500.0,25.0,0.3112033195020747,0.0,33.06666666666666,57.0,0.0,3.0,242.0,387.0,241.0,34.0,501.0,496.0,503.0,2.037872954566788,vulnerable
multiple_runs_largerun_db_highthreat_20260410_030216.csv,multiple_runs_largerun_db_highthreat_20260410_030216.csv,835,912.0,1500.0,29.385964912280706,0.0,0.0,30.933333333333334,41.0,0.0,0.0,198.0,384.0,268.0,21.0,495.0,464.0,541.0,2.037872954566788,vulnerable
multiple_runs_largerun_db_highthreat_20260410_030216.csv,multiple_runs_largerun_db_highthreat_20260410_030216.csv,836,873.0,1500.0,0.8018327605956471,41.1225658648339,0.0,29.666666666666668,327.0,0.0,359.0,140.0,3.0,7.0,37.0,532.0,445.0,523.0,2.037872954566788,resilient
multiple_runs_largerun_db_highthreat_20260410_030216.csv,multiple_runs_largerun_db_highthreat_20260410_030216.csv,837,1052.0,1500.0,23.00380228136882,1.4258555133079849,0.0,32.53333333333333,50.0,0.0,15.0,337.0,382.0,242.0,26.0,503.0,488.0,509.0,2.037872954566788,vulnerable
multiple_runs_largerun_db_highthreat_20260410_030216.csv,multiple_runs_largerun_db_highthreat_20260410_030216.csv,838,977.0,1500.0,0.0,34.08393039918117,0.0,32.13333333333333,297.0,0.0,333.0,250.0,57.0,0.0,40.0,491.0,482.0,527.0,2.037872954566788,resilient
multiple_runs_largerun_db_highthreat_20260410_030216.csv,multiple_runs_largerun_db_highthreat_20260410_030216.csv,839,1196.0,1500.0,22.49163879598662,11.37123745819398,0.0,30.333333333333336,26.0,0.0,136.0,498.0,231.0,269.0,36.0,498.0,455.0,547.0,2.037872954566788,vulnerable
multiple_runs_largerun_db_highthreat_20260410_030216.csv,multiple_runs_largerun_db_highthreat_20260410_030216.csv,840,983.0,1500.0,10.783316378433367,21.26144455747711,0.0,31.533333333333335,226.0,0.0,209.0,256.0,149.0,106.0,37.0,523.0,473.0,504.0,2.037872954566788,vulnerable
multiple_runs_largerun_db_highthreat_20260410_030216.csv,multiple_runs_largerun_db_highthreat_20260410_030216.csv,841,952.0,1500.0,21.428571428571427,0.0,0.0,31.933333333333337,28.0,0.0,0.0,285.0,396.0,204.0,39.0,460.0,479.0,561.0,2.037872954566788,vulnerable
multiple_runs_largerun_db_highthreat_20260410_030216.csv,multiple_runs_largerun_db_highthreat_20260410_030216.csv,842,1114.0,1500.0,12.208258527827647,15.439856373429084,0.0,32.33333333333333,150.0,0.0,172.0,397.0,217.0,136.0,42.0,507.0,485.0,508.0,2.037872954566788,vulnerable
multiple_runs_largerun_db_highthreat_20260410_030216.csv,multiple_runs_largerun_db_highthreat_20260410_030216.csv,843,937.0,1500.0,26.57417289220918,1.92102454642476,0.0,35.266666666666666,41.0,0.0,18.0,203.0,399.0,249.0,27.0,493.0,529.0,478.0,2.037872954566788,vulnerable
multiple_runs_largerun_db_highthreat_20260410_030216.csv,multiple_runs_largerun_db_highthreat_20260410_030216.csv,844,1268.0,1500.0,19.16403785488959,2.444794952681388,0.0,33.46666666666667,60.0,0.0,31.0,540.0,369.0,243.0,25.0,502.0,502.0,496.0,2.037872954566788,vulnerable
multiple_runs_largerun_db_highthreat_20260410_030216.csv,multiple_runs_largerun_db_highthreat_20260410_030216.csv,845,1050.0,1500.0,22.666666666666664,0.0,0.0,32.53333333333333,35.0,0.0,0.0,341.0,399.0,238.0,37.0,499.0,488.0,513.0,2.037872954566788,vulnerable
multiple_runs_largerun_db_highthreat_20260410_030216.csv,multiple_runs_largerun_db_highthreat_20260410_030216.csv,846,1000.0,1500.0,25.4,1.7000000000000002,0.0,33.2,45.0,0.0,17.0,283.0,370.0,254.0,31.0,506.0,498.0,496.0,2.037872954566788,vulnerable
multiple_runs_largerun_db_highthreat_20260410_030216.csv,multiple_runs_largerun_db_highthreat_20260410_030216.csv,847,1038.0,1500.0,23.314065510597302,0.674373795761079,0.0,32.6,31.0,0.0,7.0,329.0,393.0,242.0,36.0,481.0,489.0,530.0,2.037872954566788,vulnerable
multiple_runs_largerun_db_highthreat_20260410_030216.csv,multiple_runs_largerun_db_highthreat_20260410_030216.csv,848,906.0,1500.0,0.11037527593818984,41.390728476821195,0.0,34.46666666666667,273.0,0.0,375.0,182.0,39.0,1.0,36.0,460.0,517.0,523.0,2.037872954566788,resilient
multiple_runs_largerun_db_highthreat_20260410_030216.csv,multiple_runs_largerun_db_highthreat_20260410_030216.csv,849,1024.0,1500.0,0.0,37.890625,0.0,32.2,312.0,0.0,388.0,285.0,6.0,0.0,33.0,508.0,483.0,509.0,2.037872954566788,resilient
multiple_runs_largerun_db_highthreat_20260410_030216.csv,multiple_runs_largerun_db_highthreat_20260410_030216.csv,850,948.0,1500.0,27.531645569620256,0.21097046413502107,0.0,34.2,39.0,0.0,2.0,223.0,398.0,261.0,25.0,469.0,513.0,518.0,2.037872954566788,vulnerable
multiple_runs_largerun_db_highthreat_20260410_030216.csv,multiple_runs_largerun_db_highthreat_20260410_030216.csv,851,1320.0,1500.0,17.196969696969695,2.5757575757575757,0.0,33.6,68.0,0.0,34.0,602.0,370.0,227.0,19.0,491.0,504.0,505.0,2.037872954566788,vulnerable
multiple_runs_largerun_db_highthreat_20260410_030216.csv,multiple_runs_largerun_db_highthreat_20260410_030216.csv,852,914.0,1500.0,28.555798687089716,2.954048140043764,0.0,34.06666666666667,68.0,0.0,27.0,153.0,380.0,261.0,25.0,495.0,511.0,494.0,2.037872954566788,vulnerable
multiple_runs_largerun_db_highthreat_20260410_030216.csv,multiple_runs_largerun_db_highthreat_20260410_030216.csv,853,987.0,1500.0,26.13981762917933,0.4052684903748734,0.0,33.6,46.0,0.0,4.0,233.0,409.0,258.0,37.0,480.0,504.0,516.0,2.037872954566788,vulnerable
multiple_runs_largerun_db_highthreat_20260410_030216.csv,multiple_runs_largerun_db_highthreat_20260410_030216.csv,854,1056.0,1500.0,21.875,2.840909090909091,0.0,32.666666666666664,62.0,0.0,30.0,329.0,372.0,231.0,32.0,497.0,490.0,513.0,2.037872954566788,vulnerable
multiple_runs_largerun_db_highthreat_20260410_030216.csv,multiple_runs_largerun_db_highthreat_20260410_030216.csv,855,1222.0,1500.0,14.566284779050736,8.183306055646481,0.0,34.2,111.0,0.0,100.0,481.0,310.0,178.0,42.0,500.0,513.0,487.0,2.037872954566788,vulnerable
multiple_runs_largerun_db_highthreat_20260410_030216.csv,multiple_runs_largerun_db_highthreat_20260410_030216.csv,856,917.0,1500.0,0.21810250817884408,40.67611777535441,0.0,32.0,322.0,0.0,373.0,183.0,8.0,2.0,29.0,488.0,480.0,532.0,2.037872954566788,resilient
multiple_runs_largerun_db_highthreat_20260410_030216.csv,multiple_runs_largerun_db_highthreat_20260410_030216.csv,857,1323.0,1500.0,17.08238851095994,4.308390022675737,0.0,32.800000000000004,73.0,0.0,57.0,598.0,331.0,226.0,38.0,493.0,492.0,515.0,2.037872954566788,vulnerable
multiple_runs_largerun_db_highthreat_20260410_030216.csv,multiple_runs_largerun_db_highthreat_20260410_030216.csv,858,985.0,1500.0,23.95939086294416,0.20304568527918782,0.0,32.46666666666667,52.0,0.0,2.0,262.0,390.0,236.0,43.0,493.0,487.0,520.0,2.037872954566788,vulnerable
multiple_runs_largerun_db_highthreat_20260410_030216.csv,multiple_runs_largerun_db_highthreat_20260410_030216.csv,859,1275.0,1500.0,19.450980392156865,1.2549019607843137,0.0784313725490196,33.6,62.0,1.0,16.0,535.0,388.0,248.0,25.0,487.0,504.0,509.0,2.037872954566788,vulnerable
multiple_runs_largerun_db_highthreat_20260410_030216.csv,multiple_runs_largerun_db_highthreat_20260410_030216.csv,860,1140.0,1500.0,17.45614035087719,2.719298245614035,0.0,32.93333333333333,88.0,0.0,31.0,419.0,357.0,199.0,46.0,500.0,494.0,506.0,2.037872954566788,vulnerable
multiple_runs_largerun_db_highthreat_20260410_030216.csv,multiple_runs_largerun_db_highthreat_20260410_030216.csv,861,1206.0,1500.0,17.66169154228856,2.404643449419569,0.0,35.13333333333333,76.0,0.0,29.0,467.0,385.0,213.0,36.0,499.0,527.0,474.0,2.037872954566788,vulnerable
multiple_runs_largerun_db_highthreat_20260410_030216.csv,multiple_runs_largerun_db_highthreat_20260410_030216.csv,862,1168.0,1500.0,8.98972602739726,12.756849315068495,0.0,33.733333333333334,177.0,0.0,149.0,430.0,265.0,105.0,42.0,482.0,506.0,512.0,2.037872954566788,vulnerable
multiple_runs_largerun_db_highthreat_20260410_030216.csv,multiple_runs_largerun_db_highthreat_20260410_030216.csv,863,1162.0,1500.0,5.163511187607573,17.64199655765921,0.0,34.66666666666667,236.0,0.0,205.0,420.0,209.0,60.0,32.0,482.0,520.0,498.0,2.037872954566788,vulnerable
multiple_runs_largerun_db_highthreat_20260410_030216.csv,multiple_runs_largerun_db_highthreat_20260410_030216.csv,864,1386.0,1500.0,19.336219336219337,1.0101010101010102,0.0,33.53333333333333,44.0,0.0,14.0,641.0,383.0,268.0,36.0,505.0,503.0,492.0,2.037872954566788,vulnerable
multiple_runs_largerun_db_highthreat_20260410_030216.csv,multiple_runs_largerun_db_highthreat_20260410_030216.csv,865,890.0,1500.0,1.6853932584269662,39.21348314606742,0.0,32.733333333333334,295.0,0.0,349.0,150.0,51.0,15.0,30.0,497.0,491.0,512.0,2.037872954566788,resilient
multiple_runs_largerun_db_highthreat_20260410_030216.csv,multiple_runs_largerun_db_highthreat_20260410_030216.csv,866,1118.0,1500.0,8.85509838998211,12.432915921288014,0.0,31.4,204.0,0.0,139.0,404.0,235.0,99.0,37.0,516.0,471.0,513.0,2.037872954566788,vulnerable
multiple_runs_largerun_db_highthreat_20260410_030216.csv,multiple_runs_largerun_db_highthreat_20260410_030216.csv,867,1062.0,1500.0,22.78719397363465,2.354048964218456,0.0,33.0,71.0,0.0,25.0,322.0,368.0,242.0,34.0,494.0,495.0,511.0,2.037872954566788,vulnerable
multiple_runs_largerun_db_highthreat_20260410_030216.csv,multiple_runs_largerun_db_highthreat_20260410_030216.csv,868,931.0,1500.0,28.356605800214822,1.3963480128893664,0.0,32.06666666666666,38.0,0.0,13.0,219.0,372.0,264.0,25.0,493.0,481.0,526.0,2.037872954566788,vulnerable
multiple_runs_largerun_db_highthreat_20260410_030216.csv,multiple_runs_largerun_db_highthreat_20260410_030216.csv,869,1023.0,1500.0,0.5865102639296188,34.21309872922776,0.0,32.800000000000004,299.0,0.0,350.0,265.0,65.0,6.0,38.0,522.0,492.0,486.0,2.037872954566788,resilient
multiple_runs_largerun_db_highthreat_20260410_030216.csv,multiple_runs_largerun_db_highthreat_20260410_030216.csv,870,950.0,1500.0,1.0526315789473684,39.68421052631579,0.0,34.333333333333336,286.0,0.0,377.0,236.0,24.0,10.0,17.0,473.0,515.0,512.0,2.037872954566788,resilient
multiple_runs_largerun_db_highthreat_20260410_030216.csv,multiple_runs_largerun_db_highthreat_20260410_030216.csv,871,1034.0,1500.0,0.0,35.009671179883945,0.0,33.800000000000004,300.0,0.0,362.0,287.0,37.0,0.0,48.0,488.0,507.0,505.0,2.037872954566788,resilient
multiple_runs_largerun_db_highthreat_20260410_030216.csv,multiple_runs_largerun_db_highthreat_20260410_030216.csv,872,1202.0,1500.0,21.713810316139767,2.329450915141431,0.0,34.4,59.0,0.0,28.0,450.0,384.0,261.0,20.0,492.0,516.0,492.0,2.037872954566788,vulnerable
multiple_runs_largerun_db_highthreat_20260410_030216.csv,multiple_runs_largerun_db_highthreat_20260410_030216.csv,873,943.0,1500.0,0.10604453870625664,35.100742311770944,0.0,31.2,306.0,0.0,331.0,233.0,31.0,1.0,41.0,525.0,468.0,507.0,2.037872954566788,resilient
multiple_runs_largerun_db_highthreat_20260410_030216.csv,multiple_runs_largerun_db_highthreat_20260410_030216.csv,874,950.0,1500.0,1.1578947368421053,28.631578947368418,0.0,31.333333333333336,299.0,0.0,272.0,237.0,99.0,11.0,32.0,517.0,470.0,513.0,2.037872954566788,resilient
multiple_runs_largerun_db_highthreat_20260410_030216.csv,multiple_runs_largerun_db_highthreat_20260410_030216.csv,875,881.0,1500.0,0.4540295119182747,41.99772985244041,0.0,33.13333333333333,300.0,0.0,370.0,159.0,18.0,4.0,30.0,495.0,497.0,508.0,2.037872954566788,resilient
multiple_runs_largerun_db_highthreat_20260410_030216.csv,multiple_runs_largerun_db_highthreat_20260410_030216.csv,876,1058.0,1500.0,26.27599243856333,0.6616257088846881,0.0,31.933333333333337,58.0,0.0,7.0,321.0,372.0,278.0,22.0,532.0,479.0,489.0,2.037872954566788,vulnerable
multiple_runs_largerun_db_highthreat_20260410_030216.csv,multiple_runs_largerun_db_highthreat_20260410_030216.csv,877,1149.0,1500.0,16.710182767624023,7.5718015665796345,0.0,33.06666666666666,102.0,0.0,87.0,440.0,302.0,192.0,26.0,495.0,496.0,509.0,2.037872954566788,vulnerable
multiple_runs_largerun_db_highthreat_20260410_030216.csv,multiple_runs_largerun_db_highthreat_20260410_030216.csv,878,1084.0,1500.0,24.261992619926197,0.5535055350553505,0.0,33.2,46.0,0.0,6.0,355.0,388.0,263.0,26.0,492.0,498.0,510.0,2.037872954566788,vulnerable
multiple_runs_largerun_db_highthreat_20260410_030216.csv,multiple_runs_largerun_db_highthreat_20260410_030216.csv,879,1103.0,1500.0,23.390752493200363,1.087941976427924,0.0,32.0,39.0,0.0,12.0,386.0,373.0,258.0,35.0,513.0,480.0,507.0,2.037872954566788,vulnerable
multiple_runs_largerun_db_highthreat_20260410_030216.csv,multiple_runs_largerun_db_highthreat_20260410_030216.csv,880,945.0,1500.0,27.936507936507937,1.0582010582010581,0.0,32.0,47.0,0.0,10.0,209.0,382.0,264.0,33.0,523.0,480.0,497.0,2.037872954566788,vulnerable
multiple_runs_largerun_db_highthreat_20260410_030216.csv,multiple_runs_largerun_db_highthreat_20260410_030216.csv,881,1031.0,1500.0,22.114451988360813,0.7759456838021339,0.0,32.733333333333334,70.0,0.0,8.0,301.0,385.0,228.0,39.0,511.0,491.0,498.0,2.037872954566788,vulnerable
multiple_runs_largerun_db_highthreat_20260410_030216.csv,multiple_runs_largerun_db_highthreat_20260410_030216.csv,882,1142.0,1500.0,5.253940455341506,13.572679509632223,0.0,35.333333333333336,190.0,0.0,155.0,429.0,273.0,60.0,35.0,473.0,530.0,497.0,2.037872954566788,vulnerable
multiple_runs_largerun_db_highthreat_20260410_030216.csv,multiple_runs_largerun_db_highthreat_20260410_030216.csv,883,995.0,1500.0,1.507537688442211,34.57286432160804,0.0,32.4,304.0,0.0,344.0,249.0,49.0,15.0,34.0,519.0,486.0,495.0,2.037872954566788,resilient
multiple_runs_largerun_db_highthreat_20260410_030216.csv,multiple_runs_largerun_db_highthreat_20260410_030216.csv,884,1207.0,1500.0,5.550952775476388,15.907207953603978,0.0,33.93333333333333,216.0,0.0,192.0,467.0,222.0,67.0,43.0,505.0,509.0,486.0,2.037872954566788,vulnerable
multiple_runs_largerun_db_highthreat_20260410_030216.csv,multiple_runs_largerun_db_highthreat_20260410_030216.csv,885,952.0,1500.0,28.57142857142857,1.1554621848739497,0.0,31.866666666666667,47.0,0.0,11.0,213.0,378.0,272.0,31.0,517.0,478.0,505.0,2.037872954566788,vulnerable
multiple_runs_largerun_db_highthreat_20260410_030216.csv,multiple_runs_largerun_db_highthreat_20260410_030216.csv,886,1160.0,1500.0,17.67241379310345,13.534482758620689,0.0,33.6,112.0,0.0,157.0,418.0,227.0,205.0,41.0,508.0,504.0,488.0,2.037872954566788,vulnerable
multiple_runs_largerun_db_highthreat_20260410_030216.csv,multiple_runs_largerun_db_highthreat_20260410_030216.csv,887,1179.0,1500.0,6.615776081424936,14.75826972010178,0.0,31.866666666666667,232.0,0.0,174.0,442.0,214.0,78.0,39.0,499.0,478.0,523.0,2.037872954566788,vulnerable
multiple_runs_largerun_db_highthreat_20260410_030216.csv,multiple_runs_largerun_db_highthreat_20260410_030216.csv,888,971.0,1500.0,0.0,33.573635427394436,0.0,31.533333333333335,273.0,0.0,326.0,272.0,55.0,0.0,45.0,498.0,473.0,529.0,2.037872954566788,resilient
multiple_runs_largerun_db_highthreat_20260410_030216.csv,multiple_runs_largerun_db_highthreat_20260410_030216.csv,889,983.0,1500.0,0.10172939979654119,31.536113936927773,0.0,33.86666666666667,279.0,0.0,310.0,254.0,100.0,1.0,39.0,465.0,508.0,527.0,2.037872954566788,resilient
multiple_runs_largerun_db_highthreat_20260410_030216.csv,multiple_runs_largerun_db_highthreat_20260410_030216.csv,890,1022.0,1500.0,26.320939334637966,0.0,0.0,33.2,57.0,0.0,0.0,282.0,389.0,269.0,25.0,493.0,498.0,509.0,2.037872954566788,vulnerable
multiple_runs_largerun_db_highthreat_20260410_030216.csv,multiple_runs_largerun_db_highthreat_20260410_030216.csv,891,1009.0,1500.0,26.957383548067394,0.5946481665014867,0.0,33.06666666666666,71.0,0.0,6.0,248.0,388.0,272.0,24.0,540.0,496.0,464.0,2.037872954566788,vulnerable
multiple_runs_largerun_db_highthreat_20260410_030216.csv,multiple_runs_largerun_db_highthreat_20260410_030216.csv,892,951.0,1500.0,0.0,38.27549947423765,0.0,31.466666666666665,301.0,0.0,364.0,232.0,18.0,0.0,36.0,496.0,472.0,532.0,2.037872954566788,resilient
multiple_runs_largerun_db_highthreat_20260410_030216.csv,multiple_runs_largerun_db_highthreat_20260410_030216.csv,893,1292.0,1500.0,12.15170278637771,4.489164086687306,0.0,34.46666666666667,116.0,0.0,58.0,571.0,355.0,157.0,35.0,460.0,517.0,523.0,2.037872954566788,vulnerable
multiple_runs_largerun_db_highthreat_20260410_030216.csv,multiple_runs_largerun_db_highthreat_20260410_030216.csv,894,865.0,1500.0,27.976878612716767,0.11560693641618498,0.0,33.733333333333334,47.0,0.0,1.0,154.0,395.0,242.0,26.0,475.0,506.0,519.0,2.037872954566788,vulnerable
multiple_runs_largerun_db_highthreat_20260410_030216.csv,multiple_runs_largerun_db_highthreat_20260410_030216.csv,895,987.0,1500.0,0.0,37.38601823708207,0.0,31.333333333333336,310.0,0.0,369.0,262.0,10.0,0.0,36.0,512.0,470.0,518.0,2.037872954566788,resilient
multiple_runs_largerun_db_highthreat_20260410_030216.csv,multiple_runs_largerun_db_highthreat_20260410_030216.csv,896,976.0,1500.0,26.84426229508197,0.9221311475409836,0.0,32.33333333333333,40.0,0.0,9.0,265.0,370.0,262.0,30.0,503.0,485.0,512.0,2.037872954566788,vulnerable
multiple_runs_largerun_db_highthreat_20260410_030216.csv,multiple_runs_largerun_db_highthreat_20260410_030216.csv,897,1113.0,1500.0,19.137466307277627,1.257861635220126,0.0,34.333333333333336,85.0,0.0,14.0,379.0,394.0,213.0,28.0,480.0,515.0,505.0,2.037872954566788,vulnerable
multiple_runs_largerun_db_highthreat_20260410_030216.csv,multiple_runs_largerun_db_highthreat_20260410_030216.csv,898,942.0,1500.0,0.42462845010615713,28.768577494692142,0.0,32.266666666666666,251.0,0.0,271.0,280.0,97.0,4.0,39.0,458.0,484.0,558.0,2.037872954566788,resilient
multiple_runs_largerun_db_highthreat_20260410_030216.csv,multiple_runs_largerun_db_highthreat_20260410_030216.csv,899,1052.0,1500.0,24.334600760456272,6.55893536121673,0.0,30.933333333333334,72.0,0.0,69.0,313.0,315.0,256.0,27.0,510.0,464.0,526.0,2.037872954566788,vulnerable
multiple_runs_largerun_db_highthreat_20260410_030216.csv,multiple_runs_largerun_db_highthreat_20260410_030216.csv,900,983.0,1500.0,0.0,38.96236012207528,0.10172939979654119,32.46666666666667,302.0,1.0,383.0,260.0,9.0,0.0,28.0,475.0,487.0,538.0,2.037872954566788,resilient
multiple_runs_largerun_db_highthreat_20260410_030216.csv,multiple_runs_largerun_db_highthreat_20260410_030216.csv,901,964.0,1500.0,0.0,40.871369294605806,0.0,34.06666666666667,300.0,0.0,394.0,211.0,19.0,0.0,40.0,485.0,511.0,504.0,2.037872954566788,resilient
multiple_runs_largerun_db_highthreat_20260410_030216.csv,multiple_runs_largerun_db_highthreat_20260410_030216.csv,902,961.0,1500.0,0.41623309053069724,38.29344432882414,0.0,34.333333333333336,304.0,0.0,368.0,200.0,40.0,4.0,45.0,490.0,515.0,495.0,2.037872954566788,resilient
multiple_runs_largerun_db_highthreat_20260410_030216.csv,multiple_runs_largerun_db_highthreat_20260410_030216.csv,903,1188.0,1500.0,13.552188552188552,6.6498316498316505,0.0,33.33333333333333,112.0,0.0,79.0,486.0,318.0,161.0,32.0,509.0,500.0,491.0,2.037872954566788,vulnerable
multiple_runs_largerun_db_highthreat_20260410_030216.csv,multiple_runs_largerun_db_highthreat_20260410_030216.csv,904,1117.0,1500.0,19.964189794091318,0.08952551477170993,0.0,33.13333333333333,63.0,0.0,1.0,402.0,401.0,223.0,27.0,499.0,497.0,504.0,2.037872954566788,vulnerable
multiple_runs_largerun_db_highthreat_20260410_030216.csv,multiple_runs_largerun_db_highthreat_20260410_030216.csv,905,1184.0,1500.0,24.83108108108108,1.3513513513513513,0.0,32.33333333333333,40.0,0.0,16.0,445.0,368.0,294.0,21.0,526.0,485.0,489.0,2.037872954566788,vulnerable
multiple_runs_largerun_db_highthreat_20260410_030216.csv,multiple_runs_largerun_db_highthreat_20260410_030216.csv,906,1001.0,1500.0,0.7992007992007992,36.36363636363637,0.0,33.0,302.0,0.0,364.0,256.0,38.0,8.0,33.0,508.0,495.0,497.0,2.037872954566788,resilient
multiple_runs_largerun_db_highthreat_20260410_030216.csv,multiple_runs_largerun_db_highthreat_20260410_030216.csv,907,1188.0,1500.0,19.023569023569024,3.787878787878788,0.0,33.13333333333333,53.0,0.0,45.0,489.0,343.0,226.0,32.0,484.0,497.0,519.0,2.037872954566788,vulnerable
multiple_runs_largerun_db_highthreat_20260410_030216.csv,multiple_runs_largerun_db_highthreat_20260410_030216.csv,908,874.0,1500.0,0.6864988558352403,36.61327231121281,0.0,34.06666666666667,309.0,0.0,320.0,115.0,83.0,6.0,41.0,483.0,511.0,506.0,2.037872954566788,resilient
multiple_runs_largerun_db_highthreat_20260410_030216.csv,multiple_runs_largerun_db_highthreat_20260410_030216.csv,909,882.0,1500.0,0.7936507936507936,39.909297052154194,0.0,33.33333333333333,322.0,0.0,352.0,125.0,36.0,7.0,40.0,495.0,500.0,505.0,2.037872954566788,resilient
multiple_runs_largerun_db_highthreat_20260410_030216.csv,multiple_runs_largerun_db_highthreat_20260410_030216.csv,910,1199.0,1500.0,11.509591326105086,2.2518765638031693,0.16680567139282734,35.13333333333333,153.0,2.0,27.0,465.0,386.0,138.0,28.0,482.0,527.0,491.0,2.037872954566788,vulnerable
multiple_runs_largerun_db_highthreat_20260410_030216.csv,multiple_runs_largerun_db_highthreat_20260410_030216.csv,911,1004.0,1500.0,21.812749003984063,0.199203187250996,0.0,32.266666666666666,88.0,0.0,2.0,284.0,386.0,219.0,25.0,504.0,484.0,512.0,2.037872954566788,vulnerable
multiple_runs_largerun_db_highthreat_20260410_030216.csv,multiple_runs_largerun_db_highthreat_20260410_030216.csv,912,1084.0,1500.0,6.4575645756457565,16.328413284132843,0.0,34.53333333333333,200.0,0.0,177.0,377.0,224.0,70.0,36.0,474.0,518.0,508.0,2.037872954566788,vulnerable
multiple_runs_largerun_db_highthreat_20260410_030216.csv,multiple_runs_largerun_db_highthreat_20260410_030216.csv,913,950.0,1500.0,24.31578947368421,0.8421052631578947,0.0,32.46666666666667,48.0,0.0,8.0,243.0,386.0,231.0,34.0,468.0,487.0,545.0,2.037872954566788,vulnerable
multiple_runs_largerun_db_highthreat_20260410_030216.csv,multiple_runs_largerun_db_highthreat_20260410_030216.csv,914,935.0,1500.0,32.51336898395722,0.10695187165775401,0.0,32.33333333333333,49.0,0.0,1.0,178.0,387.0,304.0,16.0,527.0,485.0,488.0,2.037872954566788,vulnerable
multiple_runs_largerun_db_highthreat_20260410_030216.csv,multiple_runs_largerun_db_highthreat_20260410_030216.csv,915,985.0,1500.0,27.30964467005076,1.2182741116751268,0.0,32.733333333333334,41.0,0.0,12.0,255.0,384.0,269.0,24.0,505.0,491.0,504.0,2.037872954566788,vulnerable
multiple_runs_largerun_db_highthreat_20260410_030216.csv,multiple_runs_largerun_db_highthreat_20260410_030216.csv,916,813.0,1500.0,0.8610086100861009,48.33948339483395,0.0,33.33333333333333,294.0,0.0,393.0,59.0,21.0,7.0,39.0,497.0,500.0,503.0,2.037872954566788,resilient
multiple_runs_largerun_db_highthreat_20260410_030216.csv,multiple_runs_largerun_db_highthreat_20260410_030216.csv,917,1074.0,1500.0,0.0,34.82309124767225,0.0,34.599999999999994,312.0,0.0,374.0,306.0,52.0,0.0,30.0,488.0,519.0,493.0,2.037872954566788,resilient
multiple_runs_largerun_db_highthreat_20260410_030216.csv,multiple_runs_largerun_db_highthreat_20260410_030216.csv,918,1264.0,1500.0,15.110759493670885,4.272151898734177,0.0,32.733333333333334,76.0,0.0,54.0,576.0,342.0,191.0,25.0,465.0,491.0,544.0,2.037872954566788,vulnerable
multiple_runs_largerun_db_highthreat_20260410_030216.csv,multiple_runs_largerun_db_highthreat_20260410_030216.csv,919,998.0,1500.0,0.7014028056112225,37.37474949899799,0.0,33.4,269.0,0.0,373.0,285.0,36.0,7.0,28.0,482.0,501.0,517.0,2.037872954566788,resilient
multiple_runs_largerun_db_highthreat_20260410_030216.csv,multiple_runs_largerun_db_highthreat_20260410_030216.csv,920,1376.0,1500.0,19.912790697674417,0.944767441860465,0.0,33.0,43.0,0.0,13.0,642.0,371.0,274.0,33.0,492.0,495.0,513.0,2.037872954566788,vulnerable
multiple_runs_largerun_db_highthreat_20260410_030216.csv,multiple_runs_largerun_db_highthreat_20260410_030216.csv,921,997.0,1500.0,0.0,29.488465396188566,0.0,32.666666666666664,268.0,0.0,294.0,299.0,100.0,0.0,36.0,473.0,490.0,537.0,2.037872954566788,resilient
multiple_runs_largerun_db_highthreat_20260410_030216.csv,multiple_runs_largerun_db_highthreat_20260410_030216.csv,922,1178.0,1500.0,19.35483870967742,0.6791171477079796,0.0,32.53333333333333,68.0,0.0,8.0,475.0,381.0,228.0,18.0,484.0,488.0,528.0,2.037872954566788,vulnerable
multiple_runs_largerun_db_highthreat_20260410_030216.csv,multiple_runs_largerun_db_highthreat_20260410_030216.csv,923,951.0,1500.0,0.10515247108307045,39.64248159831756,0.0,34.13333333333333,321.0,0.0,377.0,186.0,28.0,1.0,38.0,490.0,512.0,498.0,2.037872954566788,resilient
multiple_runs_largerun_db_highthreat_20260410_030216.csv,multiple_runs_largerun_db_highthreat_20260410_030216.csv,924,1027.0,1500.0,23.953261927945473,0.7789678675754625,0.0,31.333333333333336,63.0,0.0,8.0,298.0,370.0,246.0,42.0,516.0,470.0,514.0,2.037872954566788,vulnerable
multiple_runs_largerun_db_highthreat_20260410_030216.csv,multiple_runs_largerun_db_highthreat_20260410_030216.csv,925,1031.0,1500.0,23.95732298739088,0.4849660523763337,0.0,32.800000000000004,62.0,0.0,5.0,281.0,392.0,247.0,44.0,492.0,492.0,516.0,2.037872954566788,vulnerable
multiple_runs_largerun_db_highthreat_20260410_030216.csv,multiple_runs_largerun_db_highthreat_20260410_030216.csv,926,1054.0,1500.0,21.347248576850095,1.5180265654648957,0.0,33.733333333333334,51.0,0.0,16.0,341.0,388.0,225.0,33.0,471.0,506.0,523.0,2.037872954566788,vulnerable
multiple_runs_largerun_db_highthreat_20260410_030216.csv,multiple_runs_largerun_db_highthreat_20260410_030216.csv,927,1120.0,1500.0,20.714285714285715,1.9642857142857142,0.0,32.46666666666667,57.0,0.0,22.0,405.0,373.0,232.0,31.0,498.0,487.0,515.0,2.037872954566788,vulnerable
multiple_runs_largerun_db_highthreat_20260410_030216.csv,multiple_runs_largerun_db_highthreat_20260410_030216.csv,928,947.0,1500.0,26.927138331573392,2.0063357972544877,0.0,33.06666666666666,39.0,0.0,19.0,230.0,379.0,255.0,25.0,482.0,496.0,522.0,2.037872954566788,vulnerable
multiple_runs_largerun_db_highthreat_20260410_030216.csv,multiple_runs_largerun_db_highthreat_20260410_030216.csv,929,900.0,1500.0,0.0,34.44444444444444,0.0,31.4,291.0,0.0,310.0,194.0,72.0,0.0,33.0,479.0,471.0,550.0,2.037872954566788,resilient
multiple_runs_largerun_db_highthreat_20260410_030216.csv,multiple_runs_largerun_db_highthreat_20260410_030216.csv,930,964.0,1500.0,26.6597510373444,1.0373443983402488,0.0,34.599999999999994,31.0,0.0,10.0,228.0,417.0,257.0,21.0,468.0,519.0,513.0,2.037872954566788,vulnerable
multiple_runs_largerun_db_highthreat_20260410_030216.csv,multiple_runs_largerun_db_highthreat_20260410_030216.csv,931,1218.0,1500.0,17.898193760262725,3.858784893267652,0.0,31.333333333333336,95.0,0.0,47.0,498.0,329.0,218.0,31.0,515.0,470.0,515.0,2.037872954566788,vulnerable
multiple_runs_largerun_db_highthreat_20260410_030216.csv,multiple_runs_largerun_db_highthreat_20260410_030216.csv,932,858.0,1500.0,1.282051282051282,42.19114219114219,0.0,34.13333333333333,292.0,0.0,362.0,112.0,48.0,11.0,33.0,502.0,512.0,486.0,2.037872954566788,resilient
multiple_runs_largerun_db_highthreat_20260410_030216.csv,multiple_runs_largerun_db_highthreat_20260410_030216.csv,933,909.0,1500.0,3.1903190319031904,41.254125412541256,0.0,33.266666666666666,266.0,0.0,375.0,190.0,24.0,29.0,25.0,490.0,499.0,511.0,2.037872954566788,vulnerable
multiple_runs_largerun_db_highthreat_20260410_030216.csv,multiple_runs_largerun_db_highthreat_20260410_030216.csv,934,1047.0,1500.0,0.6685768863419294,29.894937917860553,0.0,34.46666666666667,279.0,0.0,313.0,303.0,108.0,7.0,37.0,484.0,517.0,499.0,2.037872954566788,resilient
multiple_runs_largerun_db_highthreat_20260410_030216.csv,multiple_runs_largerun_db_highthreat_20260410_030216.csv,935,943.0,1500.0,1.9088016967126193,32.44962884411453,0.0,31.8,291.0,0.0,306.0,223.0,70.0,18.0,35.0,491.0,477.0,532.0,2.037872954566788,resilient
multiple_runs_largerun_db_highthreat_20260410_030216.csv,multiple_runs_largerun_db_highthreat_20260410_030216.csv,936,809.0,1500.0,2.595797280593325,44.9938195302843,0.0,31.4,314.0,0.0,364.0,59.0,7.0,21.0,44.0,515.0,471.0,514.0,2.037872954566788,vulnerable
multiple_runs_largerun_db_highthreat_20260410_030216.csv,multiple_runs_largerun_db_highthreat_20260410_030216.csv,937,1306.0,1500.0,16.69218989280245,0.38284839203675347,0.0,33.666666666666664,52.0,0.0,5.0,594.0,407.0,218.0,30.0,461.0,505.0,534.0,2.037872954566788,vulnerable
multiple_runs_largerun_db_highthreat_20260410_030216.csv,multiple_runs_largerun_db_highthreat_20260410_030216.csv,938,931.0,1500.0,28.24919441460795,0.4296455424274973,0.0,32.33333333333333,39.0,0.0,4.0,219.0,372.0,263.0,34.0,497.0,485.0,518.0,2.037872954566788,vulnerable
multiple_runs_largerun_db_highthreat_20260410_030216.csv,multiple_runs_largerun_db_highthreat_20260410_030216.csv,939,882.0,1500.0,0.0,43.87755102040816,0.0,34.333333333333336,318.0,0.0,387.0,120.0,27.0,0.0,30.0,504.0,515.0,481.0,2.037872954566788,resilient
multiple_runs_largerun_db_highthreat_20260410_030216.csv,multiple_runs_largerun_db_highthreat_20260410_030216.csv,940,897.0,1500.0,0.0,37.01226309921962,0.0,35.0,293.0,0.0,332.0,151.0,84.0,0.0,37.0,467.0,525.0,508.0,2.037872954566788,resilient
multiple_runs_largerun_db_highthreat_20260410_030216.csv,multiple_runs_largerun_db_highthreat_20260410_030216.csv,941,1045.0,1500.0,21.72248803827751,1.1483253588516746,0.0,33.53333333333333,57.0,0.0,12.0,324.0,398.0,227.0,27.0,472.0,503.0,525.0,2.037872954566788,vulnerable
multiple_runs_largerun_db_highthreat_20260410_030216.csv,multiple_runs_largerun_db_highthreat_20260410_030216.csv,942,1055.0,1500.0,21.61137440758294,0.18957345971563982,0.0,33.800000000000004,63.0,0.0,2.0,334.0,406.0,228.0,22.0,461.0,507.0,532.0,2.037872954566788,vulnerable
multiple_runs_largerun_db_highthreat_20260410_030216.csv,multiple_runs_largerun_db_highthreat_20260410_030216.csv,943,1140.0,1500.0,7.80701754385965,17.45614035087719,0.0,33.800000000000004,202.0,0.0,199.0,426.0,198.0,89.0,26.0,490.0,507.0,503.0,2.037872954566788,vulnerable
multiple_runs_largerun_db_highthreat_20260410_030216.csv,multiple_runs_largerun_db_highthreat_20260410_030216.csv,944,925.0,1500.0,0.21621621621621623,40.10810810810811,0.0,33.06666666666666,326.0,0.0,371.0,174.0,23.0,2.0,29.0,489.0,496.0,515.0,2.037872954566788,resilient
multiple_runs_largerun_db_highthreat_20260410_030216.csv,multiple_runs_largerun_db_highthreat_20260410_030216.csv,945,1145.0,1500.0,6.899563318777292,10.91703056768559,0.0,33.666666666666664,215.0,0.0,125.0,406.0,292.0,79.0,28.0,485.0,505.0,510.0,2.037872954566788,vulnerable
multiple_runs_largerun_db_highthreat_20260410_030216.csv,multiple_runs_largerun_db_highthreat_20260410_030216.csv,946,808.0,1500.0,0.7425742574257426,47.277227722772274,0.0,32.93333333333333,324.0,0.0,382.0,64.0,1.0,6.0,31.0,496.0,494.0,510.0,2.037872954566788,resilient
multiple_runs_largerun_db_highthreat_20260410_030216.csv,multiple_runs_largerun_db_highthreat_20260410_030216.csv,947,982.0,1500.0,0.10183299389002036,35.13238289205703,0.0,33.733333333333334,284.0,0.0,345.0,241.0,73.0,1.0,38.0,495.0,506.0,499.0,2.037872954566788,resilient
multiple_runs_largerun_db_highthreat_20260410_030216.csv,multiple_runs_largerun_db_highthreat_20260410_030216.csv,948,948.0,1500.0,0.949367088607595,33.22784810126582,0.0,32.800000000000004,325.0,0.0,315.0,189.0,82.0,9.0,28.0,500.0,492.0,508.0,2.037872954566788,resilient
multiple_runs_largerun_db_highthreat_20260410_030216.csv,multiple_runs_largerun_db_highthreat_20260410_030216.csv,949,969.0,1500.0,27.86377708978328,0.0,0.0,32.13333333333333,46.0,0.0,0.0,235.0,391.0,270.0,27.0,501.0,482.0,517.0,2.037872954566788,vulnerable
multiple_runs_largerun_db_highthreat_20260410_030216.csv,multiple_runs_largerun_db_highthreat_20260410_030216.csv,950,1193.0,1500.0,13.830678960603521,5.699916177703269,0.0,32.4,144.0,0.0,68.0,469.0,313.0,165.0,34.0,498.0,486.0,516.0,2.037872954566788,vulnerable
multiple_runs_largerun_db_highthreat_20260410_030216.csv,multiple_runs_largerun_db_highthreat_20260410_030216.csv,951,988.0,1500.0,23.987854251012145,2.42914979757085,0.0,33.93333333333333,72.0,0.0,24.0,240.0,387.0,237.0,28.0,506.0,509.0,485.0,2.037872954566788,vulnerable
multiple_runs_largerun_db_highthreat_20260410_030216.csv,multiple_runs_largerun_db_highthreat_20260410_030216.csv,952,1061.0,1500.0,15.551366635249764,1.8850141376060319,0.0,32.666666666666664,121.0,0.0,20.0,356.0,368.0,165.0,31.0,498.0,490.0,512.0,2.037872954566788,vulnerable
multiple_runs_largerun_db_highthreat_20260410_030216.csv,multiple_runs_largerun_db_highthreat_20260410_030216.csv,953,923.0,1500.0,0.3250270855904659,38.78656554712892,0.10834236186348861,31.4,302.0,1.0,358.0,205.0,25.0,3.0,29.0,497.0,471.0,532.0,2.037872954566788,resilient
multiple_runs_largerun_db_highthreat_20260410_030216.csv,multiple_runs_largerun_db_highthreat_20260410_030216.csv,954,1001.0,1500.0,7.592407592407592,32.667332667332666,0.0,32.0,266.0,0.0,327.0,254.0,42.0,76.0,36.0,525.0,480.0,495.0,2.037872954566788,vulnerable
multiple_runs_largerun_db_highthreat_20260410_030216.csv,multiple_runs_largerun_db_highthreat_20260410_030216.csv,955,1246.0,1500.0,6.982343499197431,14.847512038523275,0.0,33.2,213.0,0.0,185.0,497.0,225.0,87.0,39.0,501.0,498.0,501.0,2.037872954566788,vulnerable
multiple_runs_largerun_db_highthreat_20260410_030216.csv,multiple_runs_largerun_db_highthreat_20260410_030216.csv,956,914.0,1500.0,27.461706783369806,0.9846827133479212,0.0,32.0,53.0,0.0,9.0,201.0,368.0,251.0,32.0,488.0,480.0,532.0,2.037872954566788,vulnerable
multiple_runs_largerun_db_highthreat_20260410_030216.csv,multiple_runs_largerun_db_highthreat_20260410_030216.csv,957,1175.0,1500.0,17.53191489361702,0.5957446808510638,0.0,34.333333333333336,86.0,0.0,7.0,450.0,391.0,206.0,35.0,463.0,515.0,522.0,2.037872954566788,vulnerable
multiple_runs_largerun_db_highthreat_20260410_030216.csv,multiple_runs_largerun_db_highthreat_20260410_030216.csv,958,1117.0,1500.0,22.291853178155772,0.8952551477170994,0.0,34.06666666666667,45.0,0.0,10.0,375.0,409.0,249.0,29.0,502.0,511.0,487.0,2.037872954566788,vulnerable
multiple_runs_largerun_db_highthreat_20260410_030216.csv,multiple_runs_largerun_db_highthreat_20260410_030216.csv,959,1158.0,1500.0,14.335060449050086,6.7357512953367875,0.0,34.53333333333333,113.0,0.0,78.0,430.0,330.0,166.0,41.0,479.0,518.0,503.0,2.037872954566788,vulnerable
multiple_runs_largerun_db_highthreat_20260410_030216.csv,multiple_runs_largerun_db_highthreat_20260410_030216.csv,960,1047.0,1500.0,0.0,35.53008595988539,0.0,32.266666666666666,334.0,0.0,372.0,281.0,11.0,0.0,49.0,527.0,484.0,489.0,2.037872954566788,resilient
multiple_runs_largerun_db_highthreat_20260410_030216.csv,multiple_runs_largerun_db_highthreat_20260410_030216.csv,961,871.0,1500.0,3.788748564867968,44.31687715269805,0.0,34.8,278.0,0.0,386.0,99.0,35.0,33.0,40.0,476.0,522.0,502.0,2.037872954566788,vulnerable
multiple_runs_largerun_db_highthreat_20260410_030216.csv,multiple_runs_largerun_db_highthreat_20260410_030216.csv,962,1166.0,1500.0,7.461406518010291,11.063464837049743,0.0,34.0,203.0,0.0,129.0,429.0,283.0,87.0,35.0,482.0,510.0,508.0,2.037872954566788,vulnerable
multiple_runs_largerun_db_highthreat_20260410_030216.csv,multiple_runs_largerun_db_highthreat_20260410_030216.csv,963,1428.0,1500.0,18.627450980392158,0.8403361344537815,0.0,33.06666666666666,45.0,0.0,12.0,706.0,369.0,266.0,30.0,496.0,496.0,508.0,2.037872954566788,vulnerable
multiple_runs_largerun_db_highthreat_20260410_030216.csv,multiple_runs_largerun_db_highthreat_20260410_030216.csv,964,1061.0,1500.0,5.372290292177191,20.923656927426958,0.0,34.06666666666667,217.0,0.0,222.0,344.0,175.0,57.0,46.0,481.0,511.0,508.0,2.037872954566788,vulnerable
multiple_runs_largerun_db_highthreat_20260410_030216.csv,multiple_runs_largerun_db_highthreat_20260410_030216.csv,965,954.0,1500.0,26.20545073375262,1.781970649895178,0.0,31.466666666666665,63.0,0.0,17.0,228.0,372.0,250.0,24.0,491.0,472.0,537.0,2.037872954566788,vulnerable
multiple_runs_largerun_db_highthreat_20260410_030216.csv,multiple_runs_largerun_db_highthreat_20260410_030216.csv,966,1009.0,1500.0,0.0,31.119920713577798,0.0,33.0,272.0,0.0,314.0,303.0,90.0,0.0,30.0,464.0,495.0,541.0,2.037872954566788,resilient
multiple_runs_largerun_db_highthreat_20260410_030216.csv,multiple_runs_largerun_db_highthreat_20260410_030216.csv,967,1201.0,1500.0,14.321398834304746,2.8309741881765196,0.0,33.33333333333333,95.0,0.0,34.0,503.0,366.0,172.0,31.0,476.0,500.0,524.0,2.037872954566788,vulnerable
multiple_runs_largerun_db_highthreat_20260410_030216.csv,multiple_runs_largerun_db_highthreat_20260410_030216.csv,968,1053.0,1500.0,19.278252611585945,0.2849002849002849,0.0,33.46666666666667,90.0,0.0,3.0,334.0,396.0,203.0,27.0,510.0,502.0,488.0,2.037872954566788,vulnerable
multiple_runs_largerun_db_highthreat_20260410_030216.csv,multiple_runs_largerun_db_highthreat_20260410_030216.csv,969,1141.0,1500.0,10.16652059596845,12.795793163891322,0.0,33.4,164.0,0.0,146.0,447.0,246.0,116.0,22.0,488.0,501.0,511.0,2.037872954566788,vulnerable
multiple_runs_largerun_db_highthreat_20260410_030216.csv,multiple_runs_largerun_db_highthreat_20260410_030216.csv,970,1023.0,1500.0,23.558162267839688,1.1730205278592376,0.0,33.93333333333333,36.0,0.0,12.0,293.0,401.0,241.0,40.0,481.0,509.0,510.0,2.037872954566788,vulnerable
multiple_runs_largerun_db_highthreat_20260410_030216.csv,multiple_runs_largerun_db_highthreat_20260410_030216.csv,971,1101.0,1500.0,24.52316076294278,0.18165304268846502,0.0,33.53333333333333,55.0,0.0,2.0,350.0,394.0,270.0,30.0,516.0,503.0,481.0,2.037872954566788,vulnerable
multiple_runs_largerun_db_highthreat_20260410_030216.csv,multiple_runs_largerun_db_highthreat_20260410_030216.csv,972,934.0,1500.0,31.370449678800856,0.0,0.0,32.0,40.0,0.0,0.0,198.0,373.0,293.0,30.0,515.0,480.0,505.0,2.037872954566788,vulnerable
multiple_runs_largerun_db_highthreat_20260410_030216.csv,multiple_runs_largerun_db_highthreat_20260410_030216.csv,973,987.0,1500.0,0.0,34.751773049645394,0.0,33.800000000000004,306.0,0.0,343.0,246.0,57.0,0.0,35.0,497.0,507.0,496.0,2.037872954566788,resilient
multiple_runs_largerun_db_highthreat_20260410_030216.csv,multiple_runs_largerun_db_highthreat_20260410_030216.csv,974,992.0,1500.0,25.100806451612907,2.318548387096774,0.0,32.2,70.0,0.0,23.0,255.0,362.0,249.0,33.0,496.0,483.0,521.0,2.037872954566788,vulnerable
multiple_runs_largerun_db_highthreat_20260410_030216.csv,multiple_runs_largerun_db_highthreat_20260410_030216.csv,975,973.0,1500.0,0.0,38.23227132579651,0.0,33.13333333333333,304.0,0.0,372.0,253.0,18.0,0.0,26.0,482.0,497.0,521.0,2.037872954566788,resilient
multiple_runs_largerun_db_highthreat_20260410_030216.csv,multiple_runs_largerun_db_highthreat_20260410_030216.csv,976,925.0,1500.0,29.945945945945944,1.1891891891891893,0.0,31.8,42.0,0.0,11.0,195.0,367.0,277.0,33.0,522.0,477.0,501.0,2.037872954566788,vulnerable
multiple_runs_largerun_db_highthreat_20260410_030216.csv,multiple_runs_largerun_db_highthreat_20260410_030216.csv,977,1037.0,1500.0,21.022179363548698,0.19286403085824494,0.0,35.66666666666667,48.0,0.0,2.0,312.0,430.0,218.0,27.0,491.0,535.0,474.0,2.037872954566788,vulnerable
multiple_runs_largerun_db_highthreat_20260410_030216.csv,multiple_runs_largerun_db_highthreat_20260410_030216.csv,978,976.0,1500.0,25.717213114754102,0.9221311475409836,0.0,31.733333333333334,63.0,0.0,9.0,251.0,367.0,251.0,35.0,507.0,476.0,517.0,2.037872954566788,vulnerable
multiple_runs_largerun_db_highthreat_20260410_030216.csv,multiple_runs_largerun_db_highthreat_20260410_030216.csv,979,962.0,1500.0,2.7027027027027026,34.303534303534306,0.0,31.666666666666664,325.0,0.0,330.0,210.0,40.0,26.0,31.0,527.0,475.0,498.0,2.037872954566788,vulnerable
multiple_runs_largerun_db_highthreat_20260410_030216.csv,multiple_runs_largerun_db_highthreat_20260410_030216.csv,980,979.0,1500.0,21.552604698672116,2.1450459652706844,0.0,34.599999999999994,63.0,0.0,21.0,273.0,388.0,211.0,23.0,469.0,519.0,512.0,2.037872954566788,vulnerable
multiple_runs_largerun_db_highthreat_20260410_030216.csv,multiple_runs_largerun_db_highthreat_20260410_030216.csv,981,808.0,1500.0,0.0,47.648514851485146,0.0,33.93333333333333,306.0,0.0,385.0,62.0,20.0,0.0,35.0,476.0,509.0,515.0,2.037872954566788,resilient
multiple_runs_largerun_db_highthreat_20260410_030216.csv,multiple_runs_largerun_db_highthreat_20260410_030216.csv,982,1032.0,1500.0,0.5813953488372093,32.07364341085272,0.0,34.46666666666667,281.0,0.0,331.0,295.0,82.0,6.0,37.0,494.0,517.0,489.0,2.037872954566788,resilient
multiple_runs_largerun_db_highthreat_20260410_030216.csv,multiple_runs_largerun_db_highthreat_20260410_030216.csv,983,1097.0,1500.0,20.875113947128533,0.9115770282588878,0.0,32.86666666666667,56.0,0.0,10.0,389.0,382.0,229.0,31.0,467.0,493.0,540.0,2.037872954566788,vulnerable
multiple_runs_largerun_db_highthreat_20260410_030216.csv,multiple_runs_largerun_db_highthreat_20260410_030216.csv,984,1341.0,1500.0,16.405667412378822,3.728560775540642,0.0,34.0,79.0,0.0,50.0,618.0,353.0,220.0,21.0,487.0,510.0,503.0,2.037872954566788,vulnerable
multiple_runs_largerun_db_highthreat_20260410_030216.csv,multiple_runs_largerun_db_highthreat_20260410_030216.csv,985,1184.0,1500.0,20.52364864864865,8.530405405405405,0.0,33.2,79.0,0.0,101.0,440.0,295.0,243.0,26.0,530.0,498.0,472.0,2.037872954566788,vulnerable
multiple_runs_largerun_db_highthreat_20260410_030216.csv,multiple_runs_largerun_db_highthreat_20260410_030216.csv,986,1167.0,1500.0,13.367609254498714,10.711225364181661,0.0,31.2,88.0,0.0,125.0,504.0,255.0,156.0,39.0,500.0,468.0,532.0,2.037872954566788,vulnerable
multiple_runs_largerun_db_highthreat_20260410_030216.csv,multiple_runs_largerun_db_highthreat_20260410_030216.csv,987,981.0,1500.0,0.0,33.43527013251784,0.0,34.2,274.0,0.0,328.0,262.0,87.0,0.0,30.0,484.0,513.0,503.0,2.037872954566788,resilient
multiple_runs_largerun_db_highthreat_20260410_030216.csv,multiple_runs_largerun_db_highthreat_20260410_030216.csv,988,939.0,1500.0,27.36954206602769,0.5324813631522897,0.0,32.800000000000004,53.0,0.0,5.0,198.0,398.0,257.0,28.0,486.0,492.0,522.0,2.037872954566788,vulnerable
multiple_runs_largerun_db_highthreat_20260410_030216.csv,multiple_runs_largerun_db_highthreat_20260410_030216.csv,989,1295.0,1500.0,17.683397683397683,6.332046332046332,0.0,32.4,90.0,0.0,82.0,541.0,317.0,229.0,36.0,499.0,486.0,515.0,2.037872954566788,vulnerable
multiple_runs_largerun_db_highthreat_20260410_030216.csv,multiple_runs_largerun_db_highthreat_20260410_030216.csv,990,1313.0,1500.0,18.583396801218584,1.827875095201828,0.0,33.0,51.0,0.0,24.0,602.0,360.0,244.0,32.0,507.0,495.0,498.0,2.037872954566788,vulnerable
multiple_runs_largerun_db_highthreat_20260410_030216.csv,multiple_runs_largerun_db_highthreat_20260410_030216.csv,991,1040.0,1500.0,21.53846153846154,19.615384615384617,0.0,32.800000000000004,61.0,0.0,204.0,317.0,192.0,224.0,42.0,498.0,492.0,510.0,2.037872954566788,vulnerable
multiple_runs_largerun_db_highthreat_20260410_030216.csv,multiple_runs_largerun_db_highthreat_20260410_030216.csv,992,1348.0,1500.0,20.02967359050445,1.0385756676557862,0.0,33.53333333333333,35.0,0.0,14.0,618.0,390.0,270.0,21.0,475.0,503.0,522.0,2.037872954566788,vulnerable
multiple_runs_largerun_db_highthreat_20260410_030216.csv,multiple_runs_largerun_db_highthreat_20260410_030216.csv,993,932.0,1500.0,1.2875536480686696,41.41630901287554,0.0,32.86666666666667,297.0,0.0,386.0,196.0,8.0,12.0,33.0,486.0,493.0,521.0,2.037872954566788,resilient
multiple_runs_largerun_db_highthreat_20260410_030216.csv,multiple_runs_largerun_db_highthreat_20260410_030216.csv,994,1254.0,1500.0,15.47049441786284,3.588516746411483,0.0,33.6,86.0,0.0,45.0,547.0,363.0,194.0,19.0,499.0,504.0,497.0,2.037872954566788,vulnerable
multiple_runs_largerun_db_highthreat_20260410_030216.csv,multiple_runs_largerun_db_highthreat_20260410_030216.csv,995,1047.0,1500.0,24.450811843361986,0.19102196752626552,0.0,35.66666666666667,44.0,0.0,2.0,296.0,415.0,256.0,34.0,471.0,535.0,494.0,2.037872954566788,vulnerable
multiple_runs_largerun_db_highthreat_20260410_030216.csv,multiple_runs_largerun_db_highthreat_20260410_030216.csv,996,1207.0,1500.0,6.4623032311516155,14.830157415078707,0.0,32.13333333333333,195.0,0.0,179.0,504.0,203.0,78.0,48.0,478.0,482.0,540.0,2.037872954566788,vulnerable
multiple_runs_largerun_db_highthreat_20260410_030216.csv,multiple_runs_largerun_db_highthreat_20260410_030216.csv,997,936.0,1500.0,0.3205128205128205,42.0940170940171,0.0,32.93333333333333,340.0,0.0,394.0,156.0,14.0,3.0,29.0,520.0,494.0,486.0,2.037872954566788,resilient
multiple_runs_largerun_db_highthreat_20260410_030216.csv,multiple_runs_largerun_db_highthreat_20260410_030216.csv,998,980.0,1500.0,25.30612244897959,0.6122448979591837,0.0,32.46666666666667,72.0,0.0,6.0,241.0,380.0,248.0,33.0,502.0,487.0,511.0,2.037872954566788,vulnerable
multiple_runs_largerun_db_highthreat_20260410_030216.csv,multiple_runs_largerun_db_highthreat_20260410_030216.csv,999,1162.0,1500.0,8.950086058519794,13.253012048192772,0.0,33.46666666666667,190.0,0.0,154.0,446.0,242.0,104.0,26.0,504.0,502.0,494.0,2.037872954566788,vulnerable
multiple_runs_largerun_db_highthreat_20260410_030216.csv,multiple_runs_largerun_db_highthreat_20260410_030216.csv,1000,1033.0,1500.0,24.007744433688284,1.5488867376573088,0.0,31.866666666666667,74.0,0.0,16.0,286.0,384.0,248.0,25.0,513.0,478.0,509.0,2.037872954566788,vulnerable
